🦥 Unsloth: Will patch your computer to enable 2x faster free finetuning.
🦥 Unsloth Zoo will now patch everything to make training faster!
==((====))==  Unsloth 2025.1.5: Fast Llama patching. Transformers: 4.48.0.
   \\   /|    GPU: NVIDIA L40S. Max memory: 44.392 GB. Platform: Linux.
O^O/ \_/ \    Torch: 2.5.1+cu124. CUDA: 8.9. CUDA Toolkit: 12.4. Triton: 3.1.0
\        /    Bfloat16 = TRUE. FA [Xformers = 0.0.29.post1. FA2 = False]
 "-____-"     Free Apache license: http://github.com/unslothai/unsloth
Unsloth: Fast downloading is enabled - ignore downloading bars which are red colored!
Unsloth 2025.1.5 patched 32 layers with 32 QKV layers, 32 O layers and 32 MLP layers.
{"step": 1, "epoch": 0, "rows": 8, "skipped": 0, "answer_accuracy": 0.25, "updates": 8, "seconds": 27.529826641082764, "time": 1790881518.251582, "loss": 0.07433270931218716, "confidence": 0.9034176776451286, "mass": 0.9992180106251877, "hinge_active": 0.0}
A decoder-only architecture is being used, but right-padding was detected! For correct generation results, please set `padding_side='left'` when initializing the tokenizer.
{"step": 2, "epoch": 0, "rows": 8, "skipped": 0, "answer_accuracy": 0.375, "updates": 8, "seconds": 24.207427740097046, "time": 1790881542.4599006, "loss": -0.23699001412807028, "confidence": 0.8202184959771399, "mass": 0.9955764576341968, "hinge_active": 0.0}
A decoder-only architecture is being used, but right-padding was detected! For correct generation results, please set `padding_side='left'` when initializing the tokenizer.
{"step": 3, "epoch": 0, "rows": 8, "skipped": 0, "answer_accuracy": 0.25, "updates": 8, "seconds": 30.56730890274048, "time": 1790881573.0281005, "loss": 2.982901371504355, "confidence": 0.9063159108586728, "mass": 0.8743902555935527, "hinge_active": 0.125}
A decoder-only architecture is being used, but right-padding was detected! For correct generation results, please set `padding_side='left'` when initializing the tokenizer.
{"step": 4, "epoch": 0, "rows": 8, "skipped": 0, "answer_accuracy": 0.75, "updates": 8, "seconds": 23.995686769485474, "time": 1790881597.0245514, "loss": -0.8153954100010554, "confidence": 0.7984243896212256, "mass": 0.9933847374668897, "hinge_active": 0.125}
A decoder-only architecture is being used, but right-padding was detected! For correct generation results, please set `padding_side='left'` when initializing the tokenizer.
{"step": 5, "epoch": 0, "rows": 8, "skipped": 0, "answer_accuracy": 0.75, "updates": 8, "seconds": 23.285726070404053, "time": 1790881620.3109682, "loss": -0.778653047727323, "confidence": 0.8721095858302539, "mass": 0.999768893431257, "hinge_active": 0.0}
A decoder-only architecture is being used, but right-padding was detected! For correct generation results, please set `padding_side='left'` when initializing the tokenizer.
{"step": 6, "epoch": 0, "rows": 8, "skipped": 0, "answer_accuracy": 0.625, "updates": 8, "seconds": 23.797817945480347, "time": 1790881644.1096597, "loss": -0.7490038124251623, "confidence": 0.8424306875624358, "mass": 0.999500222045609, "hinge_active": 0.0}
A decoder-only architecture is being used, but right-padding was detected! For correct generation results, please set `padding_side='left'` when initializing the tokenizer.
{"step": 7, "epoch": 0, "rows": 8, "skipped": 0, "answer_accuracy": 0.5, "updates": 8, "seconds": 23.704099416732788, "time": 1790881667.8144264, "loss": -0.7095225791812481, "confidence": 0.8249224141722964, "mass": 0.9996206528010848, "hinge_active": 0.0}
A decoder-only architecture is being used, but right-padding was detected! For correct generation results, please set `padding_side='left'` when initializing the tokenizer.
{"step": 8, "epoch": 0, "rows": 8, "skipped": 0, "answer_accuracy": 0.5, "updates": 8, "seconds": 23.832697868347168, "time": 1790881691.6478724, "loss": -0.7179362856963223, "confidence": 0.8490715041757374, "mass": 0.9995916082074843, "hinge_active": 0.0}
A decoder-only architecture is being used, but right-padding was detected! For correct generation results, please set `padding_side='left'` when initializing the tokenizer.
{"step": 9, "epoch": 0, "rows": 8, "skipped": 0, "answer_accuracy": 0.875, "updates": 8, "seconds": 23.347424268722534, "time": 1790881714.9958959, "loss": -0.8842631985128918, "confidence": 0.8175400575665934, "mass": 0.999738833532925, "hinge_active": 0.0}
A decoder-only architecture is being used, but right-padding was detected! For correct generation results, please set `padding_side='left'` when initializing the tokenizer.
{"step": 10, "epoch": 0, "rows": 8, "skipped": 0, "answer_accuracy": 0.5, "updates": 8, "seconds": 23.537925481796265, "time": 1790881738.5346105, "loss": -0.7440051795822151, "confidence": 0.8091152526317933, "mass": 0.9993870340752035, "hinge_active": 0.0}
A decoder-only architecture is being used, but right-padding was detected! For correct generation results, please set `padding_side='left'` when initializing the tokenizer.
{"step": 11, "epoch": 0, "rows": 8, "skipped": 0, "answer_accuracy": 0.125, "updates": 8, "seconds": 34.10212588310242, "time": 1790881772.637891, "loss": 6.666528297176885, "confidence": 0.7912419637239805, "mass": 0.6248070795729093, "hinge_active": 0.375}
A decoder-only architecture is being used, but right-padding was detected! For correct generation results, please set `padding_side='left'` when initializing the tokenizer.
{"step": 12, "epoch": 0, "rows": 8, "skipped": 0, "answer_accuracy": 0.625, "updates": 8, "seconds": 30.69167160987854, "time": 1790881803.3303614, "loss": 1.0129539286267166, "confidence": 0.8011372549644702, "mass": 0.8748242298506629, "hinge_active": 0.125}
A decoder-only architecture is being used, but right-padding was detected! For correct generation results, please set `padding_side='left'` when initializing the tokenizer.
{"step": 13, "epoch": 0, "rows": 8, "skipped": 0, "answer_accuracy": 0.75, "updates": 8, "seconds": 23.584944248199463, "time": 1790881826.916097, "loss": -0.8373775738674161, "confidence": 0.8081476014822011, "mass": 0.9996761508016835, "hinge_active": 0.0}
A decoder-only architecture is being used, but right-padding was detected! For correct generation results, please set `padding_side='left'` when initializing the tokenizer.
{"step": 14, "epoch": 0, "rows": 8, "skipped": 0, "answer_accuracy": 0.625, "updates": 8, "seconds": 23.51234483718872, "time": 1790881850.4292855, "loss": -0.7833110010240278, "confidence": 0.8106715730666474, "mass": 0.999768507952713, "hinge_active": 0.0}
A decoder-only architecture is being used, but right-padding was detected! For correct generation results, please set `padding_side='left'` when initializing the tokenizer.
{"step": 15, "epoch": 0, "rows": 7, "skipped": 1, "answer_accuracy": 0.2857142857142857, "updates": 8, "seconds": 21.18634581565857, "time": 1790881871.6163838, "loss": -0.6338557491275105, "confidence": 0.8076030481313388, "mass": 0.9997541067600753, "hinge_active": 0.0}
A decoder-only architecture is being used, but right-padding was detected! For correct generation results, please set `padding_side='left'` when initializing the tokenizer.
{"step": 16, "epoch": 0, "rows": 8, "skipped": 0, "answer_accuracy": 0.375, "updates": 8, "seconds": 30.313663005828857, "time": 1790881901.9308498, "loss": 0.10810094259453751, "confidence": 0.805926197227251, "mass": 0.875071868318199, "hinge_active": 0.125}
A decoder-only architecture is being used, but right-padding was detected! For correct generation results, please set `padding_side='left'` when initializing the tokenizer.
{"step": 17, "epoch": 0, "rows": 8, "skipped": 0, "answer_accuracy": 0.75, "updates": 8, "seconds": 23.346909046173096, "time": 1790881925.2787201, "loss": -0.8375585444698328, "confidence": 0.7454604445144127, "mass": 0.9997179328624269, "hinge_active": 0.0}
A decoder-only architecture is being used, but right-padding was detected! For correct generation results, please set `padding_side='left'` when initializing the tokenizer.
{"step": 18, "epoch": 0, "rows": 7, "skipped": 1, "answer_accuracy": 0.42857142857142855, "updates": 8, "seconds": 21.20847749710083, "time": 1790881946.4878538, "loss": -0.6875179720910485, "confidence": 0.7801181395906026, "mass": 0.9661269365417311, "hinge_active": 0.14285714285714285}
A decoder-only architecture is being used, but right-padding was detected! For correct generation results, please set `padding_side='left'` when initializing the tokenizer.
{"step": 19, "epoch": 0, "rows": 8, "skipped": 0, "answer_accuracy": 0.5, "updates": 8, "seconds": 30.315465450286865, "time": 1790881976.8042307, "loss": -0.793589965203666, "confidence": 0.7140804921478783, "mass": 0.9835045433417953, "hinge_active": 0.125}
A decoder-only architecture is being used, but right-padding was detected! For correct generation results, please set `padding_side='left'` when initializing the tokenizer.
{"step": 20, "epoch": 0, "rows": 8, "skipped": 0, "answer_accuracy": 0.5, "updates": 8, "seconds": 30.814995050430298, "time": 1790882007.6199238, "loss": -0.7289248098804799, "confidence": 0.7758153778814189, "mass": 0.9816592363320787, "hinge_active": 0.125}
A decoder-only architecture is being used, but right-padding was detected! For correct generation results, please set `padding_side='left'` when initializing the tokenizer.
{"step": 21, "epoch": 0, "rows": 8, "skipped": 0, "answer_accuracy": 0.25, "updates": 8, "seconds": 23.175660371780396, "time": 1790882030.7963293, "loss": -0.6687307053120833, "confidence": 0.7582993342300399, "mass": 0.9998058302629345, "hinge_active": 0.0}
A decoder-only architecture is being used, but right-padding was detected! For correct generation results, please set `padding_side='left'` when initializing the tokenizer.
{"step": 22, "epoch": 0, "rows": 8, "skipped": 0, "answer_accuracy": 0.625, "updates": 8, "seconds": 23.59630513191223, "time": 1790882054.3933976, "loss": -0.8283452392069106, "confidence": 0.7298383096912332, "mass": 0.9998049194402644, "hinge_active": 0.0}
A decoder-only architecture is being used, but right-padding was detected! For correct generation results, please set `padding_side='left'` when initializing the tokenizer.
{"step": 23, "epoch": 0, "rows": 8, "skipped": 0, "answer_accuracy": 0.75, "updates": 8, "seconds": 23.216503858566284, "time": 1790882077.6106803, "loss": -0.858552441996997, "confidence": 0.7711397313189317, "mass": 0.9998749359603404, "hinge_active": 0.0}
A decoder-only architecture is being used, but right-padding was detected! For correct generation results, please set `padding_side='left'` when initializing the tokenizer.
{"step": 24, "epoch": 0, "rows": 8, "skipped": 0, "answer_accuracy": 0.5, "updates": 8, "seconds": 23.2773597240448, "time": 1790882100.8888285, "loss": -0.7558398035970715, "confidence": 0.7708333658117741, "mass": 0.9997865489504987, "hinge_active": 0.0}
A decoder-only architecture is being used, but right-padding was detected! For correct generation results, please set `padding_side='left'` when initializing the tokenizer.
{"step": 25, "epoch": 0, "rows": 8, "skipped": 0, "answer_accuracy": 0.375, "updates": 8, "seconds": 23.16935443878174, "time": 1790882124.0589314, "loss": -0.7633159406492049, "confidence": 0.6858184499188749, "mass": 0.9997430854835434, "hinge_active": 0.0}
A decoder-only architecture is being used, but right-padding was detected! For correct generation results, please set `padding_side='left'` when initializing the tokenizer.
{"step": 26, "epoch": 0, "rows": 8, "skipped": 0, "answer_accuracy": 0.625, "updates": 8, "seconds": 23.854316234588623, "time": 1790882147.9140306, "loss": -0.7927015539476717, "confidence": 0.7909456526652111, "mass": 0.9996959738221604, "hinge_active": 0.0}
A decoder-only architecture is being used, but right-padding was detected! For correct generation results, please set `padding_side='left'` when initializing the tokenizer.
{"step": 27, "epoch": 0, "rows": 8, "skipped": 0, "answer_accuracy": 0.75, "updates": 8, "seconds": 23.57045292854309, "time": 1790882171.4852982, "loss": -0.846646049448309, "confidence": 0.7617525983559931, "mass": 0.9998828492493839, "hinge_active": 0.0}
A decoder-only architecture is being used, but right-padding was detected! For correct generation results, please set `padding_side='left'` when initializing the tokenizer.
{"step": 28, "epoch": 0, "rows": 8, "skipped": 0, "answer_accuracy": 0.625, "updates": 8, "seconds": 22.908637523651123, "time": 1790882194.394678, "loss": -0.7982900515099273, "confidence": 0.7676884954643536, "mass": 0.9998831392011799, "hinge_active": 0.0}
A decoder-only architecture is being used, but right-padding was detected! For correct generation results, please set `padding_side='left'` when initializing the tokenizer.
{"step": 29, "epoch": 0, "rows": 8, "skipped": 0, "answer_accuracy": 0.875, "updates": 8, "seconds": 22.892884254455566, "time": 1790882217.2881918, "loss": -0.8805123913934552, "confidence": 0.7661758655994853, "mass": 0.9998677121095347, "hinge_active": 0.0}
A decoder-only architecture is being used, but right-padding was detected! For correct generation results, please set `padding_side='left'` when initializing the tokenizer.
{"step": 30, "epoch": 0, "rows": 7, "skipped": 1, "answer_accuracy": 0.5714285714285714, "updates": 8, "seconds": 21.859525203704834, "time": 1790882239.1485522, "loss": -0.7697902279542537, "confidence": 0.7655852206618309, "mass": 0.9998740768134519, "hinge_active": 0.0}
A decoder-only architecture is being used, but right-padding was detected! For correct generation results, please set `padding_side='left'` when initializing the tokenizer.
{"step": 31, "epoch": 0, "rows": 8, "skipped": 0, "answer_accuracy": 0.375, "updates": 8, "seconds": 22.960808753967285, "time": 1790882262.1103148, "loss": -0.7630962986104266, "confidence": 0.6809894516049584, "mass": 0.9998345668095796, "hinge_active": 0.0}
A decoder-only architecture is being used, but right-padding was detected! For correct generation results, please set `padding_side='left'` when initializing the tokenizer.
{"step": 32, "epoch": 0, "rows": 8, "skipped": 0, "answer_accuracy": 0.375, "updates": 8, "seconds": 24.45599055290222, "time": 1790882286.5671492, "loss": -0.7385806017820054, "confidence": 0.7127135480501514, "mass": 0.9994195116439945, "hinge_active": 0.0, "save_seconds": 0.5608253479003906}
A decoder-only architecture is being used, but right-padding was detected! For correct generation results, please set `padding_side='left'` when initializing the tokenizer.
{"step": 33, "epoch": 0, "rows": 8, "skipped": 0, "answer_accuracy": 0.375, "updates": 8, "seconds": 23.92176651954651, "time": 1790882311.0504386, "loss": -0.7935920176854001, "confidence": 0.6647841426247262, "mass": 0.9997477444828562, "hinge_active": 0.0}
A decoder-only architecture is being used, but right-padding was detected! For correct generation results, please set `padding_side='left'` when initializing the tokenizer.
{"step": 34, "epoch": 0, "rows": 8, "skipped": 0, "answer_accuracy": 0.5, "updates": 8, "seconds": 23.272420406341553, "time": 1790882334.3235133, "loss": -0.8270364562871468, "confidence": 0.6590900187162323, "mass": 0.9998273437389029, "hinge_active": 0.0}
A decoder-only architecture is being used, but right-padding was detected! For correct generation results, please set `padding_side='left'` when initializing the tokenizer.
{"step": 35, "epoch": 0, "rows": 8, "skipped": 0, "answer_accuracy": 0.5, "updates": 8, "seconds": 23.53210473060608, "time": 1790882357.8564293, "loss": -0.7917054041511526, "confidence": 0.706000056718318, "mass": 0.9998461777130772, "hinge_active": 0.0}
A decoder-only architecture is being used, but right-padding was detected! For correct generation results, please set `padding_side='left'` when initializing the tokenizer.
{"step": 36, "epoch": 0, "rows": 8, "skipped": 0, "answer_accuracy": 0.375, "updates": 8, "seconds": 23.354161739349365, "time": 1790882381.2113304, "loss": -0.7718342459073045, "confidence": 0.6514790969474515, "mass": 0.9998637839401144, "hinge_active": 0.0}
A decoder-only architecture is being used, but right-padding was detected! For correct generation results, please set `padding_side='left'` when initializing the tokenizer.
{"step": 37, "epoch": 0, "rows": 8, "skipped": 0, "answer_accuracy": 0.625, "updates": 8, "seconds": 23.957685708999634, "time": 1790882405.1698368, "loss": -0.7999637755223007, "confidence": 0.674222676845432, "mass": 0.9998305261358296, "hinge_active": 0.0}
A decoder-only architecture is being used, but right-padding was detected! For correct generation results, please set `padding_side='left'` when initializing the tokenizer.
{"step": 38, "epoch": 0, "rows": 8, "skipped": 0, "answer_accuracy": 0.5, "updates": 8, "seconds": 30.339745044708252, "time": 1790882435.5109117, "loss": -0.8041965311076845, "confidence": 0.6078901693884404, "mass": 0.9951957171692472, "hinge_active": 0.0}
A decoder-only architecture is being used, but right-padding was detected! For correct generation results, please set `padding_side='left'` when initializing the tokenizer.
{"step": 39, "epoch": 0, "rows": 8, "skipped": 0, "answer_accuracy": 0.375, "updates": 8, "seconds": 23.352656602859497, "time": 1790882458.8642755, "loss": -0.7848838431886722, "confidence": 0.6301667624743416, "mass": 0.9998245318636201, "hinge_active": 0.0}
A decoder-only architecture is being used, but right-padding was detected! For correct generation results, please set `padding_side='left'` when initializing the tokenizer.
{"step": 40, "epoch": 0, "rows": 8, "skipped": 0, "answer_accuracy": 0.5, "updates": 8, "seconds": 22.994384288787842, "time": 1790882481.859447, "loss": -0.8067665908462234, "confidence": 0.6046209655233641, "mass": 0.999830542819536, "hinge_active": 0.0}
A decoder-only architecture is being used, but right-padding was detected! For correct generation results, please set `padding_side='left'` when initializing the tokenizer.
{"step": 41, "epoch": 0, "rows": 8, "skipped": 0, "answer_accuracy": 0.375, "updates": 8, "seconds": 23.383402347564697, "time": 1790882505.2436345, "loss": -0.7690879500528496, "confidence": 0.6326364723361229, "mass": 0.9998503744746399, "hinge_active": 0.0}
A decoder-only architecture is being used, but right-padding was detected! For correct generation results, please set `padding_side='left'` when initializing the tokenizer.
{"step": 42, "epoch": 0, "rows": 8, "skipped": 0, "answer_accuracy": 0.25, "updates": 8, "seconds": 23.41698169708252, "time": 1790882528.6615286, "loss": -0.7207826567227021, "confidence": 0.6267021550391878, "mass": 0.9995170295118796, "hinge_active": 0.0}
A decoder-only architecture is being used, but right-padding was detected! For correct generation results, please set `padding_side='left'` when initializing the tokenizer.
{"step": 43, "epoch": 0, "rows": 8, "skipped": 0, "answer_accuracy": 0.5, "updates": 8, "seconds": 23.22362780570984, "time": 1790882551.8859894, "loss": -0.7985924867107995, "confidence": 0.5932135244923767, "mass": 0.9998141250904726, "hinge_active": 0.0}
A decoder-only architecture is being used, but right-padding was detected! For correct generation results, please set `padding_side='left'` when initializing the tokenizer.
{"step": 44, "epoch": 0, "rows": 8, "skipped": 0, "answer_accuracy": 0.875, "updates": 8, "seconds": 23.099040508270264, "time": 1790882574.9858806, "loss": -0.8254655262761665, "confidence": 0.5593812554170456, "mass": 0.999809826454488, "hinge_active": 0.0}
A decoder-only architecture is being used, but right-padding was detected! For correct generation results, please set `padding_side='left'` when initializing the tokenizer.
{"step": 45, "epoch": 0, "rows": 8, "skipped": 0, "answer_accuracy": 0.375, "updates": 8, "seconds": 23.820216417312622, "time": 1790882598.8069284, "loss": -0.7912054634026152, "confidence": 0.47887622726632567, "mass": 0.9995959579619321, "hinge_active": 0.0}
A decoder-only architecture is being used, but right-padding was detected! For correct generation results, please set `padding_side='left'` when initializing the tokenizer.
{"step": 46, "epoch": 0, "rows": 8, "skipped": 0, "answer_accuracy": 0.75, "updates": 8, "seconds": 23.652559280395508, "time": 1790882622.4603329, "loss": -0.8590562666947156, "confidence": 0.557018160208138, "mass": 0.9998510490058362, "hinge_active": 0.0}
A decoder-only architecture is being used, but right-padding was detected! For correct generation results, please set `padding_side='left'` when initializing the tokenizer.
{"step": 47, "epoch": 0, "rows": 8, "skipped": 0, "answer_accuracy": 0.5, "updates": 8, "seconds": 23.6047043800354, "time": 1790882646.0658517, "loss": -0.7989404475099647, "confidence": 0.5628908908214746, "mass": 0.9998396054689395, "hinge_active": 0.0}
A decoder-only architecture is being used, but right-padding was detected! For correct generation results, please set `padding_side='left'` when initializing the tokenizer.
{"step": 48, "epoch": 0, "rows": 8, "skipped": 0, "answer_accuracy": 1.0, "updates": 8, "seconds": 23.323857307434082, "time": 1790882669.3905828, "loss": -0.8580125476008951, "confidence": 0.618325884939035, "mass": 0.9998593285720437, "hinge_active": 0.0}
A decoder-only architecture is being used, but right-padding was detected! For correct generation results, please set `padding_side='left'` when initializing the tokenizer.
{"step": 49, "epoch": 0, "rows": 8, "skipped": 0, "answer_accuracy": 0.75, "updates": 8, "seconds": 23.21582865715027, "time": 1790882692.607179, "loss": -0.807295977103841, "confidence": 0.5807463508860745, "mass": 0.9998531012355825, "hinge_active": 0.0}
A decoder-only architecture is being used, but right-padding was detected! For correct generation results, please set `padding_side='left'` when initializing the tokenizer.
{"step": 50, "epoch": 0, "rows": 8, "skipped": 0, "answer_accuracy": 0.625, "updates": 8, "seconds": 23.3464457988739, "time": 1790882715.9543805, "loss": -0.8131573736698609, "confidence": 0.6452142095950334, "mass": 0.9998364569414182, "hinge_active": 0.0}
A decoder-only architecture is being used, but right-padding was detected! For correct generation results, please set `padding_side='left'` when initializing the tokenizer.
{"step": 51, "epoch": 0, "rows": 8, "skipped": 0, "answer_accuracy": 0.75, "updates": 8, "seconds": 23.22323989868164, "time": 1790882739.178506, "loss": -0.8156019192390548, "confidence": 0.5950625004282579, "mass": 0.9997926241427219, "hinge_active": 0.0}
A decoder-only architecture is being used, but right-padding was detected! For correct generation results, please set `padding_side='left'` when initializing the tokenizer.
{"step": 52, "epoch": 0, "rows": 8, "skipped": 0, "answer_accuracy": 0.25, "updates": 8, "seconds": 23.49774980545044, "time": 1790882762.6770408, "loss": -0.7911638292641479, "confidence": 0.5882191636322214, "mass": 0.9998343294646085, "hinge_active": 0.0}
A decoder-only architecture is being used, but right-padding was detected! For correct generation results, please set `padding_side='left'` when initializing the tokenizer.
{"step": 53, "epoch": 0, "rows": 8, "skipped": 0, "answer_accuracy": 0.75, "updates": 8, "seconds": 23.473304986953735, "time": 1790882786.151058, "loss": -0.852346653134389, "confidence": 0.6398990786125829, "mass": 0.9998588629985783, "hinge_active": 0.0}
A decoder-only architecture is being used, but right-padding was detected! For correct generation results, please set `padding_side='left'` when initializing the tokenizer.
{"step": 54, "epoch": 0, "rows": 8, "skipped": 0, "answer_accuracy": 0.375, "updates": 8, "seconds": 25.78351616859436, "time": 1790882811.9353428, "loss": -0.7638540570364012, "confidence": 0.5482043438065322, "mass": 0.9992432642829656, "hinge_active": 0.0}
A decoder-only architecture is being used, but right-padding was detected! For correct generation results, please set `padding_side='left'` when initializing the tokenizer.
{"step": 55, "epoch": 0, "rows": 8, "skipped": 0, "answer_accuracy": 1.0, "updates": 8, "seconds": 23.391404390335083, "time": 1790882835.327454, "loss": -0.8618142410250494, "confidence": 0.6248697535202165, "mass": 0.9998375243124998, "hinge_active": 0.0}
A decoder-only architecture is being used, but right-padding was detected! For correct generation results, please set `padding_side='left'` when initializing the tokenizer.
{"step": 56, "epoch": 0, "rows": 7, "skipped": 1, "answer_accuracy": 0.14285714285714285, "updates": 8, "seconds": 23.593536615371704, "time": 1790882858.9217126, "loss": -0.7651560801943927, "confidence": 0.5705822250711864, "mass": 0.9995418053483427, "hinge_active": 0.0}
A decoder-only architecture is being used, but right-padding was detected! For correct generation results, please set `padding_side='left'` when initializing the tokenizer.
{"step": 57, "epoch": 0, "rows": 8, "skipped": 0, "answer_accuracy": 0.375, "updates": 8, "seconds": 23.501506805419922, "time": 1790882882.4241624, "loss": -0.7681628408913288, "confidence": 0.6146756076157969, "mass": 0.9997678496465321, "hinge_active": 0.0}
A decoder-only architecture is being used, but right-padding was detected! For correct generation results, please set `padding_side='left'` when initializing the tokenizer.
{"step": 58, "epoch": 0, "rows": 8, "skipped": 0, "answer_accuracy": 0.5, "updates": 8, "seconds": 23.405336618423462, "time": 1790882905.8302746, "loss": -0.806732382218655, "confidence": 0.5871997459784518, "mass": 0.9998411278561148, "hinge_active": 0.0}
A decoder-only architecture is being used, but right-padding was detected! For correct generation results, please set `padding_side='left'` when initializing the tokenizer.
{"step": 59, "epoch": 0, "rows": 8, "skipped": 0, "answer_accuracy": 0.625, "updates": 8, "seconds": 32.36585021018982, "time": 1790882938.196931, "loss": -0.8053158319125095, "confidence": 0.6322113992021553, "mass": 0.9899791972227843, "hinge_active": 0.0}
A decoder-only architecture is being used, but right-padding was detected! For correct generation results, please set `padding_side='left'` when initializing the tokenizer.
{"step": 60, "epoch": 0, "rows": 8, "skipped": 0, "answer_accuracy": 0.625, "updates": 8, "seconds": 23.379103899002075, "time": 1790882961.5768352, "loss": -0.8439215611073682, "confidence": 0.5140924667233614, "mass": 0.9998175648560015, "hinge_active": 0.0}
A decoder-only architecture is being used, but right-padding was detected! For correct generation results, please set `padding_side='left'` when initializing the tokenizer.
{"step": 61, "epoch": 0, "rows": 8, "skipped": 0, "answer_accuracy": 0.5, "updates": 8, "seconds": 23.492377042770386, "time": 1790882985.069982, "loss": -0.7994589987549852, "confidence": 0.5635119379024407, "mass": 0.9998278577532987, "hinge_active": 0.0}
A decoder-only architecture is being used, but right-padding was detected! For correct generation results, please set `padding_side='left'` when initializing the tokenizer.
{"step": 62, "epoch": 0, "rows": 8, "skipped": 0, "answer_accuracy": 0.375, "updates": 8, "seconds": 30.549916744232178, "time": 1790883015.6205373, "loss": -0.8004118991420219, "confidence": 0.538717700400683, "mass": 0.9955736749460711, "hinge_active": 0.0}
A decoder-only architecture is being used, but right-padding was detected! For correct generation results, please set `padding_side='left'` when initializing the tokenizer.
{"step": 63, "epoch": 0, "rows": 8, "skipped": 0, "answer_accuracy": 0.5, "updates": 8, "seconds": 24.082785606384277, "time": 1790883039.7040548, "loss": -0.8009746168558117, "confidence": 0.5563065993405827, "mass": 0.999858576964766, "hinge_active": 0.0}
A decoder-only architecture is being used, but right-padding was detected! For correct generation results, please set `padding_side='left'` when initializing the tokenizer.
{"step": 64, "epoch": 0, "rows": 8, "skipped": 0, "answer_accuracy": 0.625, "updates": 8, "seconds": 30.1019344329834, "time": 1790883069.8068593, "loss": -0.7895792684999114, "confidence": 0.5708866618786415, "mass": 0.9947344505153483, "hinge_active": 0.0, "save_seconds": 0.45518064498901367}
A decoder-only architecture is being used, but right-padding was detected! For correct generation results, please set `padding_side='left'` when initializing the tokenizer.
{"step": 65, "epoch": 0, "rows": 7, "skipped": 1, "answer_accuracy": 0.7142857142857143, "updates": 8, "seconds": 22.434040069580078, "time": 1790883092.696597, "loss": -0.814625311275517, "confidence": 0.5504410192114713, "mass": 0.999635128703636, "hinge_active": 0.0}
A decoder-only architecture is being used, but right-padding was detected! For correct generation results, please set `padding_side='left'` when initializing the tokenizer.
{"step": 66, "epoch": 0, "rows": 8, "skipped": 0, "answer_accuracy": 0.75, "updates": 8, "seconds": 23.641870737075806, "time": 1790883116.3393664, "loss": -0.8100729598370865, "confidence": 0.6161973782219761, "mass": 0.9998577176349234, "hinge_active": 0.0}
A decoder-only architecture is being used, but right-padding was detected! For correct generation results, please set `padding_side='left'` when initializing the tokenizer.
{"step": 67, "epoch": 0, "rows": 8, "skipped": 0, "answer_accuracy": 0.5, "updates": 8, "seconds": 23.306695222854614, "time": 1790883139.6470337, "loss": -0.7953404575472938, "confidence": 0.573427270398237, "mass": 0.9998399906290321, "hinge_active": 0.0}
A decoder-only architecture is being used, but right-padding was detected! For correct generation results, please set `padding_side='left'` when initializing the tokenizer.
{"step": 68, "epoch": 0, "rows": 8, "skipped": 0, "answer_accuracy": 0.875, "updates": 8, "seconds": 23.330869674682617, "time": 1790883162.9787562, "loss": -0.8576672209966949, "confidence": 0.602852001547315, "mass": 0.9998574892097757, "hinge_active": 0.0}
A decoder-only architecture is being used, but right-padding was detected! For correct generation results, please set `padding_side='left'` when initializing the tokenizer.
{"step": 69, "epoch": 0, "rows": 8, "skipped": 0, "answer_accuracy": 0.375, "updates": 8, "seconds": 30.488107442855835, "time": 1790883193.4676018, "loss": -0.7943796425238324, "confidence": 0.580974097888624, "mass": 0.993985200623405, "hinge_active": 0.0}
A decoder-only architecture is being used, but right-padding was detected! For correct generation results, please set `padding_side='left'` when initializing the tokenizer.
{"step": 70, "epoch": 0, "rows": 8, "skipped": 0, "answer_accuracy": 0.625, "updates": 8, "seconds": 22.89087200164795, "time": 1790883216.3591971, "loss": -0.8064158234050588, "confidence": 0.5380578014057685, "mass": 0.9996899492923838, "hinge_active": 0.0}
A decoder-only architecture is being used, but right-padding was detected! For correct generation results, please set `padding_side='left'` when initializing the tokenizer.
{"step": 71, "epoch": 0, "rows": 8, "skipped": 0, "answer_accuracy": 0.75, "updates": 8, "seconds": 23.29118776321411, "time": 1790883239.651188, "loss": -0.8209951034436138, "confidence": 0.6088596250140785, "mass": 0.9998463690578079, "hinge_active": 0.0}
A decoder-only architecture is being used, but right-padding was detected! For correct generation results, please set `padding_side='left'` when initializing the tokenizer.
{"step": 72, "epoch": 0, "rows": 8, "skipped": 0, "answer_accuracy": 0.25, "updates": 8, "seconds": 23.865626573562622, "time": 1790883263.5176265, "loss": -0.774064984191213, "confidence": 0.5600701965289592, "mass": 0.9998473314344417, "hinge_active": 0.0}
A decoder-only architecture is being used, but right-padding was detected! For correct generation results, please set `padding_side='left'` when initializing the tokenizer.
{"step": 73, "epoch": 0, "rows": 8, "skipped": 0, "answer_accuracy": 0.375, "updates": 8, "seconds": 24.109989166259766, "time": 1790883287.6282752, "loss": -0.8493895312588992, "confidence": 0.48556882971394544, "mass": 0.999183212515566, "hinge_active": 0.0}
A decoder-only architecture is being used, but right-padding was detected! For correct generation results, please set `padding_side='left'` when initializing the tokenizer.
{"step": 74, "epoch": 0, "rows": 8, "skipped": 0, "answer_accuracy": 0.5, "updates": 8, "seconds": 24.081135988235474, "time": 1790883311.7101336, "loss": -0.8001474820806904, "confidence": 0.5257976218867267, "mass": 0.9997965700577963, "hinge_active": 0.0}
A decoder-only architecture is being used, but right-padding was detected! For correct generation results, please set `padding_side='left'` when initializing the tokenizer.
{"step": 75, "epoch": 0, "rows": 8, "skipped": 0, "answer_accuracy": 0.375, "updates": 8, "seconds": 23.33094549179077, "time": 1790883335.0418582, "loss": -0.8383977562063988, "confidence": 0.4965953344546675, "mass": 0.9988313666136351, "hinge_active": 0.0}
A decoder-only architecture is being used, but right-padding was detected! For correct generation results, please set `padding_side='left'` when initializing the tokenizer.
{"step": 76, "epoch": 0, "rows": 8, "skipped": 0, "answer_accuracy": 0.875, "updates": 8, "seconds": 23.474272966384888, "time": 1790883358.5168552, "loss": -0.8374257296616046, "confidence": 0.5890976908406362, "mass": 0.9998380370290793, "hinge_active": 0.0}
A decoder-only architecture is being used, but right-padding was detected! For correct generation results, please set `padding_side='left'` when initializing the tokenizer.
{"step": 77, "epoch": 0, "rows": 8, "skipped": 0, "answer_accuracy": 0.625, "updates": 8, "seconds": 23.658531665802002, "time": 1790883382.1761098, "loss": -0.810623495429379, "confidence": 0.5750251197511833, "mass": 0.9998615517724637, "hinge_active": 0.0}
A decoder-only architecture is being used, but right-padding was detected! For correct generation results, please set `padding_side='left'` when initializing the tokenizer.
{"step": 78, "epoch": 0, "rows": 8, "skipped": 0, "answer_accuracy": 0.5, "updates": 8, "seconds": 30.76047968864441, "time": 1790883412.9373615, "loss": -0.825754834924723, "confidence": 0.5138817651692441, "mass": 0.9940322512169351, "hinge_active": 0.0}
A decoder-only architecture is being used, but right-padding was detected! For correct generation results, please set `padding_side='left'` when initializing the tokenizer.
{"step": 79, "epoch": 0, "rows": 8, "skipped": 0, "answer_accuracy": 0.875, "updates": 8, "seconds": 23.329776287078857, "time": 1790883436.2679386, "loss": -0.8252653269658239, "confidence": 0.5888430811154399, "mass": 0.9998345226633124, "hinge_active": 0.0}
A decoder-only architecture is being used, but right-padding was detected! For correct generation results, please set `padding_side='left'` when initializing the tokenizer.
{"step": 80, "epoch": 0, "rows": 8, "skipped": 0, "answer_accuracy": 0.625, "updates": 8, "seconds": 23.490246772766113, "time": 1790883459.7591019, "loss": -0.8264506362709213, "confidence": 0.6010370385333899, "mass": 0.999875513641975, "hinge_active": 0.0}
A decoder-only architecture is being used, but right-padding was detected! For correct generation results, please set `padding_side='left'` when initializing the tokenizer.
{"step": 81, "epoch": 0, "rows": 8, "skipped": 0, "answer_accuracy": 0.375, "updates": 8, "seconds": 30.465250730514526, "time": 1790883490.2250316, "loss": -0.759690157142803, "confidence": 0.591861677553033, "mass": 0.9949721337500168, "hinge_active": 0.0}
A decoder-only architecture is being used, but right-padding was detected! For correct generation results, please set `padding_side='left'` when initializing the tokenizer.
{"step": 82, "epoch": 0, "rows": 8, "skipped": 0, "answer_accuracy": 0.25, "updates": 8, "seconds": 23.663501501083374, "time": 1790883513.8892403, "loss": -0.8425740431637683, "confidence": 0.5036960927604206, "mass": 0.9997901734427932, "hinge_active": 0.0}
A decoder-only architecture is being used, but right-padding was detected! For correct generation results, please set `padding_side='left'` when initializing the tokenizer.
{"step": 83, "epoch": 0, "rows": 8, "skipped": 0, "answer_accuracy": 0.5, "updates": 8, "seconds": 23.643973350524902, "time": 1790883537.5340126, "loss": -0.8196167292188534, "confidence": 0.5819184305688367, "mass": 0.9998284593706306, "hinge_active": 0.0}
A decoder-only architecture is being used, but right-padding was detected! For correct generation results, please set `padding_side='left'` when initializing the tokenizer.
{"step": 84, "epoch": 0, "rows": 8, "skipped": 0, "answer_accuracy": 0.375, "updates": 8, "seconds": 23.531049728393555, "time": 1790883561.0657074, "loss": -0.7951860377084873, "confidence": 0.5629296040945455, "mass": 0.9998232989061534, "hinge_active": 0.0}
A decoder-only architecture is being used, but right-padding was detected! For correct generation results, please set `padding_side='left'` when initializing the tokenizer.
{"step": 85, "epoch": 0, "rows": 8, "skipped": 0, "answer_accuracy": 0.5, "updates": 8, "seconds": 30.71869421005249, "time": 1790883591.7852323, "loss": -0.8039394457331428, "confidence": 0.45848595762533223, "mass": 0.9872265505813862, "hinge_active": 0.125}
A decoder-only architecture is being used, but right-padding was detected! For correct generation results, please set `padding_side='left'` when initializing the tokenizer.
{"step": 86, "epoch": 0, "rows": 8, "skipped": 0, "answer_accuracy": 0.25, "updates": 8, "seconds": 25.09906578063965, "time": 1790883616.885103, "loss": -0.7877693813226927, "confidence": 0.5611151581594549, "mass": 0.9996816049456158, "hinge_active": 0.0}
A decoder-only architecture is being used, but right-padding was detected! For correct generation results, please set `padding_side='left'` when initializing the tokenizer.
{"step": 87, "epoch": 0, "rows": 8, "skipped": 0, "answer_accuracy": 0.625, "updates": 8, "seconds": 23.102951526641846, "time": 1790883639.9889336, "loss": -0.8328070518741078, "confidence": 0.5026043286160944, "mass": 0.9987293724195103, "hinge_active": 0.0}
A decoder-only architecture is being used, but right-padding was detected! For correct generation results, please set `padding_side='left'` when initializing the tokenizer.
{"step": 88, "epoch": 0, "rows": 8, "skipped": 0, "answer_accuracy": 0.875, "updates": 8, "seconds": 23.09112238883972, "time": 1790883663.0808113, "loss": -0.8440155305800292, "confidence": 0.5773002055399488, "mass": 0.9998613412210888, "hinge_active": 0.0}
A decoder-only architecture is being used, but right-padding was detected! For correct generation results, please set `padding_side='left'` when initializing the tokenizer.
{"step": 89, "epoch": 0, "rows": 8, "skipped": 0, "answer_accuracy": 0.25, "updates": 8, "seconds": 23.152145862579346, "time": 1790883686.2337825, "loss": -0.8073670965790195, "confidence": 0.4619843902933259, "mass": 0.9997777850144396, "hinge_active": 0.0}
A decoder-only architecture is being used, but right-padding was detected! For correct generation results, please set `padding_side='left'` when initializing the tokenizer.
{"step": 90, "epoch": 0, "rows": 8, "skipped": 0, "answer_accuracy": 0.5, "updates": 8, "seconds": 23.233078002929688, "time": 1790883709.4676116, "loss": -0.8509396665692076, "confidence": 0.43390253259203015, "mass": 0.9992258394837927, "hinge_active": 0.0}
A decoder-only architecture is being used, but right-padding was detected! For correct generation results, please set `padding_side='left'` when initializing the tokenizer.
{"step": 91, "epoch": 0, "rows": 8, "skipped": 0, "answer_accuracy": 0.375, "updates": 8, "seconds": 23.860620498657227, "time": 1790883733.3289244, "loss": -0.8424493844433087, "confidence": 0.42938120237055655, "mass": 0.9991969283969439, "hinge_active": 0.0}
A decoder-only architecture is being used, but right-padding was detected! For correct generation results, please set `padding_side='left'` when initializing the tokenizer.
{"step": 92, "epoch": 0, "rows": 8, "skipped": 0, "answer_accuracy": 0.25, "updates": 8, "seconds": 23.07104992866516, "time": 1790883756.4007902, "loss": -0.7799349436447744, "confidence": 0.5108721353980507, "mass": 0.9997014846027955, "hinge_active": 0.0}
A decoder-only architecture is being used, but right-padding was detected! For correct generation results, please set `padding_side='left'` when initializing the tokenizer.
{"step": 93, "epoch": 0, "rows": 8, "skipped": 0, "answer_accuracy": 0.375, "updates": 8, "seconds": 23.584136962890625, "time": 1790883779.9856184, "loss": -0.8419657658577948, "confidence": 0.46532443225596476, "mass": 0.9997464625098146, "hinge_active": 0.0}
A decoder-only architecture is being used, but right-padding was detected! For correct generation results, please set `padding_side='left'` when initializing the tokenizer.
{"step": 94, "epoch": 0, "rows": 8, "skipped": 0, "answer_accuracy": 0.625, "updates": 8, "seconds": 23.616179704666138, "time": 1790883803.6025636, "loss": -0.8050862564783077, "confidence": 0.47644018924396375, "mass": 0.9997800663876882, "hinge_active": 0.0}
A decoder-only architecture is being used, but right-padding was detected! For correct generation results, please set `padding_side='left'` when initializing the tokenizer.
{"step": 95, "epoch": 0, "rows": 8, "skipped": 0, "answer_accuracy": 0.625, "updates": 8, "seconds": 24.91451072692871, "time": 1790883828.5178003, "loss": -0.8371894834183067, "confidence": 0.457820648446837, "mass": 0.9994351137558536, "hinge_active": 0.0}
A decoder-only architecture is being used, but right-padding was detected! For correct generation results, please set `padding_side='left'` when initializing the tokenizer.
{"step": 96, "epoch": 0, "rows": 8, "skipped": 0, "answer_accuracy": 0.5, "updates": 8, "seconds": 23.59087824821472, "time": 1790883852.1094851, "loss": -0.8518164922980328, "confidence": 0.46710559406876057, "mass": 0.9964829957114457, "hinge_active": 0.0, "save_seconds": 0.4615445137023926}
A decoder-only architecture is being used, but right-padding was detected! For correct generation results, please set `padding_side='left'` when initializing the tokenizer.
{"step": 97, "epoch": 0, "rows": 8, "skipped": 0, "answer_accuracy": 0.75, "updates": 8, "seconds": 23.56542682647705, "time": 1790883876.1369674, "loss": -0.7979532225621224, "confidence": 0.5266871725263922, "mass": 0.9996192628725005, "hinge_active": 0.0}
A decoder-only architecture is being used, but right-padding was detected! For correct generation results, please set `padding_side='left'` when initializing the tokenizer.
{"step": 98, "epoch": 0, "rows": 8, "skipped": 0, "answer_accuracy": 0.625, "updates": 8, "seconds": 23.264455795288086, "time": 1790883899.4023898, "loss": -0.7869168498068685, "confidence": 0.5332427648554536, "mass": 0.9998606151704781, "hinge_active": 0.0}
A decoder-only architecture is being used, but right-padding was detected! For correct generation results, please set `padding_side='left'` when initializing the tokenizer.
{"step": 99, "epoch": 0, "rows": 8, "skipped": 0, "answer_accuracy": 0.75, "updates": 8, "seconds": 23.397308111190796, "time": 1790883922.800503, "loss": -0.8023394054253019, "confidence": 0.47063254755258127, "mass": 0.9998130115297016, "hinge_active": 0.0}
A decoder-only architecture is being used, but right-padding was detected! For correct generation results, please set `padding_side='left'` when initializing the tokenizer.
{"step": 100, "epoch": 0, "rows": 8, "skipped": 0, "answer_accuracy": 0.25, "updates": 8, "seconds": 30.535188674926758, "time": 1790883953.3364685, "loss": -0.8390942992050063, "confidence": 0.4161451163608181, "mass": 0.9955710610425784, "hinge_active": 0.0}
A decoder-only architecture is being used, but right-padding was detected! For correct generation results, please set `padding_side='left'` when initializing the tokenizer.
{"step": 101, "epoch": 0, "rows": 8, "skipped": 0, "answer_accuracy": 0.5, "updates": 8, "seconds": 23.395108222961426, "time": 1790883976.7324727, "loss": -0.7900724775922624, "confidence": 0.5721034145407597, "mass": 0.999791597460064, "hinge_active": 0.0}
A decoder-only architecture is being used, but right-padding was detected! For correct generation results, please set `padding_side='left'` when initializing the tokenizer.
{"step": 102, "epoch": 0, "rows": 8, "skipped": 0, "answer_accuracy": 0.75, "updates": 8, "seconds": 23.362194776535034, "time": 1790884000.0954375, "loss": -0.8015859895182813, "confidence": 0.6024355024754416, "mass": 0.9998846013769584, "hinge_active": 0.0}
A decoder-only architecture is being used, but right-padding was detected! For correct generation results, please set `padding_side='left'` when initializing the tokenizer.
{"step": 103, "epoch": 0, "rows": 8, "skipped": 0, "answer_accuracy": 0.5, "updates": 8, "seconds": 23.03994083404541, "time": 1790884023.1363213, "loss": -0.8240844304237238, "confidence": 0.5033000610695817, "mass": 0.9982333100667986, "hinge_active": 0.0}
A decoder-only architecture is being used, but right-padding was detected! For correct generation results, please set `padding_side='left'` when initializing the tokenizer.
{"step": 104, "epoch": 0, "rows": 8, "skipped": 0, "answer_accuracy": 0.25, "updates": 8, "seconds": 30.04217529296875, "time": 1790884053.1792934, "loss": -0.8754546921539051, "confidence": 0.4039323467872793, "mass": 0.9921423064897161, "hinge_active": 0.0}
A decoder-only architecture is being used, but right-padding was detected! For correct generation results, please set `padding_side='left'` when initializing the tokenizer.
{"step": 105, "epoch": 0, "rows": 8, "skipped": 0, "answer_accuracy": 0.625, "updates": 8, "seconds": 23.444229125976562, "time": 1790884076.6243074, "loss": -0.812322899124428, "confidence": 0.5285728388943893, "mass": 0.9926971318289708, "hinge_active": 0.125}
A decoder-only architecture is being used, but right-padding was detected! For correct generation results, please set `padding_side='left'` when initializing the tokenizer.
{"step": 106, "epoch": 0, "rows": 8, "skipped": 0, "answer_accuracy": 0.625, "updates": 8, "seconds": 29.99235773086548, "time": 1790884106.6173398, "loss": -0.8131501121552526, "confidence": 0.5712121863356276, "mass": 0.9949413432566668, "hinge_active": 0.0}
A decoder-only architecture is being used, but right-padding was detected! For correct generation results, please set `padding_side='left'` when initializing the tokenizer.
{"step": 107, "epoch": 0, "rows": 8, "skipped": 0, "answer_accuracy": 0.25, "updates": 8, "seconds": 30.47146201133728, "time": 1790884137.0896566, "loss": -0.8315752562643715, "confidence": 0.46779268843287275, "mass": 0.9962561988229179, "hinge_active": 0.0}
A decoder-only architecture is being used, but right-padding was detected! For correct generation results, please set `padding_side='left'` when initializing the tokenizer.
{"step": 108, "epoch": 0, "rows": 8, "skipped": 0, "answer_accuracy": 0.5, "updates": 8, "seconds": 23.991015434265137, "time": 1790884161.0814395, "loss": -0.8239958925560618, "confidence": 0.45635750513013695, "mass": 0.9981867687253254, "hinge_active": 0.0}
A decoder-only architecture is being used, but right-padding was detected! For correct generation results, please set `padding_side='left'` when initializing the tokenizer.
{"step": 109, "epoch": 0, "rows": 8, "skipped": 0, "answer_accuracy": 0.5, "updates": 8, "seconds": 23.821800708770752, "time": 1790884184.903902, "loss": -0.8353201666387127, "confidence": 0.5289026657007374, "mass": 0.9998454998139706, "hinge_active": 0.0}
A decoder-only architecture is being used, but right-padding was detected! For correct generation results, please set `padding_side='left'` when initializing the tokenizer.
{"step": 110, "epoch": 0, "rows": 8, "skipped": 0, "answer_accuracy": 0.75, "updates": 8, "seconds": 22.825420379638672, "time": 1790884207.7300806, "loss": -0.8232333716114286, "confidence": 0.49597458881033807, "mass": 0.9992872122748958, "hinge_active": 0.0}
A decoder-only architecture is being used, but right-padding was detected! For correct generation results, please set `padding_side='left'` when initializing the tokenizer.
{"step": 111, "epoch": 0, "rows": 8, "skipped": 0, "answer_accuracy": 0.5, "updates": 8, "seconds": 23.81691026687622, "time": 1790884231.54795, "loss": -0.820731094281313, "confidence": 0.5323176822196821, "mass": 0.9951986359130154, "hinge_active": 0.0}
A decoder-only architecture is being used, but right-padding was detected! For correct generation results, please set `padding_side='left'` when initializing the tokenizer.
{"step": 112, "epoch": 0, "rows": 8, "skipped": 0, "answer_accuracy": 0.5, "updates": 8, "seconds": 23.55829381942749, "time": 1790884255.1071146, "loss": -0.7497255632446636, "confidence": 0.504900734138765, "mass": 0.9998330067065411, "hinge_active": 0.0}
A decoder-only architecture is being used, but right-padding was detected! For correct generation results, please set `padding_side='left'` when initializing the tokenizer.
{"step": 113, "epoch": 0, "rows": 8, "skipped": 0, "answer_accuracy": 0.625, "updates": 8, "seconds": 23.78644871711731, "time": 1790884278.8943045, "loss": -0.8085433106678204, "confidence": 0.6157159565896307, "mass": 0.9998790183302261, "hinge_active": 0.0}
A decoder-only architecture is being used, but right-padding was detected! For correct generation results, please set `padding_side='left'` when initializing the tokenizer.
{"step": 114, "epoch": 0, "rows": 8, "skipped": 0, "answer_accuracy": 0.5, "updates": 8, "seconds": 30.684311389923096, "time": 1790884309.5792866, "loss": -0.7834305861209399, "confidence": 0.45462196044364744, "mass": 0.9957930898109121, "hinge_active": 0.0}
A decoder-only architecture is being used, but right-padding was detected! For correct generation results, please set `padding_side='left'` when initializing the tokenizer.
{"step": 115, "epoch": 0, "rows": 8, "skipped": 0, "answer_accuracy": 0.25, "updates": 8, "seconds": 30.880347967147827, "time": 1790884340.4603302, "loss": -0.7980289408743078, "confidence": 0.5438646612439034, "mass": 0.9959152608445573, "hinge_active": 0.0}
A decoder-only architecture is being used, but right-padding was detected! For correct generation results, please set `padding_side='left'` when initializing the tokenizer.
{"step": 116, "epoch": 0, "rows": 8, "skipped": 0, "answer_accuracy": 0.25, "updates": 8, "seconds": 30.519699096679688, "time": 1790884370.9807625, "loss": -0.8772542541038862, "confidence": 0.3912051529874074, "mass": 0.9922438801097179, "hinge_active": 0.0}
A decoder-only architecture is being used, but right-padding was detected! For correct generation results, please set `padding_side='left'` when initializing the tokenizer.
{"step": 117, "epoch": 0, "rows": 8, "skipped": 0, "answer_accuracy": 0.5, "updates": 8, "seconds": 24.56631112098694, "time": 1790884395.5476956, "loss": -0.8210578629335235, "confidence": 0.5292461496636469, "mass": 0.9997770243371289, "hinge_active": 0.0}
A decoder-only architecture is being used, but right-padding was detected! For correct generation results, please set `padding_side='left'` when initializing the tokenizer.
{"step": 118, "epoch": 0, "rows": 8, "skipped": 0, "answer_accuracy": 0.625, "updates": 8, "seconds": 23.486014127731323, "time": 1790884419.0344446, "loss": -0.8316163924163379, "confidence": 0.5188335483713546, "mass": 0.9998699189023184, "hinge_active": 0.0}
A decoder-only architecture is being used, but right-padding was detected! For correct generation results, please set `padding_side='left'` when initializing the tokenizer.
{"step": 119, "epoch": 0, "rows": 8, "skipped": 0, "answer_accuracy": 0.25, "updates": 8, "seconds": 23.343660831451416, "time": 1790884442.378922, "loss": -0.7937439879991273, "confidence": 0.4697999663338583, "mass": 0.9998529703688835, "hinge_active": 0.0}
A decoder-only architecture is being used, but right-padding was detected! For correct generation results, please set `padding_side='left'` when initializing the tokenizer.
{"step": 120, "epoch": 0, "rows": 8, "skipped": 0, "answer_accuracy": 0.125, "updates": 8, "seconds": 23.67559576034546, "time": 1790884466.0552943, "loss": -0.8344377833704593, "confidence": 0.38423908794720313, "mass": 0.9951283438900891, "hinge_active": 0.0}
A decoder-only architecture is being used, but right-padding was detected! For correct generation results, please set `padding_side='left'` when initializing the tokenizer.
{"step": 121, "epoch": 0, "rows": 8, "skipped": 0, "answer_accuracy": 0.625, "updates": 8, "seconds": 23.225329637527466, "time": 1790884489.2814598, "loss": -0.8186835508061183, "confidence": 0.5471230860634542, "mass": 0.9998032057174574, "hinge_active": 0.0}
A decoder-only architecture is being used, but right-padding was detected! For correct generation results, please set `padding_side='left'` when initializing the tokenizer.
{"step": 122, "epoch": 0, "rows": 8, "skipped": 0, "answer_accuracy": 0.5, "updates": 8, "seconds": 23.22794818878174, "time": 1790884512.5102158, "loss": -0.7766611569023131, "confidence": 0.3863215908555501, "mass": 0.999787230119911, "hinge_active": 0.0}
A decoder-only architecture is being used, but right-padding was detected! For correct generation results, please set `padding_side='left'` when initializing the tokenizer.
{"step": 123, "epoch": 0, "rows": 8, "skipped": 0, "answer_accuracy": 0.75, "updates": 8, "seconds": 23.226001262664795, "time": 1790884535.7370632, "loss": -0.8224183847948594, "confidence": 0.4895159638683617, "mass": 0.9999006569491542, "hinge_active": 0.0}
A decoder-only architecture is being used, but right-padding was detected! For correct generation results, please set `padding_side='left'` when initializing the tokenizer.
{"step": 124, "epoch": 0, "rows": 8, "skipped": 0, "answer_accuracy": 0.625, "updates": 8, "seconds": 23.199612140655518, "time": 1790884558.9375465, "loss": -0.8379707296219284, "confidence": 0.5074669956443898, "mass": 0.9998874154968426, "hinge_active": 0.0}
A decoder-only architecture is being used, but right-padding was detected! For correct generation results, please set `padding_side='left'` when initializing the tokenizer.
{"step": 125, "epoch": 0, "rows": 8, "skipped": 0, "answer_accuracy": 0.25, "updates": 8, "seconds": 30.36974263191223, "time": 1790884589.308065, "loss": -0.8672503670679514, "confidence": 0.38590486691821735, "mass": 0.9954919501175907, "hinge_active": 0.0}
A decoder-only architecture is being used, but right-padding was detected! For correct generation results, please set `padding_side='left'` when initializing the tokenizer.
{"step": 126, "epoch": 0, "rows": 8, "skipped": 0, "answer_accuracy": 0.5, "updates": 8, "seconds": 23.61291003227234, "time": 1790884612.9218676, "loss": -0.8379521806589674, "confidence": 0.4099022148682222, "mass": 0.9994260629346613, "hinge_active": 0.0}
A decoder-only architecture is being used, but right-padding was detected! For correct generation results, please set `padding_side='left'` when initializing the tokenizer.
{"step": 127, "epoch": 0, "rows": 8, "skipped": 0, "answer_accuracy": 0.375, "updates": 8, "seconds": 23.490533590316772, "time": 1790884636.4131322, "loss": -0.7872402402824371, "confidence": 0.47091252889726576, "mass": 0.9996751378791078, "hinge_active": 0.0}
A decoder-only architecture is being used, but right-padding was detected! For correct generation results, please set `padding_side='left'` when initializing the tokenizer.
{"step": 128, "epoch": 0, "rows": 8, "skipped": 0, "answer_accuracy": 0.5, "updates": 8, "seconds": 23.517171144485474, "time": 1790884659.9311097, "loss": -0.7998300350160689, "confidence": 0.4639960294611711, "mass": 0.999785419788536, "hinge_active": 0.0, "save_seconds": 0.46721673011779785}
A decoder-only architecture is being used, but right-padding was detected! For correct generation results, please set `padding_side='left'` when initializing the tokenizer.
{"step": 129, "epoch": 1, "rows": 8, "skipped": 0, "answer_accuracy": 0.5, "updates": 8, "seconds": 23.582220315933228, "time": 1790884684.4016256, "loss": -0.8417152273435144, "confidence": 0.4702584609434386, "mass": 0.9992675280996307, "hinge_active": 0.0}
A decoder-only architecture is being used, but right-padding was detected! For correct generation results, please set `padding_side='left'` when initializing the tokenizer.
{"step": 130, "epoch": 1, "rows": 8, "skipped": 0, "answer_accuracy": 0.875, "updates": 8, "seconds": 22.898173332214355, "time": 1790884707.3005369, "loss": -0.8215305299439168, "confidence": 0.5671486254425289, "mass": 0.9998932933970595, "hinge_active": 0.0}
A decoder-only architecture is being used, but right-padding was detected! For correct generation results, please set `padding_side='left'` when initializing the tokenizer.
{"step": 131, "epoch": 1, "rows": 8, "skipped": 0, "answer_accuracy": 0.625, "updates": 8, "seconds": 23.040273904800415, "time": 1790884730.3416288, "loss": -0.8413088159209353, "confidence": 0.49954721037869443, "mass": 0.9998137477985177, "hinge_active": 0.0}
A decoder-only architecture is being used, but right-padding was detected! For correct generation results, please set `padding_side='left'` when initializing the tokenizer.
{"step": 132, "epoch": 1, "rows": 8, "skipped": 0, "answer_accuracy": 0.25, "updates": 8, "seconds": 23.14705777168274, "time": 1790884753.4894576, "loss": -0.7964762278058907, "confidence": 0.5530332794592253, "mass": 0.9998706298743697, "hinge_active": 0.0}
A decoder-only architecture is being used, but right-padding was detected! For correct generation results, please set `padding_side='left'` when initializing the tokenizer.
{"step": 133, "epoch": 1, "rows": 8, "skipped": 0, "answer_accuracy": 0.5, "updates": 8, "seconds": 23.899351596832275, "time": 1790884777.3895214, "loss": -0.8821899293161257, "confidence": 0.5182456774420194, "mass": 0.9997551005277647, "hinge_active": 0.0}
A decoder-only architecture is being used, but right-padding was detected! For correct generation results, please set `padding_side='left'` when initializing the tokenizer.
{"step": 134, "epoch": 1, "rows": 8, "skipped": 0, "answer_accuracy": 0.5, "updates": 8, "seconds": 23.253406524658203, "time": 1790884800.6436007, "loss": -0.8581359895630439, "confidence": 0.4961584625431702, "mass": 0.9998792005920439, "hinge_active": 0.0}
A decoder-only architecture is being used, but right-padding was detected! For correct generation results, please set `padding_side='left'` when initializing the tokenizer.
{"step": 135, "epoch": 1, "rows": 8, "skipped": 0, "answer_accuracy": 0.375, "updates": 8, "seconds": 23.71229887008667, "time": 1790884824.3567421, "loss": -0.8478608956993343, "confidence": 0.4805635853390591, "mass": 0.9998073635164044, "hinge_active": 0.0}
A decoder-only architecture is being used, but right-padding was detected! For correct generation results, please set `padding_side='left'` when initializing the tokenizer.
{"step": 136, "epoch": 1, "rows": 8, "skipped": 0, "answer_accuracy": 0.5, "updates": 8, "seconds": 23.188262462615967, "time": 1790884847.5456154, "loss": -0.8267818855779651, "confidence": 0.5297282885280087, "mass": 0.9997976686202514, "hinge_active": 0.0}
A decoder-only architecture is being used, but right-padding was detected! For correct generation results, please set `padding_side='left'` when initializing the tokenizer.
{"step": 137, "epoch": 1, "rows": 8, "skipped": 0, "answer_accuracy": 0.625, "updates": 8, "seconds": 23.496040105819702, "time": 1790884871.0424523, "loss": -0.8249802305720567, "confidence": 0.5540526944317338, "mass": 0.9996764843279204, "hinge_active": 0.0}
A decoder-only architecture is being used, but right-padding was detected! For correct generation results, please set `padding_side='left'` when initializing the tokenizer.
{"step": 138, "epoch": 1, "rows": 8, "skipped": 0, "answer_accuracy": 0.5, "updates": 8, "seconds": 23.601669549942017, "time": 1790884894.6449454, "loss": -0.8213144574385016, "confidence": 0.4775573788087212, "mass": 0.9982749742867393, "hinge_active": 0.0}
A decoder-only architecture is being used, but right-padding was detected! For correct generation results, please set `padding_side='left'` when initializing the tokenizer.
{"step": 139, "epoch": 1, "rows": 8, "skipped": 0, "answer_accuracy": 0.875, "updates": 8, "seconds": 23.35785675048828, "time": 1790884918.0035505, "loss": -0.7826909474937019, "confidence": 0.5200268125528791, "mass": 0.9998542003378544, "hinge_active": 0.0}
A decoder-only architecture is being used, but right-padding was detected! For correct generation results, please set `padding_side='left'` when initializing the tokenizer.
{"step": 140, "epoch": 1, "rows": 8, "skipped": 0, "answer_accuracy": 0.25, "updates": 8, "seconds": 23.302098512649536, "time": 1790884941.306495, "loss": -0.8311532702890719, "confidence": 0.4939489774723709, "mass": 0.9998541133067712, "hinge_active": 0.0}
A decoder-only architecture is being used, but right-padding was detected! For correct generation results, please set `padding_side='left'` when initializing the tokenizer.
{"step": 141, "epoch": 1, "rows": 8, "skipped": 0, "answer_accuracy": 0.625, "updates": 8, "seconds": 23.187891960144043, "time": 1790884964.495158, "loss": -0.8686587573269005, "confidence": 0.5599878579257448, "mass": 0.9995018161062589, "hinge_active": 0.0}
A decoder-only architecture is being used, but right-padding was detected! For correct generation results, please set `padding_side='left'` when initializing the tokenizer.
{"step": 142, "epoch": 1, "rows": 8, "skipped": 0, "answer_accuracy": 0.5, "updates": 8, "seconds": 22.97406792640686, "time": 1790884987.469984, "loss": -0.7597197694582504, "confidence": 0.5707355229956429, "mass": 0.9998808698618084, "hinge_active": 0.0}
A decoder-only architecture is being used, but right-padding was detected! For correct generation results, please set `padding_side='left'` when initializing the tokenizer.
{"step": 143, "epoch": 1, "rows": 8, "skipped": 0, "answer_accuracy": 0.5, "updates": 8, "seconds": 23.43893837928772, "time": 1790885010.909867, "loss": -0.8566624690216951, "confidence": 0.5700986509099417, "mass": 0.9998895917750488, "hinge_active": 0.0}
A decoder-only architecture is being used, but right-padding was detected! For correct generation results, please set `padding_side='left'` when initializing the tokenizer.
{"step": 144, "epoch": 1, "rows": 8, "skipped": 0, "answer_accuracy": 0.5, "updates": 8, "seconds": 30.715293169021606, "time": 1790885041.6262624, "loss": -0.8474550222505952, "confidence": 0.40618436033688937, "mass": 0.9957815636754378, "hinge_active": 0.0}
A decoder-only architecture is being used, but right-padding was detected! For correct generation results, please set `padding_side='left'` when initializing the tokenizer.
{"step": 145, "epoch": 1, "rows": 8, "skipped": 0, "answer_accuracy": 0.375, "updates": 8, "seconds": 23.23639440536499, "time": 1790885064.8633296, "loss": -0.8028032754186263, "confidence": 0.527608271360961, "mass": 0.9998415427457927, "hinge_active": 0.0}
A decoder-only architecture is being used, but right-padding was detected! For correct generation results, please set `padding_side='left'` when initializing the tokenizer.
{"step": 146, "epoch": 1, "rows": 8, "skipped": 0, "answer_accuracy": 0.625, "updates": 8, "seconds": 23.431119680404663, "time": 1790885088.2951667, "loss": -0.7609307284143335, "confidence": 0.6069599533162016, "mass": 0.9999023354079358, "hinge_active": 0.0}
A decoder-only architecture is being used, but right-padding was detected! For correct generation results, please set `padding_side='left'` when initializing the tokenizer.
{"step": 147, "epoch": 1, "rows": 8, "skipped": 0, "answer_accuracy": 0.375, "updates": 8, "seconds": 23.91297197341919, "time": 1790885112.2090867, "loss": -0.8553425189254026, "confidence": 0.37958275610328795, "mass": 0.9984309031605021, "hinge_active": 0.0}
A decoder-only architecture is being used, but right-padding was detected! For correct generation results, please set `padding_side='left'` when initializing the tokenizer.
{"step": 148, "epoch": 1, "rows": 8, "skipped": 0, "answer_accuracy": 0.375, "updates": 8, "seconds": 24.043808221817017, "time": 1790885136.2537715, "loss": -0.8740529220576679, "confidence": 0.4676018610680633, "mass": 0.999238819934046, "hinge_active": 0.0}
A decoder-only architecture is being used, but right-padding was detected! For correct generation results, please set `padding_side='left'` when initializing the tokenizer.
{"step": 149, "epoch": 1, "rows": 8, "skipped": 0, "answer_accuracy": 0.625, "updates": 8, "seconds": 23.82349395751953, "time": 1790885160.0781996, "loss": -0.8174525298436676, "confidence": 0.4678263253270799, "mass": 0.9978843440868969, "hinge_active": 0.0}
A decoder-only architecture is being used, but right-padding was detected! For correct generation results, please set `padding_side='left'` when initializing the tokenizer.
{"step": 150, "epoch": 1, "rows": 8, "skipped": 0, "answer_accuracy": 0.75, "updates": 8, "seconds": 23.502922296524048, "time": 1790885183.582043, "loss": -0.8303270882071588, "confidence": 0.5451516315734105, "mass": 0.9998682457998463, "hinge_active": 0.0}
A decoder-only architecture is being used, but right-padding was detected! For correct generation results, please set `padding_side='left'` when initializing the tokenizer.
{"step": 151, "epoch": 1, "rows": 8, "skipped": 0, "answer_accuracy": 0.625, "updates": 8, "seconds": 30.513086318969727, "time": 1790885214.0960743, "loss": -0.8623526246984068, "confidence": 0.5448403948572488, "mass": 0.9893338134895678, "hinge_active": 0.125}
A decoder-only architecture is being used, but right-padding was detected! For correct generation results, please set `padding_side='left'` when initializing the tokenizer.
{"step": 152, "epoch": 1, "rows": 8, "skipped": 0, "answer_accuracy": 0.375, "updates": 8, "seconds": 24.609386205673218, "time": 1790885238.7062378, "loss": -0.8193725779142407, "confidence": 0.5531468515314413, "mass": 0.9996650996600936, "hinge_active": 0.0}
A decoder-only architecture is being used, but right-padding was detected! For correct generation results, please set `padding_side='left'` when initializing the tokenizer.
{"step": 153, "epoch": 1, "rows": 8, "skipped": 0, "answer_accuracy": 0.5, "updates": 8, "seconds": 23.252914428710938, "time": 1790885261.9598753, "loss": -0.8175782317312832, "confidence": 0.6433851679137226, "mass": 0.999894419333783, "hinge_active": 0.0}
A decoder-only architecture is being used, but right-padding was detected! For correct generation results, please set `padding_side='left'` when initializing the tokenizer.
{"step": 154, "epoch": 1, "rows": 8, "skipped": 0, "answer_accuracy": 0.25, "updates": 8, "seconds": 23.412595510482788, "time": 1790885285.3731496, "loss": -0.8386085722601055, "confidence": 0.49974523866071574, "mass": 0.9997228293669654, "hinge_active": 0.0}
A decoder-only architecture is being used, but right-padding was detected! For correct generation results, please set `padding_side='left'` when initializing the tokenizer.
{"step": 155, "epoch": 1, "rows": 8, "skipped": 0, "answer_accuracy": 0.5, "updates": 8, "seconds": 23.913127899169922, "time": 1790885309.2870805, "loss": -0.84170681699787, "confidence": 0.5124888810171239, "mass": 0.9998224644865905, "hinge_active": 0.0}
A decoder-only architecture is being used, but right-padding was detected! For correct generation results, please set `padding_side='left'` when initializing the tokenizer.
{"step": 156, "epoch": 1, "rows": 8, "skipped": 0, "answer_accuracy": 0.75, "updates": 8, "seconds": 23.212331771850586, "time": 1790885332.5000653, "loss": -0.8502133091445081, "confidence": 0.6446279495423478, "mass": 0.9998828105494181, "hinge_active": 0.0}
A decoder-only architecture is being used, but right-padding was detected! For correct generation results, please set `padding_side='left'` when initializing the tokenizer.
{"step": 157, "epoch": 1, "rows": 8, "skipped": 0, "answer_accuracy": 0.5, "updates": 8, "seconds": 23.099770069122314, "time": 1790885355.60053, "loss": -0.8189381562989825, "confidence": 0.5043648666662385, "mass": 0.999568284168426, "hinge_active": 0.0}
A decoder-only architecture is being used, but right-padding was detected! For correct generation results, please set `padding_side='left'` when initializing the tokenizer.
{"step": 158, "epoch": 1, "rows": 8, "skipped": 0, "answer_accuracy": 0.625, "updates": 8, "seconds": 23.65996551513672, "time": 1790885379.2614622, "loss": -0.7967543377419242, "confidence": 0.46517406012193174, "mass": 0.9997623683739585, "hinge_active": 0.0}
A decoder-only architecture is being used, but right-padding was detected! For correct generation results, please set `padding_side='left'` when initializing the tokenizer.
{"step": 159, "epoch": 1, "rows": 8, "skipped": 0, "answer_accuracy": 0.5, "updates": 8, "seconds": 23.224024534225464, "time": 1790885402.4863129, "loss": -0.853176342448078, "confidence": 0.5004833394882711, "mass": 0.9999042771601356, "hinge_active": 0.0}
A decoder-only architecture is being used, but right-padding was detected! For correct generation results, please set `padding_side='left'` when initializing the tokenizer.
{"step": 160, "epoch": 1, "rows": 8, "skipped": 0, "answer_accuracy": 0.5, "updates": 8, "seconds": 30.467549085617065, "time": 1790885432.954583, "loss": -0.788184071999593, "confidence": 0.4375087775370307, "mass": 0.9976746773663246, "hinge_active": 0.0, "save_seconds": 0.4428396224975586}
A decoder-only architecture is being used, but right-padding was detected! For correct generation results, please set `padding_side='left'` when initializing the tokenizer.
{"step": 161, "epoch": 1, "rows": 8, "skipped": 0, "answer_accuracy": 0.625, "updates": 8, "seconds": 23.279579401016235, "time": 1790885456.6775455, "loss": -0.8092234731389772, "confidence": 0.47934515911870157, "mass": 0.9998879631034677, "hinge_active": 0.0}
A decoder-only architecture is being used, but right-padding was detected! For correct generation results, please set `padding_side='left'` when initializing the tokenizer.
{"step": 162, "epoch": 1, "rows": 8, "skipped": 0, "answer_accuracy": 0.625, "updates": 8, "seconds": 23.668007373809814, "time": 1790885480.3463473, "loss": -0.780877538583616, "confidence": 0.5694504116682311, "mass": 0.9998835284851799, "hinge_active": 0.0}
A decoder-only architecture is being used, but right-padding was detected! For correct generation results, please set `padding_side='left'` when initializing the tokenizer.
{"step": 163, "epoch": 1, "rows": 8, "skipped": 0, "answer_accuracy": 0.625, "updates": 8, "seconds": 23.822563648223877, "time": 1790885504.169627, "loss": -0.7629093905452691, "confidence": 0.5522929985349776, "mass": 0.9998411763694701, "hinge_active": 0.0}
A decoder-only architecture is being used, but right-padding was detected! For correct generation results, please set `padding_side='left'` when initializing the tokenizer.
{"step": 164, "epoch": 1, "rows": 8, "skipped": 0, "answer_accuracy": 0.625, "updates": 8, "seconds": 30.302525281906128, "time": 1790885534.4730885, "loss": -0.8688756050372413, "confidence": 0.6373911683464636, "mass": 0.9966702759952253, "hinge_active": 0.0}
A decoder-only architecture is being used, but right-padding was detected! For correct generation results, please set `padding_side='left'` when initializing the tokenizer.
{"step": 165, "epoch": 1, "rows": 8, "skipped": 0, "answer_accuracy": 0.75, "updates": 8, "seconds": 23.085355758666992, "time": 1790885557.5591848, "loss": -0.8487831509430179, "confidence": 0.525977484626203, "mass": 0.9998220908958514, "hinge_active": 0.0}
A decoder-only architecture is being used, but right-padding was detected! For correct generation results, please set `padding_side='left'` when initializing the tokenizer.
{"step": 166, "epoch": 1, "rows": 8, "skipped": 0, "answer_accuracy": 0.875, "updates": 8, "seconds": 23.29095435142517, "time": 1790885580.8508904, "loss": -0.8470960712290284, "confidence": 0.6115044468790337, "mass": 0.9998024694172186, "hinge_active": 0.0}
A decoder-only architecture is being used, but right-padding was detected! For correct generation results, please set `padding_side='left'` when initializing the tokenizer.
{"step": 167, "epoch": 1, "rows": 8, "skipped": 0, "answer_accuracy": 0.75, "updates": 8, "seconds": 23.803715229034424, "time": 1790885604.6552896, "loss": -0.8312891913895148, "confidence": 0.6140876249495383, "mass": 0.9998848849749898, "hinge_active": 0.0}
A decoder-only architecture is being used, but right-padding was detected! For correct generation results, please set `padding_side='left'` when initializing the tokenizer.
{"step": 168, "epoch": 1, "rows": 8, "skipped": 0, "answer_accuracy": 0.5, "updates": 8, "seconds": 23.394447803497314, "time": 1790885628.0504386, "loss": -0.8504476431799475, "confidence": 0.4814513029086383, "mass": 0.9988180302187737, "hinge_active": 0.0}
A decoder-only architecture is being used, but right-padding was detected! For correct generation results, please set `padding_side='left'` when initializing the tokenizer.
{"step": 169, "epoch": 1, "rows": 8, "skipped": 0, "answer_accuracy": 0.375, "updates": 8, "seconds": 30.375702381134033, "time": 1790885658.4268155, "loss": -0.8355551389571886, "confidence": 0.6048022281929245, "mass": 0.9950541508499846, "hinge_active": 0.0}
A decoder-only architecture is being used, but right-padding was detected! For correct generation results, please set `padding_side='left'` when initializing the tokenizer.
{"step": 170, "epoch": 1, "rows": 8, "skipped": 0, "answer_accuracy": 0.625, "updates": 8, "seconds": 23.488483428955078, "time": 1790885681.9161108, "loss": -0.8558013664654471, "confidence": 0.6379657599598882, "mass": 0.9998601664356012, "hinge_active": 0.0}
A decoder-only architecture is being used, but right-padding was detected! For correct generation results, please set `padding_side='left'` when initializing the tokenizer.
{"step": 171, "epoch": 1, "rows": 8, "skipped": 0, "answer_accuracy": 0.5, "updates": 8, "seconds": 23.45851230621338, "time": 1790885705.3754146, "loss": -0.8090147430902187, "confidence": 0.6826573635859963, "mass": 0.9999107844178349, "hinge_active": 0.0}
A decoder-only architecture is being used, but right-padding was detected! For correct generation results, please set `padding_side='left'` when initializing the tokenizer.
{"step": 172, "epoch": 1, "rows": 8, "skipped": 0, "answer_accuracy": 0.5, "updates": 8, "seconds": 23.929298400878906, "time": 1790885729.3055885, "loss": -0.8259939987071259, "confidence": 0.6298311371715145, "mass": 0.9998904094840502, "hinge_active": 0.0}
A decoder-only architecture is being used, but right-padding was detected! For correct generation results, please set `padding_side='left'` when initializing the tokenizer.
{"step": 173, "epoch": 1, "rows": 8, "skipped": 0, "answer_accuracy": 0.75, "updates": 8, "seconds": 23.7111496925354, "time": 1790885753.017418, "loss": -0.8937207899859667, "confidence": 0.6125314415668489, "mass": 0.9999222169275704, "hinge_active": 0.0}
A decoder-only architecture is being used, but right-padding was detected! For correct generation results, please set `padding_side='left'` when initializing the tokenizer.
{"step": 174, "epoch": 1, "rows": 8, "skipped": 0, "answer_accuracy": 0.25, "updates": 8, "seconds": 23.595448970794678, "time": 1790885776.613849, "loss": -0.7278236719426805, "confidence": 0.6073531524041198, "mass": 0.9998995039792196, "hinge_active": 0.0}
A decoder-only architecture is being used, but right-padding was detected! For correct generation results, please set `padding_side='left'` when initializing the tokenizer.
{"step": 175, "epoch": 1, "rows": 8, "skipped": 0, "answer_accuracy": 0.25, "updates": 8, "seconds": 30.232725381851196, "time": 1790885806.8473008, "loss": -0.8817778877862565, "confidence": 0.28889962964252963, "mass": 0.9959317081484103, "hinge_active": 0.0}
A decoder-only architecture is being used, but right-padding was detected! For correct generation results, please set `padding_side='left'` when initializing the tokenizer.
{"step": 176, "epoch": 1, "rows": 8, "skipped": 0, "answer_accuracy": 0.625, "updates": 8, "seconds": 23.36100959777832, "time": 1790885830.209065, "loss": -0.8491139077052048, "confidence": 0.5690605465161345, "mass": 0.9998506072634175, "hinge_active": 0.0}
A decoder-only architecture is being used, but right-padding was detected! For correct generation results, please set `padding_side='left'` when initializing the tokenizer.
{"step": 177, "epoch": 1, "rows": 8, "skipped": 0, "answer_accuracy": 0.625, "updates": 8, "seconds": 24.10829448699951, "time": 1790885854.318114, "loss": -0.8027552975809129, "confidence": 0.49155883059511596, "mass": 0.9998958109927938, "hinge_active": 0.0}
A decoder-only architecture is being used, but right-padding was detected! For correct generation results, please set `padding_side='left'` when initializing the tokenizer.
{"step": 178, "epoch": 1, "rows": 8, "skipped": 0, "answer_accuracy": 0.625, "updates": 8, "seconds": 23.734736442565918, "time": 1790885878.0536246, "loss": -0.8527876988342901, "confidence": 0.5582666556389785, "mass": 0.9998796640751872, "hinge_active": 0.0}
A decoder-only architecture is being used, but right-padding was detected! For correct generation results, please set `padding_side='left'` when initializing the tokenizer.
{"step": 179, "epoch": 1, "rows": 8, "skipped": 0, "answer_accuracy": 0.375, "updates": 8, "seconds": 24.01990795135498, "time": 1790885902.0744126, "loss": -0.8778045769753359, "confidence": 0.41167501636835, "mass": 0.9993134305041135, "hinge_active": 0.0}
A decoder-only architecture is being used, but right-padding was detected! For correct generation results, please set `padding_side='left'` when initializing the tokenizer.
{"step": 180, "epoch": 1, "rows": 8, "skipped": 0, "answer_accuracy": 0.5, "updates": 8, "seconds": 30.559189796447754, "time": 1790885932.6343143, "loss": -0.8513795160959643, "confidence": 0.5414422158603225, "mass": 0.9973273760332734, "hinge_active": 0.0}
A decoder-only architecture is being used, but right-padding was detected! For correct generation results, please set `padding_side='left'` when initializing the tokenizer.
{"step": 181, "epoch": 1, "rows": 8, "skipped": 0, "answer_accuracy": 0.75, "updates": 8, "seconds": 23.551173448562622, "time": 1790885956.1862173, "loss": -0.8577322683797513, "confidence": 0.5222438168503653, "mass": 0.9999015776812729, "hinge_active": 0.0}
A decoder-only architecture is being used, but right-padding was detected! For correct generation results, please set `padding_side='left'` when initializing the tokenizer.
{"step": 182, "epoch": 1, "rows": 8, "skipped": 0, "answer_accuracy": 0.5, "updates": 8, "seconds": 23.513362884521484, "time": 1790885979.7003365, "loss": -0.8986506026647485, "confidence": 0.5436208878046515, "mass": 0.9968639083000483, "hinge_active": 0.0}
A decoder-only architecture is being used, but right-padding was detected! For correct generation results, please set `padding_side='left'` when initializing the tokenizer.
{"step": 183, "epoch": 1, "rows": 8, "skipped": 0, "answer_accuracy": 0.125, "updates": 8, "seconds": 22.809844255447388, "time": 1790886002.5110142, "loss": -0.8452993272990655, "confidence": 0.43113967333998193, "mass": 0.9998356021592878, "hinge_active": 0.0}
A decoder-only architecture is being used, but right-padding was detected! For correct generation results, please set `padding_side='left'` when initializing the tokenizer.
{"step": 184, "epoch": 1, "rows": 8, "skipped": 0, "answer_accuracy": 0.5, "updates": 8, "seconds": 23.323639392852783, "time": 1790886025.8354437, "loss": -0.8231509907348953, "confidence": 0.4381818158488891, "mass": 0.9998399833012594, "hinge_active": 0.0}
A decoder-only architecture is being used, but right-padding was detected! For correct generation results, please set `padding_side='left'` when initializing the tokenizer.
{"step": 185, "epoch": 1, "rows": 6, "skipped": 2, "answer_accuracy": 0.5, "updates": 8, "seconds": 18.869525909423828, "time": 1790886044.7056584, "loss": -0.7600809106414734, "confidence": 0.5831970250554264, "mass": 0.9997760770765652, "hinge_active": 0.0}
A decoder-only architecture is being used, but right-padding was detected! For correct generation results, please set `padding_side='left'` when initializing the tokenizer.
{"step": 186, "epoch": 1, "rows": 8, "skipped": 0, "answer_accuracy": 0.875, "updates": 8, "seconds": 22.629354000091553, "time": 1790886067.3357193, "loss": -0.7761432099566381, "confidence": 0.5755663476703733, "mass": 0.9999191504120781, "hinge_active": 0.0}
A decoder-only architecture is being used, but right-padding was detected! For correct generation results, please set `padding_side='left'` when initializing the tokenizer.
{"step": 187, "epoch": 1, "rows": 8, "skipped": 0, "answer_accuracy": 0.5, "updates": 8, "seconds": 23.61488652229309, "time": 1790886090.9513624, "loss": -0.8733684540192785, "confidence": 0.46048719482638145, "mass": 0.999879986564154, "hinge_active": 0.0}
A decoder-only architecture is being used, but right-padding was detected! For correct generation results, please set `padding_side='left'` when initializing the tokenizer.
{"step": 188, "epoch": 1, "rows": 8, "skipped": 0, "answer_accuracy": 0.625, "updates": 8, "seconds": 24.5446035861969, "time": 1790886115.4965918, "loss": -0.8191821230792702, "confidence": 0.5926616240954894, "mass": 0.99977801757775, "hinge_active": 0.0}
A decoder-only architecture is being used, but right-padding was detected! For correct generation results, please set `padding_side='left'` when initializing the tokenizer.
{"step": 189, "epoch": 1, "rows": 8, "skipped": 0, "answer_accuracy": 0.25, "updates": 8, "seconds": 23.409749507904053, "time": 1790886138.9071171, "loss": -0.7708053644853619, "confidence": 0.4610855138940408, "mass": 0.9999100089228827, "hinge_active": 0.0}
A decoder-only architecture is being used, but right-padding was detected! For correct generation results, please set `padding_side='left'` when initializing the tokenizer.
{"step": 190, "epoch": 1, "rows": 8, "skipped": 0, "answer_accuracy": 0.125, "updates": 8, "seconds": 30.591639280319214, "time": 1790886169.4995062, "loss": -0.8639066484589264, "confidence": 0.39930617947993174, "mass": 0.9922140168572754, "hinge_active": 0.125}
A decoder-only architecture is being used, but right-padding was detected! For correct generation results, please set `padding_side='left'` when initializing the tokenizer.
{"step": 191, "epoch": 1, "rows": 8, "skipped": 0, "answer_accuracy": 0.625, "updates": 8, "seconds": 23.675150156021118, "time": 1790886193.1754525, "loss": -0.904814467692694, "confidence": 0.4911579459482609, "mass": 0.9933692097491942, "hinge_active": 0.125}
A decoder-only architecture is being used, but right-padding was detected! For correct generation results, please set `padding_side='left'` when initializing the tokenizer.
{"step": 192, "epoch": 1, "rows": 8, "skipped": 0, "answer_accuracy": 0.375, "updates": 8, "seconds": 23.921719312667847, "time": 1790886217.0978787, "loss": -0.8042850404096116, "confidence": 0.40123272935283427, "mass": 0.9998874059208496, "hinge_active": 0.0, "save_seconds": 0.4436209201812744}
A decoder-only architecture is being used, but right-padding was detected! For correct generation results, please set `padding_side='left'` when initializing the tokenizer.
{"step": 193, "epoch": 1, "rows": 8, "skipped": 0, "answer_accuracy": 0.5, "updates": 8, "seconds": 30.203603267669678, "time": 1790886247.7456253, "loss": -0.8023097807961159, "confidence": 0.3437640430171852, "mass": 0.9939971608253775, "hinge_active": 0.0}
A decoder-only architecture is being used, but right-padding was detected! For correct generation results, please set `padding_side='left'` when initializing the tokenizer.
{"step": 194, "epoch": 1, "rows": 8, "skipped": 0, "answer_accuracy": 0.375, "updates": 8, "seconds": 23.879561185836792, "time": 1790886271.6259, "loss": -0.8445058167302326, "confidence": 0.5125718973551816, "mass": 0.9999359699683927, "hinge_active": 0.0}
A decoder-only architecture is being used, but right-padding was detected! For correct generation results, please set `padding_side='left'` when initializing the tokenizer.
{"step": 195, "epoch": 1, "rows": 8, "skipped": 0, "answer_accuracy": 0.5, "updates": 8, "seconds": 23.532599925994873, "time": 1790886295.1592333, "loss": -0.8346540465931477, "confidence": 0.41309019908448397, "mass": 0.9988130590669774, "hinge_active": 0.0}
A decoder-only architecture is being used, but right-padding was detected! For correct generation results, please set `padding_side='left'` when initializing the tokenizer.
{"step": 196, "epoch": 1, "rows": 8, "skipped": 0, "answer_accuracy": 0.25, "updates": 8, "seconds": 23.33773899078369, "time": 1790886318.4976077, "loss": -0.808664137468917, "confidence": 0.5119021768660487, "mass": 0.9999165643469222, "hinge_active": 0.0}
A decoder-only architecture is being used, but right-padding was detected! For correct generation results, please set `padding_side='left'` when initializing the tokenizer.
{"step": 197, "epoch": 1, "rows": 8, "skipped": 0, "answer_accuracy": 0.375, "updates": 8, "seconds": 23.342082262039185, "time": 1790886341.8404782, "loss": -0.817243083763159, "confidence": 0.3831608301648856, "mass": 0.9990493402398135, "hinge_active": 0.0}
A decoder-only architecture is being used, but right-padding was detected! For correct generation results, please set `padding_side='left'` when initializing the tokenizer.
{"step": 198, "epoch": 1, "rows": 8, "skipped": 0, "answer_accuracy": 0.75, "updates": 8, "seconds": 22.79020643234253, "time": 1790886364.631591, "loss": -0.807913927495881, "confidence": 0.4233120204018357, "mass": 0.9995161499857108, "hinge_active": 0.0}
A decoder-only architecture is being used, but right-padding was detected! For correct generation results, please set `padding_side='left'` when initializing the tokenizer.
{"step": 199, "epoch": 1, "rows": 8, "skipped": 0, "answer_accuracy": 0.625, "updates": 8, "seconds": 23.473010540008545, "time": 1790886388.1053154, "loss": -0.8886611711942005, "confidence": 0.45991626269092983, "mass": 0.9986277787274568, "hinge_active": 0.0}
A decoder-only architecture is being used, but right-padding was detected! For correct generation results, please set `padding_side='left'` when initializing the tokenizer.
{"step": 200, "epoch": 1, "rows": 8, "skipped": 0, "answer_accuracy": 1.0, "updates": 8, "seconds": 22.797799587249756, "time": 1790886410.9039662, "loss": -0.8786309260357301, "confidence": 0.6645433482828249, "mass": 0.9999301149765563, "hinge_active": 0.0}
A decoder-only architecture is being used, but right-padding was detected! For correct generation results, please set `padding_side='left'` when initializing the tokenizer.
{"step": 201, "epoch": 1, "rows": 8, "skipped": 0, "answer_accuracy": 0.75, "updates": 8, "seconds": 23.544689178466797, "time": 1790886434.4493754, "loss": -0.8397979988512129, "confidence": 0.6817461536779424, "mass": 0.9999210698298355, "hinge_active": 0.0}
A decoder-only architecture is being used, but right-padding was detected! For correct generation results, please set `padding_side='left'` when initializing the tokenizer.
{"step": 202, "epoch": 1, "rows": 7, "skipped": 1, "answer_accuracy": 0.42857142857142855, "updates": 8, "seconds": 22.5500431060791, "time": 1790886457.0000944, "loss": -0.7887335106977549, "confidence": 0.6977850139305203, "mass": 0.9839550359510847, "hinge_active": 0.14285714285714285}
A decoder-only architecture is being used, but right-padding was detected! For correct generation results, please set `padding_side='left'` when initializing the tokenizer.
{"step": 203, "epoch": 1, "rows": 8, "skipped": 0, "answer_accuracy": 0.375, "updates": 8, "seconds": 23.60732102394104, "time": 1790886480.6082501, "loss": -0.8570003054440923, "confidence": 0.5269521269447983, "mass": 0.9996017149972766, "hinge_active": 0.0}
A decoder-only architecture is being used, but right-padding was detected! For correct generation results, please set `padding_side='left'` when initializing the tokenizer.
{"step": 204, "epoch": 1, "rows": 8, "skipped": 0, "answer_accuracy": 0.625, "updates": 8, "seconds": 23.8978168964386, "time": 1790886504.506861, "loss": -0.8584626222962013, "confidence": 0.6937186701347504, "mass": 0.9999075397396173, "hinge_active": 0.0}
A decoder-only architecture is being used, but right-padding was detected! For correct generation results, please set `padding_side='left'` when initializing the tokenizer.
{"step": 205, "epoch": 1, "rows": 8, "skipped": 0, "answer_accuracy": 0.625, "updates": 8, "seconds": 23.879560470581055, "time": 1790886528.3873682, "loss": -0.8445591225502922, "confidence": 0.5119772522871191, "mass": 0.9999305279169244, "hinge_active": 0.0}
A decoder-only architecture is being used, but right-padding was detected! For correct generation results, please set `padding_side='left'` when initializing the tokenizer.
{"step": 206, "epoch": 1, "rows": 8, "skipped": 0, "answer_accuracy": 0.375, "updates": 8, "seconds": 23.35209345817566, "time": 1790886551.7402, "loss": -0.882279770268053, "confidence": 0.4264359112875168, "mass": 0.9993382921152838, "hinge_active": 0.0}
A decoder-only architecture is being used, but right-padding was detected! For correct generation results, please set `padding_side='left'` when initializing the tokenizer.
{"step": 207, "epoch": 1, "rows": 8, "skipped": 0, "answer_accuracy": 0.75, "updates": 8, "seconds": 23.803752422332764, "time": 1790886575.5447102, "loss": -0.8414825099071187, "confidence": 0.665864755692566, "mass": 0.9999391741244767, "hinge_active": 0.0}
A decoder-only architecture is being used, but right-padding was detected! For correct generation results, please set `padding_side='left'` when initializing the tokenizer.
{"step": 208, "epoch": 1, "rows": 8, "skipped": 0, "answer_accuracy": 0.5, "updates": 8, "seconds": 30.700925827026367, "time": 1790886606.2463977, "loss": -0.89280387798696, "confidence": 0.48536718399309636, "mass": 0.9987059373616812, "hinge_active": 0.0}
A decoder-only architecture is being used, but right-padding was detected! For correct generation results, please set `padding_side='left'` when initializing the tokenizer.
{"step": 209, "epoch": 1, "rows": 8, "skipped": 0, "answer_accuracy": 0.5, "updates": 8, "seconds": 23.821825742721558, "time": 1790886630.0693023, "loss": -0.8372101751898106, "confidence": 0.5640978234643983, "mass": 0.9987281604719545, "hinge_active": 0.0}
A decoder-only architecture is being used, but right-padding was detected! For correct generation results, please set `padding_side='left'` when initializing the tokenizer.
{"step": 210, "epoch": 1, "rows": 8, "skipped": 0, "answer_accuracy": 0.625, "updates": 8, "seconds": 23.593881130218506, "time": 1790886653.664091, "loss": -0.8667494091190158, "confidence": 0.5988816530571816, "mass": 0.9998975309777216, "hinge_active": 0.0}
A decoder-only architecture is being used, but right-padding was detected! For correct generation results, please set `padding_side='left'` when initializing the tokenizer.
{"step": 211, "epoch": 1, "rows": 8, "skipped": 0, "answer_accuracy": 0.375, "updates": 8, "seconds": 23.26606798171997, "time": 1790886676.930844, "loss": -0.8410736999123705, "confidence": 0.3804771016902192, "mass": 0.9993755864230565, "hinge_active": 0.0}
A decoder-only architecture is being used, but right-padding was detected! For correct generation results, please set `padding_side='left'` when initializing the tokenizer.
{"step": 212, "epoch": 1, "rows": 8, "skipped": 0, "answer_accuracy": 0.5, "updates": 8, "seconds": 24.030733108520508, "time": 1790886700.9623632, "loss": -0.8856584224597688, "confidence": 0.5263102571017088, "mass": 0.9982586515002846, "hinge_active": 0.0}
A decoder-only architecture is being used, but right-padding was detected! For correct generation results, please set `padding_side='left'` when initializing the tokenizer.
{"step": 213, "epoch": 1, "rows": 8, "skipped": 0, "answer_accuracy": 0.5, "updates": 8, "seconds": 23.312474727630615, "time": 1790886724.2755275, "loss": -0.8765385612944305, "confidence": 0.46206589586149416, "mass": 0.9989099527932273, "hinge_active": 0.0}
A decoder-only architecture is being used, but right-padding was detected! For correct generation results, please set `padding_side='left'` when initializing the tokenizer.
{"step": 214, "epoch": 1, "rows": 8, "skipped": 0, "answer_accuracy": 0.5, "updates": 8, "seconds": 23.53098487854004, "time": 1790886747.8072, "loss": -0.7975609989911582, "confidence": 0.4616476362489947, "mass": 0.998856628106967, "hinge_active": 0.0}
A decoder-only architecture is being used, but right-padding was detected! For correct generation results, please set `padding_side='left'` when initializing the tokenizer.
{"step": 215, "epoch": 1, "rows": 7, "skipped": 1, "answer_accuracy": 0.8571428571428571, "updates": 8, "seconds": 20.88253426551819, "time": 1790886768.6906168, "loss": -0.7560868140415695, "confidence": 0.5062861768297106, "mass": 0.9999323935841531, "hinge_active": 0.0}
A decoder-only architecture is being used, but right-padding was detected! For correct generation results, please set `padding_side='left'` when initializing the tokenizer.
{"step": 216, "epoch": 1, "rows": 8, "skipped": 0, "answer_accuracy": 0.5, "updates": 8, "seconds": 25.013766050338745, "time": 1790886793.7050896, "loss": -0.7607999165421674, "confidence": 0.7247628988436771, "mass": 0.9998277671308724, "hinge_active": 0.0}
A decoder-only architecture is being used, but right-padding was detected! For correct generation results, please set `padding_side='left'` when initializing the tokenizer.
{"step": 217, "epoch": 1, "rows": 8, "skipped": 0, "answer_accuracy": 0.375, "updates": 8, "seconds": 23.18846082687378, "time": 1790886816.8945832, "loss": -0.76276727111743, "confidence": 0.7239813157827335, "mass": 0.9999437072220202, "hinge_active": 0.0}
A decoder-only architecture is being used, but right-padding was detected! For correct generation results, please set `padding_side='left'` when initializing the tokenizer.
{"step": 218, "epoch": 1, "rows": 8, "skipped": 0, "answer_accuracy": 0.375, "updates": 8, "seconds": 30.362532377243042, "time": 1790886847.2579753, "loss": -0.8074681345576263, "confidence": 0.5813420308320474, "mass": 0.9989515979861959, "hinge_active": 0.0}
A decoder-only architecture is being used, but right-padding was detected! For correct generation results, please set `padding_side='left'` when initializing the tokenizer.
{"step": 219, "epoch": 1, "rows": 8, "skipped": 0, "answer_accuracy": 0.625, "updates": 8, "seconds": 23.044575691223145, "time": 1790886870.3034222, "loss": -0.8240209758182739, "confidence": 0.6819557688039621, "mass": 0.9999391106811908, "hinge_active": 0.0}
A decoder-only architecture is being used, but right-padding was detected! For correct generation results, please set `padding_side='left'` when initializing the tokenizer.
{"step": 220, "epoch": 1, "rows": 8, "skipped": 0, "answer_accuracy": 0.5, "updates": 8, "seconds": 23.18215584754944, "time": 1790886893.4862142, "loss": -0.8453958905412587, "confidence": 0.5053624805282328, "mass": 0.9993148802672152, "hinge_active": 0.0}
A decoder-only architecture is being used, but right-padding was detected! For correct generation results, please set `padding_side='left'` when initializing the tokenizer.
{"step": 221, "epoch": 1, "rows": 8, "skipped": 0, "answer_accuracy": 0.625, "updates": 8, "seconds": 24.38010311126709, "time": 1790886917.8671768, "loss": -0.8560792170856486, "confidence": 0.5253082534625227, "mass": 0.9998891847826112, "hinge_active": 0.0}
A decoder-only architecture is being used, but right-padding was detected! For correct generation results, please set `padding_side='left'` when initializing the tokenizer.
{"step": 222, "epoch": 1, "rows": 8, "skipped": 0, "answer_accuracy": 0.5, "updates": 8, "seconds": 22.984482049942017, "time": 1790886940.8524282, "loss": -0.8015412546602939, "confidence": 0.5280284312865081, "mass": 0.9999293543502528, "hinge_active": 0.0}
A decoder-only architecture is being used, but right-padding was detected! For correct generation results, please set `padding_side='left'` when initializing the tokenizer.
{"step": 223, "epoch": 1, "rows": 8, "skipped": 0, "answer_accuracy": 0.375, "updates": 8, "seconds": 30.453550815582275, "time": 1790886971.306858, "loss": -0.8111983261456901, "confidence": 0.5432530627211863, "mass": 0.999181959724972, "hinge_active": 0.0}
A decoder-only architecture is being used, but right-padding was detected! For correct generation results, please set `padding_side='left'` when initializing the tokenizer.
{"step": 224, "epoch": 1, "rows": 7, "skipped": 1, "answer_accuracy": 0.42857142857142855, "updates": 8, "seconds": 21.495601654052734, "time": 1790886992.803309, "loss": -0.8285673493029249, "confidence": 0.5938901339499554, "mass": 0.9999273067680754, "hinge_active": 0.0, "save_seconds": 0.4444551467895508}
A decoder-only architecture is being used, but right-padding was detected! For correct generation results, please set `padding_side='left'` when initializing the tokenizer.
{"step": 225, "epoch": 1, "rows": 8, "skipped": 0, "answer_accuracy": 0.625, "updates": 8, "seconds": 30.713947296142578, "time": 1790887023.9623444, "loss": -0.8252369605017632, "confidence": 0.432788205202374, "mass": 0.9984047703552084, "hinge_active": 0.0}
A decoder-only architecture is being used, but right-padding was detected! For correct generation results, please set `padding_side='left'` when initializing the tokenizer.
{"step": 226, "epoch": 1, "rows": 8, "skipped": 0, "answer_accuracy": 0.625, "updates": 8, "seconds": 23.29909348487854, "time": 1790887047.2624068, "loss": -0.8575418343933638, "confidence": 0.4637382041494338, "mass": 0.9998134347631245, "hinge_active": 0.0}
A decoder-only architecture is being used, but right-padding was detected! For correct generation results, please set `padding_side='left'` when initializing the tokenizer.
{"step": 227, "epoch": 1, "rows": 8, "skipped": 0, "answer_accuracy": 0.75, "updates": 8, "seconds": 23.77595043182373, "time": 1790887071.0391285, "loss": -0.8943103027673454, "confidence": 0.5843912157605773, "mass": 0.999936497459079, "hinge_active": 0.0}
A decoder-only architecture is being used, but right-padding was detected! For correct generation results, please set `padding_side='left'` when initializing the tokenizer.
{"step": 228, "epoch": 1, "rows": 8, "skipped": 0, "answer_accuracy": 0.75, "updates": 8, "seconds": 22.965044021606445, "time": 1790887094.0049682, "loss": -0.854082591620813, "confidence": 0.5693909110345358, "mass": 0.9999411007504104, "hinge_active": 0.0}
A decoder-only architecture is being used, but right-padding was detected! For correct generation results, please set `padding_side='left'` when initializing the tokenizer.
{"step": 229, "epoch": 1, "rows": 8, "skipped": 0, "answer_accuracy": 0.25, "updates": 8, "seconds": 23.107927083969116, "time": 1790887117.1137886, "loss": -0.8631975134912213, "confidence": 0.41936476172865045, "mass": 0.9972341068910494, "hinge_active": 0.0}
A decoder-only architecture is being used, but right-padding was detected! For correct generation results, please set `padding_side='left'` when initializing the tokenizer.
{"step": 230, "epoch": 1, "rows": 8, "skipped": 0, "answer_accuracy": 0.5, "updates": 8, "seconds": 24.182931423187256, "time": 1790887141.2974253, "loss": -0.7586788237248073, "confidence": 0.6386739611489538, "mass": 0.9999312896503622, "hinge_active": 0.0}
A decoder-only architecture is being used, but right-padding was detected! For correct generation results, please set `padding_side='left'` when initializing the tokenizer.
{"step": 231, "epoch": 1, "rows": 8, "skipped": 0, "answer_accuracy": 0.5, "updates": 8, "seconds": 23.09088969230652, "time": 1790887164.389769, "loss": -0.8535809396249698, "confidence": 0.5310086739536201, "mass": 0.9999340282711942, "hinge_active": 0.0}
A decoder-only architecture is being used, but right-padding was detected! For correct generation results, please set `padding_side='left'` when initializing the tokenizer.
{"step": 232, "epoch": 1, "rows": 8, "skipped": 0, "answer_accuracy": 0.375, "updates": 8, "seconds": 23.2878475189209, "time": 1790887187.6782436, "loss": -0.8380040010487522, "confidence": 0.5326337170024515, "mass": 0.9999440299512584, "hinge_active": 0.0}
A decoder-only architecture is being used, but right-padding was detected! For correct generation results, please set `padding_side='left'` when initializing the tokenizer.
{"step": 233, "epoch": 1, "rows": 8, "skipped": 0, "answer_accuracy": 0.625, "updates": 8, "seconds": 23.45127511024475, "time": 1790887211.1303403, "loss": -0.8641965672807448, "confidence": 0.4731349061792417, "mass": 0.9999072724821205, "hinge_active": 0.0}
A decoder-only architecture is being used, but right-padding was detected! For correct generation results, please set `padding_side='left'` when initializing the tokenizer.
{"step": 234, "epoch": 1, "rows": 8, "skipped": 0, "answer_accuracy": 0.25, "updates": 8, "seconds": 23.00247573852539, "time": 1790887234.1334631, "loss": -0.9065492114761465, "confidence": 0.3253780646916142, "mass": 0.9974247063512188, "hinge_active": 0.0}
A decoder-only architecture is being used, but right-padding was detected! For correct generation results, please set `padding_side='left'` when initializing the tokenizer.
{"step": 235, "epoch": 1, "rows": 7, "skipped": 1, "answer_accuracy": 0.2857142857142857, "updates": 8, "seconds": 27.06813955307007, "time": 1790887261.2024992, "loss": -0.8534743342895271, "confidence": 0.44603216225183295, "mass": 0.9984559617693953, "hinge_active": 0.0}
A decoder-only architecture is being used, but right-padding was detected! For correct generation results, please set `padding_side='left'` when initializing the tokenizer.
{"step": 236, "epoch": 1, "rows": 8, "skipped": 0, "answer_accuracy": 0.375, "updates": 8, "seconds": 23.13719391822815, "time": 1790887284.3405674, "loss": -0.7904574168805777, "confidence": 0.4558786465163411, "mass": 0.9998534336391424, "hinge_active": 0.0}
A decoder-only architecture is being used, but right-padding was detected! For correct generation results, please set `padding_side='left'` when initializing the tokenizer.
{"step": 237, "epoch": 1, "rows": 7, "skipped": 1, "answer_accuracy": 0.7142857142857143, "updates": 8, "seconds": 20.81396770477295, "time": 1790887305.1552143, "loss": -0.8553607989135704, "confidence": 0.4680872229316701, "mass": 0.9995651067484441, "hinge_active": 0.0}
A decoder-only architecture is being used, but right-padding was detected! For correct generation results, please set `padding_side='left'` when initializing the tokenizer.
{"step": 238, "epoch": 1, "rows": 7, "skipped": 1, "answer_accuracy": 0.2857142857142857, "updates": 8, "seconds": 27.826245546340942, "time": 1790887332.982193, "loss": -0.8873261153723715, "confidence": 0.3428596866382146, "mass": 0.995363354338674, "hinge_active": 0.0}
A decoder-only architecture is being used, but right-padding was detected! For correct generation results, please set `padding_side='left'` when initializing the tokenizer.
{"step": 239, "epoch": 1, "rows": 8, "skipped": 0, "answer_accuracy": 0.25, "updates": 8, "seconds": 30.794336318969727, "time": 1790887363.7773795, "loss": -0.9135197265072627, "confidence": 0.30626769086222067, "mass": 0.9974002009302488, "hinge_active": 0.0}
A decoder-only architecture is being used, but right-padding was detected! For correct generation results, please set `padding_side='left'` when initializing the tokenizer.
{"step": 240, "epoch": 1, "rows": 8, "skipped": 0, "answer_accuracy": 0.5, "updates": 8, "seconds": 23.558531761169434, "time": 1790887387.3368258, "loss": -0.8352902633675767, "confidence": 0.382786550004619, "mass": 0.9988694122239993, "hinge_active": 0.0}
A decoder-only architecture is being used, but right-padding was detected! For correct generation results, please set `padding_side='left'` when initializing the tokenizer.
{"step": 241, "epoch": 1, "rows": 8, "skipped": 0, "answer_accuracy": 0.875, "updates": 8, "seconds": 23.276207447052002, "time": 1790887410.6139216, "loss": -0.8221918008890867, "confidence": 0.5485778411006043, "mass": 0.9999208342375099, "hinge_active": 0.0}
A decoder-only architecture is being used, but right-padding was detected! For correct generation results, please set `padding_side='left'` when initializing the tokenizer.
{"step": 242, "epoch": 1, "rows": 8, "skipped": 0, "answer_accuracy": 0.625, "updates": 8, "seconds": 23.352468013763428, "time": 1790887433.9673424, "loss": -0.8490020804452169, "confidence": 0.6582980496969613, "mass": 0.9999283931354812, "hinge_active": 0.0}
A decoder-only architecture is being used, but right-padding was detected! For correct generation results, please set `padding_side='left'` when initializing the tokenizer.
{"step": 243, "epoch": 1, "rows": 7, "skipped": 1, "answer_accuracy": 0.42857142857142855, "updates": 8, "seconds": 21.08992838859558, "time": 1790887455.0581465, "loss": -0.7582128958950032, "confidence": 0.5982707903246554, "mass": 0.9999321581402816, "hinge_active": 0.0}
A decoder-only architecture is being used, but right-padding was detected! For correct generation results, please set `padding_side='left'` when initializing the tokenizer.
{"step": 244, "epoch": 1, "rows": 8, "skipped": 0, "answer_accuracy": 0.5, "updates": 8, "seconds": 30.588964700698853, "time": 1790887485.6477265, "loss": -0.8143638460281586, "confidence": 0.6290310291841597, "mass": 0.9960181811204477, "hinge_active": 0.0}
A decoder-only architecture is being used, but right-padding was detected! For correct generation results, please set `padding_side='left'` when initializing the tokenizer.
{"step": 245, "epoch": 1, "rows": 8, "skipped": 0, "answer_accuracy": 0.25, "updates": 8, "seconds": 24.57508635520935, "time": 1790887510.223678, "loss": -0.8106907329683586, "confidence": 0.4152419013292596, "mass": 0.9994982544881333, "hinge_active": 0.0}
A decoder-only architecture is being used, but right-padding was detected! For correct generation results, please set `padding_side='left'` when initializing the tokenizer.
{"step": 246, "epoch": 1, "rows": 8, "skipped": 0, "answer_accuracy": 0.875, "updates": 8, "seconds": 23.415699243545532, "time": 1790887533.6401327, "loss": -0.7992278815124134, "confidence": 0.5645451572651918, "mass": 0.999938310698752, "hinge_active": 0.0}
A decoder-only architecture is being used, but right-padding was detected! For correct generation results, please set `padding_side='left'` when initializing the tokenizer.
{"step": 247, "epoch": 1, "rows": 8, "skipped": 0, "answer_accuracy": 0.5, "updates": 8, "seconds": 23.612546920776367, "time": 1790887557.2538307, "loss": -0.771502473217008, "confidence": 0.6420436043922776, "mass": 0.9999457730893604, "hinge_active": 0.0}
A decoder-only architecture is being used, but right-padding was detected! For correct generation results, please set `padding_side='left'` when initializing the tokenizer.
{"step": 248, "epoch": 1, "rows": 7, "skipped": 1, "answer_accuracy": 0.5714285714285714, "updates": 8, "seconds": 21.561478853225708, "time": 1790887578.8166597, "loss": -0.845273299825922, "confidence": 0.5169272251389693, "mass": 0.9994222549729114, "hinge_active": 0.0}
A decoder-only architecture is being used, but right-padding was detected! For correct generation results, please set `padding_side='left'` when initializing the tokenizer.
{"step": 249, "epoch": 1, "rows": 8, "skipped": 0, "answer_accuracy": 0.75, "updates": 8, "seconds": 22.9587984085083, "time": 1790887601.7761226, "loss": -0.8736036038941636, "confidence": 0.5778852005198813, "mass": 0.9997342873485986, "hinge_active": 0.0}
A decoder-only architecture is being used, but right-padding was detected! For correct generation results, please set `padding_side='left'` when initializing the tokenizer.
{"step": 250, "epoch": 1, "rows": 8, "skipped": 0, "answer_accuracy": 0.375, "updates": 8, "seconds": 30.67570972442627, "time": 1790887632.452589, "loss": -0.8744367390426795, "confidence": 0.4896754486627804, "mass": 0.9972712250285163, "hinge_active": 0.0}
A decoder-only architecture is being used, but right-padding was detected! For correct generation results, please set `padding_side='left'` when initializing the tokenizer.
{"step": 251, "epoch": 1, "rows": 8, "skipped": 0, "answer_accuracy": 0.625, "updates": 8, "seconds": 23.686535358428955, "time": 1790887656.1400006, "loss": -0.8825789176223124, "confidence": 0.472490232172719, "mass": 0.9999452974590051, "hinge_active": 0.0}
A decoder-only architecture is being used, but right-padding was detected! For correct generation results, please set `padding_side='left'` when initializing the tokenizer.
{"step": 252, "epoch": 1, "rows": 8, "skipped": 0, "answer_accuracy": 0.625, "updates": 8, "seconds": 23.837146043777466, "time": 1790887679.9779844, "loss": -0.9157721740255679, "confidence": 0.5454247281061737, "mass": 0.9999373616610747, "hinge_active": 0.0}
A decoder-only architecture is being used, but right-padding was detected! For correct generation results, please set `padding_side='left'` when initializing the tokenizer.
{"step": 253, "epoch": 1, "rows": 8, "skipped": 0, "answer_accuracy": 0.375, "updates": 8, "seconds": 23.606757640838623, "time": 1790887703.5855265, "loss": -0.8571983609925711, "confidence": 0.5221415032877974, "mass": 0.9999086944067841, "hinge_active": 0.0}
A decoder-only architecture is being used, but right-padding was detected! For correct generation results, please set `padding_side='left'` when initializing the tokenizer.
{"step": 254, "epoch": 1, "rows": 8, "skipped": 0, "answer_accuracy": 0.875, "updates": 8, "seconds": 22.84259057044983, "time": 1790887726.4288774, "loss": -0.7575755618398526, "confidence": 0.48023538210512406, "mass": 0.9999425366090298, "hinge_active": 0.0}
A decoder-only architecture is being used, but right-padding was detected! For correct generation results, please set `padding_side='left'` when initializing the tokenizer.
{"step": 255, "epoch": 1, "rows": 8, "skipped": 0, "answer_accuracy": 0.5, "updates": 8, "seconds": 30.53242540359497, "time": 1790887756.9620194, "loss": -0.8967969294730996, "confidence": 0.4625259233373733, "mass": 0.9983474577971472, "hinge_active": 0.0}
A decoder-only architecture is being used, but right-padding was detected! For correct generation results, please set `padding_side='left'` when initializing the tokenizer.
{"step": 256, "epoch": 1, "rows": 8, "skipped": 0, "answer_accuracy": 0.25, "updates": 8, "seconds": 23.836135149002075, "time": 1790887780.7992902, "loss": -0.761293131239324, "confidence": 0.45168262973472506, "mass": 0.9998880526380973, "hinge_active": 0.0, "save_seconds": 0.4683833122253418}
