🦥 Unsloth: Will patch your computer to enable 2x faster free finetuning.
🦥 Unsloth Zoo will now patch everything to make training faster!
==((====))==  Unsloth 2025.1.5: Fast Llama patching. Transformers: 4.48.0.
   \\   /|    GPU: NVIDIA L40S. Max memory: 44.392 GB. Platform: Linux.
O^O/ \_/ \    Torch: 2.5.1+cu124. CUDA: 8.9. CUDA Toolkit: 12.4. Triton: 3.1.0
\        /    Bfloat16 = TRUE. FA [Xformers = 0.0.29.post1. FA2 = False]
 "-____-"     Free Apache license: http://github.com/unslothai/unsloth
Unsloth: Fast downloading is enabled - ignore downloading bars which are red colored!
Unsloth 2025.1.5 patched 32 layers with 32 QKV layers, 32 O layers and 32 MLP layers.
{"step": 1, "epoch": 0, "rows": 8, "skipped": 0, "answer_accuracy": 0.75, "updates": 4, "seconds": 6.300960302352905, "time": 1790931533.9377189, "loss": -0.5995055828068202, "confidence": 0.9642416534616235, "mass": 0.9999944531926458, "hinge_active": 0.0, "stop_prob": 0.9997550174593925, "sampled_number_rate": 1.0, "kl": 0.0, "kl_coef": 0.05, "value_loss": 0.0}
A decoder-only architecture is being used, but right-padding was detected! For correct generation results, please set `padding_side='left'` when initializing the tokenizer.
{"step": 2, "epoch": 0, "rows": 8, "skipped": 0, "answer_accuracy": 0.625, "updates": 4, "seconds": 2.324653148651123, "time": 1790931536.2632663, "loss": -0.5543068175558213, "confidence": 0.9364518690977979, "mass": 0.9999956715314209, "hinge_active": 0.0, "stop_prob": 0.9997164309024811, "sampled_number_rate": 1.0, "kl": 0.0, "kl_coef": 0.05, "value_loss": 0.0}
A decoder-only architecture is being used, but right-padding was detected! For correct generation results, please set `padding_side='left'` when initializing the tokenizer.
{"step": 3, "epoch": 0, "rows": 8, "skipped": 0, "answer_accuracy": 0.5, "updates": 4, "seconds": 2.2276971340179443, "time": 1790931538.4917667, "loss": -0.7552277935307645, "confidence": 0.7999790014777333, "mass": 0.9999985784850827, "hinge_active": 0.0, "stop_prob": 0.9995284005999565, "sampled_number_rate": 1.0, "kl": 0.0, "kl_coef": 0.05, "value_loss": 0.0}
A decoder-only architecture is being used, but right-padding was detected! For correct generation results, please set `padding_side='left'` when initializing the tokenizer.
{"step": 4, "epoch": 0, "rows": 8, "skipped": 0, "answer_accuracy": 0.375, "updates": 4, "seconds": 8.256365060806274, "time": 1790931546.7488623, "loss": 1.4116530877028906, "confidence": 0.72758991052622, "mass": 0.874998938089459, "hinge_active": 0.125, "stop_prob": 0.9996291995048523, "sampled_number_rate": 0.875, "kl": 0.0, "kl_coef": 0.05, "value_loss": 0.0}
A decoder-only architecture is being used, but right-padding was detected! For correct generation results, please set `padding_side='left'` when initializing the tokenizer.
{"step": 5, "epoch": 0, "rows": 8, "skipped": 0, "answer_accuracy": 0.375, "updates": 4, "seconds": 2.3498194217681885, "time": 1790931549.0994768, "loss": -0.7546282253731195, "confidence": 0.660961177172618, "mass": 0.9999985452246593, "hinge_active": 0.0, "stop_prob": 0.9993489012122154, "sampled_number_rate": 1.0, "kl": 0.0, "kl_coef": 0.05, "value_loss": 0.0}
A decoder-only architecture is being used, but right-padding was detected! For correct generation results, please set `padding_side='left'` when initializing the tokenizer.
{"step": 6, "epoch": 0, "rows": 8, "skipped": 0, "answer_accuracy": 0.5, "updates": 4, "seconds": 2.3710334300994873, "time": 1790931551.471117, "loss": -0.8019516392100842, "confidence": 0.5658397307276106, "mass": 0.9999982040438289, "hinge_active": 0.0, "stop_prob": 0.998832032084465, "sampled_number_rate": 1.0, "kl": 0.0, "kl_coef": 0.05, "value_loss": 0.0}
A decoder-only architecture is being used, but right-padding was detected! For correct generation results, please set `padding_side='left'` when initializing the tokenizer.
{"step": 7, "epoch": 0, "rows": 8, "skipped": 0, "answer_accuracy": 0.625, "updates": 4, "seconds": 2.6721622943878174, "time": 1790931554.1439307, "loss": -0.8177588599161624, "confidence": 0.500352026222677, "mass": 0.9999975672502925, "hinge_active": 0.0, "stop_prob": 0.9976198300719261, "sampled_number_rate": 1.0, "kl": 0.0, "kl_coef": 0.05, "value_loss": 0.0}
A decoder-only architecture is being used, but right-padding was detected! For correct generation results, please set `padding_side='left'` when initializing the tokenizer.
{"step": 8, "epoch": 0, "rows": 8, "skipped": 0, "answer_accuracy": 0.5, "updates": 4, "seconds": 2.3994901180267334, "time": 1790931556.544491, "loss": -0.7993345626160135, "confidence": 0.44566429555109194, "mass": 0.999997465157895, "hinge_active": 0.0, "stop_prob": 0.995399497449398, "sampled_number_rate": 1.0, "kl": 0.0, "kl_coef": 0.05, "value_loss": 0.0}
A decoder-only architecture is being used, but right-padding was detected! For correct generation results, please set `padding_side='left'` when initializing the tokenizer.
{"step": 9, "epoch": 0, "rows": 8, "skipped": 0, "answer_accuracy": 0.5, "updates": 4, "seconds": 2.338930368423462, "time": 1790931558.8841271, "loss": -0.7961274589660283, "confidence": 0.4843862158585347, "mass": 0.9999975679590367, "hinge_active": 0.0, "stop_prob": 0.995814323425293, "sampled_number_rate": 1.0, "kl": 0.0, "kl_coef": 0.05, "value_loss": 0.0}
A decoder-only architecture is being used, but right-padding was detected! For correct generation results, please set `padding_side='left'` when initializing the tokenizer.
{"step": 10, "epoch": 0, "rows": 8, "skipped": 0, "answer_accuracy": 0.375, "updates": 4, "seconds": 2.3899545669555664, "time": 1790931561.2749958, "loss": -0.8084013871370501, "confidence": 0.4444702945876202, "mass": 0.9999970419950133, "hinge_active": 0.0, "stop_prob": 0.9939255192875862, "sampled_number_rate": 1.0, "kl": 0.0, "kl_coef": 0.05, "value_loss": 0.0}
A decoder-only architecture is being used, but right-padding was detected! For correct generation results, please set `padding_side='left'` when initializing the tokenizer.
{"step": 11, "epoch": 0, "rows": 8, "skipped": 0, "answer_accuracy": 0.75, "updates": 4, "seconds": 2.5433688163757324, "time": 1790931563.8190837, "loss": -0.8034174501634015, "confidence": 0.44281758373754, "mass": 0.9999959725989741, "hinge_active": 0.0, "stop_prob": 0.9936853870749474, "sampled_number_rate": 1.0, "kl": 0.0, "kl_coef": 0.05, "value_loss": 0.0}
A decoder-only architecture is being used, but right-padding was detected! For correct generation results, please set `padding_side='left'` when initializing the tokenizer.
{"step": 12, "epoch": 0, "rows": 8, "skipped": 0, "answer_accuracy": 0.25, "updates": 4, "seconds": 2.4735829830169678, "time": 1790931566.2936835, "loss": -0.8018371148517607, "confidence": 0.5049127272343077, "mass": 0.9999972600155007, "hinge_active": 0.0, "stop_prob": 0.9955904707312584, "sampled_number_rate": 1.0, "kl": 0.0, "kl_coef": 0.05, "value_loss": 0.0}
A decoder-only architecture is being used, but right-padding was detected! For correct generation results, please set `padding_side='left'` when initializing the tokenizer.
{"step": 13, "epoch": 0, "rows": 8, "skipped": 0, "answer_accuracy": 0.75, "updates": 4, "seconds": 2.308668613433838, "time": 1790931568.6033478, "loss": -0.8038686435388511, "confidence": 0.5479514704390158, "mass": 0.9999959702316192, "hinge_active": 0.0, "stop_prob": 0.9968482628464699, "sampled_number_rate": 1.0, "kl": 0.0, "kl_coef": 0.05, "value_loss": 0.0}
A decoder-only architecture is being used, but right-padding was detected! For correct generation results, please set `padding_side='left'` when initializing the tokenizer.
{"step": 14, "epoch": 0, "rows": 8, "skipped": 0, "answer_accuracy": 0.5, "updates": 4, "seconds": 2.346986770629883, "time": 1790931570.951172, "loss": -0.796642533211553, "confidence": 0.5911620752745178, "mass": 0.9999967179542602, "hinge_active": 0.0, "stop_prob": 0.9966480284929276, "sampled_number_rate": 1.0, "kl": 0.0, "kl_coef": 0.05, "value_loss": 0.0}
A decoder-only architecture is being used, but right-padding was detected! For correct generation results, please set `padding_side='left'` when initializing the tokenizer.
{"step": 15, "epoch": 0, "rows": 8, "skipped": 0, "answer_accuracy": 0.75, "updates": 4, "seconds": 3.4232873916625977, "time": 1790931574.375394, "loss": -0.8226402249489557, "confidence": 0.59904681955702, "mass": 0.9999962495616119, "hinge_active": 0.0, "stop_prob": 0.9938779473304749, "sampled_number_rate": 1.0, "kl": 0.0, "kl_coef": 0.05, "value_loss": 0.0}
A decoder-only architecture is being used, but right-padding was detected! For correct generation results, please set `padding_side='left'` when initializing the tokenizer.
{"step": 16, "epoch": 0, "rows": 8, "skipped": 0, "answer_accuracy": 0.5, "updates": 4, "seconds": 2.3085968494415283, "time": 1790931576.6847546, "loss": -0.7914500917454168, "confidence": 0.5954357405144118, "mass": 0.9999976972494277, "hinge_active": 0.0, "stop_prob": 0.9968344569206238, "sampled_number_rate": 1.0, "kl": 0.0, "kl_coef": 0.05, "value_loss": 0.0}
A decoder-only architecture is being used, but right-padding was detected! For correct generation results, please set `padding_side='left'` when initializing the tokenizer.
{"step": 17, "epoch": 0, "rows": 8, "skipped": 0, "answer_accuracy": 0.625, "updates": 4, "seconds": 2.3847920894622803, "time": 1790931579.0702326, "loss": -0.8101009944527309, "confidence": 0.5990542234121308, "mass": 0.9999978875670648, "hinge_active": 0.0, "stop_prob": 0.995323546230793, "sampled_number_rate": 1.0, "kl": 0.0, "kl_coef": 0.05, "value_loss": 0.0}
A decoder-only architecture is being used, but right-padding was detected! For correct generation results, please set `padding_side='left'` when initializing the tokenizer.
{"step": 18, "epoch": 0, "rows": 8, "skipped": 0, "answer_accuracy": 0.375, "updates": 4, "seconds": 2.705303430557251, "time": 1790931581.7763996, "loss": -0.8063386385678586, "confidence": 0.5539588025610106, "mass": 0.9999963964658515, "hinge_active": 0.0, "stop_prob": 0.9948164075613022, "sampled_number_rate": 1.0, "kl": 0.0, "kl_coef": 0.05, "value_loss": 0.0}
A decoder-only architecture is being used, but right-padding was detected! For correct generation results, please set `padding_side='left'` when initializing the tokenizer.
{"step": 19, "epoch": 0, "rows": 8, "skipped": 0, "answer_accuracy": 0.25, "updates": 4, "seconds": 8.303903818130493, "time": 1790931590.0811963, "loss": 0.24579643430973308, "confidence": 0.5987170328537696, "mass": 0.9974512975840114, "hinge_active": 0.0, "stop_prob": 0.8707015205363859, "sampled_number_rate": 1.0, "kl": 0.0, "kl_coef": 0.05, "value_loss": 0.0}
A decoder-only architecture is being used, but right-padding was detected! For correct generation results, please set `padding_side='left'` when initializing the tokenizer.
{"step": 20, "epoch": 0, "rows": 8, "skipped": 0, "answer_accuracy": 0.625, "updates": 4, "seconds": 2.4826691150665283, "time": 1790931592.5647054, "loss": -0.813651497219067, "confidence": 0.5750047880217054, "mass": 0.9999961477790859, "hinge_active": 0.0, "stop_prob": 0.9973689764738083, "sampled_number_rate": 1.0, "kl": 0.0, "kl_coef": 0.05, "value_loss": 0.0}
A decoder-only architecture is being used, but right-padding was detected! For correct generation results, please set `padding_side='left'` when initializing the tokenizer.
{"step": 21, "epoch": 0, "rows": 8, "skipped": 0, "answer_accuracy": 0.875, "updates": 4, "seconds": 2.3140363693237305, "time": 1790931594.8798041, "loss": -0.8401899112439226, "confidence": 0.5629951866817577, "mass": 0.999996501034409, "hinge_active": 0.0, "stop_prob": 0.9984126836061478, "sampled_number_rate": 1.0, "kl": 0.0, "kl_coef": 0.05, "value_loss": 0.0}
A decoder-only architecture is being used, but right-padding was detected! For correct generation results, please set `padding_side='left'` when initializing the tokenizer.
{"step": 22, "epoch": 0, "rows": 8, "skipped": 0, "answer_accuracy": 0.5, "updates": 4, "seconds": 2.37385892868042, "time": 1790931597.254548, "loss": -0.8207485614452046, "confidence": 0.49697937947898213, "mass": 0.9999951001160017, "hinge_active": 0.0, "stop_prob": 0.9977328851819038, "sampled_number_rate": 1.0, "kl": 0.0, "kl_coef": 0.05, "value_loss": 0.0}
A decoder-only architecture is being used, but right-padding was detected! For correct generation results, please set `padding_side='left'` when initializing the tokenizer.
{"step": 23, "epoch": 0, "rows": 8, "skipped": 0, "answer_accuracy": 0.375, "updates": 4, "seconds": 2.4371016025543213, "time": 1790931599.6926448, "loss": -0.7972748728471748, "confidence": 0.5478061487115853, "mass": 0.9999959208342881, "hinge_active": 0.0, "stop_prob": 0.9981000572443008, "sampled_number_rate": 1.0, "kl": 0.0, "kl_coef": 0.05, "value_loss": 0.0}
A decoder-only architecture is being used, but right-padding was detected! For correct generation results, please set `padding_side='left'` when initializing the tokenizer.
{"step": 24, "epoch": 0, "rows": 8, "skipped": 0, "answer_accuracy": 0.625, "updates": 4, "seconds": 2.302290439605713, "time": 1790931601.9956949, "loss": -0.8070392394655407, "confidence": 0.5183284790602993, "mass": 0.9999953250701525, "hinge_active": 0.0, "stop_prob": 0.9988903403282166, "sampled_number_rate": 1.0, "kl": 0.0, "kl_coef": 0.05, "value_loss": 0.0}
A decoder-only architecture is being used, but right-padding was detected! For correct generation results, please set `padding_side='left'` when initializing the tokenizer.
{"step": 25, "epoch": 0, "rows": 8, "skipped": 0, "answer_accuracy": 0.75, "updates": 4, "seconds": 2.296968460083008, "time": 1790931604.2933595, "loss": -0.8109416317895366, "confidence": 0.5527391071111525, "mass": 0.9999964131530905, "hinge_active": 0.0, "stop_prob": 0.9988237842917442, "sampled_number_rate": 1.0, "kl": 0.0, "kl_coef": 0.05, "value_loss": 0.0}
A decoder-only architecture is being used, but right-padding was detected! For correct generation results, please set `padding_side='left'` when initializing the tokenizer.
{"step": 26, "epoch": 0, "rows": 8, "skipped": 0, "answer_accuracy": 0.25, "updates": 4, "seconds": 2.5743281841278076, "time": 1790931606.8685737, "loss": -0.8189227118338778, "confidence": 0.4704204414196018, "mass": 0.9999940292099654, "hinge_active": 0.0, "stop_prob": 0.9985617846250534, "sampled_number_rate": 1.0, "kl": 0.0, "kl_coef": 0.05, "value_loss": 0.0}
A decoder-only architecture is being used, but right-padding was detected! For correct generation results, please set `padding_side='left'` when initializing the tokenizer.
{"step": 27, "epoch": 0, "rows": 8, "skipped": 0, "answer_accuracy": 0.375, "updates": 4, "seconds": 2.3570215702056885, "time": 1790931609.226579, "loss": -0.8198328284014464, "confidence": 0.45154339207506566, "mass": 0.9999943079748679, "hinge_active": 0.0, "stop_prob": 0.9989738762378693, "sampled_number_rate": 1.0, "kl": 0.0, "kl_coef": 0.05, "value_loss": 0.0}
A decoder-only architecture is being used, but right-padding was detected! For correct generation results, please set `padding_side='left'` when initializing the tokenizer.
{"step": 28, "epoch": 0, "rows": 8, "skipped": 0, "answer_accuracy": 0.375, "updates": 4, "seconds": 2.47240948677063, "time": 1790931611.6998188, "loss": -0.8338238031700186, "confidence": 0.446879937845004, "mass": 0.999994002010758, "hinge_active": 0.0, "stop_prob": 0.9989425763487816, "sampled_number_rate": 1.0, "kl": 0.0, "kl_coef": 0.05, "value_loss": 0.0}
A decoder-only architecture is being used, but right-padding was detected! For correct generation results, please set `padding_side='left'` when initializing the tokenizer.
{"step": 29, "epoch": 0, "rows": 8, "skipped": 0, "answer_accuracy": 0.125, "updates": 4, "seconds": 2.5562856197357178, "time": 1790931614.2569206, "loss": -0.8100199317580944, "confidence": 0.4425013556263975, "mass": 0.9999925311311815, "hinge_active": 0.0, "stop_prob": 0.9990731701254845, "sampled_number_rate": 1.0, "kl": 0.0, "kl_coef": 0.05, "value_loss": 0.0}
A decoder-only architecture is being used, but right-padding was detected! For correct generation results, please set `padding_side='left'` when initializing the tokenizer.
{"step": 30, "epoch": 0, "rows": 8, "skipped": 0, "answer_accuracy": 0.375, "updates": 4, "seconds": 2.4128785133361816, "time": 1790931616.6705248, "loss": -0.8250302224765003, "confidence": 0.33409451046101607, "mass": 0.999993992091248, "hinge_active": 0.0, "stop_prob": 0.9989277645945549, "sampled_number_rate": 1.0, "kl": 0.0, "kl_coef": 0.05, "value_loss": 0.0}
A decoder-only architecture is being used, but right-padding was detected! For correct generation results, please set `padding_side='left'` when initializing the tokenizer.
{"step": 31, "epoch": 0, "rows": 8, "skipped": 0, "answer_accuracy": 0.5, "updates": 4, "seconds": 2.399923801422119, "time": 1790931619.0713506, "loss": -0.816396739874146, "confidence": 0.3396956517250931, "mass": 0.9999923691427903, "hinge_active": 0.0, "stop_prob": 0.9991956725716591, "sampled_number_rate": 1.0, "kl": 0.0, "kl_coef": 0.05, "value_loss": 0.0}
A decoder-only architecture is being used, but right-padding was detected! For correct generation results, please set `padding_side='left'` when initializing the tokenizer.
{"step": 32, "epoch": 0, "rows": 8, "skipped": 0, "answer_accuracy": 0.5, "updates": 4, "seconds": 2.4065027236938477, "time": 1790931621.478679, "loss": -0.832278272392531, "confidence": 0.36613068515995867, "mass": 0.9999927689968885, "hinge_active": 0.0, "stop_prob": 0.9992022514343262, "sampled_number_rate": 1.0, "kl": 0.0, "kl_coef": 0.05, "value_loss": 0.0}
A decoder-only architecture is being used, but right-padding was detected! For correct generation results, please set `padding_side='left'` when initializing the tokenizer.
{"step": 33, "epoch": 0, "rows": 8, "skipped": 0, "answer_accuracy": 0.625, "updates": 4, "seconds": 2.199225425720215, "time": 1790931623.6785507, "loss": -0.7890140327663668, "confidence": 0.3935395148772674, "mass": 0.9999939837634232, "hinge_active": 0.0, "stop_prob": 0.9992345720529556, "sampled_number_rate": 1.0, "kl": 0.0, "kl_coef": 0.05, "value_loss": 0.0}
A decoder-only architecture is being used, but right-padding was detected! For correct generation results, please set `padding_side='left'` when initializing the tokenizer.
{"step": 34, "epoch": 0, "rows": 8, "skipped": 0, "answer_accuracy": 0.5, "updates": 4, "seconds": 2.3763697147369385, "time": 1790931626.0557508, "loss": -0.7891428225540987, "confidence": 0.3901170840206303, "mass": 0.9999909500537708, "hinge_active": 0.0, "stop_prob": 0.9991722479462624, "sampled_number_rate": 1.0, "kl": 0.0, "kl_coef": 0.05, "value_loss": 0.0}
A decoder-only architecture is being used, but right-padding was detected! For correct generation results, please set `padding_side='left'` when initializing the tokenizer.
{"step": 35, "epoch": 0, "rows": 8, "skipped": 0, "answer_accuracy": 1.0, "updates": 4, "seconds": 2.4491629600524902, "time": 1790931628.5059178, "loss": -0.8151737402129917, "confidence": 0.538195901302053, "mass": 0.9999949387131334, "hinge_active": 0.0, "stop_prob": 0.9989108890295029, "sampled_number_rate": 1.0, "kl": 0.0, "kl_coef": 0.05, "value_loss": 0.0}
A decoder-only architecture is being used, but right-padding was detected! For correct generation results, please set `padding_side='left'` when initializing the tokenizer.
{"step": 36, "epoch": 0, "rows": 8, "skipped": 0, "answer_accuracy": 0.625, "updates": 4, "seconds": 2.4755008220672607, "time": 1790931630.9823172, "loss": -0.838154303019378, "confidence": 0.5454492458530371, "mass": 0.9999931515236625, "hinge_active": 0.0, "stop_prob": 0.9988840073347092, "sampled_number_rate": 1.0, "kl": 0.0, "kl_coef": 0.05, "value_loss": 0.0}
A decoder-only architecture is being used, but right-padding was detected! For correct generation results, please set `padding_side='left'` when initializing the tokenizer.
{"step": 37, "epoch": 0, "rows": 8, "skipped": 0, "answer_accuracy": 0.875, "updates": 4, "seconds": 2.564168930053711, "time": 1790931633.54727, "loss": -0.8514751779317282, "confidence": 0.62522179979694, "mass": 0.9999954480057416, "hinge_active": 0.0, "stop_prob": 0.9980164542794228, "sampled_number_rate": 1.0, "kl": 0.0, "kl_coef": 0.05, "value_loss": 0.0}
A decoder-only architecture is being used, but right-padding was detected! For correct generation results, please set `padding_side='left'` when initializing the tokenizer.
{"step": 38, "epoch": 0, "rows": 8, "skipped": 0, "answer_accuracy": 0.75, "updates": 4, "seconds": 3.351341485977173, "time": 1790931636.8995316, "loss": -0.827212633468917, "confidence": 0.6498734345435668, "mass": 0.9999916807990198, "hinge_active": 0.0, "stop_prob": 0.9984986335039139, "sampled_number_rate": 1.0, "kl": 0.0, "kl_coef": 0.05, "value_loss": 0.0}
A decoder-only architecture is being used, but right-padding was detected! For correct generation results, please set `padding_side='left'` when initializing the tokenizer.
{"step": 39, "epoch": 0, "rows": 8, "skipped": 0, "answer_accuracy": 0.5, "updates": 4, "seconds": 2.3276233673095703, "time": 1790931639.2278254, "loss": -0.8087032677397408, "confidence": 0.6323837519056242, "mass": 0.9999917409155356, "hinge_active": 0.0, "stop_prob": 0.9980977773666382, "sampled_number_rate": 1.0, "kl": 0.0, "kl_coef": 0.05, "value_loss": 0.0}
A decoder-only architecture is being used, but right-padding was detected! For correct generation results, please set `padding_side='left'` when initializing the tokenizer.
{"step": 40, "epoch": 0, "rows": 8, "skipped": 0, "answer_accuracy": 0.125, "updates": 4, "seconds": 2.640134334564209, "time": 1790931641.8688304, "loss": -0.758910311040362, "confidence": 0.5845070830744701, "mass": 0.9999809768933229, "hinge_active": 0.0, "stop_prob": 0.9968215897679329, "sampled_number_rate": 1.0, "kl": 0.0, "kl_coef": 0.05, "value_loss": 0.0}
A decoder-only architecture is being used, but right-padding was detected! For correct generation results, please set `padding_side='left'` when initializing the tokenizer.
{"step": 41, "epoch": 0, "rows": 8, "skipped": 0, "answer_accuracy": 0.25, "updates": 4, "seconds": 2.4119632244110107, "time": 1790931644.2814639, "loss": -0.7512834519400742, "confidence": 0.6694560718697684, "mass": 0.9999952583538845, "hinge_active": 0.0, "stop_prob": 0.9988943114876747, "sampled_number_rate": 1.0, "kl": 0.0, "kl_coef": 0.05, "value_loss": 0.0}
A decoder-only architecture is being used, but right-padding was detected! For correct generation results, please set `padding_side='left'` when initializing the tokenizer.
{"step": 42, "epoch": 0, "rows": 7, "skipped": 1, "answer_accuracy": 0.7142857142857143, "updates": 4, "seconds": 4.6148247718811035, "time": 1790931648.8970299, "loss": -0.8293447790049843, "confidence": 0.6832125879414819, "mass": 0.9999959251398072, "hinge_active": 0.0, "stop_prob": 0.9989138075283596, "sampled_number_rate": 0.9999999999999998, "kl": 0.0, "kl_coef": 0.05, "value_loss": 0.0}
A decoder-only architecture is being used, but right-padding was detected! For correct generation results, please set `padding_side='left'` when initializing the tokenizer.
{"step": 43, "epoch": 0, "rows": 8, "skipped": 0, "answer_accuracy": 0.75, "updates": 4, "seconds": 2.4194583892822266, "time": 1790931651.3174307, "loss": -0.8240412854992976, "confidence": 0.6508188507665519, "mass": 0.9999961067562676, "hinge_active": 0.0, "stop_prob": 0.9981165528297424, "sampled_number_rate": 1.0, "kl": 0.0, "kl_coef": 0.05, "value_loss": 0.0}
A decoder-only architecture is being used, but right-padding was detected! For correct generation results, please set `padding_side='left'` when initializing the tokenizer.
{"step": 44, "epoch": 0, "rows": 8, "skipped": 0, "answer_accuracy": 0.75, "updates": 4, "seconds": 2.3176069259643555, "time": 1790931653.6358635, "loss": -0.8379634636149346, "confidence": 0.6485262766000842, "mass": 0.9999962518534645, "hinge_active": 0.0, "stop_prob": 0.9990703910589218, "sampled_number_rate": 1.0, "kl": 0.0, "kl_coef": 0.05, "value_loss": 0.0}
A decoder-only architecture is being used, but right-padding was detected! For correct generation results, please set `padding_side='left'` when initializing the tokenizer.
{"step": 45, "epoch": 0, "rows": 8, "skipped": 0, "answer_accuracy": 0.25, "updates": 4, "seconds": 2.8987534046173096, "time": 1790931656.5355408, "loss": -0.775675352682669, "confidence": 0.5646187115199177, "mass": 0.9999825963857372, "hinge_active": 0.0, "stop_prob": 0.998174861073494, "sampled_number_rate": 1.0, "kl": 0.0, "kl_coef": 0.05, "value_loss": 0.0}
A decoder-only architecture is being used, but right-padding was detected! For correct generation results, please set `padding_side='left'` when initializing the tokenizer.
{"step": 46, "epoch": 0, "rows": 8, "skipped": 0, "answer_accuracy": 0.375, "updates": 4, "seconds": 3.705476999282837, "time": 1790931660.2421172, "loss": -0.7698679884702387, "confidence": 0.6279335294821202, "mass": 0.9999949020304209, "hinge_active": 0.0, "stop_prob": 0.998934343457222, "sampled_number_rate": 1.0, "kl": 0.0, "kl_coef": 0.05, "value_loss": 0.0}
A decoder-only architecture is being used, but right-padding was detected! For correct generation results, please set `padding_side='left'` when initializing the tokenizer.
{"step": 47, "epoch": 0, "rows": 8, "skipped": 0, "answer_accuracy": 0.625, "updates": 4, "seconds": 3.348203182220459, "time": 1790931663.5956023, "loss": -0.8277169185076624, "confidence": 0.6020874334395147, "mass": 0.9999939647177062, "hinge_active": 0.0, "stop_prob": 0.9972093477845192, "sampled_number_rate": 1.0, "kl": 0.0, "kl_coef": 0.05, "value_loss": 0.0}
A decoder-only architecture is being used, but right-padding was detected! For correct generation results, please set `padding_side='left'` when initializing the tokenizer.
{"step": 48, "epoch": 0, "rows": 8, "skipped": 0, "answer_accuracy": 0.75, "updates": 4, "seconds": 2.536247968673706, "time": 1790931666.135818, "loss": -0.8444650278945083, "confidence": 0.6466612709350801, "mass": 0.9999968232664891, "hinge_active": 0.0, "stop_prob": 0.9989867731928825, "sampled_number_rate": 1.0, "kl": 0.0, "kl_coef": 0.05, "value_loss": 0.0}
A decoder-only architecture is being used, but right-padding was detected! For correct generation results, please set `padding_side='left'` when initializing the tokenizer.
{"step": 49, "epoch": 0, "rows": 8, "skipped": 0, "answer_accuracy": 0.5, "updates": 4, "seconds": 2.6832942962646484, "time": 1790931668.8200629, "loss": -0.8164503636668421, "confidence": 0.6298406399153509, "mass": 0.9999955212606811, "hinge_active": 0.0, "stop_prob": 0.9990643188357353, "sampled_number_rate": 1.0, "kl": 0.0, "kl_coef": 0.05, "value_loss": 0.0}
A decoder-only architecture is being used, but right-padding was detected! For correct generation results, please set `padding_side='left'` when initializing the tokenizer.
{"step": 50, "epoch": 0, "rows": 7, "skipped": 1, "answer_accuracy": 0.5714285714285714, "updates": 4, "seconds": 2.4303059577941895, "time": 1790931671.2518387, "loss": -0.8047853547285865, "confidence": 0.6175388731203949, "mass": 0.9999955823806972, "hinge_active": 0.0, "stop_prob": 0.9989346521241325, "sampled_number_rate": 0.9999999999999998, "kl": 0.0, "kl_coef": 0.05, "value_loss": 0.0}
A decoder-only architecture is being used, but right-padding was detected! For correct generation results, please set `padding_side='left'` when initializing the tokenizer.
{"step": 51, "epoch": 0, "rows": 8, "skipped": 0, "answer_accuracy": 0.5, "updates": 4, "seconds": 2.429004192352295, "time": 1790931673.6816547, "loss": -0.796053861210133, "confidence": 0.6524044966003102, "mass": 0.9999958210601725, "hinge_active": 0.0, "stop_prob": 0.9989732876420021, "sampled_number_rate": 1.0, "kl": 0.0, "kl_coef": 0.05, "value_loss": 0.0}
A decoder-only architecture is being used, but right-padding was detected! For correct generation results, please set `padding_side='left'` when initializing the tokenizer.
{"step": 52, "epoch": 0, "rows": 8, "skipped": 0, "answer_accuracy": 0.5, "updates": 4, "seconds": 2.5610013008117676, "time": 1790931676.2434676, "loss": -0.8254897874232804, "confidence": 0.5590852397705575, "mass": 0.9999931230328506, "hinge_active": 0.0, "stop_prob": 0.9990054965019226, "sampled_number_rate": 1.0, "kl": 0.0, "kl_coef": 0.05, "value_loss": 0.0}
A decoder-only architecture is being used, but right-padding was detected! For correct generation results, please set `padding_side='left'` when initializing the tokenizer.
{"step": 53, "epoch": 0, "rows": 8, "skipped": 0, "answer_accuracy": 0.125, "updates": 4, "seconds": 2.482792615890503, "time": 1790931678.727011, "loss": -0.7734754259625702, "confidence": 0.5562728407929503, "mass": 0.9999943830306482, "hinge_active": 0.0, "stop_prob": 0.9992080703377724, "sampled_number_rate": 1.0, "kl": 0.0, "kl_coef": 0.05, "value_loss": 0.0}
A decoder-only architecture is being used, but right-padding was detected! For correct generation results, please set `padding_side='left'` when initializing the tokenizer.
{"step": 54, "epoch": 0, "rows": 8, "skipped": 0, "answer_accuracy": 0.25, "updates": 4, "seconds": 2.399825096130371, "time": 1790931681.1275816, "loss": -0.7945266192844969, "confidence": 0.5558441295068066, "mass": 0.9999952040397754, "hinge_active": 0.0, "stop_prob": 0.9992341697216034, "sampled_number_rate": 1.0, "kl": 0.0, "kl_coef": 0.05, "value_loss": 0.0}
A decoder-only architecture is being used, but right-padding was detected! For correct generation results, please set `padding_side='left'` when initializing the tokenizer.
{"step": 55, "epoch": 0, "rows": 8, "skipped": 0, "answer_accuracy": 0.5, "updates": 4, "seconds": 2.4451937675476074, "time": 1790931683.5735655, "loss": -0.8610973568725439, "confidence": 0.4565328199178422, "mass": 0.9999951522142506, "hinge_active": 0.0, "stop_prob": 0.9991438835859299, "sampled_number_rate": 1.0, "kl": 0.0, "kl_coef": 0.05, "value_loss": 0.0}
A decoder-only architecture is being used, but right-padding was detected! For correct generation results, please set `padding_side='left'` when initializing the tokenizer.
{"step": 56, "epoch": 0, "rows": 8, "skipped": 0, "answer_accuracy": 0.875, "updates": 4, "seconds": 2.328972578048706, "time": 1790931685.9033139, "loss": -0.7485917485052241, "confidence": 0.47548289847286923, "mass": 0.9999940453109684, "hinge_active": 0.0, "stop_prob": 0.9993007481098175, "sampled_number_rate": 1.0, "kl": 0.0, "kl_coef": 0.05, "value_loss": 0.0}
A decoder-only architecture is being used, but right-padding was detected! For correct generation results, please set `padding_side='left'` when initializing the tokenizer.
{"step": 57, "epoch": 0, "rows": 8, "skipped": 0, "answer_accuracy": 0.5, "updates": 4, "seconds": 2.448246717453003, "time": 1790931688.3523715, "loss": -0.7824587743128582, "confidence": 0.32845753777343895, "mass": 0.999994169983826, "hinge_active": 0.0, "stop_prob": 0.9995393231511116, "sampled_number_rate": 1.0, "kl": 0.0, "kl_coef": 0.05, "value_loss": 0.0}
A decoder-only architecture is being used, but right-padding was detected! For correct generation results, please set `padding_side='left'` when initializing the tokenizer.
{"step": 58, "epoch": 0, "rows": 8, "skipped": 0, "answer_accuracy": 0.75, "updates": 4, "seconds": 2.651535987854004, "time": 1790931691.0046055, "loss": -0.8453389023017616, "confidence": 0.5217583159766933, "mass": 0.9999962116525497, "hinge_active": 0.0, "stop_prob": 0.9994423985481262, "sampled_number_rate": 1.0, "kl": 0.0, "kl_coef": 0.05, "value_loss": 0.0}
A decoder-only architecture is being used, but right-padding was detected! For correct generation results, please set `padding_side='left'` when initializing the tokenizer.
{"step": 59, "epoch": 0, "rows": 8, "skipped": 0, "answer_accuracy": 0.75, "updates": 4, "seconds": 2.3369405269622803, "time": 1790931693.3425026, "loss": -0.8104871903083642, "confidence": 0.5490803624951743, "mass": 0.9999955700684777, "hinge_active": 0.0, "stop_prob": 0.9994045794010162, "sampled_number_rate": 1.0, "kl": 0.0, "kl_coef": 0.05, "value_loss": 0.0}
A decoder-only architecture is being used, but right-padding was detected! For correct generation results, please set `padding_side='left'` when initializing the tokenizer.
{"step": 60, "epoch": 0, "rows": 8, "skipped": 0, "answer_accuracy": 0.875, "updates": 4, "seconds": 2.38647723197937, "time": 1790931695.7297113, "loss": -0.8194973718811617, "confidence": 0.5812429953701688, "mass": 0.9999967286150233, "hinge_active": 0.0, "stop_prob": 0.9994000345468521, "sampled_number_rate": 1.0, "kl": 0.0, "kl_coef": 0.05, "value_loss": 0.0}
A decoder-only architecture is being used, but right-padding was detected! For correct generation results, please set `padding_side='left'` when initializing the tokenizer.
{"step": 61, "epoch": 0, "rows": 8, "skipped": 0, "answer_accuracy": 0.5, "updates": 4, "seconds": 2.4952266216278076, "time": 1790931698.2258177, "loss": -0.8262301159354353, "confidence": 0.6046081660011434, "mass": 0.9999948423840952, "hinge_active": 0.0, "stop_prob": 0.9993619546294212, "sampled_number_rate": 1.0, "kl": 0.0, "kl_coef": 0.05, "value_loss": 0.0}
A decoder-only architecture is being used, but right-padding was detected! For correct generation results, please set `padding_side='left'` when initializing the tokenizer.
{"step": 62, "epoch": 0, "rows": 8, "skipped": 0, "answer_accuracy": 0.75, "updates": 4, "seconds": 2.4020934104919434, "time": 1790931700.628756, "loss": -0.8591633512966805, "confidence": 0.6304429904655426, "mass": 0.9999963903852148, "hinge_active": 0.0, "stop_prob": 0.9993980228900909, "sampled_number_rate": 1.0, "kl": 0.0, "kl_coef": 0.05, "value_loss": 0.0}
A decoder-only architecture is being used, but right-padding was detected! For correct generation results, please set `padding_side='left'` when initializing the tokenizer.
{"step": 63, "epoch": 0, "rows": 8, "skipped": 0, "answer_accuracy": 0.5, "updates": 4, "seconds": 2.3925414085388184, "time": 1790931703.0219936, "loss": -0.852548886370248, "confidence": 0.52254801287988, "mass": 0.999986931052548, "hinge_active": 0.0, "stop_prob": 0.9990580976009369, "sampled_number_rate": 1.0, "kl": 0.0, "kl_coef": 0.05, "value_loss": 0.0}
A decoder-only architecture is being used, but right-padding was detected! For correct generation results, please set `padding_side='left'` when initializing the tokenizer.
{"step": 64, "epoch": 0, "rows": 8, "skipped": 0, "answer_accuracy": 0.625, "updates": 4, "seconds": 2.6031382083892822, "time": 1790931705.6264513, "loss": -0.861713506819953, "confidence": 0.6702498945632631, "mass": 0.999994705693034, "hinge_active": 0.0, "stop_prob": 0.9992647171020508, "sampled_number_rate": 1.0, "kl": 0.0, "kl_coef": 0.05, "value_loss": 0.0}
A decoder-only architecture is being used, but right-padding was detected! For correct generation results, please set `padding_side='left'` when initializing the tokenizer.
{"step": 65, "epoch": 0, "rows": 7, "skipped": 1, "answer_accuracy": 0.5714285714285714, "updates": 4, "seconds": 2.4615583419799805, "time": 1790931708.089043, "loss": -0.8129798127178133, "confidence": 0.6883923886713508, "mass": 0.999995985543964, "hinge_active": 0.0, "stop_prob": 0.999174850327628, "sampled_number_rate": 0.9999999999999998, "kl": 0.0, "kl_coef": 0.05, "value_loss": 0.0}
A decoder-only architecture is being used, but right-padding was detected! For correct generation results, please set `padding_side='left'` when initializing the tokenizer.
{"step": 66, "epoch": 0, "rows": 8, "skipped": 0, "answer_accuracy": 0.75, "updates": 4, "seconds": 2.529419422149658, "time": 1790931710.6193366, "loss": -0.8629996955565685, "confidence": 0.6193805299293541, "mass": 0.9999903951563879, "hinge_active": 0.0, "stop_prob": 0.9988941699266434, "sampled_number_rate": 1.0, "kl": 0.0, "kl_coef": 0.05, "value_loss": 0.0}
A decoder-only architecture is being used, but right-padding was detected! For correct generation results, please set `padding_side='left'` when initializing the tokenizer.
{"step": 67, "epoch": 0, "rows": 8, "skipped": 0, "answer_accuracy": 0.25, "updates": 4, "seconds": 2.3378148078918457, "time": 1790931712.9579573, "loss": -0.7398786981000097, "confidence": 0.6521790098735967, "mass": 0.9999948732306371, "hinge_active": 0.0, "stop_prob": 0.9992724508047104, "sampled_number_rate": 1.0, "kl": 0.0, "kl_coef": 0.05, "value_loss": 0.0}
A decoder-only architecture is being used, but right-padding was detected! For correct generation results, please set `padding_side='left'` when initializing the tokenizer.
{"step": 68, "epoch": 0, "rows": 8, "skipped": 0, "answer_accuracy": 0.75, "updates": 4, "seconds": 2.364240884780884, "time": 1790931715.3231165, "loss": -0.8961591910807754, "confidence": 0.6011171474247599, "mass": 0.9999959992690998, "hinge_active": 0.0, "stop_prob": 0.999394491314888, "sampled_number_rate": 1.0, "kl": 0.0, "kl_coef": 0.05, "value_loss": 0.0}
A decoder-only architecture is being used, but right-padding was detected! For correct generation results, please set `padding_side='left'` when initializing the tokenizer.
{"step": 69, "epoch": 0, "rows": 8, "skipped": 0, "answer_accuracy": 0.375, "updates": 4, "seconds": 2.45455002784729, "time": 1790931717.7784111, "loss": -0.9082962149719471, "confidence": 0.42637446891639186, "mass": 0.9999907828180303, "hinge_active": 0.0, "stop_prob": 0.9992270469665527, "sampled_number_rate": 1.0, "kl": 0.0, "kl_coef": 0.05, "value_loss": 0.0}
A decoder-only architecture is being used, but right-padding was detected! For correct generation results, please set `padding_side='left'` when initializing the tokenizer.
{"step": 70, "epoch": 0, "rows": 8, "skipped": 0, "answer_accuracy": 0.375, "updates": 4, "seconds": 2.426551580429077, "time": 1790931720.2056878, "loss": -0.9166503329144767, "confidence": 0.3801465446515392, "mass": 0.9999783354617553, "hinge_active": 0.0, "stop_prob": 0.9991505891084671, "sampled_number_rate": 1.0, "kl": 0.0, "kl_coef": 0.05, "value_loss": 0.0}
A decoder-only architecture is being used, but right-padding was detected! For correct generation results, please set `padding_side='left'` when initializing the tokenizer.
{"step": 71, "epoch": 0, "rows": 8, "skipped": 0, "answer_accuracy": 0.625, "updates": 4, "seconds": 2.361412763595581, "time": 1790931722.5679169, "loss": -0.6930699495745879, "confidence": 0.3797458158415913, "mass": 0.9999898333385872, "hinge_active": 0.0, "stop_prob": 0.9990405142307281, "sampled_number_rate": 1.0, "kl": 0.0, "kl_coef": 0.05, "value_loss": 0.0}
A decoder-only architecture is being used, but right-padding was detected! For correct generation results, please set `padding_side='left'` when initializing the tokenizer.
{"step": 72, "epoch": 0, "rows": 8, "skipped": 0, "answer_accuracy": 0.5, "updates": 4, "seconds": 2.5329906940460205, "time": 1790931725.101727, "loss": -0.8623500419641993, "confidence": 0.5438438369447592, "mass": 0.9999956870797133, "hinge_active": 0.0, "stop_prob": 0.9994523376226425, "sampled_number_rate": 1.0, "kl": 0.0, "kl_coef": 0.05, "value_loss": 0.0}
A decoder-only architecture is being used, but right-padding was detected! For correct generation results, please set `padding_side='left'` when initializing the tokenizer.
{"step": 73, "epoch": 0, "rows": 8, "skipped": 0, "answer_accuracy": 0.375, "updates": 4, "seconds": 2.410245895385742, "time": 1790931727.512714, "loss": -0.790576972794541, "confidence": 0.4674123916878255, "mass": 0.9999935280472003, "hinge_active": 0.0, "stop_prob": 0.9993444830179214, "sampled_number_rate": 1.0, "kl": 0.0, "kl_coef": 0.05, "value_loss": 0.0}
A decoder-only architecture is being used, but right-padding was detected! For correct generation results, please set `padding_side='left'` when initializing the tokenizer.
{"step": 74, "epoch": 0, "rows": 8, "skipped": 0, "answer_accuracy": 0.5, "updates": 4, "seconds": 2.302913188934326, "time": 1790931729.8163826, "loss": -0.8474831080741287, "confidence": 0.34657372390475394, "mass": 0.9999977335519461, "hinge_active": 0.0, "stop_prob": 0.9998362436890602, "sampled_number_rate": 1.0, "kl": 0.0, "kl_coef": 0.05, "value_loss": 0.0}
A decoder-only architecture is being used, but right-padding was detected! For correct generation results, please set `padding_side='left'` when initializing the tokenizer.
{"step": 75, "epoch": 0, "rows": 8, "skipped": 0, "answer_accuracy": 0.25, "updates": 4, "seconds": 2.52189302444458, "time": 1790931732.339233, "loss": -0.7723653062297695, "confidence": 0.5153978813705244, "mass": 0.9999973427643457, "hinge_active": 0.0, "stop_prob": 0.9997017681598663, "sampled_number_rate": 1.0, "kl": 0.0, "kl_coef": 0.05, "value_loss": 0.0}
A decoder-only architecture is being used, but right-padding was detected! For correct generation results, please set `padding_side='left'` when initializing the tokenizer.
{"step": 76, "epoch": 0, "rows": 8, "skipped": 0, "answer_accuracy": 0.625, "updates": 4, "seconds": 2.4737961292266846, "time": 1790931734.8139935, "loss": -0.8321132013741059, "confidence": 0.48982372668696905, "mass": 0.9999970674776433, "hinge_active": 0.0, "stop_prob": 0.9996394366025925, "sampled_number_rate": 1.0, "kl": 0.0, "kl_coef": 0.05, "value_loss": 0.0}
A decoder-only architecture is being used, but right-padding was detected! For correct generation results, please set `padding_side='left'` when initializing the tokenizer.
{"step": 77, "epoch": 0, "rows": 8, "skipped": 0, "answer_accuracy": 0.25, "updates": 4, "seconds": 2.4301564693450928, "time": 1790931737.2449095, "loss": -0.8301759806352726, "confidence": 0.39816381668111883, "mass": 0.9999979414183034, "hinge_active": 0.0, "stop_prob": 0.999777689576149, "sampled_number_rate": 1.0, "kl": 0.0, "kl_coef": 0.05, "value_loss": 0.0}
A decoder-only architecture is being used, but right-padding was detected! For correct generation results, please set `padding_side='left'` when initializing the tokenizer.
{"step": 78, "epoch": 0, "rows": 8, "skipped": 0, "answer_accuracy": 0.25, "updates": 4, "seconds": 2.5795717239379883, "time": 1790931739.8254437, "loss": -0.8074754518911573, "confidence": 0.43304074005499116, "mass": 0.9999979259160545, "hinge_active": 0.0, "stop_prob": 0.9997555613517761, "sampled_number_rate": 1.0, "kl": 0.0, "kl_coef": 0.05, "value_loss": 0.0}
A decoder-only architecture is being used, but right-padding was detected! For correct generation results, please set `padding_side='left'` when initializing the tokenizer.
{"step": 79, "epoch": 0, "rows": 8, "skipped": 0, "answer_accuracy": 0.25, "updates": 4, "seconds": 2.3749094009399414, "time": 1790931742.2017777, "loss": -0.8745672736088744, "confidence": 0.44841721327756623, "mass": 0.9999969952680176, "hinge_active": 0.0, "stop_prob": 0.9997468963265419, "sampled_number_rate": 1.0, "kl": 0.0, "kl_coef": 0.05, "value_loss": 0.0}
A decoder-only architecture is being used, but right-padding was detected! For correct generation results, please set `padding_side='left'` when initializing the tokenizer.
{"step": 80, "epoch": 0, "rows": 8, "skipped": 0, "answer_accuracy": 0.25, "updates": 4, "seconds": 2.4875757694244385, "time": 1790931744.6902025, "loss": -0.8791884590737363, "confidence": 0.3067194427474706, "mass": 0.9999968963201231, "hinge_active": 0.0, "stop_prob": 0.9997714757919312, "sampled_number_rate": 1.0, "kl": 0.0, "kl_coef": 0.05, "value_loss": 0.0}
A decoder-only architecture is being used, but right-padding was detected! For correct generation results, please set `padding_side='left'` when initializing the tokenizer.
{"step": 81, "epoch": 0, "rows": 8, "skipped": 0, "answer_accuracy": 0.5, "updates": 4, "seconds": 2.709563970565796, "time": 1790931747.400557, "loss": -0.8137895692986503, "confidence": 0.30220686702041655, "mass": 0.9999960965470805, "hinge_active": 0.0, "stop_prob": 0.9997342377901077, "sampled_number_rate": 1.0, "kl": 0.0, "kl_coef": 0.05, "value_loss": 0.0}
A decoder-only architecture is being used, but right-padding was detected! For correct generation results, please set `padding_side='left'` when initializing the tokenizer.
{"step": 82, "epoch": 0, "rows": 8, "skipped": 0, "answer_accuracy": 0.5, "updates": 4, "seconds": 2.478036880493164, "time": 1790931749.8794343, "loss": -0.8459374348396905, "confidence": 0.36752610831137794, "mass": 0.999995946304602, "hinge_active": 0.0, "stop_prob": 0.9997156783938408, "sampled_number_rate": 1.0, "kl": 0.0, "kl_coef": 0.05, "value_loss": 0.0}
A decoder-only architecture is being used, but right-padding was detected! For correct generation results, please set `padding_side='left'` when initializing the tokenizer.
{"step": 83, "epoch": 0, "rows": 8, "skipped": 0, "answer_accuracy": 0.375, "updates": 4, "seconds": 2.2462899684906006, "time": 1790931752.1265903, "loss": -0.7945383424918396, "confidence": 0.5653586987416233, "mass": 0.9999963753999837, "hinge_active": 0.0, "stop_prob": 0.9996868446469307, "sampled_number_rate": 1.0, "kl": 0.0, "kl_coef": 0.05, "value_loss": 0.0}
A decoder-only architecture is being used, but right-padding was detected! For correct generation results, please set `padding_side='left'` when initializing the tokenizer.
{"step": 84, "epoch": 0, "rows": 8, "skipped": 0, "answer_accuracy": 0.5, "updates": 4, "seconds": 2.5274605751037598, "time": 1790931754.6549907, "loss": -0.8246976890652, "confidence": 0.57519240339898, "mass": 0.9999946255884171, "hinge_active": 0.0, "stop_prob": 0.9995501711964607, "sampled_number_rate": 1.0, "kl": 0.0, "kl_coef": 0.05, "value_loss": 0.0}
A decoder-only architecture is being used, but right-padding was detected! For correct generation results, please set `padding_side='left'` when initializing the tokenizer.
{"step": 85, "epoch": 0, "rows": 8, "skipped": 0, "answer_accuracy": 0.5, "updates": 4, "seconds": 2.356907844543457, "time": 1790931757.0129552, "loss": -0.864644750017965, "confidence": 0.4136406040206938, "mass": 0.9999944729789133, "hinge_active": 0.0, "stop_prob": 0.9992571920156479, "sampled_number_rate": 1.0, "kl": 0.0, "kl_coef": 0.05, "value_loss": 0.0}
A decoder-only architecture is being used, but right-padding was detected! For correct generation results, please set `padding_side='left'` when initializing the tokenizer.
{"step": 86, "epoch": 0, "rows": 8, "skipped": 0, "answer_accuracy": 0.75, "updates": 4, "seconds": 2.4493913650512695, "time": 1790931759.4631598, "loss": -0.8245779021005798, "confidence": 0.5734139785976143, "mass": 0.9999974541931473, "hinge_active": 0.0, "stop_prob": 0.9997389763593674, "sampled_number_rate": 1.0, "kl": 0.0, "kl_coef": 0.05, "value_loss": 0.0}
A decoder-only architecture is being used, but right-padding was detected! For correct generation results, please set `padding_side='left'` when initializing the tokenizer.
{"step": 87, "epoch": 0, "rows": 8, "skipped": 0, "answer_accuracy": 0.375, "updates": 4, "seconds": 2.719458818435669, "time": 1790931762.1834958, "loss": -0.9006859588676646, "confidence": 0.40578098316394307, "mass": 0.9999968009624346, "hinge_active": 0.0, "stop_prob": 0.9996985122561455, "sampled_number_rate": 1.0, "kl": 0.0, "kl_coef": 0.05, "value_loss": 0.0}
A decoder-only architecture is being used, but right-padding was detected! For correct generation results, please set `padding_side='left'` when initializing the tokenizer.
{"step": 88, "epoch": 0, "rows": 8, "skipped": 0, "answer_accuracy": 0.75, "updates": 4, "seconds": 2.6159005165100098, "time": 1790931764.800274, "loss": -0.7866004076405693, "confidence": 0.5127398610727185, "mass": 0.9999957253110742, "hinge_active": 0.0, "stop_prob": 0.9996527209877968, "sampled_number_rate": 1.0, "kl": 0.0, "kl_coef": 0.05, "value_loss": 0.0}
A decoder-only architecture is being used, but right-padding was detected! For correct generation results, please set `padding_side='left'` when initializing the tokenizer.
{"step": 89, "epoch": 0, "rows": 8, "skipped": 0, "answer_accuracy": 0.75, "updates": 4, "seconds": 2.3708443641662598, "time": 1790931767.1718135, "loss": -0.8836280089409451, "confidence": 0.6572883376116775, "mass": 0.9999964968483501, "hinge_active": 0.0, "stop_prob": 0.9998095631599426, "sampled_number_rate": 1.0, "kl": 0.0, "kl_coef": 0.05, "value_loss": 0.0}
A decoder-only architecture is being used, but right-padding was detected! For correct generation results, please set `padding_side='left'` when initializing the tokenizer.
{"step": 90, "epoch": 0, "rows": 8, "skipped": 0, "answer_accuracy": 0.5, "updates": 4, "seconds": 2.4186646938323975, "time": 1790931769.591144, "loss": -0.924201969546163, "confidence": 0.4968481022196188, "mass": 0.9999916916347764, "hinge_active": 0.0, "stop_prob": 0.9992298781871796, "sampled_number_rate": 1.0, "kl": 0.0, "kl_coef": 0.05, "value_loss": 0.0}
A decoder-only architecture is being used, but right-padding was detected! For correct generation results, please set `padding_side='left'` when initializing the tokenizer.
{"step": 91, "epoch": 0, "rows": 8, "skipped": 0, "answer_accuracy": 0.875, "updates": 4, "seconds": 2.667588233947754, "time": 1790931772.2599306, "loss": -0.8662796049505345, "confidence": 0.7235455131011452, "mass": 0.999994362169881, "hinge_active": 0.0, "stop_prob": 0.9997717887163162, "sampled_number_rate": 1.0, "kl": 0.0, "kl_coef": 0.05, "value_loss": 0.0}
A decoder-only architecture is being used, but right-padding was detected! For correct generation results, please set `padding_side='left'` when initializing the tokenizer.
{"step": 92, "epoch": 0, "rows": 8, "skipped": 0, "answer_accuracy": 0.625, "updates": 4, "seconds": 2.3524487018585205, "time": 1790931774.6132662, "loss": -0.8336280232635447, "confidence": 0.7659464720478234, "mass": 0.9999931476925926, "hinge_active": 0.0, "stop_prob": 0.9997493177652359, "sampled_number_rate": 1.0, "kl": 0.0, "kl_coef": 0.05, "value_loss": 0.0}
A decoder-only architecture is being used, but right-padding was detected! For correct generation results, please set `padding_side='left'` when initializing the tokenizer.
{"step": 93, "epoch": 0, "rows": 8, "skipped": 0, "answer_accuracy": 0.625, "updates": 4, "seconds": 2.352200984954834, "time": 1790931776.9663076, "loss": -0.7852725380981406, "confidence": 0.7597568270212636, "mass": 0.9999920903998251, "hinge_active": 0.0, "stop_prob": 0.9996722862124443, "sampled_number_rate": 1.0, "kl": 0.0, "kl_coef": 0.05, "value_loss": 0.0}
A decoder-only architecture is being used, but right-padding was detected! For correct generation results, please set `padding_side='left'` when initializing the tokenizer.
{"step": 94, "epoch": 0, "rows": 8, "skipped": 0, "answer_accuracy": 0.5, "updates": 4, "seconds": 2.397465944290161, "time": 1790931779.3645859, "loss": -0.8352441128766365, "confidence": 0.6266379823808153, "mass": 0.9999886936834848, "hinge_active": 0.0, "stop_prob": 0.9988603666424751, "sampled_number_rate": 1.0, "kl": 0.0, "kl_coef": 0.05, "value_loss": 0.0}
A decoder-only architecture is being used, but right-padding was detected! For correct generation results, please set `padding_side='left'` when initializing the tokenizer.
{"step": 95, "epoch": 0, "rows": 8, "skipped": 0, "answer_accuracy": 0.375, "updates": 4, "seconds": 2.3620588779449463, "time": 1790931781.7274492, "loss": -0.7605637039392026, "confidence": 0.5301882474816992, "mass": 0.9999908940098117, "hinge_active": 0.0, "stop_prob": 0.9994356855750084, "sampled_number_rate": 1.0, "kl": 0.0, "kl_coef": 0.05, "value_loss": 0.0}
A decoder-only architecture is being used, but right-padding was detected! For correct generation results, please set `padding_side='left'` when initializing the tokenizer.
{"step": 96, "epoch": 0, "rows": 8, "skipped": 0, "answer_accuracy": 0.625, "updates": 4, "seconds": 2.4142303466796875, "time": 1790931784.1426725, "loss": -0.8775527207558002, "confidence": 0.6037826280882341, "mass": 0.999996138980529, "hinge_active": 0.0, "stop_prob": 0.9997548013925552, "sampled_number_rate": 1.0, "kl": 0.0, "kl_coef": 0.05, "value_loss": 0.0}
A decoder-only architecture is being used, but right-padding was detected! For correct generation results, please set `padding_side='left'` when initializing the tokenizer.
{"step": 97, "epoch": 0, "rows": 8, "skipped": 0, "answer_accuracy": 0.375, "updates": 4, "seconds": 2.4502975940704346, "time": 1790931786.5938253, "loss": -0.8513851474894671, "confidence": 0.558980561084156, "mass": 0.9999929669179257, "hinge_active": 0.0, "stop_prob": 0.9995927587151527, "sampled_number_rate": 1.0, "kl": 0.0, "kl_coef": 0.05, "value_loss": 0.0}
A decoder-only architecture is being used, but right-padding was detected! For correct generation results, please set `padding_side='left'` when initializing the tokenizer.
{"step": 98, "epoch": 0, "rows": 8, "skipped": 0, "answer_accuracy": 0.125, "updates": 4, "seconds": 2.363438606262207, "time": 1790931788.9580333, "loss": -0.8805195150488252, "confidence": 0.35620222350523933, "mass": 0.9999845128298521, "hinge_active": 0.0, "stop_prob": 0.999244213104248, "sampled_number_rate": 1.0, "kl": 0.0, "kl_coef": 0.05, "value_loss": 0.0}
A decoder-only architecture is being used, but right-padding was detected! For correct generation results, please set `padding_side='left'` when initializing the tokenizer.
{"step": 99, "epoch": 0, "rows": 8, "skipped": 0, "answer_accuracy": 0.25, "updates": 4, "seconds": 2.6700093746185303, "time": 1790931791.6288905, "loss": -0.7884570799202671, "confidence": 0.3734335278977756, "mass": 0.9999932780545079, "hinge_active": 0.0, "stop_prob": 0.9995942190289497, "sampled_number_rate": 1.0, "kl": 0.0, "kl_coef": 0.05, "value_loss": 0.0}
A decoder-only architecture is being used, but right-padding was detected! For correct generation results, please set `padding_side='left'` when initializing the tokenizer.
{"step": 100, "epoch": 0, "rows": 8, "skipped": 0, "answer_accuracy": 0.625, "updates": 4, "seconds": 2.339740514755249, "time": 1790931793.9694834, "loss": -0.7527416606589248, "confidence": 0.26456358099602106, "mass": 0.999979762360086, "hinge_active": 0.0, "stop_prob": 0.9991772100329399, "sampled_number_rate": 1.0, "kl": 0.0, "kl_coef": 0.05, "value_loss": 0.0}
A decoder-only architecture is being used, but right-padding was detected! For correct generation results, please set `padding_side='left'` when initializing the tokenizer.
{"step": 101, "epoch": 0, "rows": 8, "skipped": 0, "answer_accuracy": 0.625, "updates": 4, "seconds": 2.408291816711426, "time": 1790931796.378484, "loss": -0.7859558264916958, "confidence": 0.3022509881184756, "mass": 0.9999833200428623, "hinge_active": 0.0, "stop_prob": 0.9995528906583786, "sampled_number_rate": 1.0, "kl": 0.0, "kl_coef": 0.05, "value_loss": 0.0}
A decoder-only architecture is being used, but right-padding was detected! For correct generation results, please set `padding_side='left'` when initializing the tokenizer.
{"step": 102, "epoch": 0, "rows": 8, "skipped": 0, "answer_accuracy": 0.5, "updates": 4, "seconds": 2.2725143432617188, "time": 1790931798.6520362, "loss": -0.8891655445489591, "confidence": 0.4014928614484754, "mass": 0.9999918167371237, "hinge_active": 0.0, "stop_prob": 0.9995359033346176, "sampled_number_rate": 1.0, "kl": 0.0, "kl_coef": 0.05, "value_loss": 0.0}
A decoder-only architecture is being used, but right-padding was detected! For correct generation results, please set `padding_side='left'` when initializing the tokenizer.
{"step": 103, "epoch": 0, "rows": 8, "skipped": 0, "answer_accuracy": 0.75, "updates": 4, "seconds": 2.2723188400268555, "time": 1790931800.925129, "loss": -0.9278176014843195, "confidence": 0.584074986872053, "mass": 0.9999917246378415, "hinge_active": 0.0, "stop_prob": 0.9994674101471901, "sampled_number_rate": 1.0, "kl": 0.0, "kl_coef": 0.05, "value_loss": 0.0}
A decoder-only architecture is being used, but right-padding was detected! For correct generation results, please set `padding_side='left'` when initializing the tokenizer.
{"step": 104, "epoch": 0, "rows": 8, "skipped": 0, "answer_accuracy": 0.625, "updates": 4, "seconds": 2.2709739208221436, "time": 1790931803.196898, "loss": -0.8950997240446706, "confidence": 0.5942895717832716, "mass": 0.999992725065052, "hinge_active": 0.0, "stop_prob": 0.9985071122646332, "sampled_number_rate": 1.0, "kl": 0.0, "kl_coef": 0.05, "value_loss": 0.0}
A decoder-only architecture is being used, but right-padding was detected! For correct generation results, please set `padding_side='left'` when initializing the tokenizer.
{"step": 105, "epoch": 0, "rows": 8, "skipped": 0, "answer_accuracy": 0.75, "updates": 4, "seconds": 2.3455636501312256, "time": 1790931805.5432642, "loss": -0.871121011005585, "confidence": 0.691793886388229, "mass": 0.9999950042808736, "hinge_active": 0.0, "stop_prob": 0.999747522175312, "sampled_number_rate": 1.0, "kl": 0.0, "kl_coef": 0.05, "value_loss": 0.0}
A decoder-only architecture is being used, but right-padding was detected! For correct generation results, please set `padding_side='left'` when initializing the tokenizer.
{"step": 106, "epoch": 0, "rows": 8, "skipped": 0, "answer_accuracy": 0.5, "updates": 4, "seconds": 2.3987135887145996, "time": 1790931807.9427752, "loss": -0.8185180949009083, "confidence": 0.4971109284486116, "mass": 0.9999903197568402, "hinge_active": 0.0, "stop_prob": 0.9986451491713524, "sampled_number_rate": 1.0, "kl": 0.0, "kl_coef": 0.05, "value_loss": 0.0}
A decoder-only architecture is being used, but right-padding was detected! For correct generation results, please set `padding_side='left'` when initializing the tokenizer.
{"step": 107, "epoch": 0, "rows": 8, "skipped": 0, "answer_accuracy": 0.375, "updates": 4, "seconds": 2.3749876022338867, "time": 1790931810.3184485, "loss": -0.861516283192561, "confidence": 0.48649440391560295, "mass": 0.9999692226684452, "hinge_active": 0.0, "stop_prob": 0.9873589426279068, "sampled_number_rate": 1.0, "kl": 0.0, "kl_coef": 0.05, "value_loss": 0.0}
A decoder-only architecture is being used, but right-padding was detected! For correct generation results, please set `padding_side='left'` when initializing the tokenizer.
{"step": 108, "epoch": 0, "rows": 8, "skipped": 0, "answer_accuracy": 0.5, "updates": 4, "seconds": 2.4931840896606445, "time": 1790931812.8125892, "loss": -0.7676530274280369, "confidence": 0.6822478554369451, "mass": 0.9999957021040786, "hinge_active": 0.0, "stop_prob": 0.9998684898018837, "sampled_number_rate": 1.0, "kl": 0.0, "kl_coef": 0.05, "value_loss": 0.0}
A decoder-only architecture is being used, but right-padding was detected! For correct generation results, please set `padding_side='left'` when initializing the tokenizer.
{"step": 109, "epoch": 0, "rows": 8, "skipped": 0, "answer_accuracy": 0.5, "updates": 4, "seconds": 2.468567371368408, "time": 1790931815.2821074, "loss": -0.7796445013347808, "confidence": 0.7547830991786841, "mass": 0.9999931045192116, "hinge_active": 0.0, "stop_prob": 0.9999046549201012, "sampled_number_rate": 1.0, "kl": 0.0, "kl_coef": 0.05, "value_loss": 0.0}
A decoder-only architecture is being used, but right-padding was detected! For correct generation results, please set `padding_side='left'` when initializing the tokenizer.
{"step": 110, "epoch": 0, "rows": 8, "skipped": 0, "answer_accuracy": 0.75, "updates": 4, "seconds": 2.486585855484009, "time": 1790931817.7695813, "loss": -0.853363732167584, "confidence": 0.7150672773459006, "mass": 0.999995812234776, "hinge_active": 0.0, "stop_prob": 0.9999135658144951, "sampled_number_rate": 1.0, "kl": 0.0, "kl_coef": 0.05, "value_loss": 0.0}
A decoder-only architecture is being used, but right-padding was detected! For correct generation results, please set `padding_side='left'` when initializing the tokenizer.
{"step": 111, "epoch": 0, "rows": 8, "skipped": 0, "answer_accuracy": 0.625, "updates": 4, "seconds": 2.5334701538085938, "time": 1790931820.303824, "loss": -0.9027221456392374, "confidence": 0.5291042033868936, "mass": 0.9999952697852011, "hinge_active": 0.0, "stop_prob": 0.9999353587627411, "sampled_number_rate": 1.0, "kl": 0.0, "kl_coef": 0.05, "value_loss": 0.0}
A decoder-only architecture is being used, but right-padding was detected! For correct generation results, please set `padding_side='left'` when initializing the tokenizer.
{"step": 112, "epoch": 0, "rows": 8, "skipped": 0, "answer_accuracy": 0.5, "updates": 4, "seconds": 2.4362740516662598, "time": 1790931822.740808, "loss": -0.8501353031113431, "confidence": 0.4910017685544584, "mass": 0.9999950063909036, "hinge_active": 0.0, "stop_prob": 0.9998195096850395, "sampled_number_rate": 1.0, "kl": 0.0, "kl_coef": 0.05, "value_loss": 0.0}
A decoder-only architecture is being used, but right-padding was detected! For correct generation results, please set `padding_side='left'` when initializing the tokenizer.
{"step": 113, "epoch": 0, "rows": 8, "skipped": 0, "answer_accuracy": 0.625, "updates": 4, "seconds": 2.4322609901428223, "time": 1790931825.1743398, "loss": -0.8675915477973828, "confidence": 0.42704061167880947, "mass": 0.9999936260798404, "hinge_active": 0.0, "stop_prob": 0.9999344125390053, "sampled_number_rate": 1.0, "kl": 0.0, "kl_coef": 0.05, "value_loss": 0.0}
A decoder-only architecture is being used, but right-padding was detected! For correct generation results, please set `padding_side='left'` when initializing the tokenizer.
{"step": 114, "epoch": 0, "rows": 8, "skipped": 0, "answer_accuracy": 0.375, "updates": 4, "seconds": 2.4401535987854004, "time": 1790931827.6155694, "loss": -0.8387087695980375, "confidence": 0.256530968766503, "mass": 0.9999859694747383, "hinge_active": 0.0, "stop_prob": 0.9998795464634895, "sampled_number_rate": 1.0, "kl": 0.0, "kl_coef": 0.05, "value_loss": 0.0}
A decoder-only architecture is being used, but right-padding was detected! For correct generation results, please set `padding_side='left'` when initializing the tokenizer.
{"step": 115, "epoch": 0, "rows": 8, "skipped": 0, "answer_accuracy": 0.5, "updates": 4, "seconds": 2.3787686824798584, "time": 1790931829.995038, "loss": -0.7912800542917104, "confidence": 0.4748022155854517, "mass": 0.9999963293334136, "hinge_active": 0.0, "stop_prob": 0.9999574944376945, "sampled_number_rate": 1.0, "kl": 0.0, "kl_coef": 0.05, "value_loss": 0.0}
A decoder-only architecture is being used, but right-padding was detected! For correct generation results, please set `padding_side='left'` when initializing the tokenizer.
{"step": 116, "epoch": 0, "rows": 8, "skipped": 0, "answer_accuracy": 0.375, "updates": 4, "seconds": 2.424565315246582, "time": 1790931832.4203703, "loss": -0.7899554323405005, "confidence": 0.6497472016280234, "mass": 0.9999953248346771, "hinge_active": 0.0, "stop_prob": 0.9999466836452484, "sampled_number_rate": 1.0, "kl": 0.0, "kl_coef": 0.05, "value_loss": 0.0}
A decoder-only architecture is being used, but right-padding was detected! For correct generation results, please set `padding_side='left'` when initializing the tokenizer.
{"step": 117, "epoch": 0, "rows": 8, "skipped": 0, "answer_accuracy": 0.375, "updates": 4, "seconds": 2.308741569519043, "time": 1790931834.7298725, "loss": -0.7889320505859784, "confidence": 0.42494285485380057, "mass": 0.9999944631941018, "hinge_active": 0.0, "stop_prob": 0.9999402761459351, "sampled_number_rate": 1.0, "kl": 0.0, "kl_coef": 0.05, "value_loss": 0.0}
A decoder-only architecture is being used, but right-padding was detected! For correct generation results, please set `padding_side='left'` when initializing the tokenizer.
{"step": 118, "epoch": 0, "rows": 8, "skipped": 0, "answer_accuracy": 0.25, "updates": 4, "seconds": 2.2553153038024902, "time": 1790931836.9860733, "loss": -0.9061200824779493, "confidence": 0.3648614604013937, "mass": 0.9999931498765475, "hinge_active": 0.0, "stop_prob": 0.9999602511525154, "sampled_number_rate": 1.0, "kl": 0.0, "kl_coef": 0.05, "value_loss": 0.0}
A decoder-only architecture is being used, but right-padding was detected! For correct generation results, please set `padding_side='left'` when initializing the tokenizer.
{"step": 119, "epoch": 0, "rows": 8, "skipped": 0, "answer_accuracy": 0.625, "updates": 4, "seconds": 2.3327462673187256, "time": 1790931839.3197336, "loss": -0.8092170154461444, "confidence": 0.337436450734655, "mass": 0.9999947110387127, "hinge_active": 0.0, "stop_prob": 0.9999435469508171, "sampled_number_rate": 1.0, "kl": 0.0, "kl_coef": 0.05, "value_loss": 0.0}
A decoder-only architecture is being used, but right-padding was detected! For correct generation results, please set `padding_side='left'` when initializing the tokenizer.
{"step": 120, "epoch": 0, "rows": 8, "skipped": 0, "answer_accuracy": 0.75, "updates": 4, "seconds": 2.390321731567383, "time": 1790931841.7109642, "loss": -0.7591877616338888, "confidence": 0.4791667136972567, "mass": 0.999992832500085, "hinge_active": 0.0, "stop_prob": 0.9999377876520157, "sampled_number_rate": 1.0, "kl": 0.0, "kl_coef": 0.05, "value_loss": 0.0}
A decoder-only architecture is being used, but right-padding was detected! For correct generation results, please set `padding_side='left'` when initializing the tokenizer.
{"step": 121, "epoch": 0, "rows": 8, "skipped": 0, "answer_accuracy": 0.625, "updates": 4, "seconds": 2.3828656673431396, "time": 1790931844.0946074, "loss": -0.8899765124051362, "confidence": 0.4501310759360091, "mass": 0.9999942129994938, "hinge_active": 0.0, "stop_prob": 0.9999363124370575, "sampled_number_rate": 1.0, "kl": 0.0, "kl_coef": 0.05, "value_loss": 0.0}
A decoder-only architecture is being used, but right-padding was detected! For correct generation results, please set `padding_side='left'` when initializing the tokenizer.
{"step": 122, "epoch": 0, "rows": 8, "skipped": 0, "answer_accuracy": 0.5, "updates": 4, "seconds": 2.4514272212982178, "time": 1790931846.5469916, "loss": -0.8665185522995654, "confidence": 0.5691166770160003, "mass": 0.9999820171892843, "hinge_active": 0.0, "stop_prob": 0.9999344125390053, "sampled_number_rate": 1.0, "kl": 0.0, "kl_coef": 0.05, "value_loss": 0.0}
A decoder-only architecture is being used, but right-padding was detected! For correct generation results, please set `padding_side='left'` when initializing the tokenizer.
{"step": 123, "epoch": 0, "rows": 8, "skipped": 0, "answer_accuracy": 0.875, "updates": 4, "seconds": 2.4142932891845703, "time": 1790931848.962198, "loss": -0.6764666730386748, "confidence": 0.5539286491434848, "mass": 0.9999894022041468, "hinge_active": 0.0, "stop_prob": 0.9999341294169426, "sampled_number_rate": 1.0, "kl": 0.0, "kl_coef": 0.05, "value_loss": 0.0}
A decoder-only architecture is being used, but right-padding was detected! For correct generation results, please set `padding_side='left'` when initializing the tokenizer.
{"step": 124, "epoch": 0, "rows": 8, "skipped": 0, "answer_accuracy": 0.625, "updates": 4, "seconds": 2.3905317783355713, "time": 1790931851.3535619, "loss": -0.9305344361606805, "confidence": 0.6199202049831717, "mass": 0.9999818788888876, "hinge_active": 0.0, "stop_prob": 0.9999244064092636, "sampled_number_rate": 1.0, "kl": 0.0, "kl_coef": 0.05, "value_loss": 0.0}
A decoder-only architecture is being used, but right-padding was detected! For correct generation results, please set `padding_side='left'` when initializing the tokenizer.
{"step": 125, "epoch": 0, "rows": 8, "skipped": 0, "answer_accuracy": 0.625, "updates": 4, "seconds": 2.5049808025360107, "time": 1790931853.8593628, "loss": -0.8622300576052883, "confidence": 0.6063555079431213, "mass": 0.9999832129329679, "hinge_active": 0.0, "stop_prob": 0.9999288618564606, "sampled_number_rate": 1.0, "kl": 0.0, "kl_coef": 0.05, "value_loss": 0.0}
A decoder-only architecture is being used, but right-padding was detected! For correct generation results, please set `padding_side='left'` when initializing the tokenizer.
{"step": 126, "epoch": 0, "rows": 8, "skipped": 0, "answer_accuracy": 0.75, "updates": 4, "seconds": 2.2800915241241455, "time": 1790931856.1403496, "loss": -0.771245301797225, "confidence": 0.6969664802499513, "mass": 0.9999819192156192, "hinge_active": 0.0, "stop_prob": 0.999861553311348, "sampled_number_rate": 1.0, "kl": 0.0, "kl_coef": 0.05, "value_loss": 0.0}
A decoder-only architecture is being used, but right-padding was detected! For correct generation results, please set `padding_side='left'` when initializing the tokenizer.
{"step": 127, "epoch": 0, "rows": 8, "skipped": 0, "answer_accuracy": 0.75, "updates": 4, "seconds": 2.4962832927703857, "time": 1790931858.6375344, "loss": -0.8618781537237324, "confidence": 0.6745983809592891, "mass": 0.9999713997539784, "hinge_active": 0.0, "stop_prob": 0.9998375028371811, "sampled_number_rate": 1.0, "kl": 0.0, "kl_coef": 0.05, "value_loss": 0.0}
A decoder-only architecture is being used, but right-padding was detected! For correct generation results, please set `padding_side='left'` when initializing the tokenizer.
{"step": 128, "epoch": 0, "rows": 8, "skipped": 0, "answer_accuracy": 0.25, "updates": 4, "seconds": 2.367138147354126, "time": 1790931861.0055318, "loss": -0.7691799337508085, "confidence": 0.603183776658298, "mass": 0.9999576296736421, "hinge_active": 0.0, "stop_prob": 0.9999170526862144, "sampled_number_rate": 1.0, "kl": 0.0, "kl_coef": 0.05, "value_loss": 0.0, "save_seconds": 0.5400295257568359}
A decoder-only architecture is being used, but right-padding was detected! For correct generation results, please set `padding_side='left'` when initializing the tokenizer.
{"step": 129, "epoch": 1, "rows": 8, "skipped": 0, "answer_accuracy": 0.25, "updates": 4, "seconds": 2.2586917877197266, "time": 1790931864.243175, "loss": -0.7500229653301532, "confidence": 0.556474063126758, "mass": 0.9999614735177529, "hinge_active": 0.0, "stop_prob": 0.9998839497566223, "sampled_number_rate": 1.0, "kl": 0.0, "kl_coef": 0.05, "value_loss": 0.0}
A decoder-only architecture is being used, but right-padding was detected! For correct generation results, please set `padding_side='left'` when initializing the tokenizer.
{"step": 130, "epoch": 1, "rows": 8, "skipped": 0, "answer_accuracy": 0.5, "updates": 4, "seconds": 2.4053051471710205, "time": 1790931866.649241, "loss": -0.8369668308738268, "confidence": 0.49634039376184924, "mass": 0.99999342598525, "hinge_active": 0.0, "stop_prob": 0.9999339133501053, "sampled_number_rate": 1.0, "kl": 0.0, "kl_coef": 0.05, "value_loss": 0.0}
A decoder-only architecture is being used, but right-padding was detected! For correct generation results, please set `padding_side='left'` when initializing the tokenizer.
{"step": 131, "epoch": 1, "rows": 8, "skipped": 0, "answer_accuracy": 0.5, "updates": 4, "seconds": 2.491145610809326, "time": 1790931869.1413648, "loss": -0.9007256585099107, "confidence": 0.47833897061356345, "mass": 0.9999935241247656, "hinge_active": 0.0, "stop_prob": 0.9999319091439247, "sampled_number_rate": 1.0, "kl": 0.0, "kl_coef": 0.05, "value_loss": 0.0}
A decoder-only architecture is being used, but right-padding was detected! For correct generation results, please set `padding_side='left'` when initializing the tokenizer.
{"step": 132, "epoch": 1, "rows": 8, "skipped": 0, "answer_accuracy": 0.375, "updates": 4, "seconds": 2.423712730407715, "time": 1790931871.565908, "loss": -0.8169346282104984, "confidence": 0.4125805611136383, "mass": 0.9999931326063315, "hinge_active": 0.0, "stop_prob": 0.9999465122818947, "sampled_number_rate": 1.0, "kl": 0.0, "kl_coef": 0.05, "value_loss": 0.0}
A decoder-only architecture is being used, but right-padding was detected! For correct generation results, please set `padding_side='left'` when initializing the tokenizer.
{"step": 133, "epoch": 1, "rows": 8, "skipped": 0, "answer_accuracy": 0.125, "updates": 4, "seconds": 2.4793965816497803, "time": 1790931874.0461965, "loss": -0.9291899759761549, "confidence": 0.2480467252401738, "mass": 0.9999940852050379, "hinge_active": 0.0, "stop_prob": 0.99994757771492, "sampled_number_rate": 1.0, "kl": 0.0, "kl_coef": 0.05, "value_loss": 0.0}
A decoder-only architecture is being used, but right-padding was detected! For correct generation results, please set `padding_side='left'` when initializing the tokenizer.
{"step": 134, "epoch": 1, "rows": 8, "skipped": 0, "answer_accuracy": 0.5, "updates": 4, "seconds": 2.41400408744812, "time": 1790931876.4610538, "loss": -0.8063489733909093, "confidence": 0.25928303612387704, "mass": 0.9999899120775843, "hinge_active": 0.0, "stop_prob": 0.9999149441719055, "sampled_number_rate": 1.0, "kl": 0.0, "kl_coef": 0.05, "value_loss": 0.0}
A decoder-only architecture is being used, but right-padding was detected! For correct generation results, please set `padding_side='left'` when initializing the tokenizer.
{"step": 135, "epoch": 1, "rows": 8, "skipped": 0, "answer_accuracy": 0.5, "updates": 4, "seconds": 2.511517286300659, "time": 1790931878.973432, "loss": -0.8226142765897239, "confidence": 0.3428426057535363, "mass": 0.9999919771830885, "hinge_active": 0.0, "stop_prob": 0.9999423772096634, "sampled_number_rate": 1.0, "kl": 0.0, "kl_coef": 0.05, "value_loss": 0.0}
A decoder-only architecture is being used, but right-padding was detected! For correct generation results, please set `padding_side='left'` when initializing the tokenizer.
{"step": 136, "epoch": 1, "rows": 8, "skipped": 0, "answer_accuracy": 0.5, "updates": 4, "seconds": 2.355130672454834, "time": 1790931881.3292542, "loss": -0.851629581387302, "confidence": 0.40942509260265186, "mass": 0.9999926088997293, "hinge_active": 0.0, "stop_prob": 0.9999574199318886, "sampled_number_rate": 1.0, "kl": 0.0, "kl_coef": 0.05, "value_loss": 0.0}
A decoder-only architecture is being used, but right-padding was detected! For correct generation results, please set `padding_side='left'` when initializing the tokenizer.
{"step": 137, "epoch": 1, "rows": 8, "skipped": 0, "answer_accuracy": 0.5, "updates": 4, "seconds": 2.3313326835632324, "time": 1790931883.6615071, "loss": -0.8526554198214286, "confidence": 0.3276631253572408, "mass": 0.9999965013356495, "hinge_active": 0.0, "stop_prob": 0.999960146844387, "sampled_number_rate": 1.0, "kl": 0.0, "kl_coef": 0.05, "value_loss": 0.0}
A decoder-only architecture is being used, but right-padding was detected! For correct generation results, please set `padding_side='left'` when initializing the tokenizer.
{"step": 138, "epoch": 1, "rows": 8, "skipped": 0, "answer_accuracy": 0.625, "updates": 4, "seconds": 2.2952418327331543, "time": 1790931885.9574454, "loss": -0.8897626662629518, "confidence": 0.56036522022831, "mass": 0.9999962827514316, "hinge_active": 0.0, "stop_prob": 0.9999499544501305, "sampled_number_rate": 1.0, "kl": 0.0, "kl_coef": 0.05, "value_loss": 0.0}
A decoder-only architecture is being used, but right-padding was detected! For correct generation results, please set `padding_side='left'` when initializing the tokenizer.
{"step": 139, "epoch": 1, "rows": 8, "skipped": 0, "answer_accuracy": 0.75, "updates": 4, "seconds": 2.43556809425354, "time": 1790931888.3939216, "loss": -0.7765706464862502, "confidence": 0.6104986310501249, "mass": 0.9999943419943603, "hinge_active": 0.0, "stop_prob": 0.9999475181102753, "sampled_number_rate": 1.0, "kl": 0.0, "kl_coef": 0.05, "value_loss": 0.0}
A decoder-only architecture is being used, but right-padding was detected! For correct generation results, please set `padding_side='left'` when initializing the tokenizer.
{"step": 140, "epoch": 1, "rows": 8, "skipped": 0, "answer_accuracy": 0.375, "updates": 4, "seconds": 2.3090412616729736, "time": 1790931890.7046692, "loss": -0.7759249329754956, "confidence": 0.6658596497078381, "mass": 0.9999953585854555, "hinge_active": 0.0, "stop_prob": 0.9999509453773499, "sampled_number_rate": 1.0, "kl": 0.0, "kl_coef": 0.05, "value_loss": 0.0}
A decoder-only architecture is being used, but right-padding was detected! For correct generation results, please set `padding_side='left'` when initializing the tokenizer.
{"step": 141, "epoch": 1, "rows": 8, "skipped": 0, "answer_accuracy": 0.625, "updates": 4, "seconds": 2.3433852195739746, "time": 1790931893.0488749, "loss": -0.847219873594928, "confidence": 0.5231546563717687, "mass": 0.9999949526653878, "hinge_active": 0.0, "stop_prob": 0.9999435544013977, "sampled_number_rate": 1.0, "kl": 0.0, "kl_coef": 0.05, "value_loss": 0.0}
A decoder-only architecture is being used, but right-padding was detected! For correct generation results, please set `padding_side='left'` when initializing the tokenizer.
{"step": 142, "epoch": 1, "rows": 8, "skipped": 0, "answer_accuracy": 0.5, "updates": 4, "seconds": 2.4277284145355225, "time": 1790931895.4777803, "loss": -0.8588523395671571, "confidence": 0.5509933782426013, "mass": 0.9999959743187351, "hinge_active": 0.0, "stop_prob": 0.9999467059969902, "sampled_number_rate": 1.0, "kl": 0.0, "kl_coef": 0.05, "value_loss": 0.0}
A decoder-only architecture is being used, but right-padding was detected! For correct generation results, please set `padding_side='left'` when initializing the tokenizer.
{"step": 143, "epoch": 1, "rows": 8, "skipped": 0, "answer_accuracy": 0.5, "updates": 4, "seconds": 2.4112486839294434, "time": 1790931897.889965, "loss": -0.8331390503128959, "confidence": 0.558103831998817, "mass": 0.9999967974608431, "hinge_active": 0.0, "stop_prob": 0.999944195151329, "sampled_number_rate": 1.0, "kl": 0.0, "kl_coef": 0.05, "value_loss": 0.0}
A decoder-only architecture is being used, but right-padding was detected! For correct generation results, please set `padding_side='left'` when initializing the tokenizer.
{"step": 144, "epoch": 1, "rows": 8, "skipped": 0, "answer_accuracy": 0.75, "updates": 4, "seconds": 2.3312737941741943, "time": 1790931900.2230394, "loss": -0.9238333665193273, "confidence": 0.6348900184318624, "mass": 0.999997057613258, "hinge_active": 0.0, "stop_prob": 0.9999492540955544, "sampled_number_rate": 1.0, "kl": 0.0, "kl_coef": 0.05, "value_loss": 0.0}
A decoder-only architecture is being used, but right-padding was detected! For correct generation results, please set `padding_side='left'` when initializing the tokenizer.
{"step": 145, "epoch": 1, "rows": 8, "skipped": 0, "answer_accuracy": 0.5, "updates": 4, "seconds": 2.3559038639068604, "time": 1790931902.5796988, "loss": -0.8148941869844526, "confidence": 0.6116152601650008, "mass": 0.9999953094196865, "hinge_active": 0.0, "stop_prob": 0.9999502524733543, "sampled_number_rate": 1.0, "kl": 0.0, "kl_coef": 0.05, "value_loss": 0.0}
A decoder-only architecture is being used, but right-padding was detected! For correct generation results, please set `padding_side='left'` when initializing the tokenizer.
{"step": 146, "epoch": 1, "rows": 8, "skipped": 0, "answer_accuracy": 0.625, "updates": 4, "seconds": 2.481748580932617, "time": 1790931905.0628612, "loss": -0.8508020561166384, "confidence": 0.7087512893998765, "mass": 0.9999881820516018, "hinge_active": 0.0, "stop_prob": 0.9999266788363457, "sampled_number_rate": 1.0, "kl": 0.0, "kl_coef": 0.05, "value_loss": 0.0}
A decoder-only architecture is being used, but right-padding was detected! For correct generation results, please set `padding_side='left'` when initializing the tokenizer.
{"step": 147, "epoch": 1, "rows": 8, "skipped": 0, "answer_accuracy": 0.5, "updates": 4, "seconds": 2.45172381401062, "time": 1790931907.515462, "loss": -0.8390778365320144, "confidence": 0.6633074842961507, "mass": 0.9999957571923164, "hinge_active": 0.0, "stop_prob": 0.9999524280428886, "sampled_number_rate": 1.0, "kl": 0.0, "kl_coef": 0.05, "value_loss": 0.0}
A decoder-only architecture is being used, but right-padding was detected! For correct generation results, please set `padding_side='left'` when initializing the tokenizer.
{"step": 148, "epoch": 1, "rows": 8, "skipped": 0, "answer_accuracy": 0.5, "updates": 4, "seconds": 2.447375535964966, "time": 1790931909.9635737, "loss": -0.896539624586977, "confidence": 0.5325561617239862, "mass": 0.9999925810734465, "hinge_active": 0.0, "stop_prob": 0.9999517500400543, "sampled_number_rate": 1.0, "kl": 0.0, "kl_coef": 0.05, "value_loss": 0.0}
A decoder-only architecture is being used, but right-padding was detected! For correct generation results, please set `padding_side='left'` when initializing the tokenizer.
{"step": 149, "epoch": 1, "rows": 8, "skipped": 0, "answer_accuracy": 0.5, "updates": 4, "seconds": 2.413670539855957, "time": 1790931912.3782392, "loss": -0.8261570648747468, "confidence": 0.50939364658577, "mass": 0.9999963418135915, "hinge_active": 0.0, "stop_prob": 0.9999477937817574, "sampled_number_rate": 1.0, "kl": 0.0, "kl_coef": 0.05, "value_loss": 0.0}
A decoder-only architecture is being used, but right-padding was detected! For correct generation results, please set `padding_side='left'` when initializing the tokenizer.
{"step": 150, "epoch": 1, "rows": 8, "skipped": 0, "answer_accuracy": 0.75, "updates": 4, "seconds": 2.434448003768921, "time": 1790931914.81349, "loss": -0.8174832549792855, "confidence": 0.45689832030674293, "mass": 0.9999926114885727, "hinge_active": 0.0, "stop_prob": 0.9999467134475708, "sampled_number_rate": 1.0, "kl": 0.0, "kl_coef": 0.05, "value_loss": 0.0}
A decoder-only architecture is being used, but right-padding was detected! For correct generation results, please set `padding_side='left'` when initializing the tokenizer.
{"step": 151, "epoch": 1, "rows": 8, "skipped": 0, "answer_accuracy": 0.375, "updates": 4, "seconds": 2.288447618484497, "time": 1790931917.10275, "loss": -0.8942969261573991, "confidence": 0.4830482510241556, "mass": 0.9999903096935181, "hinge_active": 0.0, "stop_prob": 0.9999175518751144, "sampled_number_rate": 1.0, "kl": 0.0, "kl_coef": 0.05, "value_loss": 0.0}
A decoder-only architecture is being used, but right-padding was detected! For correct generation results, please set `padding_side='left'` when initializing the tokenizer.
{"step": 152, "epoch": 1, "rows": 8, "skipped": 0, "answer_accuracy": 0.625, "updates": 4, "seconds": 2.548163414001465, "time": 1790931919.6518276, "loss": -0.7840735457819161, "confidence": 0.37518993656684163, "mass": 0.9999942429778292, "hinge_active": 0.0, "stop_prob": 0.9999513328075409, "sampled_number_rate": 1.0, "kl": 0.0, "kl_coef": 0.05, "value_loss": 0.0}
A decoder-only architecture is being used, but right-padding was detected! For correct generation results, please set `padding_side='left'` when initializing the tokenizer.
{"step": 153, "epoch": 1, "rows": 8, "skipped": 0, "answer_accuracy": 0.625, "updates": 4, "seconds": 2.3817944526672363, "time": 1790931922.034484, "loss": -0.8916960843016836, "confidence": 0.4216772632169421, "mass": 0.999992742991502, "hinge_active": 0.0, "stop_prob": 0.9999144822359085, "sampled_number_rate": 1.0, "kl": 0.0, "kl_coef": 0.05, "value_loss": 0.0}
A decoder-only architecture is being used, but right-padding was detected! For correct generation results, please set `padding_side='left'` when initializing the tokenizer.
{"step": 154, "epoch": 1, "rows": 8, "skipped": 0, "answer_accuracy": 0.75, "updates": 4, "seconds": 2.2929208278656006, "time": 1790931924.328038, "loss": -0.8041560633150057, "confidence": 0.5727976953132945, "mass": 0.999995445958343, "hinge_active": 0.0, "stop_prob": 0.9999409765005112, "sampled_number_rate": 1.0, "kl": 0.0, "kl_coef": 0.05, "value_loss": 0.0}
A decoder-only architecture is being used, but right-padding was detected! For correct generation results, please set `padding_side='left'` when initializing the tokenizer.
{"step": 155, "epoch": 1, "rows": 8, "skipped": 0, "answer_accuracy": 0.5, "updates": 4, "seconds": 2.255272150039673, "time": 1790931926.5840573, "loss": -0.918305918060143, "confidence": 0.5187159808216477, "mass": 0.9999866598642315, "hinge_active": 0.0, "stop_prob": 0.9998072758316994, "sampled_number_rate": 1.0, "kl": 0.0, "kl_coef": 0.05, "value_loss": 0.0}
A decoder-only architecture is being used, but right-padding was detected! For correct generation results, please set `padding_side='left'` when initializing the tokenizer.
{"step": 156, "epoch": 1, "rows": 8, "skipped": 0, "answer_accuracy": 0.625, "updates": 4, "seconds": 2.309654951095581, "time": 1790931928.8946085, "loss": -0.804415560820554, "confidence": 0.6692393684034559, "mass": 0.9999964155865162, "hinge_active": 0.0, "stop_prob": 0.9999536499381065, "sampled_number_rate": 1.0, "kl": 0.0, "kl_coef": 0.05, "value_loss": 0.0}
A decoder-only architecture is being used, but right-padding was detected! For correct generation results, please set `padding_side='left'` when initializing the tokenizer.
{"step": 157, "epoch": 1, "rows": 8, "skipped": 0, "answer_accuracy": 0.25, "updates": 4, "seconds": 2.2759814262390137, "time": 1790931931.1714013, "loss": -0.9340482625071745, "confidence": 0.3727841861305494, "mass": 0.9999923430757367, "hinge_active": 0.0, "stop_prob": 0.9999357685446739, "sampled_number_rate": 1.0, "kl": 0.0, "kl_coef": 0.05, "value_loss": 0.0}
A decoder-only architecture is being used, but right-padding was detected! For correct generation results, please set `padding_side='left'` when initializing the tokenizer.
{"step": 158, "epoch": 1, "rows": 8, "skipped": 0, "answer_accuracy": 0.5, "updates": 4, "seconds": 2.325505495071411, "time": 1790931933.4979696, "loss": -0.8683074344540678, "confidence": 0.6338502562795953, "mass": 0.9999934179944914, "hinge_active": 0.0, "stop_prob": 0.9999464899301529, "sampled_number_rate": 1.0, "kl": 0.0, "kl_coef": 0.05, "value_loss": 0.0}
A decoder-only architecture is being used, but right-padding was detected! For correct generation results, please set `padding_side='left'` when initializing the tokenizer.
{"step": 159, "epoch": 1, "rows": 8, "skipped": 0, "answer_accuracy": 0.25, "updates": 4, "seconds": 2.313494920730591, "time": 1790931935.812349, "loss": -0.7883027552775195, "confidence": 0.38127758534802664, "mass": 0.9999900967036873, "hinge_active": 0.0, "stop_prob": 0.9998816549777985, "sampled_number_rate": 1.0, "kl": 0.0, "kl_coef": 0.05, "value_loss": 0.0}
A decoder-only architecture is being used, but right-padding was detected! For correct generation results, please set `padding_side='left'` when initializing the tokenizer.
{"step": 160, "epoch": 1, "rows": 8, "skipped": 0, "answer_accuracy": 0.5, "updates": 4, "seconds": 2.3472063541412354, "time": 1790931938.1603823, "loss": -0.8891216163848723, "confidence": 0.5625354823094724, "mass": 0.9999902977768063, "hinge_active": 0.0, "stop_prob": 0.9999179989099503, "sampled_number_rate": 1.0, "kl": 0.0, "kl_coef": 0.05, "value_loss": 0.0}
A decoder-only architecture is being used, but right-padding was detected! For correct generation results, please set `padding_side='left'` when initializing the tokenizer.
{"step": 161, "epoch": 1, "rows": 8, "skipped": 0, "answer_accuracy": 0.375, "updates": 4, "seconds": 2.347632646560669, "time": 1790931940.509074, "loss": -0.8940236175509024, "confidence": 0.3087911061355423, "mass": 0.9999866163485583, "hinge_active": 0.0, "stop_prob": 0.9997621774673462, "sampled_number_rate": 1.0, "kl": 0.0, "kl_coef": 0.05, "value_loss": 0.0}
A decoder-only architecture is being used, but right-padding was detected! For correct generation results, please set `padding_side='left'` when initializing the tokenizer.
{"step": 162, "epoch": 1, "rows": 8, "skipped": 0, "answer_accuracy": 0.125, "updates": 4, "seconds": 2.207787036895752, "time": 1790931942.7177238, "loss": -0.912906349057423, "confidence": 0.30738438742918806, "mass": 0.9999908316605153, "hinge_active": 0.0, "stop_prob": 0.9999512657523155, "sampled_number_rate": 1.0, "kl": 0.0, "kl_coef": 0.05, "value_loss": 0.0}
A decoder-only architecture is being used, but right-padding was detected! For correct generation results, please set `padding_side='left'` when initializing the tokenizer.
{"step": 163, "epoch": 1, "rows": 8, "skipped": 0, "answer_accuracy": 0.375, "updates": 4, "seconds": 2.3899338245391846, "time": 1790931945.1083927, "loss": -0.9314682858007746, "confidence": 0.4469005968766598, "mass": 0.9999910352857128, "hinge_active": 0.0, "stop_prob": 0.999939352273941, "sampled_number_rate": 1.0, "kl": 0.0, "kl_coef": 0.05, "value_loss": 0.0}
A decoder-only architecture is being used, but right-padding was detected! For correct generation results, please set `padding_side='left'` when initializing the tokenizer.
{"step": 164, "epoch": 1, "rows": 8, "skipped": 0, "answer_accuracy": 0.5, "updates": 4, "seconds": 2.3333165645599365, "time": 1790931947.4428253, "loss": -0.8219780870800724, "confidence": 0.32500177806521413, "mass": 0.9999922676271766, "hinge_active": 0.0, "stop_prob": 0.9999418333172798, "sampled_number_rate": 1.0, "kl": 0.0, "kl_coef": 0.05, "value_loss": 0.0}
A decoder-only architecture is being used, but right-padding was detected! For correct generation results, please set `padding_side='left'` when initializing the tokenizer.
{"step": 165, "epoch": 1, "rows": 8, "skipped": 0, "answer_accuracy": 0.125, "updates": 4, "seconds": 2.2644107341766357, "time": 1790931949.7081597, "loss": -0.9408298712673646, "confidence": 0.18830976936398874, "mass": 0.9999827542058924, "hinge_active": 0.0, "stop_prob": 0.9996254667639732, "sampled_number_rate": 1.0, "kl": 0.0, "kl_coef": 0.05, "value_loss": 0.0}
A decoder-only architecture is being used, but right-padding was detected! For correct generation results, please set `padding_side='left'` when initializing the tokenizer.
{"step": 166, "epoch": 1, "rows": 8, "skipped": 0, "answer_accuracy": 0.25, "updates": 4, "seconds": 2.332526683807373, "time": 1790931952.041586, "loss": -0.9102530488526601, "confidence": 0.21790196428375166, "mass": 0.9999842490388364, "hinge_active": 0.0, "stop_prob": 0.9998373985290527, "sampled_number_rate": 1.0, "kl": 0.0, "kl_coef": 0.05, "value_loss": 0.0}
A decoder-only architecture is being used, but right-padding was detected! For correct generation results, please set `padding_side='left'` when initializing the tokenizer.
{"step": 167, "epoch": 1, "rows": 8, "skipped": 0, "answer_accuracy": 0.125, "updates": 4, "seconds": 2.2893829345703125, "time": 1790931954.3318334, "loss": -0.9066511012888395, "confidence": 0.1470577103483728, "mass": 0.9999886106736218, "hinge_active": 0.0, "stop_prob": 0.9999275580048561, "sampled_number_rate": 1.0, "kl": 0.0, "kl_coef": 0.05, "value_loss": 0.0}
A decoder-only architecture is being used, but right-padding was detected! For correct generation results, please set `padding_side='left'` when initializing the tokenizer.
{"step": 168, "epoch": 1, "rows": 8, "skipped": 0, "answer_accuracy": 0.375, "updates": 4, "seconds": 2.2585041522979736, "time": 1790931956.5913413, "loss": -0.8562083036205776, "confidence": 0.4067176164640231, "mass": 0.9999793188640316, "hinge_active": 0.0, "stop_prob": 0.9997881203889847, "sampled_number_rate": 1.0, "kl": 0.0, "kl_coef": 0.05, "value_loss": 0.0}
A decoder-only architecture is being used, but right-padding was detected! For correct generation results, please set `padding_side='left'` when initializing the tokenizer.
{"step": 169, "epoch": 1, "rows": 8, "skipped": 0, "answer_accuracy": 0.375, "updates": 4, "seconds": 2.295342206954956, "time": 1790931958.887589, "loss": -0.8623491927970188, "confidence": 0.357625980180777, "mass": 0.9999913993529845, "hinge_active": 0.0, "stop_prob": 0.9999352023005486, "sampled_number_rate": 1.0, "kl": 0.0, "kl_coef": 0.05, "value_loss": 0.0}
A decoder-only architecture is being used, but right-padding was detected! For correct generation results, please set `padding_side='left'` when initializing the tokenizer.
{"step": 170, "epoch": 1, "rows": 8, "skipped": 0, "answer_accuracy": 0.375, "updates": 4, "seconds": 2.5604612827301025, "time": 1790931961.4489093, "loss": -0.9653666692569469, "confidence": 0.38852368852624397, "mass": 0.9999848133931901, "hinge_active": 0.0, "stop_prob": 0.9996036067605019, "sampled_number_rate": 1.0, "kl": 0.0, "kl_coef": 0.05, "value_loss": 0.0}
A decoder-only architecture is being used, but right-padding was detected! For correct generation results, please set `padding_side='left'` when initializing the tokenizer.
{"step": 171, "epoch": 1, "rows": 8, "skipped": 0, "answer_accuracy": 0.25, "updates": 4, "seconds": 2.32892107963562, "time": 1790931963.7795775, "loss": -0.8849370205116953, "confidence": 0.21395316971909972, "mass": 0.9999890281973194, "hinge_active": 0.0, "stop_prob": 0.9998877346515656, "sampled_number_rate": 1.0, "kl": 0.0, "kl_coef": 0.05, "value_loss": 0.0}
A decoder-only architecture is being used, but right-padding was detected! For correct generation results, please set `padding_side='left'` when initializing the tokenizer.
{"step": 172, "epoch": 1, "rows": 8, "skipped": 0, "answer_accuracy": 0.375, "updates": 4, "seconds": 2.42161226272583, "time": 1790931966.2020428, "loss": -0.9211453285083732, "confidence": 0.31454374939333574, "mass": 0.9999239522042637, "hinge_active": 0.0, "stop_prob": 0.9998945668339729, "sampled_number_rate": 1.0, "kl": 0.0, "kl_coef": 0.05, "value_loss": 0.0}
A decoder-only architecture is being used, but right-padding was detected! For correct generation results, please set `padding_side='left'` when initializing the tokenizer.
{"step": 173, "epoch": 1, "rows": 8, "skipped": 0, "answer_accuracy": 0.625, "updates": 4, "seconds": 2.3930795192718506, "time": 1790931968.5964434, "loss": -0.8098694772653848, "confidence": 0.3995875571679084, "mass": 0.9999890162243366, "hinge_active": 0.0, "stop_prob": 0.9999345913529396, "sampled_number_rate": 1.0, "kl": 0.0, "kl_coef": 0.05, "value_loss": 0.0}
A decoder-only architecture is being used, but right-padding was detected! For correct generation results, please set `padding_side='left'` when initializing the tokenizer.
{"step": 174, "epoch": 1, "rows": 8, "skipped": 0, "answer_accuracy": 0.25, "updates": 4, "seconds": 2.346358299255371, "time": 1790931970.9436786, "loss": -0.8782062664988799, "confidence": 0.43532399410676503, "mass": 0.9999922202327546, "hinge_active": 0.0, "stop_prob": 0.9998968169093132, "sampled_number_rate": 1.0, "kl": 0.0, "kl_coef": 0.05, "value_loss": 0.0}
A decoder-only architecture is being used, but right-padding was detected! For correct generation results, please set `padding_side='left'` when initializing the tokenizer.
{"step": 175, "epoch": 1, "rows": 8, "skipped": 0, "answer_accuracy": 0.75, "updates": 4, "seconds": 2.346832275390625, "time": 1790931973.2913408, "loss": -0.8806703334081343, "confidence": 0.5719671003735457, "mass": 0.9999307405703142, "hinge_active": 0.0, "stop_prob": 0.9994593858718872, "sampled_number_rate": 1.0, "kl": 0.0, "kl_coef": 0.05, "value_loss": 0.0}
A decoder-only architecture is being used, but right-padding was detected! For correct generation results, please set `padding_side='left'` when initializing the tokenizer.
{"step": 176, "epoch": 1, "rows": 8, "skipped": 0, "answer_accuracy": 0.75, "updates": 4, "seconds": 2.4080967903137207, "time": 1790931975.7001524, "loss": -0.8796037129951126, "confidence": 0.7398035471982098, "mass": 0.9999929499563613, "hinge_active": 0.0, "stop_prob": 0.9999366104602814, "sampled_number_rate": 1.0, "kl": 0.0, "kl_coef": 0.05, "value_loss": 0.0}
A decoder-only architecture is being used, but right-padding was detected! For correct generation results, please set `padding_side='left'` when initializing the tokenizer.
{"step": 177, "epoch": 1, "rows": 8, "skipped": 0, "answer_accuracy": 0.5, "updates": 4, "seconds": 2.4618589878082275, "time": 1790931978.162888, "loss": -0.7959355797892491, "confidence": 0.6893434103646848, "mass": 0.9999942480466382, "hinge_active": 0.0, "stop_prob": 0.9999550804495811, "sampled_number_rate": 1.0, "kl": 0.0, "kl_coef": 0.05, "value_loss": 0.0}
A decoder-only architecture is being used, but right-padding was detected! For correct generation results, please set `padding_side='left'` when initializing the tokenizer.
{"step": 178, "epoch": 1, "rows": 8, "skipped": 0, "answer_accuracy": 0.5, "updates": 4, "seconds": 2.37823486328125, "time": 1790931980.5420332, "loss": -0.9062189994424672, "confidence": 0.563361175139075, "mass": 0.9999797904414367, "hinge_active": 0.0, "stop_prob": 0.9998041391372681, "sampled_number_rate": 1.0, "kl": 0.0, "kl_coef": 0.05, "value_loss": 0.0}
A decoder-only architecture is being used, but right-padding was detected! For correct generation results, please set `padding_side='left'` when initializing the tokenizer.
{"step": 179, "epoch": 1, "rows": 8, "skipped": 0, "answer_accuracy": 0.625, "updates": 4, "seconds": 2.307044744491577, "time": 1790931982.8499079, "loss": -0.8615243744559408, "confidence": 0.7359734674804352, "mass": 0.999995509486131, "hinge_active": 0.0, "stop_prob": 0.9999478459358215, "sampled_number_rate": 1.0, "kl": 0.0, "kl_coef": 0.05, "value_loss": 0.0}
A decoder-only architecture is being used, but right-padding was detected! For correct generation results, please set `padding_side='left'` when initializing the tokenizer.
{"step": 180, "epoch": 1, "rows": 8, "skipped": 0, "answer_accuracy": 0.375, "updates": 4, "seconds": 2.3989930152893066, "time": 1790931985.2498257, "loss": -0.8984922146899855, "confidence": 0.46493843874579627, "mass": 0.9999823073866709, "hinge_active": 0.0, "stop_prob": 0.9987588375806808, "sampled_number_rate": 1.0, "kl": 0.0, "kl_coef": 0.05, "value_loss": 0.0}
A decoder-only architecture is being used, but right-padding was detected! For correct generation results, please set `padding_side='left'` when initializing the tokenizer.
{"step": 181, "epoch": 1, "rows": 8, "skipped": 0, "answer_accuracy": 0.75, "updates": 4, "seconds": 2.956163167953491, "time": 1790931988.2067516, "loss": -0.7508077087295806, "confidence": 0.5538918105092387, "mass": 0.9994653513105792, "hinge_active": 0.0, "stop_prob": 0.9999100491404533, "sampled_number_rate": 1.0, "kl": 0.0, "kl_coef": 0.05, "value_loss": 0.0}
A decoder-only architecture is being used, but right-padding was detected! For correct generation results, please set `padding_side='left'` when initializing the tokenizer.
{"step": 182, "epoch": 1, "rows": 8, "skipped": 0, "answer_accuracy": 0.75, "updates": 4, "seconds": 2.4363114833831787, "time": 1790931990.6439624, "loss": -0.8426912255380618, "confidence": 0.5763606380217038, "mass": 0.9999883678516308, "hinge_active": 0.0, "stop_prob": 0.9999388381838799, "sampled_number_rate": 1.0, "kl": 0.0, "kl_coef": 0.05, "value_loss": 0.0}
A decoder-only architecture is being used, but right-padding was detected! For correct generation results, please set `padding_side='left'` when initializing the tokenizer.
{"step": 183, "epoch": 1, "rows": 7, "skipped": 1, "answer_accuracy": 0.42857142857142855, "updates": 4, "seconds": 8.155043840408325, "time": 1790931998.7997918, "loss": -0.85310262545315, "confidence": 0.5577256812372308, "mass": 0.9787248258194811, "hinge_active": 0.14285714285714285, "stop_prob": 0.9979496002197266, "sampled_number_rate": 0.9999999999999998, "kl": 0.0, "kl_coef": 0.05, "value_loss": 0.0}
A decoder-only architecture is being used, but right-padding was detected! For correct generation results, please set `padding_side='left'` when initializing the tokenizer.
{"step": 184, "epoch": 1, "rows": 8, "skipped": 0, "answer_accuracy": 0.625, "updates": 4, "seconds": 2.473379611968994, "time": 1790932001.274106, "loss": -0.8456970960526042, "confidence": 0.6561796886150196, "mass": 0.9999898552460983, "hinge_active": 0.0, "stop_prob": 0.9999268800020218, "sampled_number_rate": 1.0, "kl": 0.0, "kl_coef": 0.05, "value_loss": 0.0}
A decoder-only architecture is being used, but right-padding was detected! For correct generation results, please set `padding_side='left'` when initializing the tokenizer.
{"step": 185, "epoch": 1, "rows": 8, "skipped": 0, "answer_accuracy": 0.875, "updates": 4, "seconds": 2.396298885345459, "time": 1790932003.6715121, "loss": -0.7764749218685116, "confidence": 0.480065409080052, "mass": 0.9999949254008295, "hinge_active": 0.0, "stop_prob": 0.9999387785792351, "sampled_number_rate": 1.0, "kl": 0.0, "kl_coef": 0.05, "value_loss": 0.0}
A decoder-only architecture is being used, but right-padding was detected! For correct generation results, please set `padding_side='left'` when initializing the tokenizer.
{"step": 186, "epoch": 1, "rows": 8, "skipped": 0, "answer_accuracy": 0.625, "updates": 4, "seconds": 2.428391695022583, "time": 1790932006.1008775, "loss": -0.833871270338264, "confidence": 0.5027622380796506, "mass": 0.9999944821564811, "hinge_active": 0.0, "stop_prob": 0.9999492466449738, "sampled_number_rate": 1.0, "kl": 0.0, "kl_coef": 0.05, "value_loss": 0.0}
A decoder-only architecture is being used, but right-padding was detected! For correct generation results, please set `padding_side='left'` when initializing the tokenizer.
{"step": 187, "epoch": 1, "rows": 8, "skipped": 0, "answer_accuracy": 0.75, "updates": 4, "seconds": 2.5402109622955322, "time": 1790932008.6419804, "loss": -0.9187477524846852, "confidence": 0.6212450729676132, "mass": 0.9999927999740358, "hinge_active": 0.0, "stop_prob": 0.9998591244220734, "sampled_number_rate": 1.0, "kl": 0.0, "kl_coef": 0.05, "value_loss": 0.0}
A decoder-only architecture is being used, but right-padding was detected! For correct generation results, please set `padding_side='left'` when initializing the tokenizer.
{"step": 188, "epoch": 1, "rows": 8, "skipped": 0, "answer_accuracy": 0.5, "updates": 4, "seconds": 2.493378162384033, "time": 1790932011.1361327, "loss": -0.8552127869753263, "confidence": 0.6069177802181024, "mass": 0.999993675760114, "hinge_active": 0.0, "stop_prob": 0.9999330714344978, "sampled_number_rate": 1.0, "kl": 0.0, "kl_coef": 0.05, "value_loss": 0.0}
A decoder-only architecture is being used, but right-padding was detected! For correct generation results, please set `padding_side='left'` when initializing the tokenizer.
{"step": 189, "epoch": 1, "rows": 8, "skipped": 0, "answer_accuracy": 0.375, "updates": 4, "seconds": 2.5302939414978027, "time": 1790932013.6673868, "loss": -0.9069887792802338, "confidence": 0.3077488294560809, "mass": 0.9999932324136075, "hinge_active": 0.0, "stop_prob": 0.9998928233981133, "sampled_number_rate": 1.0, "kl": 0.0, "kl_coef": 0.05, "value_loss": 0.0}
A decoder-only architecture is being used, but right-padding was detected! For correct generation results, please set `padding_side='left'` when initializing the tokenizer.
{"step": 190, "epoch": 1, "rows": 8, "skipped": 0, "answer_accuracy": 0.75, "updates": 4, "seconds": 2.2870826721191406, "time": 1790932015.955301, "loss": -0.6997755076031347, "confidence": 0.6102665500772632, "mass": 0.9999954194872086, "hinge_active": 0.0, "stop_prob": 0.9999260008335114, "sampled_number_rate": 1.0, "kl": 0.0, "kl_coef": 0.05, "value_loss": 0.0}
A decoder-only architecture is being used, but right-padding was detected! For correct generation results, please set `padding_side='left'` when initializing the tokenizer.
{"step": 191, "epoch": 1, "rows": 8, "skipped": 0, "answer_accuracy": 0.125, "updates": 4, "seconds": 2.2905025482177734, "time": 1790932018.2466886, "loss": -0.8830680730207171, "confidence": 0.33602262823953133, "mass": 0.9999838660953119, "hinge_active": 0.0, "stop_prob": 0.9985603541135788, "sampled_number_rate": 1.0, "kl": 0.0, "kl_coef": 0.05, "value_loss": 0.0}
A decoder-only architecture is being used, but right-padding was detected! For correct generation results, please set `padding_side='left'` when initializing the tokenizer.
{"step": 192, "epoch": 1, "rows": 8, "skipped": 0, "answer_accuracy": 0.5, "updates": 4, "seconds": 2.407560348510742, "time": 1790932020.6555014, "loss": -0.8779382601156235, "confidence": 0.5807591490334433, "mass": 0.9999941210627594, "hinge_active": 0.0, "stop_prob": 0.9999124631285667, "sampled_number_rate": 1.0, "kl": 0.0, "kl_coef": 0.05, "value_loss": 0.0}
A decoder-only architecture is being used, but right-padding was detected! For correct generation results, please set `padding_side='left'` when initializing the tokenizer.
{"step": 193, "epoch": 1, "rows": 8, "skipped": 0, "answer_accuracy": 0.375, "updates": 4, "seconds": 3.4324698448181152, "time": 1790932024.08873, "loss": -0.827878945859462, "confidence": 0.6155927347661747, "mass": 0.9999905075489134, "hinge_active": 0.0, "stop_prob": 0.9997584596276283, "sampled_number_rate": 1.0, "kl": 0.0, "kl_coef": 0.05, "value_loss": 0.0}
A decoder-only architecture is being used, but right-padding was detected! For correct generation results, please set `padding_side='left'` when initializing the tokenizer.
{"step": 194, "epoch": 1, "rows": 8, "skipped": 0, "answer_accuracy": 0.625, "updates": 4, "seconds": 2.3584229946136475, "time": 1790932026.4481502, "loss": -0.8789610926881707, "confidence": 0.6263000039980827, "mass": 0.999995011901729, "hinge_active": 0.0, "stop_prob": 0.9999221041798592, "sampled_number_rate": 1.0, "kl": 0.0, "kl_coef": 0.05, "value_loss": 0.0}
A decoder-only architecture is being used, but right-padding was detected! For correct generation results, please set `padding_side='left'` when initializing the tokenizer.
{"step": 195, "epoch": 1, "rows": 8, "skipped": 0, "answer_accuracy": 0.75, "updates": 4, "seconds": 2.32184100151062, "time": 1790932028.7707088, "loss": -0.9114257390796081, "confidence": 0.7000986308822527, "mass": 0.9999957819208743, "hinge_active": 0.0, "stop_prob": 0.9999063089489937, "sampled_number_rate": 1.0, "kl": 0.0, "kl_coef": 0.05, "value_loss": 0.0}
A decoder-only architecture is being used, but right-padding was detected! For correct generation results, please set `padding_side='left'` when initializing the tokenizer.
{"step": 196, "epoch": 1, "rows": 8, "skipped": 0, "answer_accuracy": 0.625, "updates": 4, "seconds": 2.4356324672698975, "time": 1790932031.2072294, "loss": -0.8614907042805139, "confidence": 0.5484965672596074, "mass": 0.9999973140632625, "hinge_active": 0.0, "stop_prob": 0.9999258890748024, "sampled_number_rate": 1.0, "kl": 0.0, "kl_coef": 0.05, "value_loss": 0.0}
A decoder-only architecture is being used, but right-padding was detected! For correct generation results, please set `padding_side='left'` when initializing the tokenizer.
{"step": 197, "epoch": 1, "rows": 6, "skipped": 2, "answer_accuracy": 0.5, "updates": 4, "seconds": 2.7542061805725098, "time": 1790932033.962369, "loss": -0.7581150391507414, "confidence": 0.24408127616598568, "mass": 0.9999853029061038, "hinge_active": 0.0, "stop_prob": 0.9983877539634705, "sampled_number_rate": 0.9999999999999999, "kl": 0.0, "kl_coef": 0.05, "value_loss": 0.0}
A decoder-only architecture is being used, but right-padding was detected! For correct generation results, please set `padding_side='left'` when initializing the tokenizer.
{"step": 198, "epoch": 1, "rows": 8, "skipped": 0, "answer_accuracy": 0.25, "updates": 4, "seconds": 2.275949478149414, "time": 1790932036.239035, "loss": -0.7964324298888139, "confidence": 0.3817040565556997, "mass": 0.9999901341044973, "hinge_active": 0.0, "stop_prob": 0.9996851310133934, "sampled_number_rate": 1.0, "kl": 0.0, "kl_coef": 0.05, "value_loss": 0.0}
A decoder-only architecture is being used, but right-padding was detected! For correct generation results, please set `padding_side='left'` when initializing the tokenizer.
{"step": 199, "epoch": 1, "rows": 8, "skipped": 0, "answer_accuracy": 0.625, "updates": 4, "seconds": 2.37807035446167, "time": 1790932038.6179497, "loss": -0.8975484862835529, "confidence": 0.6475988251509798, "mass": 0.9999931613214221, "hinge_active": 0.0, "stop_prob": 0.9999264106154442, "sampled_number_rate": 1.0, "kl": 0.0, "kl_coef": 0.05, "value_loss": 0.0}
A decoder-only architecture is being used, but right-padding was detected! For correct generation results, please set `padding_side='left'` when initializing the tokenizer.
{"step": 200, "epoch": 1, "rows": 8, "skipped": 0, "answer_accuracy": 0.25, "updates": 4, "seconds": 2.6050615310668945, "time": 1790932041.2237763, "loss": -0.7078854318104837, "confidence": 0.6527035082085207, "mass": 0.9999941115541711, "hinge_active": 0.0, "stop_prob": 0.9999096617102623, "sampled_number_rate": 1.0, "kl": 0.0, "kl_coef": 0.05, "value_loss": 0.0}
A decoder-only architecture is being used, but right-padding was detected! For correct generation results, please set `padding_side='left'` when initializing the tokenizer.
{"step": 201, "epoch": 1, "rows": 8, "skipped": 0, "answer_accuracy": 0.125, "updates": 4, "seconds": 2.4067366123199463, "time": 1790932043.6313481, "loss": -0.8063687640576709, "confidence": 0.48638256892001114, "mass": 0.9999934170813135, "hinge_active": 0.0, "stop_prob": 0.9997992664575577, "sampled_number_rate": 1.0, "kl": 0.0, "kl_coef": 0.05, "value_loss": 0.0}
A decoder-only architecture is being used, but right-padding was detected! For correct generation results, please set `padding_side='left'` when initializing the tokenizer.
{"step": 202, "epoch": 1, "rows": 8, "skipped": 0, "answer_accuracy": 0.625, "updates": 4, "seconds": 2.4100637435913086, "time": 1790932046.0426798, "loss": -0.8190275823630363, "confidence": 0.7345694159960297, "mass": 0.9999961212050001, "hinge_active": 0.0, "stop_prob": 0.9999144896864891, "sampled_number_rate": 1.0, "kl": 0.0, "kl_coef": 0.05, "value_loss": 0.0}
A decoder-only architecture is being used, but right-padding was detected! For correct generation results, please set `padding_side='left'` when initializing the tokenizer.
{"step": 203, "epoch": 1, "rows": 8, "skipped": 0, "answer_accuracy": 0.75, "updates": 4, "seconds": 2.365626096725464, "time": 1790932048.409322, "loss": -0.8829438291581898, "confidence": 0.6936493400275664, "mass": 0.9999956807348852, "hinge_active": 0.0, "stop_prob": 0.9998961910605431, "sampled_number_rate": 1.0, "kl": 0.0, "kl_coef": 0.05, "value_loss": 0.0}
A decoder-only architecture is being used, but right-padding was detected! For correct generation results, please set `padding_side='left'` when initializing the tokenizer.
{"step": 204, "epoch": 1, "rows": 8, "skipped": 0, "answer_accuracy": 0.375, "updates": 4, "seconds": 2.3501129150390625, "time": 1790932050.760208, "loss": -0.809717543519883, "confidence": 0.5915066793016598, "mass": 0.9999963903371312, "hinge_active": 0.0, "stop_prob": 0.9999193996191025, "sampled_number_rate": 1.0, "kl": 0.0, "kl_coef": 0.05, "value_loss": 0.0}
A decoder-only architecture is being used, but right-padding was detected! For correct generation results, please set `padding_side='left'` when initializing the tokenizer.
{"step": 205, "epoch": 1, "rows": 8, "skipped": 0, "answer_accuracy": 0.875, "updates": 4, "seconds": 2.315401792526245, "time": 1790932053.0769246, "loss": -0.8851897576313318, "confidence": 0.7396940170949973, "mass": 0.9999957968965031, "hinge_active": 0.0, "stop_prob": 0.9999391809105873, "sampled_number_rate": 1.0, "kl": 0.0, "kl_coef": 0.05, "value_loss": 0.0}
A decoder-only architecture is being used, but right-padding was detected! For correct generation results, please set `padding_side='left'` when initializing the tokenizer.
{"step": 206, "epoch": 1, "rows": 8, "skipped": 0, "answer_accuracy": 0.75, "updates": 4, "seconds": 2.3050386905670166, "time": 1790932055.3830988, "loss": -0.8984489294834048, "confidence": 0.6849595656830667, "mass": 0.9999962449988671, "hinge_active": 0.0, "stop_prob": 0.9999471381306648, "sampled_number_rate": 1.0, "kl": 0.0, "kl_coef": 0.05, "value_loss": 0.0}
A decoder-only architecture is being used, but right-padding was detected! For correct generation results, please set `padding_side='left'` when initializing the tokenizer.
{"step": 207, "epoch": 1, "rows": 8, "skipped": 0, "answer_accuracy": 0.375, "updates": 4, "seconds": 2.270260810852051, "time": 1790932057.6544356, "loss": -0.8960120834753966, "confidence": 0.3028343097737546, "mass": 0.9999971628251235, "hinge_active": 0.0, "stop_prob": 0.9998779520392418, "sampled_number_rate": 1.0, "kl": 0.0, "kl_coef": 0.05, "value_loss": 0.0}
A decoder-only architecture is being used, but right-padding was detected! For correct generation results, please set `padding_side='left'` when initializing the tokenizer.
{"step": 208, "epoch": 1, "rows": 8, "skipped": 0, "answer_accuracy": 0.875, "updates": 4, "seconds": 2.3881781101226807, "time": 1790932060.043536, "loss": -0.801796524206699, "confidence": 0.6410682523797762, "mass": 0.9999973990013594, "hinge_active": 0.0, "stop_prob": 0.9999342486262321, "sampled_number_rate": 1.0, "kl": 0.0, "kl_coef": 0.05, "value_loss": 0.0}
A decoder-only architecture is being used, but right-padding was detected! For correct generation results, please set `padding_side='left'` when initializing the tokenizer.
{"step": 209, "epoch": 1, "rows": 7, "skipped": 1, "answer_accuracy": 0.5714285714285714, "updates": 4, "seconds": 3.0023789405822754, "time": 1790932063.0467112, "loss": -0.8949405357898179, "confidence": 0.6111946709979719, "mass": 0.9999967184587581, "hinge_active": 0.0, "stop_prob": 0.999931948525565, "sampled_number_rate": 0.9999999999999998, "kl": 0.0, "kl_coef": 0.05, "value_loss": 0.0}
A decoder-only architecture is being used, but right-padding was detected! For correct generation results, please set `padding_side='left'` when initializing the tokenizer.
{"step": 210, "epoch": 1, "rows": 8, "skipped": 0, "answer_accuracy": 0.5, "updates": 4, "seconds": 2.2920260429382324, "time": 1790932065.3395894, "loss": -0.8596328289228633, "confidence": 0.623969885341445, "mass": 0.9999955469759815, "hinge_active": 0.0, "stop_prob": 0.9999332204461098, "sampled_number_rate": 1.0, "kl": 0.0, "kl_coef": 0.05, "value_loss": 0.0}
A decoder-only architecture is being used, but right-padding was detected! For correct generation results, please set `padding_side='left'` when initializing the tokenizer.
{"step": 211, "epoch": 1, "rows": 8, "skipped": 0, "answer_accuracy": 0.625, "updates": 4, "seconds": 2.2496697902679443, "time": 1790932067.5902345, "loss": -0.8928917076587739, "confidence": 0.6761414798218033, "mass": 0.9999957829938438, "hinge_active": 0.0, "stop_prob": 0.9999441727995872, "sampled_number_rate": 1.0, "kl": 0.0, "kl_coef": 0.05, "value_loss": 0.0}
A decoder-only architecture is being used, but right-padding was detected! For correct generation results, please set `padding_side='left'` when initializing the tokenizer.
{"step": 212, "epoch": 1, "rows": 8, "skipped": 0, "answer_accuracy": 0.625, "updates": 4, "seconds": 2.450592517852783, "time": 1790932070.0418575, "loss": -0.9401911955060898, "confidence": 0.5630263279015197, "mass": 0.9999951981447448, "hinge_active": 0.0, "stop_prob": 0.9999387264251709, "sampled_number_rate": 1.0, "kl": 0.0, "kl_coef": 0.05, "value_loss": 0.0}
A decoder-only architecture is being used, but right-padding was detected! For correct generation results, please set `padding_side='left'` when initializing the tokenizer.
{"step": 213, "epoch": 1, "rows": 8, "skipped": 0, "answer_accuracy": 0.75, "updates": 4, "seconds": 2.3380398750305176, "time": 1790932072.38111, "loss": -0.9042416315158149, "confidence": 0.673939287733007, "mass": 0.999995172653767, "hinge_active": 0.0, "stop_prob": 0.999933086335659, "sampled_number_rate": 1.0, "kl": 0.0, "kl_coef": 0.05, "value_loss": 0.0}
A decoder-only architecture is being used, but right-padding was detected! For correct generation results, please set `padding_side='left'` when initializing the tokenizer.
{"step": 214, "epoch": 1, "rows": 8, "skipped": 0, "answer_accuracy": 0.5, "updates": 4, "seconds": 2.7647180557250977, "time": 1790932075.1467395, "loss": -0.8573603898114042, "confidence": 0.4871142987714738, "mass": 0.9999811919483013, "hinge_active": 0.0, "stop_prob": 0.9998649954795837, "sampled_number_rate": 1.0, "kl": 0.0, "kl_coef": 0.05, "value_loss": 0.0}
A decoder-only architecture is being used, but right-padding was detected! For correct generation results, please set `padding_side='left'` when initializing the tokenizer.
{"step": 215, "epoch": 1, "rows": 8, "skipped": 0, "answer_accuracy": 0.75, "updates": 4, "seconds": 2.5478322505950928, "time": 1790932077.6954372, "loss": -0.8691386010428546, "confidence": 0.7094915132973564, "mass": 0.9999953082669517, "hinge_active": 0.0, "stop_prob": 0.9999450966715813, "sampled_number_rate": 1.0, "kl": 0.0, "kl_coef": 0.05, "value_loss": 0.0}
A decoder-only architecture is being used, but right-padding was detected! For correct generation results, please set `padding_side='left'` when initializing the tokenizer.
{"step": 216, "epoch": 1, "rows": 7, "skipped": 1, "answer_accuracy": 0.8571428571428571, "updates": 4, "seconds": 2.370955228805542, "time": 1790932080.0673072, "loss": -0.9409140838636878, "confidence": 0.729828704746963, "mass": 0.9999875219832826, "hinge_active": 0.0, "stop_prob": 0.9999134966305324, "sampled_number_rate": 0.9999999999999998, "kl": 0.0, "kl_coef": 0.05, "value_loss": 0.0}
A decoder-only architecture is being used, but right-padding was detected! For correct generation results, please set `padding_side='left'` when initializing the tokenizer.
{"step": 217, "epoch": 1, "rows": 8, "skipped": 0, "answer_accuracy": 0.5, "updates": 4, "seconds": 2.410629987716675, "time": 1790932082.4787164, "loss": -0.8761334369425144, "confidence": 0.5474936435994765, "mass": 0.9999886307805184, "hinge_active": 0.0, "stop_prob": 0.9997625648975372, "sampled_number_rate": 1.0, "kl": 0.0, "kl_coef": 0.05, "value_loss": 0.0}
A decoder-only architecture is being used, but right-padding was detected! For correct generation results, please set `padding_side='left'` when initializing the tokenizer.
{"step": 218, "epoch": 1, "rows": 8, "skipped": 0, "answer_accuracy": 0.75, "updates": 4, "seconds": 2.7650976181030273, "time": 1790932085.2446945, "loss": -0.7289440525366417, "confidence": 0.6859865603875887, "mass": 0.9999802253325673, "hinge_active": 0.0, "stop_prob": 0.9999311566352844, "sampled_number_rate": 1.0, "kl": 0.0, "kl_coef": 0.05, "value_loss": 0.0}
A decoder-only architecture is being used, but right-padding was detected! For correct generation results, please set `padding_side='left'` when initializing the tokenizer.
{"step": 219, "epoch": 1, "rows": 7, "skipped": 1, "answer_accuracy": 0.42857142857142855, "updates": 4, "seconds": 4.577079772949219, "time": 1790932089.8227143, "loss": -0.8347956735772448, "confidence": 0.6112151967082929, "mass": 0.9999842064875906, "hinge_active": 0.0, "stop_prob": 0.9999301859310695, "sampled_number_rate": 0.9999999999999998, "kl": 0.0, "kl_coef": 0.05, "value_loss": 0.0}
A decoder-only architecture is being used, but right-padding was detected! For correct generation results, please set `padding_side='left'` when initializing the tokenizer.
{"step": 220, "epoch": 1, "rows": 8, "skipped": 0, "answer_accuracy": 0.625, "updates": 4, "seconds": 2.4873251914978027, "time": 1790932092.311113, "loss": -0.9101332717504409, "confidence": 0.6219796621559013, "mass": 0.9999853087444561, "hinge_active": 0.0, "stop_prob": 0.9999036714434624, "sampled_number_rate": 1.0, "kl": 0.0, "kl_coef": 0.05, "value_loss": 0.0}
A decoder-only architecture is being used, but right-padding was detected! For correct generation results, please set `padding_side='left'` when initializing the tokenizer.
{"step": 221, "epoch": 1, "rows": 8, "skipped": 0, "answer_accuracy": 0.625, "updates": 4, "seconds": 2.3812015056610107, "time": 1790932094.6931918, "loss": -0.8564989677574678, "confidence": 0.5934024982358025, "mass": 0.9999852606912456, "hinge_active": 0.0, "stop_prob": 0.999725304543972, "sampled_number_rate": 1.0, "kl": 0.0, "kl_coef": 0.05, "value_loss": 0.0}
A decoder-only architecture is being used, but right-padding was detected! For correct generation results, please set `padding_side='left'` when initializing the tokenizer.
{"step": 222, "epoch": 1, "rows": 8, "skipped": 0, "answer_accuracy": 0.5, "updates": 4, "seconds": 2.4227664470672607, "time": 1790932097.1169028, "loss": -0.7573069564170951, "confidence": 0.775948561622009, "mass": 0.9999910813132041, "hinge_active": 0.0, "stop_prob": 0.9999004825949669, "sampled_number_rate": 1.0, "kl": 0.0, "kl_coef": 0.05, "value_loss": 0.0}
A decoder-only architecture is being used, but right-padding was detected! For correct generation results, please set `padding_side='left'` when initializing the tokenizer.
{"step": 223, "epoch": 1, "rows": 8, "skipped": 0, "answer_accuracy": 0.75, "updates": 4, "seconds": 2.3648784160614014, "time": 1790932099.4826114, "loss": -0.8105480220713068, "confidence": 0.6179757636329613, "mass": 0.9999848636993154, "hinge_active": 0.0, "stop_prob": 0.9995920062065125, "sampled_number_rate": 1.0, "kl": 0.0, "kl_coef": 0.05, "value_loss": 0.0}
A decoder-only architecture is being used, but right-padding was detected! For correct generation results, please set `padding_side='left'` when initializing the tokenizer.
{"step": 224, "epoch": 1, "rows": 8, "skipped": 0, "answer_accuracy": 0.375, "updates": 4, "seconds": 2.4931576251983643, "time": 1790932101.976858, "loss": -0.7269760913735759, "confidence": 0.6932317536111884, "mass": 0.9999903438093104, "hinge_active": 0.0, "stop_prob": 0.9998723939061165, "sampled_number_rate": 1.0, "kl": 0.0, "kl_coef": 0.05, "value_loss": 0.0}
A decoder-only architecture is being used, but right-padding was detected! For correct generation results, please set `padding_side='left'` when initializing the tokenizer.
{"step": 225, "epoch": 1, "rows": 8, "skipped": 0, "answer_accuracy": 0.375, "updates": 4, "seconds": 2.2658469676971436, "time": 1790932104.243523, "loss": -0.8583005340061522, "confidence": 0.57030428977818, "mass": 0.9999054940861424, "hinge_active": 0.0, "stop_prob": 0.9990535974502563, "sampled_number_rate": 1.0, "kl": 0.0, "kl_coef": 0.05, "value_loss": 0.0}
A decoder-only architecture is being used, but right-padding was detected! For correct generation results, please set `padding_side='left'` when initializing the tokenizer.
{"step": 226, "epoch": 1, "rows": 7, "skipped": 1, "answer_accuracy": 0.5714285714285714, "updates": 4, "seconds": 2.4022629261016846, "time": 1790932106.6466594, "loss": -0.7942116203082842, "confidence": 0.6555421811958878, "mass": 0.999995785372485, "hinge_active": 0.0, "stop_prob": 0.9999330724988665, "sampled_number_rate": 0.9999999999999998, "kl": 0.0, "kl_coef": 0.05, "value_loss": 0.0}
A decoder-only architecture is being used, but right-padding was detected! For correct generation results, please set `padding_side='left'` when initializing the tokenizer.
{"step": 227, "epoch": 1, "rows": 8, "skipped": 0, "answer_accuracy": 0.625, "updates": 4, "seconds": 2.2774250507354736, "time": 1790932108.9251206, "loss": -0.9265198210127241, "confidence": 0.5518861930003693, "mass": 0.9999943051342969, "hinge_active": 0.0, "stop_prob": 0.9999160170555115, "sampled_number_rate": 1.0, "kl": 0.0, "kl_coef": 0.05, "value_loss": 0.0}
A decoder-only architecture is being used, but right-padding was detected! For correct generation results, please set `padding_side='left'` when initializing the tokenizer.
{"step": 228, "epoch": 1, "rows": 8, "skipped": 0, "answer_accuracy": 0.625, "updates": 4, "seconds": 2.4332401752471924, "time": 1790932111.359209, "loss": -0.8883872109460842, "confidence": 0.6047117364384902, "mass": 0.9999949529307544, "hinge_active": 0.0, "stop_prob": 0.9994741454720497, "sampled_number_rate": 1.0, "kl": 0.0, "kl_coef": 0.05, "value_loss": 0.0}
A decoder-only architecture is being used, but right-padding was detected! For correct generation results, please set `padding_side='left'` when initializing the tokenizer.
{"step": 229, "epoch": 1, "rows": 8, "skipped": 0, "answer_accuracy": 0.75, "updates": 4, "seconds": 2.3210911750793457, "time": 1790932113.6810632, "loss": -0.8793946138746356, "confidence": 0.5066060507367385, "mass": 0.9999966349649865, "hinge_active": 0.0, "stop_prob": 0.9998991638422012, "sampled_number_rate": 1.0, "kl": 0.0, "kl_coef": 0.05, "value_loss": 0.0}
A decoder-only architecture is being used, but right-padding was detected! For correct generation results, please set `padding_side='left'` when initializing the tokenizer.
{"step": 230, "epoch": 1, "rows": 8, "skipped": 0, "answer_accuracy": 0.375, "updates": 4, "seconds": 2.3321120738983154, "time": 1790932116.0139809, "loss": -0.8412808648792739, "confidence": 0.3953349430341628, "mass": 0.9999958826591435, "hinge_active": 0.0, "stop_prob": 0.9999177530407906, "sampled_number_rate": 1.0, "kl": 0.0, "kl_coef": 0.05, "value_loss": 0.0}
A decoder-only architecture is being used, but right-padding was detected! For correct generation results, please set `padding_side='left'` when initializing the tokenizer.
{"step": 231, "epoch": 1, "rows": 8, "skipped": 0, "answer_accuracy": 0.5, "updates": 4, "seconds": 2.462249517440796, "time": 1790932118.477009, "loss": -0.8659370832924717, "confidence": 0.5644891848789136, "mass": 0.9999954860489433, "hinge_active": 0.0, "stop_prob": 0.9999111220240593, "sampled_number_rate": 1.0, "kl": 0.0, "kl_coef": 0.05, "value_loss": 0.0}
A decoder-only architecture is being used, but right-padding was detected! For correct generation results, please set `padding_side='left'` when initializing the tokenizer.
{"step": 232, "epoch": 1, "rows": 7, "skipped": 1, "answer_accuracy": 0.42857142857142855, "updates": 4, "seconds": 2.5500524044036865, "time": 1790932121.027832, "loss": -0.8386149773683678, "confidence": 0.6194961407046824, "mass": 0.9999966263518268, "hinge_active": 0.0, "stop_prob": 0.9999498384339469, "sampled_number_rate": 0.9999999999999998, "kl": 0.0, "kl_coef": 0.05, "value_loss": 0.0}
A decoder-only architecture is being used, but right-padding was detected! For correct generation results, please set `padding_side='left'` when initializing the tokenizer.
{"step": 233, "epoch": 1, "rows": 7, "skipped": 1, "answer_accuracy": 0.7142857142857143, "updates": 4, "seconds": 2.806652545928955, "time": 1790932123.8353083, "loss": -0.9130216247910943, "confidence": 0.6046971148178123, "mass": 0.9999951649091651, "hinge_active": 0.0, "stop_prob": 0.9999363166945321, "sampled_number_rate": 0.9999999999999998, "kl": 0.0, "kl_coef": 0.05, "value_loss": 0.0}
A decoder-only architecture is being used, but right-padding was detected! For correct generation results, please set `padding_side='left'` when initializing the tokenizer.
{"step": 234, "epoch": 1, "rows": 8, "skipped": 0, "answer_accuracy": 0.625, "updates": 4, "seconds": 2.310408115386963, "time": 1790932126.1465485, "loss": -0.8725934665101522, "confidence": 0.5412527682744365, "mass": 0.9999948601225651, "hinge_active": 0.0, "stop_prob": 0.9997815489768982, "sampled_number_rate": 1.0, "kl": 0.0, "kl_coef": 0.05, "value_loss": 0.0}
A decoder-only architecture is being used, but right-padding was detected! For correct generation results, please set `padding_side='left'` when initializing the tokenizer.
{"step": 235, "epoch": 1, "rows": 8, "skipped": 0, "answer_accuracy": 0.625, "updates": 4, "seconds": 2.3675789833068848, "time": 1790932128.5150805, "loss": -0.855822677130352, "confidence": 0.5284528141885504, "mass": 0.999997165676755, "hinge_active": 0.0, "stop_prob": 0.9999494478106499, "sampled_number_rate": 1.0, "kl": 0.0, "kl_coef": 0.05, "value_loss": 0.0}
A decoder-only architecture is being used, but right-padding was detected! For correct generation results, please set `padding_side='left'` when initializing the tokenizer.
{"step": 236, "epoch": 1, "rows": 8, "skipped": 0, "answer_accuracy": 0.5, "updates": 4, "seconds": 2.8219594955444336, "time": 1790932131.3378255, "loss": -0.885005991973898, "confidence": 0.5338539769011464, "mass": 0.9999955291969982, "hinge_active": 0.0, "stop_prob": 0.9999022036790848, "sampled_number_rate": 1.0, "kl": 0.0, "kl_coef": 0.05, "value_loss": 0.0}
A decoder-only architecture is being used, but right-padding was detected! For correct generation results, please set `padding_side='left'` when initializing the tokenizer.
{"step": 237, "epoch": 1, "rows": 7, "skipped": 1, "answer_accuracy": 0.7142857142857143, "updates": 4, "seconds": 2.5365147590637207, "time": 1790932133.8753922, "loss": -0.8610451137859132, "confidence": 0.7127216208653391, "mass": 0.9999978774646348, "hinge_active": 0.0, "stop_prob": 0.9999472839491708, "sampled_number_rate": 0.9999999999999998, "kl": 0.0, "kl_coef": 0.05, "value_loss": 0.0}
A decoder-only architecture is being used, but right-padding was detected! For correct generation results, please set `padding_side='left'` when initializing the tokenizer.
{"step": 238, "epoch": 1, "rows": 8, "skipped": 0, "answer_accuracy": 0.375, "updates": 4, "seconds": 2.8842990398406982, "time": 1790932136.7604036, "loss": -0.9346341054622366, "confidence": 0.4272684398387182, "mass": 0.9999974498643593, "hinge_active": 0.0, "stop_prob": 0.9999569281935692, "sampled_number_rate": 1.0, "kl": 0.0, "kl_coef": 0.05, "value_loss": 0.0}
A decoder-only architecture is being used, but right-padding was detected! For correct generation results, please set `padding_side='left'` when initializing the tokenizer.
{"step": 239, "epoch": 1, "rows": 8, "skipped": 0, "answer_accuracy": 0.375, "updates": 4, "seconds": 2.439114809036255, "time": 1790932139.200326, "loss": -0.7442126342213139, "confidence": 0.5391001018674481, "mass": 0.9999965573311348, "hinge_active": 0.0, "stop_prob": 0.9999271780252457, "sampled_number_rate": 1.0, "kl": 0.0, "kl_coef": 0.05, "value_loss": 0.0}
A decoder-only architecture is being used, but right-padding was detected! For correct generation results, please set `padding_side='left'` when initializing the tokenizer.
{"step": 240, "epoch": 1, "rows": 8, "skipped": 0, "answer_accuracy": 0.125, "updates": 4, "seconds": 2.343318462371826, "time": 1790932141.5444243, "loss": -0.8308204693297243, "confidence": 0.42751218939185703, "mass": 0.9999949239805896, "hinge_active": 0.0, "stop_prob": 0.9998568966984749, "sampled_number_rate": 1.0, "kl": 0.0, "kl_coef": 0.05, "value_loss": 0.0}
A decoder-only architecture is being used, but right-padding was detected! For correct generation results, please set `padding_side='left'` when initializing the tokenizer.
{"step": 241, "epoch": 1, "rows": 7, "skipped": 1, "answer_accuracy": 0.2857142857142857, "updates": 4, "seconds": 2.6391851902008057, "time": 1790932144.1843333, "loss": -0.8912287609039078, "confidence": 0.34258131887035986, "mass": 0.9999965683587083, "hinge_active": 0.0, "stop_prob": 0.9999434266771589, "sampled_number_rate": 0.9999999999999998, "kl": 0.0, "kl_coef": 0.05, "value_loss": 0.0}
A decoder-only architecture is being used, but right-padding was detected! For correct generation results, please set `padding_side='left'` when initializing the tokenizer.
{"step": 242, "epoch": 1, "rows": 8, "skipped": 0, "answer_accuracy": 0.25, "updates": 4, "seconds": 2.4071438312530518, "time": 1790932146.5926392, "loss": -0.8864446816581705, "confidence": 0.41438952159554654, "mass": 0.9999978417650089, "hinge_active": 0.0, "stop_prob": 0.9999519288539886, "sampled_number_rate": 1.0, "kl": 0.0, "kl_coef": 0.05, "value_loss": 0.0}
A decoder-only architecture is being used, but right-padding was detected! For correct generation results, please set `padding_side='left'` when initializing the tokenizer.
{"step": 243, "epoch": 1, "rows": 8, "skipped": 0, "answer_accuracy": 0.5, "updates": 4, "seconds": 2.496873378753662, "time": 1790932149.0903194, "loss": -0.8273852025530615, "confidence": 0.4572810093373153, "mass": 0.9999974666950494, "hinge_active": 0.0, "stop_prob": 0.9999577924609184, "sampled_number_rate": 1.0, "kl": 0.0, "kl_coef": 0.05, "value_loss": 0.0}
A decoder-only architecture is being used, but right-padding was detected! For correct generation results, please set `padding_side='left'` when initializing the tokenizer.
{"step": 244, "epoch": 1, "rows": 8, "skipped": 0, "answer_accuracy": 0.375, "updates": 4, "seconds": 2.3420939445495605, "time": 1790932151.4331307, "loss": -0.9081432370304813, "confidence": 0.2801510624609257, "mass": 0.9999928864386871, "hinge_active": 0.0, "stop_prob": 0.9998619630932808, "sampled_number_rate": 1.0, "kl": 0.0, "kl_coef": 0.05, "value_loss": 0.0}
A decoder-only architecture is being used, but right-padding was detected! For correct generation results, please set `padding_side='left'` when initializing the tokenizer.
{"step": 245, "epoch": 1, "rows": 8, "skipped": 0, "answer_accuracy": 0.5, "updates": 4, "seconds": 2.301934242248535, "time": 1790932153.7360845, "loss": -0.9016992756231125, "confidence": 0.3578608191318761, "mass": 0.9999939720704948, "hinge_active": 0.0, "stop_prob": 0.9999216571450233, "sampled_number_rate": 1.0, "kl": 0.0, "kl_coef": 0.05, "value_loss": 0.0}
A decoder-only architecture is being used, but right-padding was detected! For correct generation results, please set `padding_side='left'` when initializing the tokenizer.
{"step": 246, "epoch": 1, "rows": 8, "skipped": 0, "answer_accuracy": 0.625, "updates": 4, "seconds": 2.4749159812927246, "time": 1790932156.2118442, "loss": -0.825769538593998, "confidence": 0.5238424243128, "mass": 0.9999939150413473, "hinge_active": 0.0, "stop_prob": 0.9999498277902603, "sampled_number_rate": 1.0, "kl": 0.0, "kl_coef": 0.05, "value_loss": 0.0}
A decoder-only architecture is being used, but right-padding was detected! For correct generation results, please set `padding_side='left'` when initializing the tokenizer.
{"step": 247, "epoch": 1, "rows": 8, "skipped": 0, "answer_accuracy": 0.375, "updates": 4, "seconds": 2.2413976192474365, "time": 1790932158.45404, "loss": -0.8602159919532231, "confidence": 0.29512516724239135, "mass": 0.9999952603175892, "hinge_active": 0.0, "stop_prob": 0.9998794049024582, "sampled_number_rate": 1.0, "kl": 0.0, "kl_coef": 0.05, "value_loss": 0.0}
A decoder-only architecture is being used, but right-padding was detected! For correct generation results, please set `padding_side='left'` when initializing the tokenizer.
{"step": 248, "epoch": 1, "rows": 8, "skipped": 0, "answer_accuracy": 0.5, "updates": 4, "seconds": 2.2747132778167725, "time": 1790932160.7295067, "loss": -0.8745286496628154, "confidence": 0.4849013889295351, "mass": 0.9999976821901199, "hinge_active": 0.0, "stop_prob": 0.9999523013830185, "sampled_number_rate": 1.0, "kl": 0.0, "kl_coef": 0.05, "value_loss": 0.0}
A decoder-only architecture is being used, but right-padding was detected! For correct generation results, please set `padding_side='left'` when initializing the tokenizer.
{"step": 249, "epoch": 1, "rows": 8, "skipped": 0, "answer_accuracy": 0.375, "updates": 4, "seconds": 2.31632661819458, "time": 1790932163.0465505, "loss": -0.9406787553627126, "confidence": 0.34652491040426237, "mass": 0.9999953059018037, "hinge_active": 0.0, "stop_prob": 0.9999460354447365, "sampled_number_rate": 1.0, "kl": 0.0, "kl_coef": 0.05, "value_loss": 0.0}
A decoder-only architecture is being used, but right-padding was detected! For correct generation results, please set `padding_side='left'` when initializing the tokenizer.
{"step": 250, "epoch": 1, "rows": 8, "skipped": 0, "answer_accuracy": 0.5, "updates": 4, "seconds": 2.806770086288452, "time": 1790932165.8541017, "loss": -0.9516753584113147, "confidence": 0.4486880079679646, "mass": 0.9997292510740974, "hinge_active": 0.0, "stop_prob": 0.999913364648819, "sampled_number_rate": 1.0, "kl": 0.0, "kl_coef": 0.05, "value_loss": 0.0}
A decoder-only architecture is being used, but right-padding was detected! For correct generation results, please set `padding_side='left'` when initializing the tokenizer.
{"step": 251, "epoch": 1, "rows": 8, "skipped": 0, "answer_accuracy": 0.5, "updates": 4, "seconds": 2.346287965774536, "time": 1790932168.2013369, "loss": -0.8415967429486475, "confidence": 0.4468467432707936, "mass": 0.9999948300578345, "hinge_active": 0.0, "stop_prob": 0.9999053403735161, "sampled_number_rate": 1.0, "kl": 0.0, "kl_coef": 0.05, "value_loss": 0.0}
A decoder-only architecture is being used, but right-padding was detected! For correct generation results, please set `padding_side='left'` when initializing the tokenizer.
{"step": 252, "epoch": 1, "rows": 8, "skipped": 0, "answer_accuracy": 0.375, "updates": 4, "seconds": 2.535088539123535, "time": 1790932170.7373264, "loss": -0.7926313061942045, "confidence": 0.2880982135648631, "mass": 0.9999951372075323, "hinge_active": 0.0, "stop_prob": 0.9999167621135712, "sampled_number_rate": 1.0, "kl": 0.0, "kl_coef": 0.05, "value_loss": 0.0}
A decoder-only architecture is being used, but right-padding was detected! For correct generation results, please set `padding_side='left'` when initializing the tokenizer.
{"step": 253, "epoch": 1, "rows": 8, "skipped": 0, "answer_accuracy": 0.5, "updates": 4, "seconds": 2.3797860145568848, "time": 1790932173.1181147, "loss": -0.8646823762245972, "confidence": 0.43932509911467477, "mass": 0.9999927873393304, "hinge_active": 0.0, "stop_prob": 0.9998751357197762, "sampled_number_rate": 1.0, "kl": 0.0, "kl_coef": 0.05, "value_loss": 0.0}
A decoder-only architecture is being used, but right-padding was detected! For correct generation results, please set `padding_side='left'` when initializing the tokenizer.
{"step": 254, "epoch": 1, "rows": 7, "skipped": 1, "answer_accuracy": 0.2857142857142857, "updates": 4, "seconds": 2.9451074600219727, "time": 1790932176.0640228, "loss": -0.8287094143676782, "confidence": 0.4814532951748638, "mass": 0.9999978565926209, "hinge_active": 0.0, "stop_prob": 0.9999451296670097, "sampled_number_rate": 0.9999999999999998, "kl": 0.0, "kl_coef": 0.05, "value_loss": 0.0}
A decoder-only architecture is being used, but right-padding was detected! For correct generation results, please set `padding_side='left'` when initializing the tokenizer.
{"step": 255, "epoch": 1, "rows": 8, "skipped": 0, "answer_accuracy": 0.5, "updates": 4, "seconds": 2.4415323734283447, "time": 1790932178.5063226, "loss": -0.9004475763721108, "confidence": 0.5548083737225983, "mass": 0.9999972460113828, "hinge_active": 0.0, "stop_prob": 0.9998803734779358, "sampled_number_rate": 1.0, "kl": 0.0, "kl_coef": 0.05, "value_loss": 0.0}
A decoder-only architecture is being used, but right-padding was detected! For correct generation results, please set `padding_side='left'` when initializing the tokenizer.
{"step": 256, "epoch": 1, "rows": 7, "skipped": 1, "answer_accuracy": 0.42857142857142855, "updates": 4, "seconds": 2.3180737495422363, "time": 1790932180.8255987, "loss": -0.839628153950832, "confidence": 0.5179815531684617, "mass": 0.9999953914074058, "hinge_active": 0.0, "stop_prob": 0.9999253579548427, "sampled_number_rate": 0.9999999999999998, "kl": 0.0, "kl_coef": 0.05, "value_loss": 0.0, "save_seconds": 0.46941280364990234}
