🦥 Unsloth: Will patch your computer to enable 2x faster free finetuning.
🦥 Unsloth Zoo will now patch everything to make training faster!
==((====))==  Unsloth 2025.1.5: Fast Llama patching. Transformers: 4.48.0.
   \\   /|    GPU: NVIDIA L40S. Max memory: 44.392 GB. Platform: Linux.
O^O/ \_/ \    Torch: 2.5.1+cu124. CUDA: 8.9. CUDA Toolkit: 12.4. Triton: 3.1.0
\        /    Bfloat16 = TRUE. FA [Xformers = 0.0.29.post1. FA2 = False]
 "-____-"     Free Apache license: http://github.com/unslothai/unsloth
Unsloth: Fast downloading is enabled - ignore downloading bars which are red colored!
Unsloth 2025.1.5 patched 32 layers with 32 QKV layers, 32 O layers and 32 MLP layers.
{"step": 1, "epoch": 0, "rows": 8, "skipped": 0, "answer_accuracy": 0.25, "seconds": 11.048490762710571, "loss": -0.34273387404677824, "confidence": 0.9057952593039729, "mass": 0.9992392063140869, "hinge_active": 0.0}
A decoder-only architecture is being used, but right-padding was detected! For correct generation results, please set `padding_side='left'` when initializing the tokenizer.
{"step": 2, "epoch": 0, "rows": 8, "skipped": 0, "answer_accuracy": 0.375, "seconds": 6.9367451667785645, "loss": -0.412663124225481, "confidence": 0.8279786477738991, "mass": 0.9956008195877075, "hinge_active": 0.0}
A decoder-only architecture is being used, but right-padding was detected! For correct generation results, please set `padding_side='left'` when initializing the tokenizer.
{"step": 3, "epoch": 0, "rows": 8, "skipped": 0, "answer_accuracy": 0.25, "seconds": 12.195942401885986, "loss": 3.0281679863732807, "confidence": 0.9492505993179022, "mass": 0.8736149147159598, "hinge_active": 0.125}
A decoder-only architecture is being used, but right-padding was detected! For correct generation results, please set `padding_side='left'` when initializing the tokenizer.
{"step": 4, "epoch": 0, "rows": 8, "skipped": 0, "answer_accuracy": 0.75, "seconds": 6.752045631408691, "loss": -0.8245812850991369, "confidence": 0.8492579493318916, "mass": 0.9934710189700127, "hinge_active": 0.125}
A decoder-only architecture is being used, but right-padding was detected! For correct generation results, please set `padding_side='left'` when initializing the tokenizer.
{"step": 5, "epoch": 0, "rows": 8, "skipped": 0, "answer_accuracy": 0.75, "seconds": 6.19486403465271, "loss": -0.7132314557601633, "confidence": 0.963646048826857, "mass": 0.9996384680271149, "hinge_active": 0.0}
A decoder-only architecture is being used, but right-padding was detected! For correct generation results, please set `padding_side='left'` when initializing the tokenizer.
{"step": 6, "epoch": 0, "rows": 8, "skipped": 0, "answer_accuracy": 0.625, "seconds": 6.3786375522613525, "loss": -0.64770420123369, "confidence": 0.9554417112568679, "mass": 0.9994914755225182, "hinge_active": 0.0}
A decoder-only architecture is being used, but right-padding was detected! For correct generation results, please set `padding_side='left'` when initializing the tokenizer.
{"step": 7, "epoch": 0, "rows": 8, "skipped": 0, "answer_accuracy": 0.5, "seconds": 6.41873025894165, "loss": -0.49517167612253377, "confidence": 0.9387161999425023, "mass": 0.9995484799146652, "hinge_active": 0.0}
A decoder-only architecture is being used, but right-padding was detected! For correct generation results, please set `padding_side='left'` when initializing the tokenizer.
{"step": 8, "epoch": 0, "rows": 8, "skipped": 0, "answer_accuracy": 0.5, "seconds": 6.483725547790527, "loss": -0.5234804723019201, "confidence": 0.9706110824116747, "mass": 0.9992057979106903, "hinge_active": 0.0}
A decoder-only architecture is being used, but right-padding was detected! For correct generation results, please set `padding_side='left'` when initializing the tokenizer.
{"step": 9, "epoch": 0, "rows": 8, "skipped": 0, "answer_accuracy": 0.875, "seconds": 6.32477593421936, "loss": -0.8776481401799727, "confidence": 0.9410781828879751, "mass": 0.999679908156395, "hinge_active": 0.0}
A decoder-only architecture is being used, but right-padding was detected! For correct generation results, please set `padding_side='left'` when initializing the tokenizer.
{"step": 10, "epoch": 0, "rows": 8, "skipped": 0, "answer_accuracy": 0.5, "seconds": 6.409134387969971, "loss": -0.5733892435321644, "confidence": 0.9473279747811325, "mass": 0.9994181618094444, "hinge_active": 0.0}
A decoder-only architecture is being used, but right-padding was detected! For correct generation results, please set `padding_side='left'` when initializing the tokenizer.
{"step": 11, "epoch": 0, "rows": 8, "skipped": 0, "answer_accuracy": 0.125, "seconds": 13.002280712127686, "loss": 9.062695911506994, "confidence": 0.8305553242275198, "mass": 0.6247857809246804, "hinge_active": 0.375}
A decoder-only architecture is being used, but right-padding was detected! For correct generation results, please set `padding_side='left'` when initializing the tokenizer.
{"step": 12, "epoch": 0, "rows": 8, "skipped": 0, "answer_accuracy": 0.625, "seconds": 12.452617645263672, "loss": 2.2985718298194775, "confidence": 0.9165836635901007, "mass": 0.8746881112488587, "hinge_active": 0.125}
A decoder-only architecture is being used, but right-padding was detected! For correct generation results, please set `padding_side='left'` when initializing the tokenizer.
{"step": 13, "epoch": 0, "rows": 8, "skipped": 0, "answer_accuracy": 0.75, "seconds": 6.402658462524414, "loss": -0.7576404365175098, "confidence": 0.9597890481630933, "mass": 0.9995937868952751, "hinge_active": 0.0}
A decoder-only architecture is being used, but right-padding was detected! For correct generation results, please set `padding_side='left'` when initializing the tokenizer.
{"step": 14, "epoch": 0, "rows": 8, "skipped": 0, "answer_accuracy": 0.625, "seconds": 6.381414890289307, "loss": -0.6667903438440599, "confidence": 0.9580612270909716, "mass": 0.9996171295642853, "hinge_active": 0.0}
A decoder-only architecture is being used, but right-padding was detected! For correct generation results, please set `padding_side='left'` when initializing the tokenizer.
{"step": 15, "epoch": 0, "rows": 7, "skipped": 1, "answer_accuracy": 0.2857142857142857, "seconds": 5.96256422996521, "loss": -0.22057546472023448, "confidence": 0.9607407776321577, "mass": 0.9994201149259294, "hinge_active": 0.0}
A decoder-only architecture is being used, but right-padding was detected! For correct generation results, please set `padding_side='left'` when initializing the tokenizer.
{"step": 16, "epoch": 0, "rows": 8, "skipped": 0, "answer_accuracy": 0.375, "seconds": 12.303003787994385, "loss": 2.654968990476986, "confidence": 0.9395101239910274, "mass": 0.8747850433017162, "hinge_active": 0.125}
A decoder-only architecture is being used, but right-padding was detected! For correct generation results, please set `padding_side='left'` when initializing the tokenizer.
{"step": 17, "epoch": 0, "rows": 8, "skipped": 0, "answer_accuracy": 0.625, "seconds": 6.578263759613037, "loss": -0.7262441806388082, "confidence": 0.9017428118972198, "mass": 0.9996703565120697, "hinge_active": 0.0}
A decoder-only architecture is being used, but right-padding was detected! For correct generation results, please set `padding_side='left'` when initializing the tokenizer.
{"step": 18, "epoch": 0, "rows": 7, "skipped": 1, "answer_accuracy": 0.42857142857142855, "seconds": 6.224590301513672, "loss": -0.44869600171893853, "confidence": 0.936210758924322, "mass": 0.9993502242224557, "hinge_active": 0.0}
A decoder-only architecture is being used, but right-padding was detected! For correct generation results, please set `padding_side='left'` when initializing the tokenizer.
{"step": 19, "epoch": 0, "rows": 8, "skipped": 0, "answer_accuracy": 0.375, "seconds": 12.630284309387207, "loss": 5.322726074220073, "confidence": 0.8771343374826645, "mass": 0.7497465610686576, "hinge_active": 0.25}
A decoder-only architecture is being used, but right-padding was detected! For correct generation results, please set `padding_side='left'` when initializing the tokenizer.
{"step": 20, "epoch": 0, "rows": 8, "skipped": 0, "answer_accuracy": 0.75, "seconds": 6.379236698150635, "loss": -0.763589252205052, "confidence": 0.9429205526025325, "mass": 0.9996162205934525, "hinge_active": 0.0}
A decoder-only architecture is being used, but right-padding was detected! For correct generation results, please set `padding_side='left'` when initializing the tokenizer.
{"step": 21, "epoch": 0, "rows": 8, "skipped": 0, "answer_accuracy": 0.25, "seconds": 12.281908750534058, "loss": 2.5699753719632885, "confidence": 0.8987793150630605, "mass": 0.8728658333494261, "hinge_active": 0.125}
A decoder-only architecture is being used, but right-padding was detected! For correct generation results, please set `padding_side='left'` when initializing the tokenizer.
{"step": 22, "epoch": 0, "rows": 8, "skipped": 0, "answer_accuracy": 0.625, "seconds": 6.380527973175049, "loss": -0.7494461671674693, "confidence": 0.9234337758029717, "mass": 0.9996791630983353, "hinge_active": 0.0}
A decoder-only architecture is being used, but right-padding was detected! For correct generation results, please set `padding_side='left'` when initializing the tokenizer.
{"step": 23, "epoch": 0, "rows": 8, "skipped": 0, "answer_accuracy": 0.625, "seconds": 12.086544275283813, "loss": 2.037541889928223, "confidence": 0.9323832775906218, "mass": 0.8747156933196403, "hinge_active": 0.125}
A decoder-only architecture is being used, but right-padding was detected! For correct generation results, please set `padding_side='left'` when initializing the tokenizer.
{"step": 24, "epoch": 0, "rows": 8, "skipped": 0, "answer_accuracy": 0.5, "seconds": 6.365124940872192, "loss": -0.5422316746639795, "confidence": 0.9530271538147816, "mass": 0.9996330440044403, "hinge_active": 0.0}
A decoder-only architecture is being used, but right-padding was detected! For correct generation results, please set `padding_side='left'` when initializing the tokenizer.
{"step": 25, "epoch": 0, "rows": 8, "skipped": 0, "answer_accuracy": 0.375, "seconds": 6.251750469207764, "loss": -0.6516343241803285, "confidence": 0.845294146603169, "mass": 0.9990957677364349, "hinge_active": 0.0}
A decoder-only architecture is being used, but right-padding was detected! For correct generation results, please set `padding_side='left'` when initializing the tokenizer.
{"step": 26, "epoch": 0, "rows": 8, "skipped": 0, "answer_accuracy": 0.625, "seconds": 6.622720003128052, "loss": -0.6913749674471006, "confidence": 0.9510678095242044, "mass": 0.9986828416585922, "hinge_active": 0.0}
A decoder-only architecture is being used, but right-padding was detected! For correct generation results, please set `padding_side='left'` when initializing the tokenizer.
{"step": 27, "epoch": 0, "rows": 8, "skipped": 0, "answer_accuracy": 0.75, "seconds": 6.456769943237305, "loss": -0.8112782803618698, "confidence": 0.9438167835216973, "mass": 0.9997789487242699, "hinge_active": 0.0}
A decoder-only architecture is being used, but right-padding was detected! For correct generation results, please set `padding_side='left'` when initializing the tokenizer.
{"step": 28, "epoch": 0, "rows": 8, "skipped": 0, "answer_accuracy": 0.5, "seconds": 12.20673942565918, "loss": 2.2404459990961634, "confidence": 0.9117344431261136, "mass": 0.8747809976467904, "hinge_active": 0.125}
A decoder-only architecture is being used, but right-padding was detected! For correct generation results, please set `padding_side='left'` when initializing the tokenizer.
{"step": 29, "epoch": 0, "rows": 8, "skipped": 0, "answer_accuracy": 0.75, "seconds": 12.067511558532715, "loss": 1.6587180239038448, "confidence": 0.9223778405863178, "mass": 0.8747649940318047, "hinge_active": 0.125}
A decoder-only architecture is being used, but right-padding was detected! For correct generation results, please set `padding_side='left'` when initializing the tokenizer.
{"step": 30, "epoch": 0, "rows": 8, "skipped": 0, "answer_accuracy": 0.5, "seconds": 6.366496324539185, "loss": -0.6775973173533207, "confidence": 0.8911643543766234, "mass": 0.9997134059667587, "hinge_active": 0.0}
A decoder-only architecture is being used, but right-padding was detected! For correct generation results, please set `padding_side='left'` when initializing the tokenizer.
{"step": 31, "epoch": 0, "rows": 8, "skipped": 0, "answer_accuracy": 0.25, "seconds": 6.346066474914551, "loss": -0.48650177907595704, "confidence": 0.8960426132819719, "mass": 0.999738834798336, "hinge_active": 0.0}
A decoder-only architecture is being used, but right-padding was detected! For correct generation results, please set `padding_side='left'` when initializing the tokenizer.
{"step": 32, "epoch": 0, "rows": 8, "skipped": 0, "answer_accuracy": 0.375, "seconds": 6.549109935760498, "loss": -0.5841084635187348, "confidence": 0.8936996094719921, "mass": 0.999629408121109, "hinge_active": 0.0}
A decoder-only architecture is being used, but right-padding was detected! For correct generation results, please set `padding_side='left'` when initializing the tokenizer.
{"step": 33, "epoch": 0, "rows": 8, "skipped": 0, "answer_accuracy": 0.5, "seconds": 6.495850563049316, "loss": -0.731922366711875, "confidence": 0.8825252306033978, "mass": 0.9995435774326324, "hinge_active": 0.0}
A decoder-only architecture is being used, but right-padding was detected! For correct generation results, please set `padding_side='left'` when initializing the tokenizer.
{"step": 34, "epoch": 0, "rows": 8, "skipped": 0, "answer_accuracy": 0.5, "seconds": 6.33927583694458, "loss": -0.7323430619621926, "confidence": 0.8758376802192266, "mass": 0.9997111111879349, "hinge_active": 0.0}
A decoder-only architecture is being used, but right-padding was detected! For correct generation results, please set `padding_side='left'` when initializing the tokenizer.
{"step": 35, "epoch": 0, "rows": 8, "skipped": 0, "answer_accuracy": 0.625, "seconds": 6.603244304656982, "loss": -0.6910600536325817, "confidence": 0.9215801206025303, "mass": 0.9997360706329346, "hinge_active": 0.0}
A decoder-only architecture is being used, but right-padding was detected! For correct generation results, please set `padding_side='left'` when initializing the tokenizer.
{"step": 36, "epoch": 0, "rows": 8, "skipped": 0, "answer_accuracy": 0.375, "seconds": 6.377676248550415, "loss": -0.5223608645347882, "confidence": 0.9100541016506711, "mass": 0.9997356981039047, "hinge_active": 0.0}
A decoder-only architecture is being used, but right-padding was detected! For correct generation results, please set `padding_side='left'` when initializing the tokenizer.
{"step": 37, "epoch": 0, "rows": 8, "skipped": 0, "answer_accuracy": 0.5, "seconds": 6.620128631591797, "loss": -0.6620835178520081, "confidence": 0.8856598180924193, "mass": 0.9997179433703423, "hinge_active": 0.0}
A decoder-only architecture is being used, but right-padding was detected! For correct generation results, please set `padding_side='left'` when initializing the tokenizer.
{"step": 38, "epoch": 0, "rows": 8, "skipped": 0, "answer_accuracy": 0.5, "seconds": 12.147514581680298, "loss": 1.7055547697792053, "confidence": 0.8658476553309968, "mass": 0.8739219163533432, "hinge_active": 0.125}
A decoder-only architecture is being used, but right-padding was detected! For correct generation results, please set `padding_side='left'` when initializing the tokenizer.
{"step": 39, "epoch": 0, "rows": 8, "skipped": 0, "answer_accuracy": 0.375, "seconds": 12.164963483810425, "loss": 1.4659091041869907, "confidence": 0.8811281938178753, "mass": 0.8747369004231826, "hinge_active": 0.125}
A decoder-only architecture is being used, but right-padding was detected! For correct generation results, please set `padding_side='left'` when initializing the tokenizer.
{"step": 40, "epoch": 0, "rows": 8, "skipped": 0, "answer_accuracy": 0.5, "seconds": 6.336857557296753, "loss": -0.7101176805504539, "confidence": 0.8608162941468218, "mass": 0.9997476115822792, "hinge_active": 0.0}
A decoder-only architecture is being used, but right-padding was detected! For correct generation results, please set `padding_side='left'` when initializing the tokenizer.
{"step": 41, "epoch": 0, "rows": 8, "skipped": 0, "answer_accuracy": 0.375, "seconds": 7.104145288467407, "loss": -0.6261794303496087, "confidence": 0.8642044389781653, "mass": 0.9997410699725151, "hinge_active": 0.0}
A decoder-only architecture is being used, but right-padding was detected! For correct generation results, please set `padding_side='left'` when initializing the tokenizer.
{"step": 42, "epoch": 0, "rows": 8, "skipped": 0, "answer_accuracy": 0.375, "seconds": 6.3319618701934814, "loss": -0.506378211742505, "confidence": 0.875792110692653, "mass": 0.9992776215076447, "hinge_active": 0.0}
A decoder-only architecture is being used, but right-padding was detected! For correct generation results, please set `padding_side='left'` when initializing the tokenizer.
{"step": 43, "epoch": 0, "rows": 8, "skipped": 0, "answer_accuracy": 0.5, "seconds": 6.318021297454834, "loss": -0.6940697349441212, "confidence": 0.864352706439981, "mass": 0.9997231289744377, "hinge_active": 0.0}
A decoder-only architecture is being used, but right-padding was detected! For correct generation results, please set `padding_side='left'` when initializing the tokenizer.
{"step": 44, "epoch": 0, "rows": 8, "skipped": 0, "answer_accuracy": 1.0, "seconds": 6.2734551429748535, "loss": -0.9589511529668816, "confidence": 0.8676655196598027, "mass": 0.9996698871254921, "hinge_active": 0.0}
A decoder-only architecture is being used, but right-padding was detected! For correct generation results, please set `padding_side='left'` when initializing the tokenizer.
{"step": 45, "epoch": 0, "rows": 8, "skipped": 0, "answer_accuracy": 0.5, "seconds": 6.453352689743042, "loss": -0.7169770748252767, "confidence": 0.8262650963664983, "mass": 0.9992852136492729, "hinge_active": 0.0}
A decoder-only architecture is being used, but right-padding was detected! For correct generation results, please set `padding_side='left'` when initializing the tokenizer.
{"step": 46, "epoch": 0, "rows": 8, "skipped": 0, "answer_accuracy": 0.75, "seconds": 6.538870334625244, "loss": -0.8743809455230206, "confidence": 0.8408634157439562, "mass": 0.998786985874176, "hinge_active": 0.0}
A decoder-only architecture is being used, but right-padding was detected! For correct generation results, please set `padding_side='left'` when initializing the tokenizer.
{"step": 47, "epoch": 0, "rows": 8, "skipped": 0, "answer_accuracy": 0.5, "seconds": 6.658806800842285, "loss": -0.6992935905725267, "confidence": 0.8607979479007952, "mass": 0.9996876791119576, "hinge_active": 0.0}
A decoder-only architecture is being used, but right-padding was detected! For correct generation results, please set `padding_side='left'` when initializing the tokenizer.
{"step": 48, "epoch": 0, "rows": 8, "skipped": 0, "answer_accuracy": 1.0, "seconds": 6.399554252624512, "loss": -0.9648344490131696, "confidence": 0.8854981576949519, "mass": 0.9997991397976875, "hinge_active": 0.0}
A decoder-only architecture is being used, but right-padding was detected! For correct generation results, please set `padding_side='left'` when initializing the tokenizer.
{"step": 49, "epoch": 0, "rows": 8, "skipped": 0, "answer_accuracy": 0.625, "seconds": 6.3678765296936035, "loss": -0.7490578401068608, "confidence": 0.8732373516970398, "mass": 0.9997964948415756, "hinge_active": 0.0}
A decoder-only architecture is being used, but right-padding was detected! For correct generation results, please set `padding_side='left'` when initializing the tokenizer.
{"step": 50, "epoch": 0, "rows": 8, "skipped": 0, "answer_accuracy": 0.625, "seconds": 6.435708522796631, "loss": -0.7441375266077375, "confidence": 0.8917884946735465, "mass": 0.9997074082493782, "hinge_active": 0.0}
A decoder-only architecture is being used, but right-padding was detected! For correct generation results, please set `padding_side='left'` when initializing the tokenizer.
{"step": 51, "epoch": 0, "rows": 8, "skipped": 0, "answer_accuracy": 0.625, "seconds": 6.310956954956055, "loss": -0.768365774853747, "confidence": 0.8643957986107123, "mass": 0.9997989535331726, "hinge_active": 0.0}
A decoder-only architecture is being used, but right-padding was detected! For correct generation results, please set `padding_side='left'` when initializing the tokenizer.
{"step": 52, "epoch": 0, "rows": 8, "skipped": 0, "answer_accuracy": 0.25, "seconds": 12.182709217071533, "loss": 1.3139305750658608, "confidence": 0.8442271759263192, "mass": 0.8747986361834243, "hinge_active": 0.125}
A decoder-only architecture is being used, but right-padding was detected! For correct generation results, please set `padding_side='left'` when initializing the tokenizer.
{"step": 53, "epoch": 0, "rows": 8, "skipped": 0, "answer_accuracy": 0.75, "seconds": 6.289062261581421, "loss": -0.8454885901757841, "confidence": 0.8751219259660276, "mass": 0.9997583255171776, "hinge_active": 0.0}
A decoder-only architecture is being used, but right-padding was detected! For correct generation results, please set `padding_side='left'` when initializing the tokenizer.
{"step": 54, "epoch": 0, "rows": 7, "skipped": 1, "answer_accuracy": 0.5714285714285714, "seconds": 6.413897514343262, "loss": -0.7107807862457622, "confidence": 0.8352137760947546, "mass": 0.9997010912214006, "hinge_active": 0.0}
A decoder-only architecture is being used, but right-padding was detected! For correct generation results, please set `padding_side='left'` when initializing the tokenizer.
{"step": 55, "epoch": 0, "rows": 8, "skipped": 0, "answer_accuracy": 0.875, "seconds": 12.152149200439453, "loss": 0.9756270555862945, "confidence": 0.8623956510973433, "mass": 0.8747522871225932, "hinge_active": 0.125}
A decoder-only architecture is being used, but right-padding was detected! For correct generation results, please set `padding_side='left'` when initializing the tokenizer.
{"step": 56, "epoch": 0, "rows": 8, "skipped": 0, "answer_accuracy": 0.125, "seconds": 12.297630071640015, "loss": 1.3379874891782197, "confidence": 0.8224024190675534, "mass": 0.8744562705179675, "hinge_active": 0.125}
A decoder-only architecture is being used, but right-padding was detected! For correct generation results, please set `padding_side='left'` when initializing the tokenizer.
{"step": 57, "epoch": 0, "rows": 8, "skipped": 0, "answer_accuracy": 0.375, "seconds": 6.450099468231201, "loss": -0.627533490411427, "confidence": 0.856904313262075, "mass": 0.9996397793292999, "hinge_active": 0.0}
A decoder-only architecture is being used, but right-padding was detected! For correct generation results, please set `padding_side='left'` when initializing the tokenizer.
{"step": 58, "epoch": 0, "rows": 8, "skipped": 0, "answer_accuracy": 0.5, "seconds": 6.545886754989624, "loss": -0.7031340470646819, "confidence": 0.8511018152698638, "mass": 0.9997840821743011, "hinge_active": 0.0}
A decoder-only architecture is being used, but right-padding was detected! For correct generation results, please set `padding_side='left'` when initializing the tokenizer.
{"step": 59, "epoch": 0, "rows": 8, "skipped": 0, "answer_accuracy": 0.875, "seconds": 12.204687595367432, "loss": 0.9009550056777359, "confidence": 0.8617197250677942, "mass": 0.8747827273630406, "hinge_active": 0.125}
A decoder-only architecture is being used, but right-padding was detected! For correct generation results, please set `padding_side='left'` when initializing the tokenizer.
{"step": 60, "epoch": 0, "rows": 8, "skipped": 0, "answer_accuracy": 0.625, "seconds": 6.505805015563965, "loss": -0.7893000082245549, "confidence": 0.8425198014997268, "mass": 0.9997653439640999, "hinge_active": 0.0}
A decoder-only architecture is being used, but right-padding was detected! For correct generation results, please set `padding_side='left'` when initializing the tokenizer.
{"step": 61, "epoch": 0, "rows": 8, "skipped": 0, "answer_accuracy": 0.5, "seconds": 6.450989007949829, "loss": -0.7170573996337484, "confidence": 0.8379461754908721, "mass": 0.9997552707791328, "hinge_active": 0.0}
A decoder-only architecture is being used, but right-padding was detected! For correct generation results, please set `padding_side='left'` when initializing the tokenizer.
{"step": 62, "epoch": 0, "rows": 8, "skipped": 0, "answer_accuracy": 0.375, "seconds": 12.2321195602417, "loss": 1.059943618273582, "confidence": 0.8376808470673125, "mass": 0.8748150041010945, "hinge_active": 0.125}
A decoder-only architecture is being used, but right-padding was detected! For correct generation results, please set `padding_side='left'` when initializing the tokenizer.
{"step": 63, "epoch": 0, "rows": 8, "skipped": 0, "answer_accuracy": 0.5, "seconds": 6.5770251750946045, "loss": -0.7205293295569546, "confidence": 0.8329642315948229, "mass": 0.999818705022335, "hinge_active": 0.0}
A decoder-only architecture is being used, but right-padding was detected! For correct generation results, please set `padding_side='left'` when initializing the tokenizer.
{"step": 64, "epoch": 0, "rows": 8, "skipped": 0, "answer_accuracy": 0.625, "seconds": 12.071429967880249, "loss": 0.9616882917620995, "confidence": 0.8327134322518559, "mass": 0.8748148229925405, "hinge_active": 0.125}
A decoder-only architecture is being used, but right-padding was detected! For correct generation results, please set `padding_side='left'` when initializing the tokenizer.
{"step": 65, "epoch": 0, "rows": 7, "skipped": 1, "answer_accuracy": 0.7142857142857143, "seconds": 7.213515758514404, "loss": -0.826870643410869, "confidence": 0.8294981745453781, "mass": 0.9991436004638673, "hinge_active": 0.0}
A decoder-only architecture is being used, but right-padding was detected! For correct generation results, please set `padding_side='left'` when initializing the tokenizer.
{"step": 66, "epoch": 0, "rows": 8, "skipped": 0, "answer_accuracy": 0.75, "seconds": 6.622942209243774, "loss": -0.8142203921667004, "confidence": 0.8666650450910056, "mass": 0.9997562393546104, "hinge_active": 0.0}
A decoder-only architecture is being used, but right-padding was detected! For correct generation results, please set `padding_side='left'` when initializing the tokenizer.
{"step": 67, "epoch": 0, "rows": 8, "skipped": 0, "answer_accuracy": 0.625, "seconds": 6.227732419967651, "loss": -0.7547705315019627, "confidence": 0.8373763296703534, "mass": 0.9997901543974876, "hinge_active": 0.0}
A decoder-only architecture is being used, but right-padding was detected! For correct generation results, please set `padding_side='left'` when initializing the tokenizer.
{"step": 68, "epoch": 0, "rows": 8, "skipped": 0, "answer_accuracy": 1.0, "seconds": 6.36400032043457, "loss": -0.9574544610474951, "confidence": 0.8626313741340735, "mass": 0.9998107105493546, "hinge_active": 0.0}
A decoder-only architecture is being used, but right-padding was detected! For correct generation results, please set `padding_side='left'` when initializing the tokenizer.
{"step": 69, "epoch": 0, "rows": 8, "skipped": 0, "answer_accuracy": 0.5, "seconds": 12.127243518829346, "loss": 0.9281829047617326, "confidence": 0.8329042238676645, "mass": 0.8748249351203441, "hinge_active": 0.125}
A decoder-only architecture is being used, but right-padding was detected! For correct generation results, please set `padding_side='left'` when initializing the tokenizer.
{"step": 70, "epoch": 0, "rows": 8, "skipped": 0, "answer_accuracy": 0.375, "seconds": 12.06558895111084, "loss": 0.9507173433317777, "confidence": 0.8275844851516192, "mass": 0.87451339232436, "hinge_active": 0.125}
A decoder-only architecture is being used, but right-padding was detected! For correct generation results, please set `padding_side='left'` when initializing the tokenizer.
{"step": 71, "epoch": 0, "rows": 8, "skipped": 0, "answer_accuracy": 0.625, "seconds": 12.14026927947998, "loss": 0.7683118439263199, "confidence": 0.8384902844847434, "mass": 0.87479399958778, "hinge_active": 0.125}
A decoder-only architecture is being used, but right-padding was detected! For correct generation results, please set `padding_side='left'` when initializing the tokenizer.
{"step": 72, "epoch": 0, "rows": 8, "skipped": 0, "answer_accuracy": 0.25, "seconds": 12.157468557357788, "loss": 0.8813116070126302, "confidence": 0.8162262078360651, "mass": 0.8748513542732326, "hinge_active": 0.125}
A decoder-only architecture is being used, but right-padding was detected! For correct generation results, please set `padding_side='left'` when initializing the tokenizer.
{"step": 73, "epoch": 0, "rows": 8, "skipped": 0, "answer_accuracy": 0.375, "seconds": 6.485056400299072, "loss": -0.7197327488023253, "confidence": 0.7897307574633013, "mass": 0.9986218139529228, "hinge_active": 0.0}
A decoder-only architecture is being used, but right-padding was detected! For correct generation results, please set `padding_side='left'` when initializing the tokenizer.
{"step": 74, "epoch": 0, "rows": 8, "skipped": 0, "answer_accuracy": 0.5, "seconds": 6.977543830871582, "loss": -0.6973581109607264, "confidence": 0.8348164003780831, "mass": 0.9996774047613144, "hinge_active": 0.0}
A decoder-only architecture is being used, but right-padding was detected! For correct generation results, please set `padding_side='left'` when initializing the tokenizer.
{"step": 75, "epoch": 0, "rows": 7, "skipped": 1, "answer_accuracy": 0.2857142857142857, "seconds": 6.831056356430054, "loss": -0.7086483154882102, "confidence": 0.7409485529516338, "mass": 0.9966553619929723, "hinge_active": 0.0}
A decoder-only architecture is being used, but right-padding was detected! For correct generation results, please set `padding_side='left'` when initializing the tokenizer.
{"step": 76, "epoch": 0, "rows": 8, "skipped": 0, "answer_accuracy": 0.75, "seconds": 12.23491382598877, "loss": 0.5229432733883459, "confidence": 0.8280529277348976, "mass": 0.8747474374522426, "hinge_active": 0.125}
A decoder-only architecture is being used, but right-padding was detected! For correct generation results, please set `padding_side='left'` when initializing the tokenizer.
{"step": 77, "epoch": 0, "rows": 8, "skipped": 0, "answer_accuracy": 0.625, "seconds": 6.549580097198486, "loss": -0.7838414864781761, "confidence": 0.8258952530604352, "mass": 0.999808706343174, "hinge_active": 0.0}
A decoder-only architecture is being used, but right-padding was detected! For correct generation results, please set `padding_side='left'` when initializing the tokenizer.
{"step": 78, "epoch": 0, "rows": 8, "skipped": 0, "answer_accuracy": 0.375, "seconds": 12.643588542938232, "loss": 1.8162991458280615, "confidence": 0.794171036032127, "mass": 0.7498361231805575, "hinge_active": 0.25}
A decoder-only architecture is being used, but right-padding was detected! For correct generation results, please set `padding_side='left'` when initializing the tokenizer.
{"step": 79, "epoch": 0, "rows": 8, "skipped": 0, "answer_accuracy": 0.875, "seconds": 6.365992784500122, "loss": -0.8830491482957842, "confidence": 0.8338681990656011, "mass": 0.9997737109661102, "hinge_active": 0.0}
A decoder-only architecture is being used, but right-padding was detected! For correct generation results, please set `padding_side='left'` when initializing the tokenizer.
{"step": 80, "epoch": 0, "rows": 8, "skipped": 0, "answer_accuracy": 0.75, "seconds": 12.216862201690674, "loss": 0.3757637973219549, "confidence": 0.8312289246898071, "mass": 0.8748535489480673, "hinge_active": 0.125}
A decoder-only architecture is being used, but right-padding was detected! For correct generation results, please set `padding_side='left'` when initializing the tokenizer.
{"step": 81, "epoch": 0, "rows": 8, "skipped": 0, "answer_accuracy": 0.375, "seconds": 12.191234827041626, "loss": 0.37428622817854584, "confidence": 0.8214039099879046, "mass": 0.8748132218461251, "hinge_active": 0.125}
A decoder-only architecture is being used, but right-padding was detected! For correct generation results, please set `padding_side='left'` when initializing the tokenizer.
{"step": 82, "epoch": 0, "rows": 8, "skipped": 0, "answer_accuracy": 0.25, "seconds": 6.449282646179199, "loss": -0.6730734734210275, "confidence": 0.7888573947940423, "mass": 0.9996956437826157, "hinge_active": 0.0}
A decoder-only architecture is being used, but right-padding was detected! For correct generation results, please set `padding_side='left'` when initializing the tokenizer.
{"step": 83, "epoch": 0, "rows": 8, "skipped": 0, "answer_accuracy": 0.5, "seconds": 6.50234317779541, "loss": -0.7462313733934179, "confidence": 0.8187107166645167, "mass": 0.9997654482722282, "hinge_active": 0.0}
A decoder-only architecture is being used, but right-padding was detected! For correct generation results, please set `padding_side='left'` when initializing the tokenizer.
{"step": 84, "epoch": 0, "rows": 8, "skipped": 0, "answer_accuracy": 0.375, "seconds": 6.602535963058472, "loss": -0.6677340892936012, "confidence": 0.817461826457631, "mass": 0.9996931999921799, "hinge_active": 0.0}
A decoder-only architecture is being used, but right-padding was detected! For correct generation results, please set `padding_side='left'` when initializing the tokenizer.
{"step": 85, "epoch": 0, "rows": 8, "skipped": 0, "answer_accuracy": 0.375, "seconds": 12.279364109039307, "loss": 0.2908214236117157, "confidence": 0.7792242518258873, "mass": 0.8745685824869724, "hinge_active": 0.125}
A decoder-only architecture is being used, but right-padding was detected! For correct generation results, please set `padding_side='left'` when initializing the tokenizer.
{"step": 86, "epoch": 0, "rows": 8, "skipped": 0, "answer_accuracy": 0.375, "seconds": 7.2231128215789795, "loss": -0.6789362008379265, "confidence": 0.8172011824780472, "mass": 0.9991890490055084, "hinge_active": 0.0}
A decoder-only architecture is being used, but right-padding was detected! For correct generation results, please set `padding_side='left'` when initializing the tokenizer.
{"step": 87, "epoch": 0, "rows": 8, "skipped": 0, "answer_accuracy": 0.625, "seconds": 6.289449691772461, "loss": -0.7858562216217634, "confidence": 0.8223730547480395, "mass": 0.9996815770864487, "hinge_active": 0.0}
A decoder-only architecture is being used, but right-padding was detected! For correct generation results, please set `padding_side='left'` when initializing the tokenizer.
{"step": 88, "epoch": 0, "rows": 8, "skipped": 0, "answer_accuracy": 0.875, "seconds": 6.30645751953125, "loss": -0.893987391381614, "confidence": 0.8255542528978639, "mass": 0.9997811391949654, "hinge_active": 0.0}
A decoder-only architecture is being used, but right-padding was detected! For correct generation results, please set `padding_side='left'` when initializing the tokenizer.
{"step": 89, "epoch": 0, "rows": 8, "skipped": 0, "answer_accuracy": 0.125, "seconds": 6.395838975906372, "loss": -0.5732505791718746, "confidence": 0.8112765781487047, "mass": 0.9996671676635742, "hinge_active": 0.0}
A decoder-only architecture is being used, but right-padding was detected! For correct generation results, please set `padding_side='left'` when initializing the tokenizer.
{"step": 90, "epoch": 0, "rows": 8, "skipped": 0, "answer_accuracy": 0.5, "seconds": 6.319989204406738, "loss": -0.7687638353886599, "confidence": 0.7630238352719219, "mass": 0.9978614896535873, "hinge_active": 0.0}
A decoder-only architecture is being used, but right-padding was detected! For correct generation results, please set `padding_side='left'` when initializing the tokenizer.
{"step": 91, "epoch": 0, "rows": 8, "skipped": 0, "answer_accuracy": 0.375, "seconds": 6.531673908233643, "loss": -0.7249520882815108, "confidence": 0.7561461030231831, "mass": 0.9969100207090378, "hinge_active": 0.0}
A decoder-only architecture is being used, but right-padding was detected! For correct generation results, please set `padding_side='left'` when initializing the tokenizer.
{"step": 92, "epoch": 0, "rows": 8, "skipped": 0, "answer_accuracy": 0.25, "seconds": 6.269173622131348, "loss": -0.6061577302927573, "confidence": 0.8078143404606027, "mass": 0.9996521472930908, "hinge_active": 0.0}
A decoder-only architecture is being used, but right-padding was detected! For correct generation results, please set `padding_side='left'` when initializing the tokenizer.
{"step": 93, "epoch": 0, "rows": 8, "skipped": 0, "answer_accuracy": 0.375, "seconds": 6.373063087463379, "loss": -0.6942006211386018, "confidence": 0.8031289638114293, "mass": 0.9996844828128815, "hinge_active": 0.0}
A decoder-only architecture is being used, but right-padding was detected! For correct generation results, please set `padding_side='left'` when initializing the tokenizer.
{"step": 94, "epoch": 0, "rows": 8, "skipped": 0, "answer_accuracy": 0.625, "seconds": 6.364227771759033, "loss": -0.7991537139681305, "confidence": 0.7972764796964382, "mass": 0.999407485127449, "hinge_active": 0.0}
A decoder-only architecture is being used, but right-padding was detected! For correct generation results, please set `padding_side='left'` when initializing the tokenizer.
{"step": 95, "epoch": 0, "rows": 8, "skipped": 0, "answer_accuracy": 0.625, "seconds": 6.562859058380127, "loss": -0.8099363276695218, "confidence": 0.7913419433949554, "mass": 0.9996599480509758, "hinge_active": 0.0}
A decoder-only architecture is being used, but right-padding was detected! For correct generation results, please set `padding_side='left'` when initializing the tokenizer.
{"step": 96, "epoch": 0, "rows": 8, "skipped": 0, "answer_accuracy": 0.5, "seconds": 7.17648983001709, "loss": -0.786127555562703, "confidence": 0.7160396129430676, "mass": 0.9955922737717628, "hinge_active": 0.0}
A decoder-only architecture is being used, but right-padding was detected! For correct generation results, please set `padding_side='left'` when initializing the tokenizer.
{"step": 97, "epoch": 0, "rows": 8, "skipped": 0, "answer_accuracy": 0.75, "seconds": 6.383109092712402, "loss": -0.8375629465333706, "confidence": 0.8095319237792467, "mass": 0.9992837086319923, "hinge_active": 0.0}
A decoder-only architecture is being used, but right-padding was detected! For correct generation results, please set `padding_side='left'` when initializing the tokenizer.
{"step": 98, "epoch": 0, "rows": 8, "skipped": 0, "answer_accuracy": 0.75, "seconds": 6.316505193710327, "loss": -0.8373926334524393, "confidence": 0.796547002669835, "mass": 0.9997593089938164, "hinge_active": 0.0}
A decoder-only architecture is being used, but right-padding was detected! For correct generation results, please set `padding_side='left'` when initializing the tokenizer.
{"step": 99, "epoch": 0, "rows": 8, "skipped": 0, "answer_accuracy": 0.75, "seconds": 6.3606133460998535, "loss": -0.8532148799354409, "confidence": 0.7671847885850326, "mass": 0.9994822293519974, "hinge_active": 0.0}
A decoder-only architecture is being used, but right-padding was detected! For correct generation results, please set `padding_side='left'` when initializing the tokenizer.
{"step": 100, "epoch": 0, "rows": 8, "skipped": 0, "answer_accuracy": 0.375, "seconds": 12.06017804145813, "loss": -0.42823766126250223, "confidence": 0.7529972029512995, "mass": 0.8839983800426126, "hinge_active": 0.125}
A decoder-only architecture is being used, but right-padding was detected! For correct generation results, please set `padding_side='left'` when initializing the tokenizer.
{"step": 101, "epoch": 0, "rows": 8, "skipped": 0, "answer_accuracy": 0.5, "seconds": 6.394636869430542, "loss": -0.7423380791533497, "confidence": 0.7922222712089053, "mass": 0.9996047094464302, "hinge_active": 0.0}
A decoder-only architecture is being used, but right-padding was detected! For correct generation results, please set `padding_side='left'` when initializing the tokenizer.
{"step": 102, "epoch": 0, "rows": 8, "skipped": 0, "answer_accuracy": 0.875, "seconds": 6.309946060180664, "loss": -0.873884144628286, "confidence": 0.8189193855236605, "mass": 0.9997799172997475, "hinge_active": 0.0}
A decoder-only architecture is being used, but right-padding was detected! For correct generation results, please set `padding_side='left'` when initializing the tokenizer.
{"step": 103, "epoch": 0, "rows": 8, "skipped": 0, "answer_accuracy": 0.5, "seconds": 6.3317790031433105, "loss": -0.7761572359643463, "confidence": 0.7481765782138025, "mass": 0.9982128888368607, "hinge_active": 0.0}
A decoder-only architecture is being used, but right-padding was detected! For correct generation results, please set `padding_side='left'` when initializing the tokenizer.
{"step": 104, "epoch": 0, "rows": 8, "skipped": 0, "answer_accuracy": 0.25, "seconds": 12.005831241607666, "loss": -0.5208172194405838, "confidence": 0.6728371113832604, "mass": 0.8913057968020439, "hinge_active": 0.125}
A decoder-only architecture is being used, but right-padding was detected! For correct generation results, please set `padding_side='left'` when initializing the tokenizer.
{"step": 105, "epoch": 0, "rows": 8, "skipped": 0, "answer_accuracy": 0.625, "seconds": 6.548279762268066, "loss": -0.8144704060683077, "confidence": 0.741157151462065, "mass": 0.9881580024957657, "hinge_active": 0.125}
A decoder-only architecture is being used, but right-padding was detected! For correct generation results, please set `padding_side='left'` when initializing the tokenizer.
{"step": 106, "epoch": 0, "rows": 8, "skipped": 0, "answer_accuracy": 0.625, "seconds": 12.043362617492676, "loss": -0.6691686729805197, "confidence": 0.7950146492793941, "mass": 0.9193351976573467, "hinge_active": 0.125}
A decoder-only architecture is being used, but right-padding was detected! For correct generation results, please set `padding_side='left'` when initializing the tokenizer.
{"step": 107, "epoch": 0, "rows": 8, "skipped": 0, "answer_accuracy": 0.375, "seconds": 6.961440563201904, "loss": -0.7227027435915012, "confidence": 0.7673477268407283, "mass": 0.999713808298111, "hinge_active": 0.0}
A decoder-only architecture is being used, but right-padding was detected! For correct generation results, please set `padding_side='left'` when initializing the tokenizer.
{"step": 108, "epoch": 0, "rows": 8, "skipped": 0, "answer_accuracy": 0.625, "seconds": 6.852427244186401, "loss": -0.8141748045173379, "confidence": 0.7340572451458994, "mass": 0.9975317865610123, "hinge_active": 0.0}
A decoder-only architecture is being used, but right-padding was detected! For correct generation results, please set `padding_side='left'` when initializing the tokenizer.
{"step": 109, "epoch": 0, "rows": 8, "skipped": 0, "answer_accuracy": 0.5, "seconds": 6.588270664215088, "loss": -0.7504629065735942, "confidence": 0.8007174159917196, "mass": 0.9997302070260048, "hinge_active": 0.0}
A decoder-only architecture is being used, but right-padding was detected! For correct generation results, please set `padding_side='left'` when initializing the tokenizer.
{"step": 110, "epoch": 0, "rows": 8, "skipped": 0, "answer_accuracy": 0.75, "seconds": 6.214684247970581, "loss": -0.8490504987113453, "confidence": 0.7754508042246002, "mass": 0.9996863603591919, "hinge_active": 0.0}
A decoder-only architecture is being used, but right-padding was detected! For correct generation results, please set `padding_side='left'` when initializing the tokenizer.
{"step": 111, "epoch": 0, "rows": 8, "skipped": 0, "answer_accuracy": 0.5, "seconds": 6.506745100021362, "loss": -0.7799683713447949, "confidence": 0.7462272283584607, "mass": 0.9974030032753944, "hinge_active": 0.0}
A decoder-only architecture is being used, but right-padding was detected! For correct generation results, please set `padding_side='left'` when initializing the tokenizer.
{"step": 112, "epoch": 0, "rows": 8, "skipped": 0, "answer_accuracy": 0.375, "seconds": 6.404276132583618, "loss": -0.7021106992075832, "confidence": 0.7569575321307073, "mass": 0.9996727034449577, "hinge_active": 0.0}
A decoder-only architecture is being used, but right-padding was detected! For correct generation results, please set `padding_side='left'` when initializing the tokenizer.
{"step": 113, "epoch": 0, "rows": 8, "skipped": 0, "answer_accuracy": 0.5, "seconds": 6.452743291854858, "loss": -0.7436453401456089, "confidence": 0.7979326432276144, "mass": 0.999717228114605, "hinge_active": 0.0}
A decoder-only architecture is being used, but right-padding was detected! For correct generation results, please set `padding_side='left'` when initializing the tokenizer.
{"step": 114, "epoch": 0, "rows": 8, "skipped": 0, "answer_accuracy": 0.625, "seconds": 6.480602979660034, "loss": -0.8207848721287094, "confidence": 0.7267894845593932, "mass": 0.9995504394173622, "hinge_active": 0.0}
A decoder-only architecture is being used, but right-padding was detected! For correct generation results, please set `padding_side='left'` when initializing the tokenizer.
{"step": 115, "epoch": 0, "rows": 8, "skipped": 0, "answer_accuracy": 0.5, "seconds": 6.841568470001221, "loss": -0.7464161346809781, "confidence": 0.7781314774150621, "mass": 0.9991625770926476, "hinge_active": 0.0}
A decoder-only architecture is being used, but right-padding was detected! For correct generation results, please set `padding_side='left'` when initializing the tokenizer.
{"step": 116, "epoch": 0, "rows": 8, "skipped": 0, "answer_accuracy": 0.5, "seconds": 12.213579416275024, "loss": -0.8225220404171616, "confidence": 0.6864931846236813, "mass": 0.9723296239972115, "hinge_active": 0.25}
A decoder-only architecture is being used, but right-padding was detected! For correct generation results, please set `padding_side='left'` when initializing the tokenizer.
{"step": 117, "epoch": 0, "rows": 8, "skipped": 0, "answer_accuracy": 0.625, "seconds": 6.677651882171631, "loss": -0.7989014617435871, "confidence": 0.7807959519918564, "mass": 0.9997102618217468, "hinge_active": 0.0}
A decoder-only architecture is being used, but right-padding was detected! For correct generation results, please set `padding_side='left'` when initializing the tokenizer.
{"step": 118, "epoch": 0, "rows": 8, "skipped": 0, "answer_accuracy": 0.625, "seconds": 7.146137952804565, "loss": -0.7984304331676592, "confidence": 0.8025765117229645, "mass": 0.9997218102216721, "hinge_active": 0.0}
A decoder-only architecture is being used, but right-padding was detected! For correct generation results, please set `padding_side='left'` when initializing the tokenizer.
{"step": 119, "epoch": 0, "rows": 8, "skipped": 0, "answer_accuracy": 0.25, "seconds": 6.362729072570801, "loss": -0.6834677622098122, "confidence": 0.7487910152272171, "mass": 0.9997002556920052, "hinge_active": 0.0}
A decoder-only architecture is being used, but right-padding was detected! For correct generation results, please set `padding_side='left'` when initializing the tokenizer.
{"step": 120, "epoch": 0, "rows": 8, "skipped": 0, "answer_accuracy": 0.5, "seconds": 6.574140310287476, "loss": -0.7897649231902635, "confidence": 0.7088291733868752, "mass": 0.9955629035830498, "hinge_active": 0.0}
A decoder-only architecture is being used, but right-padding was detected! For correct generation results, please set `padding_side='left'` when initializing the tokenizer.
{"step": 121, "epoch": 0, "rows": 8, "skipped": 0, "answer_accuracy": 0.625, "seconds": 6.322026014328003, "loss": -0.7943438688403661, "confidence": 0.801859469355645, "mass": 0.9997207224369049, "hinge_active": 0.0}
A decoder-only architecture is being used, but right-padding was detected! For correct generation results, please set `padding_side='left'` when initializing the tokenizer.
{"step": 122, "epoch": 0, "rows": 8, "skipped": 0, "answer_accuracy": 0.375, "seconds": 6.344898223876953, "loss": -0.717182605361826, "confidence": 0.75055291156416, "mass": 0.9995520040392876, "hinge_active": 0.0}
A decoder-only architecture is being used, but right-padding was detected! For correct generation results, please set `padding_side='left'` when initializing the tokenizer.
{"step": 123, "epoch": 0, "rows": 8, "skipped": 0, "answer_accuracy": 0.75, "seconds": 6.417531490325928, "loss": -0.8477684749626597, "confidence": 0.7868612580240093, "mass": 0.9998065233230591, "hinge_active": 0.0}
A decoder-only architecture is being used, but right-padding was detected! For correct generation results, please set `padding_side='left'` when initializing the tokenizer.
{"step": 124, "epoch": 0, "rows": 8, "skipped": 0, "answer_accuracy": 0.75, "seconds": 6.306244611740112, "loss": -0.8609387979021859, "confidence": 0.7733989402928784, "mass": 0.9997242465615273, "hinge_active": 0.0}
A decoder-only architecture is being used, but right-padding was detected! For correct generation results, please set `padding_side='left'` when initializing the tokenizer.
{"step": 125, "epoch": 0, "rows": 8, "skipped": 0, "answer_accuracy": 0.25, "seconds": 6.253824710845947, "loss": -0.7070664341261258, "confidence": 0.7413325716139225, "mass": 0.9996473416686058, "hinge_active": 0.0}
A decoder-only architecture is being used, but right-padding was detected! For correct generation results, please set `padding_side='left'` when initializing the tokenizer.
{"step": 126, "epoch": 0, "rows": 8, "skipped": 0, "answer_accuracy": 0.625, "seconds": 6.3337202072143555, "loss": -0.8351185688333672, "confidence": 0.7488193088833323, "mass": 0.999723419547081, "hinge_active": 0.0}
A decoder-only architecture is being used, but right-padding was detected! For correct generation results, please set `padding_side='left'` when initializing the tokenizer.
{"step": 127, "epoch": 0, "rows": 8, "skipped": 0, "answer_accuracy": 0.5, "seconds": 6.435361862182617, "loss": -0.7708054392186974, "confidence": 0.7645216333056367, "mass": 0.9997774213552475, "hinge_active": 0.0}
A decoder-only architecture is being used, but right-padding was detected! For correct generation results, please set `padding_side='left'` when initializing the tokenizer.
{"step": 128, "epoch": 0, "rows": 8, "skipped": 0, "answer_accuracy": 0.375, "seconds": 6.357300519943237, "loss": -0.724433486761345, "confidence": 0.7511624960596566, "mass": 0.99949049949646, "hinge_active": 0.0}
A decoder-only architecture is being used, but right-padding was detected! For correct generation results, please set `padding_side='left'` when initializing the tokenizer.
{"step": 129, "epoch": 1, "rows": 8, "skipped": 0, "answer_accuracy": 0.5, "seconds": 6.767343997955322, "loss": -0.7964509266519759, "confidence": 0.6975134186081725, "mass": 0.9981537088751793, "hinge_active": 0.0}
A decoder-only architecture is being used, but right-padding was detected! For correct generation results, please set `padding_side='left'` when initializing the tokenizer.
{"step": 130, "epoch": 1, "rows": 8, "skipped": 0, "answer_accuracy": 0.875, "seconds": 6.339417457580566, "loss": -0.8822491590690693, "confidence": 0.7786250102171618, "mass": 0.9998068287968636, "hinge_active": 0.0}
A decoder-only architecture is being used, but right-padding was detected! For correct generation results, please set `padding_side='left'` when initializing the tokenizer.
{"step": 131, "epoch": 1, "rows": 8, "skipped": 0, "answer_accuracy": 0.625, "seconds": 6.3115434646606445, "loss": -0.8042441786267887, "confidence": 0.7635586464405794, "mass": 0.9997235760092735, "hinge_active": 0.0}
A decoder-only architecture is being used, but right-padding was detected! For correct generation results, please set `padding_side='left'` when initializing the tokenizer.
{"step": 132, "epoch": 1, "rows": 8, "skipped": 0, "answer_accuracy": 0.25, "seconds": 6.371954917907715, "loss": -0.6611970822191523, "confidence": 0.7780538568547588, "mass": 0.9998034983873367, "hinge_active": 0.0}
A decoder-only architecture is being used, but right-padding was detected! For correct generation results, please set `padding_side='left'` when initializing the tokenizer.
{"step": 133, "epoch": 1, "rows": 8, "skipped": 0, "answer_accuracy": 0.5, "seconds": 6.706603050231934, "loss": -0.7957863622085215, "confidence": 0.7486939144255137, "mass": 0.99922064691782, "hinge_active": 0.0}
A decoder-only architecture is being used, but right-padding was detected! For correct generation results, please set `padding_side='left'` when initializing the tokenizer.
{"step": 134, "epoch": 1, "rows": 8, "skipped": 0, "answer_accuracy": 0.625, "seconds": 6.2581682205200195, "loss": -0.8113085985531246, "confidence": 0.7616300064963116, "mass": 0.9997690767049789, "hinge_active": 0.0}
A decoder-only architecture is being used, but right-padding was detected! For correct generation results, please set `padding_side='left'` when initializing the tokenizer.
{"step": 135, "epoch": 1, "rows": 8, "skipped": 0, "answer_accuracy": 0.375, "seconds": 6.679172992706299, "loss": -0.7524423844737992, "confidence": 0.7446078922732262, "mass": 0.999655656516552, "hinge_active": 0.0}
A decoder-only architecture is being used, but right-padding was detected! For correct generation results, please set `padding_side='left'` when initializing the tokenizer.
{"step": 136, "epoch": 1, "rows": 8, "skipped": 0, "answer_accuracy": 0.5, "seconds": 6.231713771820068, "loss": -0.7623626833062845, "confidence": 0.769845604307567, "mass": 0.9997954294085503, "hinge_active": 0.0}
A decoder-only architecture is being used, but right-padding was detected! For correct generation results, please set `padding_side='left'` when initializing the tokenizer.
{"step": 137, "epoch": 1, "rows": 8, "skipped": 0, "answer_accuracy": 0.625, "seconds": 6.4703209400177, "loss": -0.8089542109334953, "confidence": 0.7583635259101315, "mass": 0.9997210279107094, "hinge_active": 0.0}
A decoder-only architecture is being used, but right-padding was detected! For correct generation results, please set `padding_side='left'` when initializing the tokenizer.
{"step": 138, "epoch": 1, "rows": 8, "skipped": 0, "answer_accuracy": 0.5, "seconds": 6.630130767822266, "loss": -0.7805598426245638, "confidence": 0.7157184478282569, "mass": 0.9992298260331154, "hinge_active": 0.0}
A decoder-only architecture is being used, but right-padding was detected! For correct generation results, please set `padding_side='left'` when initializing the tokenizer.
{"step": 139, "epoch": 1, "rows": 8, "skipped": 0, "answer_accuracy": 0.75, "seconds": 6.252434968948364, "loss": -0.8367734694715482, "confidence": 0.75700916984817, "mass": 0.9997061714529991, "hinge_active": 0.0}
A decoder-only architecture is being used, but right-padding was detected! For correct generation results, please set `padding_side='left'` when initializing the tokenizer.
{"step": 140, "epoch": 1, "rows": 8, "skipped": 0, "answer_accuracy": 0.25, "seconds": 6.372889757156372, "loss": -0.715541591643579, "confidence": 0.723066929844521, "mass": 0.9997401982545853, "hinge_active": 0.0}
A decoder-only architecture is being used, but right-padding was detected! For correct generation results, please set `padding_side='left'` when initializing the tokenizer.
{"step": 141, "epoch": 1, "rows": 8, "skipped": 0, "answer_accuracy": 0.625, "seconds": 6.57457160949707, "loss": -0.817735870726258, "confidence": 0.7427789887132237, "mass": 0.9994224458932877, "hinge_active": 0.0}
A decoder-only architecture is being used, but right-padding was detected! For correct generation results, please set `padding_side='left'` when initializing the tokenizer.
{"step": 142, "epoch": 1, "rows": 8, "skipped": 0, "answer_accuracy": 0.625, "seconds": 6.221875190734863, "loss": -0.7996243735773343, "confidence": 0.7530151960168819, "mass": 0.9997652769088745, "hinge_active": 0.0}
A decoder-only architecture is being used, but right-padding was detected! For correct generation results, please set `padding_side='left'` when initializing the tokenizer.
{"step": 143, "epoch": 1, "rows": 8, "skipped": 0, "answer_accuracy": 0.5, "seconds": 12.069700002670288, "loss": -0.7930809464751558, "confidence": 0.7418287548222943, "mass": 0.9851813241839409, "hinge_active": 0.125}
A decoder-only architecture is being used, but right-padding was detected! For correct generation results, please set `padding_side='left'` when initializing the tokenizer.
{"step": 144, "epoch": 1, "rows": 8, "skipped": 0, "answer_accuracy": 0.5, "seconds": 12.17818808555603, "loss": -0.7856402488840034, "confidence": 0.7310484658529052, "mass": 0.9877921342849731, "hinge_active": 0.125}
A decoder-only architecture is being used, but right-padding was detected! For correct generation results, please set `padding_side='left'` when initializing the tokenizer.
{"step": 145, "epoch": 1, "rows": 8, "skipped": 0, "answer_accuracy": 0.25, "seconds": 6.437711954116821, "loss": -0.688749197494838, "confidence": 0.7493501121716696, "mass": 0.9995052814483643, "hinge_active": 0.0}
A decoder-only architecture is being used, but right-padding was detected! For correct generation results, please set `padding_side='left'` when initializing the tokenizer.
{"step": 146, "epoch": 1, "rows": 8, "skipped": 0, "answer_accuracy": 0.5, "seconds": 6.4140729904174805, "loss": -0.7738733831072093, "confidence": 0.7539687688523575, "mass": 0.9996536672115326, "hinge_active": 0.0}
A decoder-only architecture is being used, but right-padding was detected! For correct generation results, please set `padding_side='left'` when initializing the tokenizer.
{"step": 147, "epoch": 1, "rows": 8, "skipped": 0, "answer_accuracy": 0.375, "seconds": 6.77528977394104, "loss": -0.7924037559915673, "confidence": 0.6597175091626944, "mass": 0.9989523738622665, "hinge_active": 0.0}
A decoder-only architecture is being used, but right-padding was detected! For correct generation results, please set `padding_side='left'` when initializing the tokenizer.
{"step": 148, "epoch": 1, "rows": 8, "skipped": 0, "answer_accuracy": 0.5, "seconds": 6.320322275161743, "loss": -0.8070415178468032, "confidence": 0.7126664725351369, "mass": 0.9996910765767097, "hinge_active": 0.0}
A decoder-only architecture is being used, but right-padding was detected! For correct generation results, please set `padding_side='left'` when initializing the tokenizer.
{"step": 149, "epoch": 1, "rows": 8, "skipped": 0, "answer_accuracy": 0.75, "seconds": 6.509982109069824, "loss": -0.856878776397114, "confidence": 0.6484861545841533, "mass": 0.996182844042778, "hinge_active": 0.0}
A decoder-only architecture is being used, but right-padding was detected! For correct generation results, please set `padding_side='left'` when initializing the tokenizer.
{"step": 150, "epoch": 1, "rows": 8, "skipped": 0, "answer_accuracy": 0.625, "seconds": 6.337709188461304, "loss": -0.8098904687296183, "confidence": 0.7331352940856173, "mass": 0.9994513615965843, "hinge_active": 0.0}
A decoder-only architecture is being used, but right-padding was detected! For correct generation results, please set `padding_side='left'` when initializing the tokenizer.
{"step": 151, "epoch": 1, "rows": 8, "skipped": 0, "answer_accuracy": 0.625, "seconds": 12.264036655426025, "loss": -0.8243506034147077, "confidence": 0.7184545918773585, "mass": 0.9889039099216461, "hinge_active": 0.125}
A decoder-only architecture is being used, but right-padding was detected! For correct generation results, please set `padding_side='left'` when initializing the tokenizer.
{"step": 152, "epoch": 1, "rows": 8, "skipped": 0, "answer_accuracy": 0.375, "seconds": 7.668294906616211, "loss": -0.7642989718781046, "confidence": 0.6953328986021171, "mass": 0.9976157918572426, "hinge_active": 0.0}
A decoder-only architecture is being used, but right-padding was detected! For correct generation results, please set `padding_side='left'` when initializing the tokenizer.
{"step": 153, "epoch": 1, "rows": 8, "skipped": 0, "answer_accuracy": 0.5, "seconds": 6.473776817321777, "loss": -0.7766239502349275, "confidence": 0.7484538615728205, "mass": 0.9997575953602791, "hinge_active": 0.0}
A decoder-only architecture is being used, but right-padding was detected! For correct generation results, please set `padding_side='left'` when initializing the tokenizer.
{"step": 154, "epoch": 1, "rows": 8, "skipped": 0, "answer_accuracy": 0.25, "seconds": 6.6997315883636475, "loss": -0.7314142492310673, "confidence": 0.7092585333235767, "mass": 0.9993762001395226, "hinge_active": 0.0}
A decoder-only architecture is being used, but right-padding was detected! For correct generation results, please set `padding_side='left'` when initializing the tokenizer.
{"step": 155, "epoch": 1, "rows": 8, "skipped": 0, "answer_accuracy": 0.5, "seconds": 6.476625204086304, "loss": -0.7893141370078969, "confidence": 0.7243082844065308, "mass": 0.9995503202080727, "hinge_active": 0.0}
A decoder-only architecture is being used, but right-padding was detected! For correct generation results, please set `padding_side='left'` when initializing the tokenizer.
{"step": 156, "epoch": 1, "rows": 8, "skipped": 0, "answer_accuracy": 0.75, "seconds": 6.3856587409973145, "loss": -0.8431671946897322, "confidence": 0.7678459840249381, "mass": 0.9997629672288895, "hinge_active": 0.0}
A decoder-only architecture is being used, but right-padding was detected! For correct generation results, please set `padding_side='left'` when initializing the tokenizer.
{"step": 157, "epoch": 1, "rows": 8, "skipped": 0, "answer_accuracy": 0.5, "seconds": 6.343732833862305, "loss": -0.7797559098976384, "confidence": 0.7233122291041517, "mass": 0.9991175606846809, "hinge_active": 0.0}
A decoder-only architecture is being used, but right-padding was detected! For correct generation results, please set `padding_side='left'` when initializing the tokenizer.
{"step": 158, "epoch": 1, "rows": 8, "skipped": 0, "answer_accuracy": 0.625, "seconds": 7.225930690765381, "loss": -0.7987446338381589, "confidence": 0.6922669763771201, "mass": 0.9997258558869362, "hinge_active": 0.0}
A decoder-only architecture is being used, but right-padding was detected! For correct generation results, please set `padding_side='left'` when initializing the tokenizer.
{"step": 159, "epoch": 1, "rows": 8, "skipped": 0, "answer_accuracy": 0.375, "seconds": 12.146674871444702, "loss": -0.7619449527350147, "confidence": 0.7032894061902474, "mass": 0.9932217597961426, "hinge_active": 0.125}
A decoder-only architecture is being used, but right-padding was detected! For correct generation results, please set `padding_side='left'` when initializing the tokenizer.
{"step": 160, "epoch": 1, "rows": 8, "skipped": 0, "answer_accuracy": 0.375, "seconds": 6.306194305419922, "loss": -0.7565080917920994, "confidence": 0.6841947014623977, "mass": 0.9996195957064629, "hinge_active": 0.0}
A decoder-only architecture is being used, but right-padding was detected! For correct generation results, please set `padding_side='left'` when initializing the tokenizer.
{"step": 161, "epoch": 1, "rows": 8, "skipped": 0, "answer_accuracy": 0.625, "seconds": 6.856212854385376, "loss": -0.8132475182466761, "confidence": 0.6884896766696408, "mass": 0.9996791630983353, "hinge_active": 0.0}
A decoder-only architecture is being used, but right-padding was detected! For correct generation results, please set `padding_side='left'` when initializing the tokenizer.
{"step": 162, "epoch": 1, "rows": 8, "skipped": 0, "answer_accuracy": 0.625, "seconds": 6.511088848114014, "loss": -0.8021718917555615, "confidence": 0.7090610474282214, "mass": 0.9997727200388908, "hinge_active": 0.0}
A decoder-only architecture is being used, but right-padding was detected! For correct generation results, please set `padding_side='left'` when initializing the tokenizer.
{"step": 163, "epoch": 1, "rows": 8, "skipped": 0, "answer_accuracy": 0.5, "seconds": 6.685413599014282, "loss": -0.7727496391497304, "confidence": 0.7056782011064988, "mass": 0.9997339472174644, "hinge_active": 0.0}
A decoder-only architecture is being used, but right-padding was detected! For correct generation results, please set `padding_side='left'` when initializing the tokenizer.
{"step": 164, "epoch": 1, "rows": 8, "skipped": 0, "answer_accuracy": 0.625, "seconds": 6.340219736099243, "loss": -0.8369862400122446, "confidence": 0.7196115592955225, "mass": 0.9997912868857384, "hinge_active": 0.0}
A decoder-only architecture is being used, but right-padding was detected! For correct generation results, please set `padding_side='left'` when initializing the tokenizer.
{"step": 165, "epoch": 1, "rows": 8, "skipped": 0, "answer_accuracy": 0.625, "seconds": 12.386115550994873, "loss": -0.8265023958711442, "confidence": 0.6831728475823318, "mass": 0.9914629086852074, "hinge_active": 0.125}
A decoder-only architecture is being used, but right-padding was detected! For correct generation results, please set `padding_side='left'` when initializing the tokenizer.
{"step": 166, "epoch": 1, "rows": 8, "skipped": 0, "answer_accuracy": 0.875, "seconds": 6.496857643127441, "loss": -0.876295883781467, "confidence": 0.716618811471665, "mass": 0.9997613579034805, "hinge_active": 0.0}
A decoder-only architecture is being used, but right-padding was detected! For correct generation results, please set `padding_side='left'` when initializing the tokenizer.
{"step": 167, "epoch": 1, "rows": 8, "skipped": 0, "answer_accuracy": 0.75, "seconds": 6.63494348526001, "loss": -0.8431179961387649, "confidence": 0.6949012613100359, "mass": 0.9997204542160034, "hinge_active": 0.0}
A decoder-only architecture is being used, but right-padding was detected! For correct generation results, please set `padding_side='left'` when initializing the tokenizer.
{"step": 168, "epoch": 1, "rows": 8, "skipped": 0, "answer_accuracy": 0.5, "seconds": 6.458231449127197, "loss": -0.8280783831005889, "confidence": 0.6064525677384132, "mass": 0.9979741275310516, "hinge_active": 0.0}
A decoder-only architecture is being used, but right-padding was detected! For correct generation results, please set `padding_side='left'` when initializing the tokenizer.
{"step": 169, "epoch": 1, "rows": 8, "skipped": 0, "answer_accuracy": 0.5, "seconds": 12.23799204826355, "loss": -0.7923365404029998, "confidence": 0.6872567198395119, "mass": 0.9940009489655495, "hinge_active": 0.0}
A decoder-only architecture is being used, but right-padding was detected! For correct generation results, please set `padding_side='left'` when initializing the tokenizer.
{"step": 170, "epoch": 1, "rows": 8, "skipped": 0, "answer_accuracy": 0.75, "seconds": 6.610813617706299, "loss": -0.8569497940851967, "confidence": 0.6867478170173716, "mass": 0.999505802989006, "hinge_active": 0.0}
A decoder-only architecture is being used, but right-padding was detected! For correct generation results, please set `padding_side='left'` when initializing the tokenizer.
{"step": 171, "epoch": 1, "rows": 8, "skipped": 0, "answer_accuracy": 0.625, "seconds": 6.523390531539917, "loss": -0.8354857468212961, "confidence": 0.7164730608471057, "mass": 0.99979218095541, "hinge_active": 0.0}
A decoder-only architecture is being used, but right-padding was detected! For correct generation results, please set `padding_side='left'` when initializing the tokenizer.
{"step": 172, "epoch": 1, "rows": 8, "skipped": 0, "answer_accuracy": 0.625, "seconds": 6.685584545135498, "loss": -0.8127760144721885, "confidence": 0.6983602380411229, "mass": 0.9997535571455956, "hinge_active": 0.0}
A decoder-only architecture is being used, but right-padding was detected! For correct generation results, please set `padding_side='left'` when initializing the tokenizer.
{"step": 173, "epoch": 1, "rows": 8, "skipped": 0, "answer_accuracy": 0.75, "seconds": 6.6231513023376465, "loss": -0.8688720183350387, "confidence": 0.7128120010384034, "mass": 0.9998191073536873, "hinge_active": 0.0}
A decoder-only architecture is being used, but right-padding was detected! For correct generation results, please set `padding_side='left'` when initializing the tokenizer.
{"step": 174, "epoch": 1, "rows": 8, "skipped": 0, "answer_accuracy": 0.375, "seconds": 6.488949298858643, "loss": -0.7401816405233214, "confidence": 0.7103633890132013, "mass": 0.9997682720422745, "hinge_active": 0.0}
A decoder-only architecture is being used, but right-padding was detected! For correct generation results, please set `padding_side='left'` when initializing the tokenizer.
{"step": 175, "epoch": 1, "rows": 8, "skipped": 0, "answer_accuracy": 0.375, "seconds": 6.9184417724609375, "loss": -0.7990767082802049, "confidence": 0.60898147952642, "mass": 0.9986612871289253, "hinge_active": 0.0}
A decoder-only architecture is being used, but right-padding was detected! For correct generation results, please set `padding_side='left'` when initializing the tokenizer.
{"step": 176, "epoch": 1, "rows": 8, "skipped": 0, "answer_accuracy": 0.625, "seconds": 6.375553131103516, "loss": -0.8209980688971358, "confidence": 0.7144367425713707, "mass": 0.9995279535651207, "hinge_active": 0.0}
A decoder-only architecture is being used, but right-padding was detected! For correct generation results, please set `padding_side='left'` when initializing the tokenizer.
{"step": 177, "epoch": 1, "rows": 8, "skipped": 0, "answer_accuracy": 0.75, "seconds": 6.746477365493774, "loss": -0.8497961790590481, "confidence": 0.6937155150884898, "mass": 0.9997074007987976, "hinge_active": 0.0}
A decoder-only architecture is being used, but right-padding was detected! For correct generation results, please set `padding_side='left'` when initializing the tokenizer.
{"step": 178, "epoch": 1, "rows": 8, "skipped": 0, "answer_accuracy": 0.75, "seconds": 6.517929792404175, "loss": -0.8470313653497126, "confidence": 0.7267512559089984, "mass": 0.9908579736948013, "hinge_active": 0.125}
A decoder-only architecture is being used, but right-padding was detected! For correct generation results, please set `padding_side='left'` when initializing the tokenizer.
{"step": 179, "epoch": 1, "rows": 8, "skipped": 0, "answer_accuracy": 0.25, "seconds": 6.769634008407593, "loss": -0.7596688199180249, "confidence": 0.6471347586358458, "mass": 0.9987869113683701, "hinge_active": 0.0}
A decoder-only architecture is being used, but right-padding was detected! For correct generation results, please set `padding_side='left'` when initializing the tokenizer.
{"step": 180, "epoch": 1, "rows": 8, "skipped": 0, "answer_accuracy": 0.5, "seconds": 12.233059406280518, "loss": -0.7976301638548169, "confidence": 0.6855978702855356, "mass": 0.9893622919917107, "hinge_active": 0.125}
A decoder-only architecture is being used, but right-padding was detected! For correct generation results, please set `padding_side='left'` when initializing the tokenizer.
{"step": 181, "epoch": 1, "rows": 8, "skipped": 0, "answer_accuracy": 0.75, "seconds": 6.510814666748047, "loss": -0.8433740885273915, "confidence": 0.6865343031069194, "mass": 0.9997423887252808, "hinge_active": 0.0}
A decoder-only architecture is being used, but right-padding was detected! For correct generation results, please set `padding_side='left'` when initializing the tokenizer.
{"step": 182, "epoch": 1, "rows": 8, "skipped": 0, "answer_accuracy": 0.625, "seconds": 6.341286659240723, "loss": -0.8378360275193604, "confidence": 0.7001937604837184, "mass": 0.9997138679027557, "hinge_active": 0.0}
A decoder-only architecture is being used, but right-padding was detected! For correct generation results, please set `padding_side='left'` when initializing the tokenizer.
{"step": 183, "epoch": 1, "rows": 8, "skipped": 0, "answer_accuracy": 0.125, "seconds": 6.239174127578735, "loss": -0.7264288425389588, "confidence": 0.6532094246679445, "mass": 0.9996243864297867, "hinge_active": 0.0}
A decoder-only architecture is being used, but right-padding was detected! For correct generation results, please set `padding_side='left'` when initializing the tokenizer.
{"step": 184, "epoch": 1, "rows": 8, "skipped": 0, "answer_accuracy": 0.375, "seconds": 6.37311315536499, "loss": -0.7834647454033377, "confidence": 0.6560815273063556, "mass": 0.9996963515877724, "hinge_active": 0.0}
A decoder-only architecture is being used, but right-padding was detected! For correct generation results, please set `padding_side='left'` when initializing the tokenizer.
{"step": 185, "epoch": 1, "rows": 7, "skipped": 1, "answer_accuracy": 0.42857142857142855, "seconds": 6.540343284606934, "loss": -0.7380135422950272, "confidence": 0.7146586733449023, "mass": 0.999686198575156, "hinge_active": 0.0}
A decoder-only architecture is being used, but right-padding was detected! For correct generation results, please set `padding_side='left'` when initializing the tokenizer.
{"step": 186, "epoch": 1, "rows": 8, "skipped": 0, "answer_accuracy": 0.875, "seconds": 6.25523829460144, "loss": -0.8579410428325353, "confidence": 0.7115281260269678, "mass": 0.9998117685317993, "hinge_active": 0.0}
A decoder-only architecture is being used, but right-padding was detected! For correct generation results, please set `padding_side='left'` when initializing the tokenizer.
{"step": 187, "epoch": 1, "rows": 7, "skipped": 1, "answer_accuracy": 0.42857142857142855, "seconds": 6.471951246261597, "loss": -0.7921335577156174, "confidence": 0.6611971833187622, "mass": 0.9995914101600647, "hinge_active": 0.0}
A decoder-only architecture is being used, but right-padding was detected! For correct generation results, please set `padding_side='left'` when initializing the tokenizer.
{"step": 188, "epoch": 1, "rows": 8, "skipped": 0, "answer_accuracy": 0.625, "seconds": 6.468694686889648, "loss": -0.827225679351795, "confidence": 0.6769073395779248, "mass": 0.9994224011898041, "hinge_active": 0.0}
A decoder-only architecture is being used, but right-padding was detected! For correct generation results, please set `padding_side='left'` when initializing the tokenizer.
{"step": 189, "epoch": 1, "rows": 8, "skipped": 0, "answer_accuracy": 0.25, "seconds": 6.4223833084106445, "loss": -0.7340566601347476, "confidence": 0.6472009393083855, "mass": 0.9997840821743011, "hinge_active": 0.0}
A decoder-only architecture is being used, but right-padding was detected! For correct generation results, please set `padding_side='left'` when initializing the tokenizer.
{"step": 190, "epoch": 1, "rows": 8, "skipped": 0, "answer_accuracy": 0.125, "seconds": 12.223215341567993, "loss": -0.7151781392665352, "confidence": 0.6641697793143533, "mass": 0.9880129173398018, "hinge_active": 0.125}
A decoder-only architecture is being used, but right-padding was detected! For correct generation results, please set `padding_side='left'` when initializing the tokenizer.
{"step": 191, "epoch": 1, "rows": 8, "skipped": 0, "answer_accuracy": 0.625, "seconds": 6.874650478363037, "loss": -0.8639308964318229, "confidence": 0.6205788239454251, "mass": 0.991303026676178, "hinge_active": 0.125}
A decoder-only architecture is being used, but right-padding was detected! For correct generation results, please set `padding_side='left'` when initializing the tokenizer.
{"step": 192, "epoch": 1, "rows": 8, "skipped": 0, "answer_accuracy": 0.375, "seconds": 7.314589977264404, "loss": -0.7648206722277027, "confidence": 0.672758488023678, "mass": 0.9996473342180252, "hinge_active": 0.0}
A decoder-only architecture is being used, but right-padding was detected! For correct generation results, please set `padding_side='left'` when initializing the tokenizer.
{"step": 193, "epoch": 1, "rows": 8, "skipped": 0, "answer_accuracy": 0.375, "seconds": 12.913291931152344, "loss": -0.7876910692619985, "confidence": 0.6040807347729901, "mass": 0.9893022775650024, "hinge_active": 0.125}
A decoder-only architecture is being used, but right-padding was detected! For correct generation results, please set `padding_side='left'` when initializing the tokenizer.
{"step": 194, "epoch": 1, "rows": 8, "skipped": 0, "answer_accuracy": 0.375, "seconds": 6.547171592712402, "loss": -0.772656422504936, "confidence": 0.6737235008210763, "mass": 0.9997847899794579, "hinge_active": 0.0}
A decoder-only architecture is being used, but right-padding was detected! For correct generation results, please set `padding_side='left'` when initializing the tokenizer.
{"step": 195, "epoch": 1, "rows": 8, "skipped": 0, "answer_accuracy": 0.375, "seconds": 6.468914270401001, "loss": -0.7901613424397845, "confidence": 0.6303502837143975, "mass": 0.9982972294092178, "hinge_active": 0.0}
A decoder-only architecture is being used, but right-padding was detected! For correct generation results, please set `padding_side='left'` when initializing the tokenizer.
{"step": 196, "epoch": 1, "rows": 8, "skipped": 0, "answer_accuracy": 0.25, "seconds": 6.447274446487427, "loss": -0.7420046992535553, "confidence": 0.6689673198265019, "mass": 0.9995211288332939, "hinge_active": 0.0}
A decoder-only architecture is being used, but right-padding was detected! For correct generation results, please set `padding_side='left'` when initializing the tokenizer.
{"step": 197, "epoch": 1, "rows": 8, "skipped": 0, "answer_accuracy": 0.375, "seconds": 6.716038942337036, "loss": -0.8195529772794456, "confidence": 0.5542297600001481, "mass": 0.9969740360975266, "hinge_active": 0.0}
A decoder-only architecture is being used, but right-padding was detected! For correct generation results, please set `padding_side='left'` when initializing the tokenizer.
{"step": 198, "epoch": 1, "rows": 8, "skipped": 0, "answer_accuracy": 0.625, "seconds": 12.130811214447021, "loss": -0.831875810463737, "confidence": 0.6415681055128404, "mass": 0.9929670169949532, "hinge_active": 0.125}
A decoder-only architecture is being used, but right-padding was detected! For correct generation results, please set `padding_side='left'` when initializing the tokenizer.
{"step": 199, "epoch": 1, "rows": 8, "skipped": 0, "answer_accuracy": 0.625, "seconds": 6.4919068813323975, "loss": -0.8643407346349474, "confidence": 0.5865036440161175, "mass": 0.9979495257139206, "hinge_active": 0.0}
A decoder-only architecture is being used, but right-padding was detected! For correct generation results, please set `padding_side='left'` when initializing the tokenizer.
{"step": 200, "epoch": 1, "rows": 8, "skipped": 0, "answer_accuracy": 0.875, "seconds": 6.1715476512908936, "loss": -0.8611173636194347, "confidence": 0.6598350799922345, "mass": 0.9998193830251694, "hinge_active": 0.0}
A decoder-only architecture is being used, but right-padding was detected! For correct generation results, please set `padding_side='left'` when initializing the tokenizer.
{"step": 201, "epoch": 1, "rows": 8, "skipped": 0, "answer_accuracy": 0.75, "seconds": 6.47424840927124, "loss": -0.8657508979670842, "confidence": 0.6829332111121541, "mass": 0.9997944310307503, "hinge_active": 0.0}
A decoder-only architecture is being used, but right-padding was detected! For correct generation results, please set `padding_side='left'` when initializing the tokenizer.
{"step": 202, "epoch": 1, "rows": 7, "skipped": 1, "answer_accuracy": 0.42857142857142855, "seconds": 6.7866363525390625, "loss": -0.7517794005351277, "confidence": 0.6983266667532116, "mass": 0.9620410118784223, "hinge_active": 0.14285714285714285}
A decoder-only architecture is being used, but right-padding was detected! For correct generation results, please set `padding_side='left'` when initializing the tokenizer.
{"step": 203, "epoch": 1, "rows": 7, "skipped": 1, "answer_accuracy": 0.42857142857142855, "seconds": 7.253519058227539, "loss": -0.8251988365533, "confidence": 0.5769595678983909, "mass": 0.9988432271139963, "hinge_active": 0.0}
A decoder-only architecture is being used, but right-padding was detected! For correct generation results, please set `padding_side='left'` when initializing the tokenizer.
{"step": 204, "epoch": 1, "rows": 8, "skipped": 0, "answer_accuracy": 0.625, "seconds": 6.603089094161987, "loss": -0.8241074286765183, "confidence": 0.6896900674395191, "mass": 0.9996805861592293, "hinge_active": 0.0}
A decoder-only architecture is being used, but right-padding was detected! For correct generation results, please set `padding_side='left'` when initializing the tokenizer.
{"step": 205, "epoch": 1, "rows": 8, "skipped": 0, "answer_accuracy": 0.75, "seconds": 6.547098636627197, "loss": -0.8494626747819963, "confidence": 0.6331135181434993, "mass": 0.9996732026338577, "hinge_active": 0.0}
A decoder-only architecture is being used, but right-padding was detected! For correct generation results, please set `padding_side='left'` when initializing the tokenizer.
{"step": 206, "epoch": 1, "rows": 8, "skipped": 0, "answer_accuracy": 0.375, "seconds": 6.235228538513184, "loss": -0.8161828559546254, "confidence": 0.6034782978851518, "mass": 0.9997013881802559, "hinge_active": 0.0}
A decoder-only architecture is being used, but right-padding was detected! For correct generation results, please set `padding_side='left'` when initializing the tokenizer.
{"step": 207, "epoch": 1, "rows": 8, "skipped": 0, "answer_accuracy": 0.75, "seconds": 6.470954418182373, "loss": -0.8506277588135824, "confidence": 0.6721848460101498, "mass": 0.9997680336236954, "hinge_active": 0.0}
A decoder-only architecture is being used, but right-padding was detected! For correct generation results, please set `padding_side='left'` when initializing the tokenizer.
{"step": 208, "epoch": 1, "rows": 8, "skipped": 0, "answer_accuracy": 0.5, "seconds": 12.10761547088623, "loss": -0.8369152593154616, "confidence": 0.5853227316777012, "mass": 0.9924650266766548, "hinge_active": 0.0}
A decoder-only architecture is being used, but right-padding was detected! For correct generation results, please set `padding_side='left'` when initializing the tokenizer.
{"step": 209, "epoch": 1, "rows": 8, "skipped": 0, "answer_accuracy": 0.5, "seconds": 6.533787727355957, "loss": -0.8038561404283189, "confidence": 0.6762129294553832, "mass": 0.9993190616369247, "hinge_active": 0.0}
A decoder-only architecture is being used, but right-padding was detected! For correct generation results, please set `padding_side='left'` when initializing the tokenizer.
{"step": 210, "epoch": 1, "rows": 8, "skipped": 0, "answer_accuracy": 0.75, "seconds": 6.481955051422119, "loss": -0.843536125029995, "confidence": 0.6726090363097673, "mass": 0.9998291954398155, "hinge_active": 0.0}
A decoder-only architecture is being used, but right-padding was detected! For correct generation results, please set `padding_side='left'` when initializing the tokenizer.
{"step": 211, "epoch": 1, "rows": 8, "skipped": 0, "answer_accuracy": 0.25, "seconds": 6.502493381500244, "loss": -0.7717352339194287, "confidence": 0.6019132869518669, "mass": 0.9998096153140068, "hinge_active": 0.0}
A decoder-only architecture is being used, but right-padding was detected! For correct generation results, please set `padding_side='left'` when initializing the tokenizer.
{"step": 212, "epoch": 1, "rows": 8, "skipped": 0, "answer_accuracy": 0.375, "seconds": 6.590152978897095, "loss": -0.8170851252008245, "confidence": 0.5807578555855677, "mass": 0.998882070183754, "hinge_active": 0.0}
A decoder-only architecture is being used, but right-padding was detected! For correct generation results, please set `padding_side='left'` when initializing the tokenizer.
{"step": 213, "epoch": 1, "rows": 8, "skipped": 0, "answer_accuracy": 0.875, "seconds": 6.322631120681763, "loss": -0.8491655592606944, "confidence": 0.5922094885262502, "mass": 0.9996733069419861, "hinge_active": 0.0}
A decoder-only architecture is being used, but right-padding was detected! For correct generation results, please set `padding_side='left'` when initializing the tokenizer.
{"step": 214, "epoch": 1, "rows": 8, "skipped": 0, "answer_accuracy": 0.625, "seconds": 6.436139345169067, "loss": -0.8368712763213852, "confidence": 0.5575990968890905, "mass": 0.9997109845280647, "hinge_active": 0.0}
A decoder-only architecture is being used, but right-padding was detected! For correct generation results, please set `padding_side='left'` when initializing the tokenizer.
{"step": 215, "epoch": 1, "rows": 8, "skipped": 0, "answer_accuracy": 0.625, "seconds": 6.597443580627441, "loss": -0.8069750634408577, "confidence": 0.5971818236648188, "mass": 0.9997276738286018, "hinge_active": 0.0}
A decoder-only architecture is being used, but right-padding was detected! For correct generation results, please set `padding_side='left'` when initializing the tokenizer.
{"step": 216, "epoch": 1, "rows": 8, "skipped": 0, "answer_accuracy": 0.625, "seconds": 6.435651063919067, "loss": -0.8207514391716646, "confidence": 0.6569177345852498, "mass": 0.9998312145471573, "hinge_active": 0.0}
A decoder-only architecture is being used, but right-padding was detected! For correct generation results, please set `padding_side='left'` when initializing the tokenizer.
{"step": 217, "epoch": 1, "rows": 8, "skipped": 0, "answer_accuracy": 0.375, "seconds": 6.263344049453735, "loss": -0.7859369162621154, "confidence": 0.6772776447820827, "mass": 0.9997927844524384, "hinge_active": 0.0}
A decoder-only architecture is being used, but right-padding was detected! For correct generation results, please set `padding_side='left'` when initializing the tokenizer.
{"step": 218, "epoch": 1, "rows": 8, "skipped": 0, "answer_accuracy": 0.375, "seconds": 12.154382705688477, "loss": -0.7832212216238812, "confidence": 0.6344826369843963, "mass": 0.9913720563054085, "hinge_active": 0.125}
A decoder-only architecture is being used, but right-padding was detected! For correct generation results, please set `padding_side='left'` when initializing the tokenizer.
{"step": 219, "epoch": 1, "rows": 8, "skipped": 0, "answer_accuracy": 0.625, "seconds": 6.286038875579834, "loss": -0.8150634588179337, "confidence": 0.6765618203337138, "mass": 0.9998352974653244, "hinge_active": 0.0}
A decoder-only architecture is being used, but right-padding was detected! For correct generation results, please set `padding_side='left'` when initializing the tokenizer.
{"step": 220, "epoch": 1, "rows": 8, "skipped": 0, "answer_accuracy": 0.375, "seconds": 6.3092944622039795, "loss": -0.8053746057298854, "confidence": 0.585215999469822, "mass": 0.9984866082668304, "hinge_active": 0.0}
A decoder-only architecture is being used, but right-padding was detected! For correct generation results, please set `padding_side='left'` when initializing the tokenizer.
{"step": 221, "epoch": 1, "rows": 8, "skipped": 0, "answer_accuracy": 0.75, "seconds": 12.143015384674072, "loss": -0.8185160175657384, "confidence": 0.635432067732183, "mass": 0.9918456524610519, "hinge_active": 0.125}
A decoder-only architecture is being used, but right-padding was detected! For correct generation results, please set `padding_side='left'` when initializing the tokenizer.
{"step": 222, "epoch": 1, "rows": 8, "skipped": 0, "answer_accuracy": 0.5, "seconds": 6.234437465667725, "loss": -0.7891804730414149, "confidence": 0.6257917065514795, "mass": 0.9997697174549103, "hinge_active": 0.0}
A decoder-only architecture is being used, but right-padding was detected! For correct generation results, please set `padding_side='left'` when initializing the tokenizer.
{"step": 223, "epoch": 1, "rows": 8, "skipped": 0, "answer_accuracy": 0.5, "seconds": 6.282498598098755, "loss": -0.7928956201476386, "confidence": 0.647854101587513, "mass": 0.9997914656996727, "hinge_active": 0.0}
A decoder-only architecture is being used, but right-padding was detected! For correct generation results, please set `padding_side='left'` when initializing the tokenizer.
{"step": 224, "epoch": 1, "rows": 8, "skipped": 0, "answer_accuracy": 0.25, "seconds": 7.116154909133911, "loss": -0.7461440336012166, "confidence": 0.658134514221572, "mass": 0.9995555430650711, "hinge_active": 0.0}
A decoder-only architecture is being used, but right-padding was detected! For correct generation results, please set `padding_side='left'` when initializing the tokenizer.
{"step": 225, "epoch": 1, "rows": 8, "skipped": 0, "answer_accuracy": 0.75, "seconds": 6.3659093379974365, "loss": -0.8371745617754426, "confidence": 0.551692664630915, "mass": 0.9996453821659088, "hinge_active": 0.0}
A decoder-only architecture is being used, but right-padding was detected! For correct generation results, please set `padding_side='left'` when initializing the tokenizer.
{"step": 226, "epoch": 1, "rows": 8, "skipped": 0, "answer_accuracy": 0.625, "seconds": 6.433608531951904, "loss": -0.849375562672768, "confidence": 0.5510942033292678, "mass": 0.9968005642294884, "hinge_active": 0.0}
A decoder-only architecture is being used, but right-padding was detected! For correct generation results, please set `padding_side='left'` when initializing the tokenizer.
{"step": 227, "epoch": 1, "rows": 8, "skipped": 0, "answer_accuracy": 0.625, "seconds": 6.499531030654907, "loss": -0.8483326951177266, "confidence": 0.6423238578903351, "mass": 0.9997719824314117, "hinge_active": 0.0}
A decoder-only architecture is being used, but right-padding was detected! For correct generation results, please set `padding_side='left'` when initializing the tokenizer.
{"step": 228, "epoch": 1, "rows": 8, "skipped": 0, "answer_accuracy": 0.75, "seconds": 6.268794775009155, "loss": -0.8521436565472142, "confidence": 0.6407840580491564, "mass": 0.9997790455818176, "hinge_active": 0.0}
A decoder-only architecture is being used, but right-padding was detected! For correct generation results, please set `padding_side='left'` when initializing the tokenizer.
{"step": 229, "epoch": 1, "rows": 8, "skipped": 0, "answer_accuracy": 0.5, "seconds": 6.252002239227295, "loss": -0.8262717268048734, "confidence": 0.5545307309352396, "mass": 0.998340368270874, "hinge_active": 0.0}
A decoder-only architecture is being used, but right-padding was detected! For correct generation results, please set `padding_side='left'` when initializing the tokenizer.
{"step": 230, "epoch": 1, "rows": 8, "skipped": 0, "answer_accuracy": 0.375, "seconds": 6.331676721572876, "loss": -0.7685582422069944, "confidence": 0.596269085202696, "mass": 0.9993032142519951, "hinge_active": 0.0}
A decoder-only architecture is being used, but right-padding was detected! For correct generation results, please set `padding_side='left'` when initializing the tokenizer.
{"step": 231, "epoch": 1, "rows": 8, "skipped": 0, "answer_accuracy": 0.5, "seconds": 6.239280462265015, "loss": -0.8116501779888123, "confidence": 0.5958383436607865, "mass": 0.9997811317443848, "hinge_active": 0.0}
A decoder-only architecture is being used, but right-padding was detected! For correct generation results, please set `padding_side='left'` when initializing the tokenizer.
{"step": 232, "epoch": 1, "rows": 8, "skipped": 0, "answer_accuracy": 0.375, "seconds": 6.3391804695129395, "loss": -0.8087490443652101, "confidence": 0.5786970323814681, "mass": 0.9995224550366402, "hinge_active": 0.0}
A decoder-only architecture is being used, but right-padding was detected! For correct generation results, please set `padding_side='left'` when initializing the tokenizer.
{"step": 233, "epoch": 1, "rows": 7, "skipped": 1, "answer_accuracy": 0.5714285714285714, "seconds": 6.681750774383545, "loss": -0.7992834465579501, "confidence": 0.6503578785777382, "mass": 0.9998141271727425, "hinge_active": 0.0}
A decoder-only architecture is being used, but right-padding was detected! For correct generation results, please set `padding_side='left'` when initializing the tokenizer.
{"step": 234, "epoch": 1, "rows": 8, "skipped": 0, "answer_accuracy": 0.375, "seconds": 12.087357759475708, "loss": -0.8307097649610187, "confidence": 0.5212657541304033, "mass": 0.9859891682863235, "hinge_active": 0.25}
A decoder-only architecture is being used, but right-padding was detected! For correct generation results, please set `padding_side='left'` when initializing the tokenizer.
{"step": 235, "epoch": 1, "rows": 8, "skipped": 0, "answer_accuracy": 0.375, "seconds": 12.585967302322388, "loss": -0.7726037122214031, "confidence": 0.6121203229427548, "mass": 0.9862368032336235, "hinge_active": 0.125}
A decoder-only architecture is being used, but right-padding was detected! For correct generation results, please set `padding_side='left'` when initializing the tokenizer.
{"step": 236, "epoch": 1, "rows": 8, "skipped": 0, "answer_accuracy": 0.5, "seconds": 6.369291067123413, "loss": -0.8044007313557823, "confidence": 0.6320381605691067, "mass": 0.9997410476207733, "hinge_active": 0.0}
A decoder-only architecture is being used, but right-padding was detected! For correct generation results, please set `padding_side='left'` when initializing the tokenizer.
{"step": 237, "epoch": 1, "rows": 8, "skipped": 0, "answer_accuracy": 0.625, "seconds": 12.656523942947388, "loss": -0.8219608585376679, "confidence": 0.6398451238580625, "mass": 0.9935368373990059, "hinge_active": 0.0}
A decoder-only architecture is being used, but right-padding was detected! For correct generation results, please set `padding_side='left'` when initializing the tokenizer.
{"step": 238, "epoch": 1, "rows": 7, "skipped": 1, "answer_accuracy": 0.14285714285714285, "seconds": 11.595161199569702, "loss": -0.7525880956839204, "confidence": 0.5968494326601907, "mass": 0.9860522065843854, "hinge_active": 0.14285714285714285}
A decoder-only architecture is being used, but right-padding was detected! For correct generation results, please set `padding_side='left'` when initializing the tokenizer.
{"step": 239, "epoch": 1, "rows": 8, "skipped": 0, "answer_accuracy": 0.25, "seconds": 12.348138809204102, "loss": -0.826241503159618, "confidence": 0.4972324926190321, "mass": 0.9888798668980598, "hinge_active": 0.125}
A decoder-only architecture is being used, but right-padding was detected! For correct generation results, please set `padding_side='left'` when initializing the tokenizer.
{"step": 240, "epoch": 1, "rows": 8, "skipped": 0, "answer_accuracy": 0.375, "seconds": 6.771100997924805, "loss": -0.8345518916301851, "confidence": 0.5064337086868047, "mass": 0.9992315545678139, "hinge_active": 0.0}
A decoder-only architecture is being used, but right-padding was detected! For correct generation results, please set `padding_side='left'` when initializing the tokenizer.
{"step": 241, "epoch": 1, "rows": 8, "skipped": 0, "answer_accuracy": 0.875, "seconds": 6.239250898361206, "loss": -0.8493231191319095, "confidence": 0.6132413122829815, "mass": 0.9997345134615898, "hinge_active": 0.0}
A decoder-only architecture is being used, but right-padding was detected! For correct generation results, please set `padding_side='left'` when initializing the tokenizer.
{"step": 242, "epoch": 1, "rows": 8, "skipped": 0, "answer_accuracy": 0.625, "seconds": 12.046341180801392, "loss": -0.8191959628128344, "confidence": 0.6591919501775146, "mass": 0.9892757907509804, "hinge_active": 0.125}
A decoder-only architecture is being used, but right-padding was detected! For correct generation results, please set `padding_side='left'` when initializing the tokenizer.
{"step": 243, "epoch": 1, "rows": 8, "skipped": 0, "answer_accuracy": 0.5, "seconds": 6.317110300064087, "loss": -0.8026671540410981, "confidence": 0.6147001715426227, "mass": 0.9997211545705795, "hinge_active": 0.0}
A decoder-only architecture is being used, but right-padding was detected! For correct generation results, please set `padding_side='left'` when initializing the tokenizer.
{"step": 244, "epoch": 1, "rows": 8, "skipped": 0, "answer_accuracy": 0.625, "seconds": 12.108158826828003, "loss": -0.8047726388987094, "confidence": 0.6382894542658308, "mass": 0.9938931465148926, "hinge_active": 0.0}
A decoder-only architecture is being used, but right-padding was detected! For correct generation results, please set `padding_side='left'` when initializing the tokenizer.
{"step": 245, "epoch": 1, "rows": 8, "skipped": 0, "answer_accuracy": 0.375, "seconds": 12.084766149520874, "loss": -0.7772064869369832, "confidence": 0.6028587635016148, "mass": 0.9902753233909607, "hinge_active": 0.125}
A decoder-only architecture is being used, but right-padding was detected! For correct generation results, please set `padding_side='left'` when initializing the tokenizer.
{"step": 246, "epoch": 1, "rows": 8, "skipped": 0, "answer_accuracy": 0.625, "seconds": 6.273998022079468, "loss": -0.8093999077659118, "confidence": 0.6259204798439064, "mass": 0.9997631385922432, "hinge_active": 0.0}
A decoder-only architecture is being used, but right-padding was detected! For correct generation results, please set `padding_side='left'` when initializing the tokenizer.
{"step": 247, "epoch": 1, "rows": 8, "skipped": 0, "answer_accuracy": 0.625, "seconds": 6.402498722076416, "loss": -0.8086692551995021, "confidence": 0.6533943056004285, "mass": 0.9998524188995361, "hinge_active": 0.0}
A decoder-only architecture is being used, but right-padding was detected! For correct generation results, please set `padding_side='left'` when initializing the tokenizer.
{"step": 248, "epoch": 1, "rows": 8, "skipped": 0, "answer_accuracy": 0.5, "seconds": 7.02894139289856, "loss": -0.7825163217694161, "confidence": 0.6143210796911226, "mass": 0.9988968074321747, "hinge_active": 0.0}
A decoder-only architecture is being used, but right-padding was detected! For correct generation results, please set `padding_side='left'` when initializing the tokenizer.
{"step": 249, "epoch": 1, "rows": 8, "skipped": 0, "answer_accuracy": 0.75, "seconds": 6.2593958377838135, "loss": -0.8621904646010105, "confidence": 0.5969472698341762, "mass": 0.9997598975896835, "hinge_active": 0.0}
A decoder-only architecture is being used, but right-padding was detected! For correct generation results, please set `padding_side='left'` when initializing the tokenizer.
{"step": 250, "epoch": 1, "rows": 8, "skipped": 0, "answer_accuracy": 0.5, "seconds": 12.133070468902588, "loss": -0.8005554564140304, "confidence": 0.6336544853507473, "mass": 0.9938963130116463, "hinge_active": 0.0}
A decoder-only architecture is being used, but right-padding was detected! For correct generation results, please set `padding_side='left'` when initializing the tokenizer.
{"step": 251, "epoch": 1, "rows": 8, "skipped": 0, "answer_accuracy": 0.5, "seconds": 6.613225698471069, "loss": -0.8376836492758338, "confidence": 0.5966055134422962, "mass": 0.9998134672641754, "hinge_active": 0.0}
A decoder-only architecture is being used, but right-padding was detected! For correct generation results, please set `padding_side='left'` when initializing the tokenizer.
{"step": 252, "epoch": 1, "rows": 8, "skipped": 0, "answer_accuracy": 0.625, "seconds": 6.392221450805664, "loss": -0.8379976267735403, "confidence": 0.643425876531805, "mass": 0.99978107213974, "hinge_active": 0.0}
A decoder-only architecture is being used, but right-padding was detected! For correct generation results, please set `padding_side='left'` when initializing the tokenizer.
{"step": 253, "epoch": 1, "rows": 8, "skipped": 0, "answer_accuracy": 0.375, "seconds": 6.666229248046875, "loss": -0.7866535971775708, "confidence": 0.6415262407369957, "mass": 0.9995213374495506, "hinge_active": 0.0}
A decoder-only architecture is being used, but right-padding was detected! For correct generation results, please set `padding_side='left'` when initializing the tokenizer.
{"step": 254, "epoch": 1, "rows": 8, "skipped": 0, "answer_accuracy": 0.75, "seconds": 6.160453796386719, "loss": -0.8163670966880541, "confidence": 0.6022833744993987, "mass": 0.999780148267746, "hinge_active": 0.0}
A decoder-only architecture is being used, but right-padding was detected! For correct generation results, please set `padding_side='left'` when initializing the tokenizer.
{"step": 255, "epoch": 1, "rows": 8, "skipped": 0, "answer_accuracy": 0.5, "seconds": 12.196886539459229, "loss": -0.8122832998207605, "confidence": 0.6232500085199943, "mass": 0.9940824285149574, "hinge_active": 0.0}
A decoder-only architecture is being used, but right-padding was detected! For correct generation results, please set `padding_side='left'` when initializing the tokenizer.
{"step": 256, "epoch": 1, "rows": 8, "skipped": 0, "answer_accuracy": 0.25, "seconds": 6.5984954833984375, "loss": -0.7624193940448947, "confidence": 0.5594072476623917, "mass": 0.9997424110770226, "hinge_active": 0.0}
