🦥 Unsloth: Will patch your computer to enable 2x faster free finetuning.
🦥 Unsloth Zoo will now patch everything to make training faster!
wandb: Currently logged in as: rrenaud (multi-tokenizer). Use `wandb login --relogin` to force relogin
wandb: Using wandb-core as the SDK backend.  Please refer to https://wandb.me/wandb-core for more information.
wandb: Tracking run with wandb version 0.19.2
wandb: Run data is saved locally in /workspace/runs/klgrid-exact-adapt20/wandb/run-20261004_200608-01c8e1611e8dec90
wandb: Run `wandb offline` to turn off syncing.
wandb: Syncing run klgrid-exact-adapt20
wandb: ⭐️ View project at https://wandb.ai/multi-tokenizer/rewarding-doubt
wandb: 🚀 View run at https://wandb.ai/multi-tokenizer/rewarding-doubt/runs/01c8e1611e8dec90
==((====))==  Unsloth 2025.1.5: Fast Qwen2 patching. Transformers: 4.48.0.
   \\   /|    GPU: NVIDIA GeForce RTX 4090. Max memory: 23.516 GB. Platform: Linux.
O^O/ \_/ \    Torch: 2.5.1+cu124. CUDA: 8.9. CUDA Toolkit: 12.4. Triton: 3.1.0
\        /    Bfloat16 = TRUE. FA [Xformers = 0.0.29.post1. FA2 = False]
 "-____-"     Free Apache license: http://github.com/unslothai/unsloth
Unsloth: Fast downloading is enabled - ignore downloading bars which are red colored!
Unsloth 2025.1.5 patched 36 layers with 36 QKV layers, 36 O layers and 36 MLP layers.
WARNING:root:The `device_map` argument is not provided. We will override the device_map argument. to set the entire model on the current device. If you want to set the model on multiple devices, please provide a custom `device_map` argument.
exact step 0: answers scored 8, mean expected reward -4.176, kl coef 0.0500, update 3.71 s, wall 1791144404.9
exact step 1: answers scored 8, mean expected reward 0.745, kl coef 0.0500, update 2.51 s, wall 1791144407.8
exact step 2: answers scored 8, mean expected reward 1.096, kl coef 0.0500, update 2.54 s, wall 1791144411.2
exact step 3: answers scored 7, mean expected reward 7.463, kl coef 0.0500, update 2.69 s, wall 1791144427.3
exact step 4: answers scored 8, mean expected reward 5.711, kl coef 0.0500, update 2.62 s, wall 1791144430.6
exact step 5: answers scored 8, mean expected reward 6.108, kl coef 0.0500, update 3.02 s, wall 1791144434.2
exact step 6: answers scored 8, mean expected reward 5.461, kl coef 0.0499, update 2.60 s, wall 1791144437.3
exact step 7: answers scored 8, mean expected reward 6.659, kl coef 0.0499, update 2.67 s, wall 1791144440.8
exact step 8: answers scored 8, mean expected reward 4.440, kl coef 0.0499, update 2.65 s, wall 1791144443.9
exact step 9: answers scored 8, mean expected reward 7.822, kl coef 0.0499, update 2.53 s, wall 1791144447.2
exact step 10: answers scored 8, mean expected reward 5.550, kl coef 0.0499, update 2.55 s, wall 1791144450.7
exact step 11: answers scored 8, mean expected reward 5.124, kl coef 0.0499, update 2.57 s, wall 1791144453.9
exact step 12: answers scored 8, mean expected reward 8.333, kl coef 0.0499, update 2.56 s, wall 1791144457.5
exact step 13: answers scored 8, mean expected reward 6.362, kl coef 0.0499, update 2.56 s, wall 1791144460.7
exact step 14: answers scored 7, mean expected reward 9.660, kl coef 0.0499, update 2.54 s, wall 1791144466.7
exact step 15: answers scored 8, mean expected reward 7.766, kl coef 0.0499, update 2.60 s, wall 1791144470.0
exact step 16: answers scored 8, mean expected reward 5.884, kl coef 0.0499, update 2.90 s, wall 1791144473.6
exact step 17: answers scored 8, mean expected reward 4.442, kl coef 0.0499, update 2.51 s, wall 1791144476.9
exact step 18: answers scored 8, mean expected reward 4.444, kl coef 0.0498, update 2.50 s, wall 1791144480.4
exact step 19: answers scored 8, mean expected reward 8.576, kl coef 0.0498, update 2.51 s, wall 1791144483.5
exact step 20: answers scored 8, mean expected reward 5.559, kl coef 0.0498, update 2.51 s, wall 1791144487.0
exact step 21: answers scored 8, mean expected reward 3.508, kl coef 0.0498, update 2.50 s, wall 1791144490.7
exact step 22: answers scored 8, mean expected reward 7.766, kl coef 0.0498, update 2.52 s, wall 1791144496.3
exact step 23: answers scored 8, mean expected reward 4.481, kl coef 0.0498, update 2.50 s, wall 1791144499.3
exact step 24: answers scored 8, mean expected reward 6.658, kl coef 0.0498, update 2.66 s, wall 1791144502.9
exact step 25: answers scored 8, mean expected reward 5.571, kl coef 0.0498, update 2.46 s, wall 1791144505.9
exact step 26: answers scored 8, mean expected reward 6.659, kl coef 0.0498, update 2.46 s, wall 1791144509.0
exact step 27: answers scored 8, mean expected reward 6.305, kl coef 0.0498, update 2.55 s, wall 1791144515.2
exact step 28: answers scored 8, mean expected reward 8.873, kl coef 0.0498, update 2.53 s, wall 1791144518.4
exact step 29: answers scored 8, mean expected reward 6.649, kl coef 0.0498, update 2.55 s, wall 1791144525.5
exact step 30: answers scored 8, mean expected reward 7.766, kl coef 0.0498, update 2.53 s, wall 1791144529.2
exact step 31: answers scored 8, mean expected reward 7.734, kl coef 0.0497, update 2.78 s, wall 1791144537.7
exact step 32: answers scored 8, mean expected reward 6.400, kl coef 0.0497, update 2.52 s, wall 1791144540.8
exact step 33: answers scored 8, mean expected reward 7.286, kl coef 0.0497, update 2.52 s, wall 1791144545.3
exact step 34: answers scored 8, mean expected reward 7.767, kl coef 0.0497, update 2.53 s, wall 1791144548.4
exact step 35: answers scored 8, mean expected reward 6.247, kl coef 0.0497, update 2.53 s, wall 1791144551.4
exact step 36: answers scored 8, mean expected reward 6.916, kl coef 0.0497, update 2.53 s, wall 1791144554.5
exact step 37: answers scored 8, mean expected reward 7.491, kl coef 0.0497, update 2.52 s, wall 1791144557.7
exact step 38: answers scored 8, mean expected reward 6.534, kl coef 0.0497, update 2.53 s, wall 1791144560.6
exact step 39: answers scored 8, mean expected reward 6.812, kl coef 0.0497, update 2.54 s, wall 1791144563.7
exact step 40: answers scored 8, mean expected reward 5.490, kl coef 0.0497, update 2.79 s, wall 1791144569.8
exact step 41: answers scored 8, mean expected reward 5.562, kl coef 0.0497, update 2.51 s, wall 1791144573.1
exact step 42: answers scored 8, mean expected reward 6.262, kl coef 0.0497, update 2.51 s, wall 1791144576.1
exact step 43: answers scored 8, mean expected reward 7.766, kl coef 0.0496, update 2.51 s, wall 1791144579.1
exact step 44: answers scored 8, mean expected reward 5.563, kl coef 0.0496, update 2.52 s, wall 1791144582.4
exact step 45: answers scored 8, mean expected reward 5.557, kl coef 0.0496, update 2.52 s, wall 1791144585.3
exact step 46: answers scored 8, mean expected reward 8.330, kl coef 0.0496, update 2.52 s, wall 1791144588.4
exact step 47: answers scored 8, mean expected reward 5.599, kl coef 0.0496, update 2.52 s, wall 1791144592.0
exact step 48: answers scored 8, mean expected reward 7.123, kl coef 0.0496, update 2.54 s, wall 1791144594.9
exact step 49: answers scored 8, mean expected reward 7.766, kl coef 0.0496, update 2.52 s, wall 1791144598.0
exact step 50: answers scored 8, mean expected reward 7.583, kl coef 0.0496, update 2.79 s, wall 1791144602.4
exact step 51: answers scored 8, mean expected reward 6.283, kl coef 0.0496, update 2.56 s, wall 1791144607.8
exact step 52: answers scored 8, mean expected reward 8.308, kl coef 0.0496, update 2.52 s, wall 1791144611.3
exact step 53: answers scored 8, mean expected reward 10.107, kl coef 0.0496, update 2.62 s, wall 1791144615.6
exact step 54: answers scored 8, mean expected reward 10.081, kl coef 0.0496, update 2.56 s, wall 1791144618.6
exact step 55: answers scored 8, mean expected reward 8.355, kl coef 0.0496, update 2.58 s, wall 1791144621.8
exact step 56: answers scored 8, mean expected reward 8.214, kl coef 0.0495, update 2.62 s, wall 1791144624.9
exact step 57: answers scored 8, mean expected reward 8.972, kl coef 0.0495, update 2.58 s, wall 1791144628.1
exact step 58: answers scored 8, mean expected reward 8.438, kl coef 0.0495, update 2.54 s, wall 1791144631.5
exact step 59: answers scored 6, mean expected reward 9.409, kl coef 0.0495, update 2.51 s, wall 1791144638.1
exact step 60: answers scored 8, mean expected reward 9.295, kl coef 0.0495, update 2.52 s, wall 1791144641.5
exact step 61: answers scored 8, mean expected reward 9.135, kl coef 0.0495, update 2.53 s, wall 1791144644.9
exact step 62: answers scored 8, mean expected reward 7.475, kl coef 0.0495, update 2.59 s, wall 1791144648.1
exact step 63: answers scored 8, mean expected reward 9.062, kl coef 0.0495, update 2.54 s, wall 1791144651.8
exact step 64: answers scored 8, mean expected reward 9.305, kl coef 0.0495, update 2.53 s, wall 1791144654.9
exact step 65: answers scored 8, mean expected reward 9.154, kl coef 0.0495, update 2.55 s, wall 1791144658.0
exact step 66: answers scored 8, mean expected reward 9.206, kl coef 0.0495, update 2.52 s, wall 1791144661.4
exact step 67: answers scored 8, mean expected reward 9.019, kl coef 0.0495, update 2.55 s, wall 1791144664.8
exact step 68: answers scored 8, mean expected reward 9.378, kl coef 0.0495, update 2.58 s, wall 1791144668.0
exact step 69: answers scored 8, mean expected reward 9.140, kl coef 0.0494, update 2.54 s, wall 1791144671.1
exact step 70: answers scored 8, mean expected reward 9.085, kl coef 0.0494, update 2.54 s, wall 1791144674.3
exact step 71: answers scored 8, mean expected reward 9.790, kl coef 0.0494, update 2.54 s, wall 1791144677.9
exact step 72: answers scored 8, mean expected reward 8.660, kl coef 0.0494, update 2.53 s, wall 1791144680.9
exact step 73: answers scored 8, mean expected reward 9.452, kl coef 0.0494, update 2.54 s, wall 1791144684.2
exact step 74: answers scored 8, mean expected reward 9.461, kl coef 0.0494, update 2.56 s, wall 1791144687.7
exact step 75: answers scored 8, mean expected reward 9.265, kl coef 0.0494, update 2.54 s, wall 1791144692.0
exact step 76: answers scored 8, mean expected reward 9.714, kl coef 0.0494, update 2.52 s, wall 1791144695.1
exact step 77: answers scored 8, mean expected reward 8.801, kl coef 0.0494, update 2.52 s, wall 1791144698.2
exact step 78: answers scored 8, mean expected reward 8.098, kl coef 0.0494, update 2.55 s, wall 1791144701.3
exact step 79: answers scored 8, mean expected reward 9.604, kl coef 0.0494, update 2.58 s, wall 1791144704.5
exact step 80: answers scored 8, mean expected reward 9.374, kl coef 0.0494, update 2.52 s, wall 1791144707.5
exact step 81: answers scored 8, mean expected reward 9.509, kl coef 0.0494, update 2.58 s, wall 1791144710.7
exact step 82: answers scored 8, mean expected reward 9.134, kl coef 0.0493, update 2.54 s, wall 1791144714.8
exact step 83: answers scored 7, mean expected reward 9.096, kl coef 0.0493, update 2.51 s, wall 1791144719.1
exact step 84: answers scored 8, mean expected reward 9.371, kl coef 0.0493, update 2.53 s, wall 1791144723.0
exact step 85: answers scored 7, mean expected reward 9.471, kl coef 0.0493, update 2.55 s, wall 1791144726.9
exact step 86: answers scored 8, mean expected reward 8.792, kl coef 0.0493, update 2.52 s, wall 1791144730.6
exact step 87: answers scored 8, mean expected reward 9.416, kl coef 0.0493, update 2.52 s, wall 1791144733.7
exact step 88: answers scored 7, mean expected reward 9.520, kl coef 0.0493, update 2.49 s, wall 1791144739.4
exact step 89: answers scored 8, mean expected reward 9.760, kl coef 0.0493, update 2.50 s, wall 1791144742.7
exact step 90: answers scored 8, mean expected reward 9.128, kl coef 0.0493, update 2.50 s, wall 1791144745.7
exact step 91: answers scored 8, mean expected reward 8.712, kl coef 0.0493, update 2.50 s, wall 1791144749.1
exact step 92: answers scored 8, mean expected reward 9.715, kl coef 0.0493, update 2.53 s, wall 1791144752.3
exact step 93: answers scored 8, mean expected reward 9.371, kl coef 0.0493, update 2.50 s, wall 1791144755.4
exact step 94: answers scored 8, mean expected reward 9.204, kl coef 0.0492, update 2.51 s, wall 1791144758.6
exact step 95: answers scored 8, mean expected reward 9.129, kl coef 0.0492, update 2.52 s, wall 1791144761.6
exact step 96: answers scored 8, mean expected reward 9.492, kl coef 0.0492, update 2.48 s, wall 1791144764.6
exact step 97: answers scored 8, mean expected reward 9.028, kl coef 0.0492, update 2.50 s, wall 1791144768.1
exact step 98: answers scored 8, mean expected reward 9.741, kl coef 0.0492, update 2.50 s, wall 1791144771.1
exact step 99: answers scored 8, mean expected reward 8.883, kl coef 0.0492, update 2.49 s, wall 1791144774.0
exact step 100: answers scored 7, mean expected reward 9.242, kl coef 0.0492, update 2.48 s, wall 1791144779.7
exact step 101: answers scored 8, mean expected reward 8.828, kl coef 0.0492, update 2.50 s, wall 1791144783.3
exact step 102: answers scored 7, mean expected reward 9.213, kl coef 0.0492, update 2.50 s, wall 1791144798.9
exact step 103: answers scored 8, mean expected reward 9.661, kl coef 0.0492, update 2.55 s, wall 1791144802.1
exact step 104: answers scored 8, mean expected reward 9.611, kl coef 0.0492, update 2.51 s, wall 1791144805.2
exact step 105: answers scored 8, mean expected reward 9.628, kl coef 0.0492, update 2.51 s, wall 1791144808.2
exact step 106: answers scored 7, mean expected reward 9.129, kl coef 0.0492, update 2.49 s, wall 1791144814.1
exact step 107: answers scored 8, mean expected reward 8.832, kl coef 0.0491, update 2.51 s, wall 1791144817.1
exact step 108: answers scored 8, mean expected reward 8.980, kl coef 0.0491, update 2.52 s, wall 1791144820.2
exact step 109: answers scored 8, mean expected reward 9.239, kl coef 0.0491, update 2.50 s, wall 1791144823.3
exact step 110: answers scored 8, mean expected reward 9.412, kl coef 0.0491, update 2.55 s, wall 1791144826.8
exact step 111: answers scored 8, mean expected reward 9.980, kl coef 0.0491, update 2.52 s, wall 1791144829.8
exact step 112: answers scored 8, mean expected reward 8.444, kl coef 0.0491, update 2.53 s, wall 1791144833.0
exact step 113: answers scored 8, mean expected reward 9.091, kl coef 0.0491, update 2.51 s, wall 1791144836.8
exact step 114: answers scored 7, mean expected reward 9.291, kl coef 0.0491, update 2.47 s, wall 1791144840.3
exact step 115: answers scored 8, mean expected reward 9.678, kl coef 0.0491, update 2.53 s, wall 1791144843.6
exact step 116: answers scored 8, mean expected reward 9.854, kl coef 0.0491, update 2.52 s, wall 1791144847.5
exact step 117: answers scored 8, mean expected reward 9.977, kl coef 0.0491, update 2.52 s, wall 1791144850.6
exact step 118: answers scored 8, mean expected reward 10.081, kl coef 0.0491, update 2.71 s, wall 1791144853.8
exact step 119: answers scored 8, mean expected reward 9.171, kl coef 0.0491, update 2.49 s, wall 1791144857.0
exact step 120: answers scored 8, mean expected reward 9.367, kl coef 0.0490, update 2.52 s, wall 1791144860.4
exact step 121: answers scored 8, mean expected reward 8.726, kl coef 0.0490, update 2.50 s, wall 1791144864.3
exact step 122: answers scored 7, mean expected reward 9.113, kl coef 0.0490, update 2.50 s, wall 1791144868.1
exact step 123: answers scored 8, mean expected reward 8.245, kl coef 0.0490, update 2.53 s, wall 1791144872.1
exact step 124: answers scored 7, mean expected reward 9.403, kl coef 0.0490, update 2.51 s, wall 1791144876.7
exact step 125: answers scored 8, mean expected reward 9.053, kl coef 0.0490, update 2.51 s, wall 1791144880.4
exact step 126: answers scored 8, mean expected reward 9.674, kl coef 0.0490, update 2.51 s, wall 1791144883.6
exact step 127: answers scored 8, mean expected reward 9.514, kl coef 0.0490, update 2.52 s, wall 1791144886.7
exact step 128: answers scored 8, mean expected reward 9.412, kl coef 0.0490, update 2.50 s, wall 1791144889.6
exact step 129: answers scored 8, mean expected reward 9.107, kl coef 0.0490, update 2.52 s, wall 1791144894.1
exact step 130: answers scored 8, mean expected reward 9.082, kl coef 0.0490, update 2.57 s, wall 1791144897.2
exact step 131: answers scored 8, mean expected reward 8.901, kl coef 0.0490, update 2.59 s, wall 1791144900.4
exact step 132: answers scored 8, mean expected reward 9.491, kl coef 0.0490, update 2.58 s, wall 1791144903.5
exact step 133: answers scored 8, mean expected reward 9.149, kl coef 0.0489, update 2.56 s, wall 1791144906.7
exact step 134: answers scored 8, mean expected reward 9.854, kl coef 0.0489, update 2.63 s, wall 1791144909.8
exact step 135: answers scored 8, mean expected reward 9.308, kl coef 0.0489, update 2.56 s, wall 1791144913.2
exact step 136: answers scored 8, mean expected reward 9.817, kl coef 0.0489, update 2.54 s, wall 1791144916.2
exact step 137: answers scored 8, mean expected reward 9.175, kl coef 0.0489, update 2.63 s, wall 1791144921.5
exact step 138: answers scored 8, mean expected reward 7.522, kl coef 0.0489, update 2.73 s, wall 1791144927.1
exact step 139: answers scored 8, mean expected reward 10.066, kl coef 0.0489, update 2.69 s, wall 1791144930.7
exact step 140: answers scored 8, mean expected reward 10.419, kl coef 0.0489, update 2.62 s, wall 1791144933.8
exact step 141: answers scored 7, mean expected reward 9.168, kl coef 0.0489, update 2.54 s, wall 1791144938.3
exact step 142: answers scored 8, mean expected reward 10.073, kl coef 0.0489, update 2.63 s, wall 1791144941.5
exact step 143: answers scored 8, mean expected reward 9.700, kl coef 0.0489, update 2.57 s, wall 1791144945.6
exact step 144: answers scored 8, mean expected reward 8.612, kl coef 0.0489, update 2.57 s, wall 1791144949.0
exact step 145: answers scored 8, mean expected reward 7.236, kl coef 0.0489, update 2.60 s, wall 1791144952.2
exact step 146: answers scored 8, mean expected reward 9.445, kl coef 0.0488, update 2.56 s, wall 1791144955.3
exact step 147: answers scored 8, mean expected reward 7.538, kl coef 0.0488, update 2.74 s, wall 1791144958.9
exact step 148: answers scored 8, mean expected reward 9.796, kl coef 0.0488, update 2.57 s, wall 1791144962.6
exact step 149: answers scored 8, mean expected reward 9.671, kl coef 0.0488, update 2.58 s, wall 1791144965.7
exact step 150: answers scored 8, mean expected reward 8.407, kl coef 0.0488, update 2.57 s, wall 1791144969.2
exact step 151: answers scored 8, mean expected reward 10.202, kl coef 0.0488, update 2.65 s, wall 1791144974.3
exact step 152: answers scored 8, mean expected reward 9.855, kl coef 0.0488, update 2.58 s, wall 1791144977.6
exact step 153: answers scored 8, mean expected reward 9.027, kl coef 0.0488, update 2.56 s, wall 1791144980.7
exact step 154: answers scored 8, mean expected reward 9.792, kl coef 0.0488, update 2.57 s, wall 1791144984.8
exact step 155: answers scored 8, mean expected reward 9.113, kl coef 0.0488, update 2.57 s, wall 1791144988.5
exact step 156: answers scored 8, mean expected reward 9.243, kl coef 0.0488, update 2.67 s, wall 1791144992.1
exact step 157: answers scored 8, mean expected reward 9.558, kl coef 0.0488, update 2.57 s, wall 1791144995.2
exact step 158: answers scored 8, mean expected reward 9.439, kl coef 0.0488, update 2.55 s, wall 1791144998.2
exact step 159: answers scored 7, mean expected reward 10.139, kl coef 0.0487, update 2.54 s, wall 1791145014.1
exact step 160: answers scored 8, mean expected reward 10.242, kl coef 0.0487, update 2.55 s, wall 1791145017.4
exact step 161: answers scored 8, mean expected reward 10.023, kl coef 0.0487, update 2.52 s, wall 1791145020.5
exact step 162: answers scored 8, mean expected reward 8.817, kl coef 0.0487, update 2.54 s, wall 1791145023.8
exact step 163: answers scored 8, mean expected reward 10.261, kl coef 0.0487, update 2.50 s, wall 1791145026.8
exact step 164: answers scored 8, mean expected reward 8.937, kl coef 0.0487, update 2.49 s, wall 1791145029.9
exact step 165: answers scored 8, mean expected reward 9.457, kl coef 0.0487, update 2.51 s, wall 1791145033.1
exact step 166: answers scored 8, mean expected reward 9.495, kl coef 0.0487, update 2.52 s, wall 1791145036.1
exact step 167: answers scored 8, mean expected reward 10.849, kl coef 0.0487, update 2.52 s, wall 1791145039.4
exact step 168: answers scored 8, mean expected reward 10.047, kl coef 0.0487, update 2.52 s, wall 1791145042.5
exact step 169: answers scored 8, mean expected reward 9.073, kl coef 0.0487, update 2.52 s, wall 1791145046.3
exact step 170: answers scored 8, mean expected reward 8.162, kl coef 0.0487, update 2.52 s, wall 1791145050.4
exact step 171: answers scored 8, mean expected reward 8.729, kl coef 0.0487, update 2.52 s, wall 1791145053.8
exact step 172: answers scored 8, mean expected reward 8.804, kl coef 0.0486, update 2.54 s, wall 1791145056.9
exact step 173: answers scored 8, mean expected reward 9.472, kl coef 0.0486, update 2.50 s, wall 1791145059.9
exact step 174: answers scored 8, mean expected reward 10.020, kl coef 0.0486, update 2.52 s, wall 1791145063.1
exact step 175: answers scored 8, mean expected reward 9.232, kl coef 0.0486, update 2.52 s, wall 1791145066.1
exact step 176: answers scored 8, mean expected reward 8.387, kl coef 0.0486, update 2.52 s, wall 1791145070.2
exact step 177: answers scored 8, mean expected reward 9.729, kl coef 0.0486, update 2.56 s, wall 1791145073.2
exact step 178: answers scored 8, mean expected reward 10.130, kl coef 0.0486, update 2.58 s, wall 1791145076.2
exact step 179: answers scored 8, mean expected reward 7.738, kl coef 0.0486, update 2.66 s, wall 1791145079.7
exact step 180: answers scored 7, mean expected reward 8.751, kl coef 0.0486, update 2.52 s, wall 1791145095.5
exact step 181: answers scored 7, mean expected reward 9.349, kl coef 0.0486, update 2.54 s, wall 1791145100.2
exact step 182: answers scored 8, mean expected reward 10.718, kl coef 0.0486, update 2.53 s, wall 1791145103.2
exact step 183: answers scored 8, mean expected reward 10.728, kl coef 0.0486, update 2.53 s, wall 1791145106.3
exact step 184: answers scored 8, mean expected reward 9.514, kl coef 0.0486, update 2.60 s, wall 1791145109.8
exact step 185: answers scored 8, mean expected reward 9.026, kl coef 0.0485, update 2.55 s, wall 1791145112.9
exact step 186: answers scored 8, mean expected reward 8.740, kl coef 0.0485, update 2.52 s, wall 1791145116.0
exact step 187: answers scored 8, mean expected reward 10.294, kl coef 0.0485, update 2.50 s, wall 1791145119.3
exact step 188: answers scored 8, mean expected reward 9.262, kl coef 0.0485, update 2.50 s, wall 1791145122.6
exact step 189: answers scored 7, mean expected reward 6.956, kl coef 0.0485, update 2.50 s, wall 1791145126.0
exact step 190: answers scored 8, mean expected reward 10.381, kl coef 0.0485, update 2.53 s, wall 1791145129.4
exact step 191: answers scored 8, mean expected reward 9.880, kl coef 0.0485, update 2.53 s, wall 1791145132.6
exact step 192: answers scored 8, mean expected reward 10.158, kl coef 0.0485, update 2.56 s, wall 1791145135.7
exact step 193: answers scored 8, mean expected reward 7.128, kl coef 0.0485, update 2.63 s, wall 1791145138.9
exact step 194: answers scored 8, mean expected reward 9.329, kl coef 0.0485, update 2.60 s, wall 1791145142.2
exact step 195: answers scored 8, mean expected reward 9.380, kl coef 0.0485, update 2.58 s, wall 1791145146.2
exact step 196: answers scored 7, mean expected reward 9.898, kl coef 0.0485, update 2.56 s, wall 1791145151.2
exact step 197: answers scored 7, mean expected reward 10.118, kl coef 0.0484, update 2.55 s, wall 1791145154.3
exact step 198: answers scored 8, mean expected reward 10.147, kl coef 0.0484, update 2.59 s, wall 1791145158.3
checkpoint at step 200 (0.4 s)
exact step 199: answers scored 8, mean expected reward 10.286, kl coef 0.0484, update 2.99 s, wall 1791145161.8
exact step 200: answers scored 8, mean expected reward 7.890, kl coef 0.0484, update 2.61 s, wall 1791145165.0
exact step 201: answers scored 8, mean expected reward 9.281, kl coef 0.0484, update 2.60 s, wall 1791145168.3
exact step 202: answers scored 8, mean expected reward 10.592, kl coef 0.0484, update 2.59 s, wall 1791145171.5
exact step 203: answers scored 8, mean expected reward 10.150, kl coef 0.0484, update 2.60 s, wall 1791145174.6
exact step 204: answers scored 8, mean expected reward 9.425, kl coef 0.0484, update 2.59 s, wall 1791145178.2
exact step 205: answers scored 7, mean expected reward 9.411, kl coef 0.0484, update 2.55 s, wall 1791145182.6
exact step 206: answers scored 8, mean expected reward 8.638, kl coef 0.0484, update 2.56 s, wall 1791145185.7
exact step 207: answers scored 8, mean expected reward 9.641, kl coef 0.0484, update 2.59 s, wall 1791145188.9
exact step 208: answers scored 8, mean expected reward 10.638, kl coef 0.0484, update 2.59 s, wall 1791145192.1
exact step 209: answers scored 8, mean expected reward 9.929, kl coef 0.0484, update 2.60 s, wall 1791145197.3
exact step 210: answers scored 8, mean expected reward 10.078, kl coef 0.0483, update 2.57 s, wall 1791145200.7
exact step 211: answers scored 8, mean expected reward 8.008, kl coef 0.0483, update 2.56 s, wall 1791145204.2
exact step 212: answers scored 8, mean expected reward 9.885, kl coef 0.0483, update 2.56 s, wall 1791145208.0
exact step 213: answers scored 8, mean expected reward 8.825, kl coef 0.0483, update 2.59 s, wall 1791145211.1
exact step 214: answers scored 8, mean expected reward 9.835, kl coef 0.0483, update 2.55 s, wall 1791145214.2
exact step 215: answers scored 8, mean expected reward 9.495, kl coef 0.0483, update 2.54 s, wall 1791145217.8
exact step 216: answers scored 8, mean expected reward 8.585, kl coef 0.0483, update 2.56 s, wall 1791145221.1
exact step 217: answers scored 8, mean expected reward 9.546, kl coef 0.0483, update 2.52 s, wall 1791145224.6
exact step 218: answers scored 8, mean expected reward 10.198, kl coef 0.0483, update 2.57 s, wall 1791145227.7
exact step 219: answers scored 8, mean expected reward 10.889, kl coef 0.0483, update 2.57 s, wall 1791145230.9
exact step 220: answers scored 7, mean expected reward 8.378, kl coef 0.0483, update 2.54 s, wall 1791145234.7
exact step 221: answers scored 8, mean expected reward 10.063, kl coef 0.0483, update 2.57 s, wall 1791145239.1
exact step 222: answers scored 8, mean expected reward 9.227, kl coef 0.0483, update 2.63 s, wall 1791145242.3
exact step 223: answers scored 8, mean expected reward 9.314, kl coef 0.0482, update 2.58 s, wall 1791145245.7
exact step 224: answers scored 8, mean expected reward 10.057, kl coef 0.0482, update 2.60 s, wall 1791145249.3
exact step 225: answers scored 8, mean expected reward 9.091, kl coef 0.0482, update 2.62 s, wall 1791145252.6
exact step 226: answers scored 8, mean expected reward 9.355, kl coef 0.0482, update 2.60 s, wall 1791145256.7
exact step 227: answers scored 7, mean expected reward 8.509, kl coef 0.0482, update 2.53 s, wall 1791145259.7
exact step 228: answers scored 8, mean expected reward 9.202, kl coef 0.0482, update 2.55 s, wall 1791145263.3
exact step 229: answers scored 8, mean expected reward 10.334, kl coef 0.0482, update 2.56 s, wall 1791145267.6
exact step 230: answers scored 8, mean expected reward 9.676, kl coef 0.0482, update 2.54 s, wall 1791145270.7
exact step 231: answers scored 8, mean expected reward 10.551, kl coef 0.0482, update 2.56 s, wall 1791145273.8
exact step 232: answers scored 8, mean expected reward 8.538, kl coef 0.0482, update 2.57 s, wall 1791145276.8
exact step 233: answers scored 8, mean expected reward 9.296, kl coef 0.0482, update 2.54 s, wall 1791145280.0
exact step 234: answers scored 8, mean expected reward 8.672, kl coef 0.0482, update 2.58 s, wall 1791145283.2
exact step 235: answers scored 8, mean expected reward 9.293, kl coef 0.0482, update 2.60 s, wall 1791145286.4
exact step 236: answers scored 8, mean expected reward 9.054, kl coef 0.0481, update 2.58 s, wall 1791145289.4
exact step 237: answers scored 8, mean expected reward 9.516, kl coef 0.0481, update 2.57 s, wall 1791145292.4
exact step 238: answers scored 8, mean expected reward 9.110, kl coef 0.0481, update 2.55 s, wall 1791145295.5
exact step 239: answers scored 8, mean expected reward 9.489, kl coef 0.0481, update 2.58 s, wall 1791145298.9
exact step 240: answers scored 8, mean expected reward 8.354, kl coef 0.0481, update 2.61 s, wall 1791145302.1
exact step 241: answers scored 8, mean expected reward 9.432, kl coef 0.0481, update 2.59 s, wall 1791145305.7
exact step 242: answers scored 8, mean expected reward 9.953, kl coef 0.0481, update 2.61 s, wall 1791145309.0
exact step 243: answers scored 8, mean expected reward 9.220, kl coef 0.0481, update 2.63 s, wall 1791145312.6
exact step 244: answers scored 8, mean expected reward 9.927, kl coef 0.0481, update 2.57 s, wall 1791145315.7
exact step 245: answers scored 8, mean expected reward 9.179, kl coef 0.0481, update 2.69 s, wall 1791145319.7
exact step 246: answers scored 8, mean expected reward 9.446, kl coef 0.0481, update 2.63 s, wall 1791145322.9
exact step 247: answers scored 8, mean expected reward 9.860, kl coef 0.0481, update 2.55 s, wall 1791145326.0
exact step 248: answers scored 8, mean expected reward 8.969, kl coef 0.0481, update 2.56 s, wall 1791145329.4
exact step 249: answers scored 8, mean expected reward 9.153, kl coef 0.0480, update 2.61 s, wall 1791145333.2
exact step 250: answers scored 8, mean expected reward 9.703, kl coef 0.0480, update 2.59 s, wall 1791145337.3
exact step 251: answers scored 8, mean expected reward 10.038, kl coef 0.0480, update 2.66 s, wall 1791145341.5
exact step 252: answers scored 8, mean expected reward 9.314, kl coef 0.0480, update 2.57 s, wall 1791145344.6
exact step 253: answers scored 8, mean expected reward 9.757, kl coef 0.0480, update 2.61 s, wall 1791145348.4
exact step 254: answers scored 8, mean expected reward 10.724, kl coef 0.0480, update 2.60 s, wall 1791145351.6
exact step 255: answers scored 8, mean expected reward 9.871, kl coef 0.0480, update 2.77 s, wall 1791145355.8
exact step 256: answers scored 7, mean expected reward 9.671, kl coef 0.0480, update 2.57 s, wall 1791145359.1
exact step 257: answers scored 8, mean expected reward 8.116, kl coef 0.0480, update 2.66 s, wall 1791145362.4
exact step 258: answers scored 8, mean expected reward 10.121, kl coef 0.0480, update 2.65 s, wall 1791145368.5
exact step 259: answers scored 8, mean expected reward 9.417, kl coef 0.0480, update 2.55 s, wall 1791145371.8
exact step 260: answers scored 7, mean expected reward 9.490, kl coef 0.0480, update 2.48 s, wall 1791145377.6
exact step 261: answers scored 8, mean expected reward 9.231, kl coef 0.0480, update 2.54 s, wall 1791145380.7
exact step 262: answers scored 8, mean expected reward 8.822, kl coef 0.0479, update 2.59 s, wall 1791145383.9
exact step 263: answers scored 8, mean expected reward 9.475, kl coef 0.0479, update 2.64 s, wall 1791145387.1
exact step 264: answers scored 8, mean expected reward 9.693, kl coef 0.0479, update 2.55 s, wall 1791145390.2
exact step 265: answers scored 8, mean expected reward 10.277, kl coef 0.0479, update 2.57 s, wall 1791145393.5
exact step 266: answers scored 8, mean expected reward 10.268, kl coef 0.0479, update 2.62 s, wall 1791145396.8
exact step 267: answers scored 8, mean expected reward 9.250, kl coef 0.0479, update 2.60 s, wall 1791145399.9
exact step 268: answers scored 8, mean expected reward 8.759, kl coef 0.0479, update 2.57 s, wall 1791145403.1
exact step 269: answers scored 8, mean expected reward 8.814, kl coef 0.0479, update 2.65 s, wall 1791145406.4
exact step 270: answers scored 8, mean expected reward 9.862, kl coef 0.0479, update 2.59 s, wall 1791145409.7
exact step 271: answers scored 8, mean expected reward 10.151, kl coef 0.0479, update 2.58 s, wall 1791145414.0
exact step 272: answers scored 8, mean expected reward 9.735, kl coef 0.0479, update 2.55 s, wall 1791145417.0
exact step 273: answers scored 8, mean expected reward 9.772, kl coef 0.0479, update 2.57 s, wall 1791145420.7
exact step 274: answers scored 8, mean expected reward 9.027, kl coef 0.0479, update 2.70 s, wall 1791145424.0
exact step 275: answers scored 8, mean expected reward 9.033, kl coef 0.0478, update 2.62 s, wall 1791145427.5
exact step 276: answers scored 8, mean expected reward 9.856, kl coef 0.0478, update 2.57 s, wall 1791145431.0
exact step 277: answers scored 8, mean expected reward 9.798, kl coef 0.0478, update 2.56 s, wall 1791145434.0
exact step 278: answers scored 8, mean expected reward 9.462, kl coef 0.0478, update 2.56 s, wall 1791145437.3
exact step 279: answers scored 8, mean expected reward 8.889, kl coef 0.0478, update 2.61 s, wall 1791145440.7
exact step 280: answers scored 8, mean expected reward 9.750, kl coef 0.0478, update 2.58 s, wall 1791145443.8
exact step 281: answers scored 8, mean expected reward 9.476, kl coef 0.0478, update 2.59 s, wall 1791145447.3
exact step 282: answers scored 8, mean expected reward 10.676, kl coef 0.0478, update 2.65 s, wall 1791145450.8
exact step 283: answers scored 8, mean expected reward 9.181, kl coef 0.0478, update 2.65 s, wall 1791145454.0
exact step 284: answers scored 8, mean expected reward 10.164, kl coef 0.0478, update 2.60 s, wall 1791145457.2
exact step 285: answers scored 8, mean expected reward 9.539, kl coef 0.0478, update 2.64 s, wall 1791145460.4
exact step 286: answers scored 8, mean expected reward 10.267, kl coef 0.0478, update 2.71 s, wall 1791145463.8
exact step 287: answers scored 7, mean expected reward 7.070, kl coef 0.0478, update 2.58 s, wall 1791145469.2
exact step 288: answers scored 8, mean expected reward 10.014, kl coef 0.0477, update 2.69 s, wall 1791145473.6
exact step 289: answers scored 8, mean expected reward 10.131, kl coef 0.0477, update 2.63 s, wall 1791145477.1
exact step 290: answers scored 8, mean expected reward 7.692, kl coef 0.0477, update 2.65 s, wall 1791145480.5
exact step 291: answers scored 8, mean expected reward 9.453, kl coef 0.0477, update 2.56 s, wall 1791145483.6
exact step 292: answers scored 8, mean expected reward 9.759, kl coef 0.0477, update 2.55 s, wall 1791145486.7
exact step 293: answers scored 8, mean expected reward 9.685, kl coef 0.0477, update 2.59 s, wall 1791145491.7
exact step 294: answers scored 8, mean expected reward 9.452, kl coef 0.0477, update 2.57 s, wall 1791145494.7
exact step 295: answers scored 8, mean expected reward 8.743, kl coef 0.0477, update 2.56 s, wall 1791145498.6
exact step 296: answers scored 8, mean expected reward 9.305, kl coef 0.0477, update 2.56 s, wall 1791145504.7
exact step 297: answers scored 8, mean expected reward 10.478, kl coef 0.0477, update 2.56 s, wall 1791145508.9
exact step 298: answers scored 8, mean expected reward 8.675, kl coef 0.0477, update 2.56 s, wall 1791145511.9
exact step 299: answers scored 8, mean expected reward 9.936, kl coef 0.0477, update 2.64 s, wall 1791145516.7
exact step 300: answers scored 8, mean expected reward 7.801, kl coef 0.0477, update 2.66 s, wall 1791145519.9
exact step 301: answers scored 8, mean expected reward 9.586, kl coef 0.0476, update 2.57 s, wall 1791145523.0
exact step 302: answers scored 8, mean expected reward 10.140, kl coef 0.0476, update 2.57 s, wall 1791145528.7
exact step 303: answers scored 8, mean expected reward 9.366, kl coef 0.0476, update 2.49 s, wall 1791145532.0
exact step 304: answers scored 8, mean expected reward 10.487, kl coef 0.0476, update 2.49 s, wall 1791145535.4
exact step 305: answers scored 8, mean expected reward 9.447, kl coef 0.0476, update 2.50 s, wall 1791145538.3
exact step 306: answers scored 8, mean expected reward 9.854, kl coef 0.0476, update 2.53 s, wall 1791145541.5
exact step 307: answers scored 8, mean expected reward 7.503, kl coef 0.0476, update 2.50 s, wall 1791145544.6
exact step 308: answers scored 8, mean expected reward 10.121, kl coef 0.0476, update 2.51 s, wall 1791145547.9
exact step 309: answers scored 8, mean expected reward 9.934, kl coef 0.0476, update 2.54 s, wall 1791145551.1
exact step 310: answers scored 8, mean expected reward 9.537, kl coef 0.0476, update 2.53 s, wall 1791145554.1
exact step 311: answers scored 8, mean expected reward 9.874, kl coef 0.0476, update 2.56 s, wall 1791145558.0
exact step 312: answers scored 8, mean expected reward 9.870, kl coef 0.0476, update 2.52 s, wall 1791145561.6
exact step 313: answers scored 8, mean expected reward 8.551, kl coef 0.0476, update 2.84 s, wall 1791145567.7
exact step 314: answers scored 8, mean expected reward 9.351, kl coef 0.0476, update 2.55 s, wall 1791145574.8
exact step 315: answers scored 8, mean expected reward 8.608, kl coef 0.0475, update 2.52 s, wall 1791145577.8
exact step 316: answers scored 8, mean expected reward 9.789, kl coef 0.0475, update 2.67 s, wall 1791145581.1
exact step 317: answers scored 8, mean expected reward 9.006, kl coef 0.0475, update 2.59 s, wall 1791145584.2
exact step 318: answers scored 8, mean expected reward 9.671, kl coef 0.0475, update 2.54 s, wall 1791145587.2
exact step 319: answers scored 8, mean expected reward 9.847, kl coef 0.0475, update 2.54 s, wall 1791145590.4
exact step 320: answers scored 8, mean expected reward 10.130, kl coef 0.0475, update 2.54 s, wall 1791145594.4
exact step 321: answers scored 8, mean expected reward 10.048, kl coef 0.0475, update 2.53 s, wall 1791145597.7
exact step 322: answers scored 8, mean expected reward 10.005, kl coef 0.0475, update 2.53 s, wall 1791145600.8
exact step 323: answers scored 8, mean expected reward 8.888, kl coef 0.0475, update 2.49 s, wall 1791145604.1
exact step 324: answers scored 8, mean expected reward 9.071, kl coef 0.0475, update 2.47 s, wall 1791145607.2
exact step 325: answers scored 8, mean expected reward 10.074, kl coef 0.0475, update 2.59 s, wall 1791145610.9
exact step 326: answers scored 8, mean expected reward 10.285, kl coef 0.0475, update 2.54 s, wall 1791145614.2
exact step 327: answers scored 8, mean expected reward 9.223, kl coef 0.0475, update 2.51 s, wall 1791145617.2
exact step 328: answers scored 8, mean expected reward 8.790, kl coef 0.0474, update 2.48 s, wall 1791145621.3
exact step 329: answers scored 8, mean expected reward 9.532, kl coef 0.0474, update 2.52 s, wall 1791145625.5
exact step 330: answers scored 8, mean expected reward 9.714, kl coef 0.0474, update 2.51 s, wall 1791145628.5
exact step 331: answers scored 8, mean expected reward 9.969, kl coef 0.0474, update 2.51 s, wall 1791145632.9
exact step 332: answers scored 8, mean expected reward 9.598, kl coef 0.0474, update 2.49 s, wall 1791145636.3
exact step 333: answers scored 8, mean expected reward 9.907, kl coef 0.0474, update 2.48 s, wall 1791145639.6
exact step 334: answers scored 7, mean expected reward 10.266, kl coef 0.0474, update 2.51 s, wall 1791145645.3
exact step 335: answers scored 8, mean expected reward 10.054, kl coef 0.0474, update 2.49 s, wall 1791145648.4
exact step 336: answers scored 8, mean expected reward 9.624, kl coef 0.0474, update 2.54 s, wall 1791145652.2
exact step 337: answers scored 8, mean expected reward 10.468, kl coef 0.0474, update 2.52 s, wall 1791145655.3
exact step 338: answers scored 8, mean expected reward 9.848, kl coef 0.0474, update 2.64 s, wall 1791145660.4
exact step 339: answers scored 8, mean expected reward 11.107, kl coef 0.0474, update 2.60 s, wall 1791145663.5
exact step 340: answers scored 8, mean expected reward 9.616, kl coef 0.0474, update 2.57 s, wall 1791145667.1
exact step 341: answers scored 8, mean expected reward 9.925, kl coef 0.0473, update 2.63 s, wall 1791145671.5
exact step 342: answers scored 8, mean expected reward 8.765, kl coef 0.0473, update 2.74 s, wall 1791145674.8
exact step 343: answers scored 8, mean expected reward 8.940, kl coef 0.0473, update 2.66 s, wall 1791145678.8
exact step 344: answers scored 7, mean expected reward 10.585, kl coef 0.0473, update 2.67 s, wall 1791145683.9
exact step 345: answers scored 8, mean expected reward 10.003, kl coef 0.0473, update 2.62 s, wall 1791145687.4
exact step 346: answers scored 8, mean expected reward 10.385, kl coef 0.0473, update 2.64 s, wall 1791145690.6
exact step 347: answers scored 8, mean expected reward 9.637, kl coef 0.0473, update 2.75 s, wall 1791145694.3
exact step 348: answers scored 8, mean expected reward 10.318, kl coef 0.0473, update 2.56 s, wall 1791145697.3
exact step 349: answers scored 6, mean expected reward 9.043, kl coef 0.0473, update 2.57 s, wall 1791145704.0
exact step 350: answers scored 8, mean expected reward 8.949, kl coef 0.0473, update 2.71 s, wall 1791145707.5
exact step 351: answers scored 8, mean expected reward 10.079, kl coef 0.0473, update 2.63 s, wall 1791145710.7
exact step 352: answers scored 8, mean expected reward 9.937, kl coef 0.0473, update 2.65 s, wall 1791145713.9
exact step 353: answers scored 8, mean expected reward 9.526, kl coef 0.0473, update 2.59 s, wall 1791145717.6
exact step 354: answers scored 8, mean expected reward 9.615, kl coef 0.0472, update 2.64 s, wall 1791145720.7
exact step 355: answers scored 8, mean expected reward 10.073, kl coef 0.0472, update 2.78 s, wall 1791145726.1
exact step 356: answers scored 8, mean expected reward 11.058, kl coef 0.0472, update 2.59 s, wall 1791145729.3
exact step 357: answers scored 8, mean expected reward 10.598, kl coef 0.0472, update 2.58 s, wall 1791145732.6
exact step 358: answers scored 8, mean expected reward 9.569, kl coef 0.0472, update 2.56 s, wall 1791145735.6
exact step 359: answers scored 8, mean expected reward 9.540, kl coef 0.0472, update 2.52 s, wall 1791145739.2
exact step 360: answers scored 8, mean expected reward 8.833, kl coef 0.0472, update 2.50 s, wall 1791145742.4
exact step 361: answers scored 8, mean expected reward 10.003, kl coef 0.0472, update 2.50 s, wall 1791145745.7
exact step 362: answers scored 8, mean expected reward 8.517, kl coef 0.0472, update 2.50 s, wall 1791145749.0
exact step 363: answers scored 8, mean expected reward 10.068, kl coef 0.0472, update 2.50 s, wall 1791145751.9
exact step 364: answers scored 8, mean expected reward 9.225, kl coef 0.0472, update 2.51 s, wall 1791145754.9
exact step 365: answers scored 8, mean expected reward 9.696, kl coef 0.0472, update 2.51 s, wall 1791145761.2
exact step 366: answers scored 8, mean expected reward 8.908, kl coef 0.0472, update 2.51 s, wall 1791145764.7
exact step 367: answers scored 8, mean expected reward 8.159, kl coef 0.0471, update 2.56 s, wall 1791145768.1
exact step 368: answers scored 8, mean expected reward 9.375, kl coef 0.0471, update 2.53 s, wall 1791145771.2
exact step 369: answers scored 8, mean expected reward 10.131, kl coef 0.0471, update 2.48 s, wall 1791145774.1
exact step 370: answers scored 8, mean expected reward 9.890, kl coef 0.0471, update 2.51 s, wall 1791145777.1
exact step 371: answers scored 7, mean expected reward 9.103, kl coef 0.0471, update 2.48 s, wall 1791145782.3
exact step 372: answers scored 8, mean expected reward 8.578, kl coef 0.0471, update 2.49 s, wall 1791145785.2
exact step 373: answers scored 8, mean expected reward 10.370, kl coef 0.0471, update 2.51 s, wall 1791145788.2
exact step 374: answers scored 8, mean expected reward 8.608, kl coef 0.0471, update 2.48 s, wall 1791145791.3
exact step 375: answers scored 8, mean expected reward 9.646, kl coef 0.0471, update 2.48 s, wall 1791145794.3
exact step 376: answers scored 8, mean expected reward 8.873, kl coef 0.0471, update 2.50 s, wall 1791145798.0
exact step 377: answers scored 8, mean expected reward 9.136, kl coef 0.0471, update 2.53 s, wall 1791145803.0
exact step 378: answers scored 8, mean expected reward 9.984, kl coef 0.0471, update 2.54 s, wall 1791145807.5
exact step 379: answers scored 8, mean expected reward 8.715, kl coef 0.0471, update 2.57 s, wall 1791145812.7
exact step 380: answers scored 8, mean expected reward 10.074, kl coef 0.0471, update 2.47 s, wall 1791145815.7
exact step 381: answers scored 8, mean expected reward 9.322, kl coef 0.0470, update 2.49 s, wall 1791145819.0
exact step 382: answers scored 8, mean expected reward 9.679, kl coef 0.0470, update 2.48 s, wall 1791145822.0
exact step 383: answers scored 8, mean expected reward 9.891, kl coef 0.0470, update 2.47 s, wall 1791145824.9
exact step 384: answers scored 8, mean expected reward 9.776, kl coef 0.0470, update 2.50 s, wall 1791145827.9
exact step 385: answers scored 8, mean expected reward 10.224, kl coef 0.0470, update 2.48 s, wall 1791145831.0
exact step 386: answers scored 8, mean expected reward 9.674, kl coef 0.0470, update 2.48 s, wall 1791145834.4
exact step 387: answers scored 7, mean expected reward 9.130, kl coef 0.0470, update 2.47 s, wall 1791145850.3
exact step 388: answers scored 8, mean expected reward 9.734, kl coef 0.0470, update 2.50 s, wall 1791145853.4
exact step 389: answers scored 8, mean expected reward 8.562, kl coef 0.0470, update 2.54 s, wall 1791145860.4
exact step 390: answers scored 8, mean expected reward 9.791, kl coef 0.0470, update 2.50 s, wall 1791145864.3
exact step 391: answers scored 8, mean expected reward 9.278, kl coef 0.0470, update 2.51 s, wall 1791145867.3
exact step 392: answers scored 8, mean expected reward 10.092, kl coef 0.0470, update 2.51 s, wall 1791145870.5
exact step 393: answers scored 7, mean expected reward 10.575, kl coef 0.0470, update 2.58 s, wall 1791145873.6
exact step 394: answers scored 7, mean expected reward 10.383, kl coef 0.0469, update 2.51 s, wall 1791145878.3
exact step 395: answers scored 8, mean expected reward 9.852, kl coef 0.0469, update 2.49 s, wall 1791145881.6
exact step 396: answers scored 8, mean expected reward 9.826, kl coef 0.0469, update 2.56 s, wall 1791145885.4
exact step 397: answers scored 7, mean expected reward 10.220, kl coef 0.0469, update 2.47 s, wall 1791145889.9
exact step 398: answers scored 7, mean expected reward 9.043, kl coef 0.0469, update 2.45 s, wall 1791145892.9
checkpoint at step 400 (0.9 s)
exact step 399: answers scored 8, mean expected reward 10.553, kl coef 0.0469, update 3.41 s, wall 1791145897.6
exact step 400: answers scored 7, mean expected reward 8.152, kl coef 0.0469, update 2.48 s, wall 1791145902.0
exact step 401: answers scored 8, mean expected reward 9.861, kl coef 0.0469, update 2.50 s, wall 1791145906.6
exact step 402: answers scored 8, mean expected reward 10.026, kl coef 0.0469, update 2.62 s, wall 1791145909.8
exact step 403: answers scored 8, mean expected reward 9.509, kl coef 0.0469, update 2.53 s, wall 1791145913.3
exact step 404: answers scored 8, mean expected reward 9.548, kl coef 0.0469, update 2.54 s, wall 1791145916.2
exact step 405: answers scored 8, mean expected reward 9.093, kl coef 0.0469, update 2.54 s, wall 1791145919.2
exact step 406: answers scored 8, mean expected reward 10.457, kl coef 0.0469, update 2.56 s, wall 1791145922.5
exact step 407: answers scored 8, mean expected reward 9.669, kl coef 0.0468, update 2.51 s, wall 1791145925.7
exact step 408: answers scored 8, mean expected reward 9.463, kl coef 0.0468, update 2.60 s, wall 1791145928.8
exact step 409: answers scored 8, mean expected reward 8.825, kl coef 0.0468, update 2.54 s, wall 1791145931.8
exact step 410: answers scored 8, mean expected reward 9.375, kl coef 0.0468, update 2.57 s, wall 1791145934.9
exact step 411: answers scored 7, mean expected reward 10.543, kl coef 0.0468, update 2.53 s, wall 1791145939.3
exact step 412: answers scored 8, mean expected reward 8.382, kl coef 0.0468, update 2.66 s, wall 1791145942.8
exact step 413: answers scored 8, mean expected reward 10.177, kl coef 0.0468, update 2.52 s, wall 1791145946.0
exact step 414: answers scored 8, mean expected reward 10.129, kl coef 0.0468, update 2.54 s, wall 1791145949.5
exact step 415: answers scored 8, mean expected reward 9.789, kl coef 0.0468, update 2.57 s, wall 1791145953.3
exact step 416: answers scored 8, mean expected reward 9.652, kl coef 0.0468, update 2.54 s, wall 1791145957.1
exact step 417: answers scored 8, mean expected reward 10.206, kl coef 0.0468, update 2.55 s, wall 1791145960.1
exact step 418: answers scored 8, mean expected reward 9.355, kl coef 0.0468, update 2.52 s, wall 1791145963.6
exact step 419: answers scored 8, mean expected reward 10.209, kl coef 0.0468, update 2.54 s, wall 1791145966.8
exact step 420: answers scored 8, mean expected reward 9.751, kl coef 0.0468, update 2.54 s, wall 1791145970.4
exact step 421: answers scored 8, mean expected reward 8.138, kl coef 0.0467, update 2.56 s, wall 1791145973.5
exact step 422: answers scored 8, mean expected reward 10.027, kl coef 0.0467, update 2.55 s, wall 1791145976.5
exact step 423: answers scored 8, mean expected reward 9.084, kl coef 0.0467, update 2.57 s, wall 1791145980.2
exact step 424: answers scored 8, mean expected reward 9.617, kl coef 0.0467, update 2.58 s, wall 1791145983.6
exact step 425: answers scored 8, mean expected reward 9.271, kl coef 0.0467, update 2.63 s, wall 1791145986.9
exact step 426: answers scored 8, mean expected reward 8.763, kl coef 0.0467, update 2.62 s, wall 1791145990.0
exact step 427: answers scored 7, mean expected reward 10.308, kl coef 0.0467, update 2.53 s, wall 1791145994.6
exact step 428: answers scored 8, mean expected reward 10.624, kl coef 0.0467, update 2.56 s, wall 1791145997.7
exact step 429: answers scored 8, mean expected reward 9.980, kl coef 0.0467, update 2.58 s, wall 1791146000.8
exact step 430: answers scored 8, mean expected reward 9.122, kl coef 0.0467, update 2.58 s, wall 1791146003.8
exact step 431: answers scored 7, mean expected reward 9.251, kl coef 0.0467, update 2.61 s, wall 1791146007.0
exact step 432: answers scored 8, mean expected reward 9.303, kl coef 0.0467, update 2.55 s, wall 1791146010.5
exact step 433: answers scored 8, mean expected reward 9.410, kl coef 0.0467, update 2.55 s, wall 1791146013.7
exact step 434: answers scored 8, mean expected reward 8.466, kl coef 0.0466, update 2.55 s, wall 1791146016.8
exact step 435: answers scored 8, mean expected reward 9.581, kl coef 0.0466, update 2.60 s, wall 1791146020.1
exact step 436: answers scored 8, mean expected reward 8.603, kl coef 0.0466, update 2.56 s, wall 1791146025.5
exact step 437: answers scored 8, mean expected reward 9.486, kl coef 0.0466, update 2.51 s, wall 1791146028.5
exact step 438: answers scored 8, mean expected reward 7.970, kl coef 0.0466, update 2.50 s, wall 1791146032.1
exact step 439: answers scored 8, mean expected reward 10.153, kl coef 0.0466, update 2.53 s, wall 1791146036.4
exact step 440: answers scored 7, mean expected reward 10.036, kl coef 0.0466, update 2.51 s, wall 1791146039.6
exact step 441: answers scored 8, mean expected reward 9.747, kl coef 0.0466, update 2.61 s, wall 1791146042.7
exact step 442: answers scored 8, mean expected reward 8.489, kl coef 0.0466, update 2.50 s, wall 1791146045.8
exact step 443: answers scored 8, mean expected reward 9.076, kl coef 0.0466, update 2.56 s, wall 1791146049.4
exact step 444: answers scored 8, mean expected reward 7.933, kl coef 0.0466, update 2.55 s, wall 1791146052.6
exact step 445: answers scored 8, mean expected reward 10.582, kl coef 0.0466, update 2.52 s, wall 1791146056.2
exact step 446: answers scored 8, mean expected reward 9.389, kl coef 0.0466, update 2.51 s, wall 1791146059.1
exact step 447: answers scored 8, mean expected reward 9.486, kl coef 0.0466, update 2.53 s, wall 1791146062.4
exact step 448: answers scored 8, mean expected reward 9.594, kl coef 0.0465, update 2.58 s, wall 1791146066.7
exact step 449: answers scored 8, mean expected reward 9.421, kl coef 0.0465, update 2.61 s, wall 1791146071.5
exact step 450: answers scored 8, mean expected reward 9.735, kl coef 0.0465, update 2.68 s, wall 1791146075.6
exact step 451: answers scored 8, mean expected reward 10.076, kl coef 0.0465, update 2.51 s, wall 1791146079.4
exact step 452: answers scored 8, mean expected reward 10.493, kl coef 0.0465, update 2.51 s, wall 1791146082.7
exact step 453: answers scored 8, mean expected reward 10.031, kl coef 0.0465, update 2.56 s, wall 1791146086.3
exact step 454: answers scored 8, mean expected reward 8.674, kl coef 0.0465, update 2.59 s, wall 1791146090.6
exact step 455: answers scored 8, mean expected reward 10.124, kl coef 0.0465, update 2.55 s, wall 1791146093.6
exact step 456: answers scored 8, mean expected reward 9.496, kl coef 0.0465, update 2.54 s, wall 1791146097.3
exact step 457: answers scored 7, mean expected reward 10.133, kl coef 0.0465, update 2.53 s, wall 1791146101.5
exact step 458: answers scored 8, mean expected reward 10.102, kl coef 0.0465, update 2.55 s, wall 1791146104.6
exact step 459: answers scored 8, mean expected reward 10.153, kl coef 0.0465, update 2.61 s, wall 1791146107.7
exact step 460: answers scored 8, mean expected reward 8.569, kl coef 0.0465, update 2.58 s, wall 1791146111.7
exact step 461: answers scored 8, mean expected reward 10.099, kl coef 0.0464, update 2.58 s, wall 1791146114.8
exact step 462: answers scored 8, mean expected reward 9.321, kl coef 0.0464, update 2.62 s, wall 1791146117.9
exact step 463: answers scored 8, mean expected reward 10.173, kl coef 0.0464, update 2.63 s, wall 1791146121.2
exact step 464: answers scored 8, mean expected reward 9.870, kl coef 0.0464, update 2.63 s, wall 1791146124.5
exact step 465: answers scored 7, mean expected reward 9.843, kl coef 0.0464, update 2.54 s, wall 1791146129.5
exact step 466: answers scored 8, mean expected reward 8.784, kl coef 0.0464, update 2.66 s, wall 1791146133.1
exact step 467: answers scored 8, mean expected reward 9.599, kl coef 0.0464, update 2.67 s, wall 1791146136.2
exact step 468: answers scored 8, mean expected reward 9.141, kl coef 0.0464, update 2.87 s, wall 1791146142.7
exact step 469: answers scored 7, mean expected reward 10.331, kl coef 0.0464, update 2.53 s, wall 1791146147.5
exact step 470: answers scored 8, mean expected reward 9.043, kl coef 0.0464, update 2.53 s, wall 1791146151.5
exact step 471: answers scored 8, mean expected reward 9.955, kl coef 0.0464, update 2.54 s, wall 1791146154.7
exact step 472: answers scored 8, mean expected reward 10.224, kl coef 0.0464, update 2.54 s, wall 1791146157.8
exact step 473: answers scored 8, mean expected reward 9.068, kl coef 0.0464, update 2.53 s, wall 1791146161.1
exact step 474: answers scored 8, mean expected reward 9.371, kl coef 0.0463, update 2.54 s, wall 1791146164.8
exact step 475: answers scored 8, mean expected reward 9.834, kl coef 0.0463, update 2.54 s, wall 1791146168.1
exact step 476: answers scored 8, mean expected reward 9.900, kl coef 0.0463, update 2.53 s, wall 1791146171.1
exact step 477: answers scored 7, mean expected reward 10.068, kl coef 0.0463, update 2.55 s, wall 1791146174.2
exact step 478: answers scored 6, mean expected reward 9.157, kl coef 0.0463, update 2.50 s, wall 1791146179.3
exact step 479: answers scored 8, mean expected reward 9.331, kl coef 0.0463, update 2.54 s, wall 1791146182.3
exact step 480: answers scored 8, mean expected reward 9.350, kl coef 0.0463, update 2.54 s, wall 1791146185.3
exact step 481: answers scored 8, mean expected reward 10.138, kl coef 0.0463, update 2.54 s, wall 1791146188.9
exact step 482: answers scored 8, mean expected reward 10.145, kl coef 0.0463, update 2.55 s, wall 1791146192.1
exact step 483: answers scored 8, mean expected reward 9.596, kl coef 0.0463, update 2.56 s, wall 1791146196.0
exact step 484: answers scored 8, mean expected reward 9.601, kl coef 0.0463, update 2.52 s, wall 1791146199.4
exact step 485: answers scored 8, mean expected reward 9.809, kl coef 0.0463, update 2.53 s, wall 1791146203.4
exact step 486: answers scored 8, mean expected reward 9.055, kl coef 0.0463, update 2.53 s, wall 1791146207.1
exact step 487: answers scored 8, mean expected reward 9.570, kl coef 0.0463, update 2.70 s, wall 1791146210.3
exact step 488: answers scored 8, mean expected reward 8.762, kl coef 0.0462, update 2.55 s, wall 1791146213.4
exact step 489: answers scored 8, mean expected reward 10.118, kl coef 0.0462, update 2.55 s, wall 1791146217.5
exact step 490: answers scored 8, mean expected reward 9.457, kl coef 0.0462, update 2.56 s, wall 1791146220.7
exact step 491: answers scored 8, mean expected reward 9.477, kl coef 0.0462, update 2.58 s, wall 1791146224.3
exact step 492: answers scored 8, mean expected reward 9.141, kl coef 0.0462, update 2.67 s, wall 1791146227.4
exact step 493: answers scored 8, mean expected reward 9.046, kl coef 0.0462, update 2.57 s, wall 1791146230.5
exact step 494: answers scored 7, mean expected reward 9.854, kl coef 0.0462, update 2.53 s, wall 1791146234.2
exact step 495: answers scored 8, mean expected reward 8.735, kl coef 0.0462, update 2.55 s, wall 1791146237.3
exact step 496: answers scored 8, mean expected reward 8.932, kl coef 0.0462, update 2.57 s, wall 1791146240.4
exact step 497: answers scored 8, mean expected reward 10.119, kl coef 0.0462, update 2.75 s, wall 1791146243.6
exact step 498: answers scored 8, mean expected reward 9.143, kl coef 0.0462, update 2.62 s, wall 1791146246.9
exact step 499: answers scored 8, mean expected reward 9.792, kl coef 0.0462, update 4.00 s, wall 1791146251.4
exact step 500: answers scored 8, mean expected reward 9.290, kl coef 0.0462, update 2.55 s, wall 1791146254.4
exact step 501: answers scored 8, mean expected reward 9.342, kl coef 0.0461, update 2.58 s, wall 1791146258.3
exact step 502: answers scored 8, mean expected reward 8.787, kl coef 0.0461, update 2.55 s, wall 1791146261.4
exact step 503: answers scored 8, mean expected reward 9.733, kl coef 0.0461, update 2.55 s, wall 1791146264.5
exact step 504: answers scored 8, mean expected reward 9.871, kl coef 0.0461, update 2.54 s, wall 1791146267.7
exact step 505: answers scored 8, mean expected reward 8.835, kl coef 0.0461, update 2.53 s, wall 1791146270.7
exact step 506: answers scored 8, mean expected reward 9.836, kl coef 0.0461, update 2.56 s, wall 1791146273.8
exact step 507: answers scored 8, mean expected reward 8.862, kl coef 0.0461, update 2.63 s, wall 1791146277.5
exact step 508: answers scored 8, mean expected reward 10.378, kl coef 0.0461, update 2.78 s, wall 1791146280.7
exact step 509: answers scored 8, mean expected reward 9.823, kl coef 0.0461, update 2.56 s, wall 1791146283.8
exact step 510: answers scored 8, mean expected reward 10.154, kl coef 0.0461, update 2.55 s, wall 1791146287.5
exact step 511: answers scored 8, mean expected reward 9.963, kl coef 0.0461, update 2.54 s, wall 1791146290.5
exact step 512: answers scored 8, mean expected reward 8.814, kl coef 0.0461, update 2.64 s, wall 1791146293.9
exact step 513: answers scored 8, mean expected reward 8.657, kl coef 0.0461, update 2.53 s, wall 1791146297.0
exact step 514: answers scored 8, mean expected reward 9.068, kl coef 0.0461, update 2.54 s, wall 1791146300.1
exact step 515: answers scored 8, mean expected reward 9.254, kl coef 0.0460, update 2.53 s, wall 1791146303.7
exact step 516: answers scored 8, mean expected reward 9.242, kl coef 0.0460, update 2.55 s, wall 1791146307.4
exact step 517: answers scored 8, mean expected reward 10.092, kl coef 0.0460, update 2.68 s, wall 1791146311.0
exact step 518: answers scored 8, mean expected reward 9.110, kl coef 0.0460, update 2.52 s, wall 1791146314.3
exact step 519: answers scored 8, mean expected reward 10.129, kl coef 0.0460, update 2.55 s, wall 1791146317.8
exact step 520: answers scored 8, mean expected reward 10.216, kl coef 0.0460, update 2.55 s, wall 1791146320.8
exact step 521: answers scored 8, mean expected reward 10.264, kl coef 0.0460, update 2.55 s, wall 1791146324.1
exact step 522: answers scored 8, mean expected reward 9.029, kl coef 0.0460, update 2.51 s, wall 1791146327.1
exact step 523: answers scored 8, mean expected reward 9.314, kl coef 0.0460, update 2.54 s, wall 1791146331.0
exact step 524: answers scored 8, mean expected reward 10.180, kl coef 0.0460, update 2.53 s, wall 1791146334.0
exact step 525: answers scored 8, mean expected reward 10.319, kl coef 0.0460, update 2.52 s, wall 1791146337.6
exact step 526: answers scored 8, mean expected reward 10.418, kl coef 0.0460, update 2.54 s, wall 1791146340.6
exact step 527: answers scored 8, mean expected reward 9.939, kl coef 0.0460, update 2.68 s, wall 1791146343.9
exact step 528: answers scored 8, mean expected reward 9.528, kl coef 0.0460, update 2.55 s, wall 1791146347.2
exact step 529: answers scored 8, mean expected reward 10.019, kl coef 0.0459, update 2.55 s, wall 1791146350.3
exact step 530: answers scored 7, mean expected reward 8.940, kl coef 0.0459, update 2.53 s, wall 1791146353.5
exact step 531: answers scored 8, mean expected reward 9.728, kl coef 0.0459, update 2.54 s, wall 1791146356.5
exact step 532: answers scored 8, mean expected reward 9.498, kl coef 0.0459, update 2.61 s, wall 1791146361.5
exact step 533: answers scored 8, mean expected reward 8.203, kl coef 0.0459, update 2.56 s, wall 1791146365.0
exact step 534: answers scored 8, mean expected reward 10.697, kl coef 0.0459, update 2.61 s, wall 1791146368.2
exact step 535: answers scored 8, mean expected reward 10.182, kl coef 0.0459, update 2.54 s, wall 1791146371.4
exact step 536: answers scored 8, mean expected reward 8.957, kl coef 0.0459, update 2.55 s, wall 1791146374.5
exact step 537: answers scored 8, mean expected reward 9.739, kl coef 0.0459, update 2.56 s, wall 1791146379.4
exact step 538: answers scored 8, mean expected reward 8.716, kl coef 0.0459, update 2.62 s, wall 1791146384.7
exact step 539: answers scored 8, mean expected reward 9.558, kl coef 0.0459, update 2.67 s, wall 1791146387.9
exact step 540: answers scored 8, mean expected reward 10.628, kl coef 0.0459, update 2.60 s, wall 1791146391.1
exact step 541: answers scored 8, mean expected reward 9.023, kl coef 0.0459, update 2.53 s, wall 1791146395.1
exact step 542: answers scored 8, mean expected reward 10.101, kl coef 0.0458, update 2.52 s, wall 1791146398.5
exact step 543: answers scored 8, mean expected reward 9.298, kl coef 0.0458, update 2.55 s, wall 1791146401.6
exact step 544: answers scored 8, mean expected reward 10.299, kl coef 0.0458, update 2.54 s, wall 1791146404.6
exact step 545: answers scored 8, mean expected reward 9.818, kl coef 0.0458, update 2.59 s, wall 1791146407.8
exact step 546: answers scored 8, mean expected reward 9.996, kl coef 0.0458, update 2.71 s, wall 1791146411.0
exact step 547: answers scored 8, mean expected reward 9.234, kl coef 0.0458, update 2.57 s, wall 1791146414.1
exact step 548: answers scored 8, mean expected reward 9.111, kl coef 0.0458, update 2.57 s, wall 1791146418.2
exact step 549: answers scored 8, mean expected reward 10.028, kl coef 0.0458, update 2.55 s, wall 1791146421.4
exact step 550: answers scored 8, mean expected reward 10.296, kl coef 0.0458, update 2.56 s, wall 1791146425.1
exact step 551: answers scored 8, mean expected reward 9.841, kl coef 0.0458, update 2.56 s, wall 1791146428.2
exact step 552: answers scored 8, mean expected reward 9.766, kl coef 0.0458, update 2.59 s, wall 1791146431.3
exact step 553: answers scored 8, mean expected reward 8.671, kl coef 0.0458, update 2.59 s, wall 1791146434.7
exact step 554: answers scored 8, mean expected reward 9.963, kl coef 0.0458, update 2.59 s, wall 1791146438.3
exact step 555: answers scored 8, mean expected reward 8.294, kl coef 0.0458, update 2.66 s, wall 1791146442.2
exact step 556: answers scored 8, mean expected reward 10.172, kl coef 0.0457, update 2.61 s, wall 1791146445.4
exact step 557: answers scored 7, mean expected reward 10.607, kl coef 0.0457, update 2.55 s, wall 1791146450.2
exact step 558: answers scored 8, mean expected reward 10.266, kl coef 0.0457, update 2.60 s, wall 1791146453.9
exact step 559: answers scored 8, mean expected reward 9.046, kl coef 0.0457, update 2.56 s, wall 1791146457.7
exact step 560: answers scored 8, mean expected reward 9.487, kl coef 0.0457, update 2.57 s, wall 1791146460.9
exact step 561: answers scored 8, mean expected reward 11.225, kl coef 0.0457, update 2.59 s, wall 1791146464.5
exact step 562: answers scored 8, mean expected reward 9.593, kl coef 0.0457, update 2.60 s, wall 1791146467.7
exact step 563: answers scored 8, mean expected reward 9.577, kl coef 0.0457, update 2.57 s, wall 1791146471.2
exact step 564: answers scored 7, mean expected reward 9.277, kl coef 0.0457, update 2.67 s, wall 1791146476.4
exact step 565: answers scored 8, mean expected reward 9.879, kl coef 0.0457, update 2.56 s, wall 1791146479.8
exact step 566: answers scored 8, mean expected reward 9.599, kl coef 0.0457, update 2.57 s, wall 1791146483.1
exact step 567: answers scored 8, mean expected reward 8.917, kl coef 0.0457, update 2.51 s, wall 1791146486.1
exact step 568: answers scored 8, mean expected reward 8.132, kl coef 0.0457, update 2.55 s, wall 1791146489.2
exact step 569: answers scored 8, mean expected reward 8.164, kl coef 0.0457, update 2.55 s, wall 1791146492.5
exact step 570: answers scored 8, mean expected reward 9.959, kl coef 0.0456, update 2.56 s, wall 1791146495.8
exact step 571: answers scored 8, mean expected reward 8.177, kl coef 0.0456, update 2.55 s, wall 1791146498.9
exact step 572: answers scored 8, mean expected reward 9.906, kl coef 0.0456, update 2.51 s, wall 1791146502.0
exact step 573: answers scored 8, mean expected reward 9.811, kl coef 0.0456, update 2.52 s, wall 1791146505.1
exact step 574: answers scored 8, mean expected reward 8.781, kl coef 0.0456, update 2.53 s, wall 1791146508.1
exact step 575: answers scored 7, mean expected reward 10.232, kl coef 0.0456, update 2.46 s, wall 1791146514.3
exact step 576: answers scored 8, mean expected reward 9.137, kl coef 0.0456, update 2.47 s, wall 1791146517.3
exact step 577: answers scored 8, mean expected reward 7.655, kl coef 0.0456, update 2.48 s, wall 1791146521.9
exact step 578: answers scored 8, mean expected reward 10.107, kl coef 0.0456, update 2.50 s, wall 1791146524.9
exact step 579: answers scored 8, mean expected reward 8.780, kl coef 0.0456, update 2.50 s, wall 1791146528.0
exact step 580: answers scored 8, mean expected reward 9.780, kl coef 0.0456, update 2.49 s, wall 1791146532.0
exact step 581: answers scored 8, mean expected reward 9.144, kl coef 0.0456, update 2.48 s, wall 1791146535.0
exact step 582: answers scored 8, mean expected reward 9.546, kl coef 0.0456, update 2.47 s, wall 1791146538.0
exact step 583: answers scored 8, mean expected reward 9.445, kl coef 0.0455, update 2.50 s, wall 1791146541.1
exact step 584: answers scored 8, mean expected reward 10.192, kl coef 0.0455, update 2.46 s, wall 1791146544.6
exact step 585: answers scored 8, mean expected reward 8.237, kl coef 0.0455, update 2.68 s, wall 1791146547.9
exact step 586: answers scored 8, mean expected reward 9.993, kl coef 0.0455, update 2.50 s, wall 1791146551.9
exact step 587: answers scored 8, mean expected reward 8.162, kl coef 0.0455, update 2.47 s, wall 1791146554.9
exact step 588: answers scored 8, mean expected reward 9.933, kl coef 0.0455, update 3.02 s, wall 1791146559.8
exact step 589: answers scored 8, mean expected reward 9.676, kl coef 0.0455, update 2.65 s, wall 1791146563.0
exact step 590: answers scored 8, mean expected reward 10.386, kl coef 0.0455, update 2.74 s, wall 1791146566.5
exact step 591: answers scored 8, mean expected reward 8.557, kl coef 0.0455, update 2.74 s, wall 1791146570.5
exact step 592: answers scored 8, mean expected reward 9.018, kl coef 0.0455, update 2.75 s, wall 1791146573.8
exact step 593: answers scored 8, mean expected reward 9.540, kl coef 0.0455, update 2.65 s, wall 1791146577.4
exact step 594: answers scored 8, mean expected reward 9.390, kl coef 0.0455, update 2.69 s, wall 1791146580.7
exact step 595: answers scored 7, mean expected reward 9.813, kl coef 0.0455, update 2.67 s, wall 1791146584.2
exact step 596: answers scored 8, mean expected reward 8.685, kl coef 0.0455, update 2.61 s, wall 1791146587.3
exact step 597: answers scored 8, mean expected reward 10.087, kl coef 0.0454, update 2.62 s, wall 1791146590.9
exact step 598: answers scored 8, mean expected reward 8.939, kl coef 0.0454, update 2.55 s, wall 1791146594.1
checkpoint at step 600 (0.9 s)
exact step 599: answers scored 8, mean expected reward 9.622, kl coef 0.0454, update 3.50 s, wall 1791146598.3
exact step 600: answers scored 8, mean expected reward 9.752, kl coef 0.0454, update 2.64 s, wall 1791146601.4
exact step 601: answers scored 8, mean expected reward 9.329, kl coef 0.0454, update 2.69 s, wall 1791146604.7
exact step 602: answers scored 8, mean expected reward 9.535, kl coef 0.0454, update 2.58 s, wall 1791146607.8
exact step 603: answers scored 8, mean expected reward 8.260, kl coef 0.0454, update 2.78 s, wall 1791146611.2
exact step 604: answers scored 8, mean expected reward 9.788, kl coef 0.0454, update 2.56 s, wall 1791146615.8
exact step 605: answers scored 8, mean expected reward 10.333, kl coef 0.0454, update 2.56 s, wall 1791146619.9
exact step 606: answers scored 8, mean expected reward 9.656, kl coef 0.0454, update 2.57 s, wall 1791146623.0
exact step 607: answers scored 8, mean expected reward 9.996, kl coef 0.0454, update 2.57 s, wall 1791146626.0
exact step 608: answers scored 8, mean expected reward 9.760, kl coef 0.0454, update 2.59 s, wall 1791146629.4
exact step 609: answers scored 8, mean expected reward 8.929, kl coef 0.0454, update 2.60 s, wall 1791146632.7
exact step 610: answers scored 8, mean expected reward 8.554, kl coef 0.0454, update 2.64 s, wall 1791146635.9
exact step 611: answers scored 8, mean expected reward 10.290, kl coef 0.0453, update 2.59 s, wall 1791146639.0
exact step 612: answers scored 8, mean expected reward 9.989, kl coef 0.0453, update 2.60 s, wall 1791146642.2
exact step 613: answers scored 8, mean expected reward 9.567, kl coef 0.0453, update 2.79 s, wall 1791146645.7
exact step 614: answers scored 7, mean expected reward 10.833, kl coef 0.0453, update 2.66 s, wall 1791146651.9
exact step 615: answers scored 8, mean expected reward 9.493, kl coef 0.0453, update 2.65 s, wall 1791146655.2
exact step 616: answers scored 8, mean expected reward 10.893, kl coef 0.0453, update 2.74 s, wall 1791146658.5
exact step 617: answers scored 8, mean expected reward 7.089, kl coef 0.0453, update 2.62 s, wall 1791146661.8
exact step 618: answers scored 8, mean expected reward 9.850, kl coef 0.0453, update 2.57 s, wall 1791146665.0
exact step 619: answers scored 8, mean expected reward 8.863, kl coef 0.0453, update 2.59 s, wall 1791146668.0
exact step 620: answers scored 8, mean expected reward 8.946, kl coef 0.0453, update 2.72 s, wall 1791146671.8
exact step 621: answers scored 8, mean expected reward 9.530, kl coef 0.0453, update 2.56 s, wall 1791146676.2
exact step 622: answers scored 7, mean expected reward 9.448, kl coef 0.0453, update 2.65 s, wall 1791146681.9
exact step 623: answers scored 8, mean expected reward 8.962, kl coef 0.0453, update 2.57 s, wall 1791146685.1
exact step 624: answers scored 8, mean expected reward 7.169, kl coef 0.0453, update 2.71 s, wall 1791146688.3
exact step 625: answers scored 8, mean expected reward 10.764, kl coef 0.0452, update 2.94 s, wall 1791146692.1
exact step 626: answers scored 8, mean expected reward 10.800, kl coef 0.0452, update 2.87 s, wall 1791146695.4
exact step 627: answers scored 8, mean expected reward 8.838, kl coef 0.0452, update 2.76 s, wall 1791146698.8
exact step 628: answers scored 8, mean expected reward 9.436, kl coef 0.0452, update 2.71 s, wall 1791146702.1
exact step 629: answers scored 8, mean expected reward 9.090, kl coef 0.0452, update 3.10 s, wall 1791146705.8
exact step 630: answers scored 8, mean expected reward 10.040, kl coef 0.0452, update 2.70 s, wall 1791146709.0
exact step 631: answers scored 8, mean expected reward 9.883, kl coef 0.0452, update 2.61 s, wall 1791146712.1
exact step 632: answers scored 8, mean expected reward 9.830, kl coef 0.0452, update 2.73 s, wall 1791146715.5
exact step 633: answers scored 8, mean expected reward 10.779, kl coef 0.0452, update 2.75 s, wall 1791146719.1
exact step 634: answers scored 8, mean expected reward 9.626, kl coef 0.0452, update 2.73 s, wall 1791146723.3
exact step 635: answers scored 8, mean expected reward 9.427, kl coef 0.0452, update 2.62 s, wall 1791146726.7
exact step 636: answers scored 8, mean expected reward 9.893, kl coef 0.0452, update 2.68 s, wall 1791146729.9
exact step 637: answers scored 8, mean expected reward 9.903, kl coef 0.0452, update 2.56 s, wall 1791146733.0
exact step 638: answers scored 8, mean expected reward 9.470, kl coef 0.0451, update 2.57 s, wall 1791146736.1
exact step 639: answers scored 8, mean expected reward 10.670, kl coef 0.0451, update 2.89 s, wall 1791146744.5
exact step 640: answers scored 8, mean expected reward 9.882, kl coef 0.0451, update 2.88 s, wall 1791146749.3
exact step 641: answers scored 7, mean expected reward 10.101, kl coef 0.0451, update 3.06 s, wall 1791146754.1
exact step 642: answers scored 8, mean expected reward 9.284, kl coef 0.0451, update 2.65 s, wall 1791146757.8
exact step 643: answers scored 8, mean expected reward 9.109, kl coef 0.0451, update 3.07 s, wall 1791146762.4
exact step 644: answers scored 8, mean expected reward 10.009, kl coef 0.0451, update 2.71 s, wall 1791146765.9
exact step 645: answers scored 8, mean expected reward 8.922, kl coef 0.0451, update 2.78 s, wall 1791146769.3
exact step 646: answers scored 7, mean expected reward 9.112, kl coef 0.0451, update 2.59 s, wall 1791146774.0
exact step 647: answers scored 8, mean expected reward 9.815, kl coef 0.0451, update 2.87 s, wall 1791146778.3
exact step 648: answers scored 8, mean expected reward 10.124, kl coef 0.0451, update 2.79 s, wall 1791146781.7
exact step 649: answers scored 8, mean expected reward 8.682, kl coef 0.0451, update 2.81 s, wall 1791146785.1
exact step 650: answers scored 8, mean expected reward 11.021, kl coef 0.0451, update 2.92 s, wall 1791146788.6
exact step 651: answers scored 8, mean expected reward 10.118, kl coef 0.0451, update 2.98 s, wall 1791146792.3
exact step 652: answers scored 7, mean expected reward 9.875, kl coef 0.0450, update 2.65 s, wall 1791146796.9
exact step 653: answers scored 7, mean expected reward 10.482, kl coef 0.0450, update 2.83 s, wall 1791146802.1
exact step 654: answers scored 8, mean expected reward 10.392, kl coef 0.0450, update 2.80 s, wall 1791146805.6
exact step 655: answers scored 8, mean expected reward 9.918, kl coef 0.0450, update 2.86 s, wall 1791146810.1
exact step 656: answers scored 8, mean expected reward 9.766, kl coef 0.0450, update 2.74 s, wall 1791146814.1
exact step 657: answers scored 7, mean expected reward 9.915, kl coef 0.0450, update 2.69 s, wall 1791146818.1
exact step 658: answers scored 8, mean expected reward 8.741, kl coef 0.0450, update 2.79 s, wall 1791146821.6
exact step 659: answers scored 8, mean expected reward 10.495, kl coef 0.0450, update 2.73 s, wall 1791146825.7
exact step 660: answers scored 8, mean expected reward 9.548, kl coef 0.0450, update 2.54 s, wall 1791146832.0
exact step 661: answers scored 8, mean expected reward 9.195, kl coef 0.0450, update 2.54 s, wall 1791146835.9
exact step 662: answers scored 8, mean expected reward 9.899, kl coef 0.0450, update 2.54 s, wall 1791146839.2
exact step 663: answers scored 8, mean expected reward 9.674, kl coef 0.0450, update 2.80 s, wall 1791146842.5
exact step 664: answers scored 8, mean expected reward 9.998, kl coef 0.0450, update 2.60 s, wall 1791146846.0
exact step 665: answers scored 7, mean expected reward 10.983, kl coef 0.0450, update 2.74 s, wall 1791146849.8
exact step 666: answers scored 8, mean expected reward 10.160, kl coef 0.0449, update 2.96 s, wall 1791146853.4
exact step 667: answers scored 8, mean expected reward 9.677, kl coef 0.0449, update 2.95 s, wall 1791146856.9
exact step 668: answers scored 8, mean expected reward 9.117, kl coef 0.0449, update 2.90 s, wall 1791146860.4
exact step 669: answers scored 7, mean expected reward 9.808, kl coef 0.0449, update 2.86 s, wall 1791146865.9
exact step 670: answers scored 8, mean expected reward 9.262, kl coef 0.0449, update 2.80 s, wall 1791146869.4
exact step 671: answers scored 8, mean expected reward 10.194, kl coef 0.0449, update 2.91 s, wall 1791146873.0
exact step 672: answers scored 8, mean expected reward 8.152, kl coef 0.0449, update 2.81 s, wall 1791146877.2
exact step 673: answers scored 7, mean expected reward 10.185, kl coef 0.0449, update 2.90 s, wall 1791146881.7
exact step 674: answers scored 8, mean expected reward 10.050, kl coef 0.0449, update 2.71 s, wall 1791146886.2
exact step 675: answers scored 8, mean expected reward 10.272, kl coef 0.0449, update 2.95 s, wall 1791146889.7
exact step 676: answers scored 8, mean expected reward 9.320, kl coef 0.0449, update 2.92 s, wall 1791146893.1
exact step 677: answers scored 8, mean expected reward 9.539, kl coef 0.0449, update 2.72 s, wall 1791146896.6
exact step 678: answers scored 8, mean expected reward 9.454, kl coef 0.0449, update 2.61 s, wall 1791146900.4
exact step 679: answers scored 8, mean expected reward 9.210, kl coef 0.0449, update 2.67 s, wall 1791146903.9
exact step 680: answers scored 7, mean expected reward 9.695, kl coef 0.0448, update 2.90 s, wall 1791146907.9
exact step 681: answers scored 7, mean expected reward 8.895, kl coef 0.0448, update 2.95 s, wall 1791146912.3
exact step 682: answers scored 8, mean expected reward 9.310, kl coef 0.0448, update 3.07 s, wall 1791146916.3
exact step 683: answers scored 8, mean expected reward 9.756, kl coef 0.0448, update 2.90 s, wall 1791146923.0
exact step 684: answers scored 8, mean expected reward 10.119, kl coef 0.0448, update 2.66 s, wall 1791146927.0
exact step 685: answers scored 8, mean expected reward 9.737, kl coef 0.0448, update 2.86 s, wall 1791146930.6
exact step 686: answers scored 7, mean expected reward 10.285, kl coef 0.0448, update 2.72 s, wall 1791146936.7
exact step 687: answers scored 7, mean expected reward 10.271, kl coef 0.0448, update 2.70 s, wall 1791146942.1
exact step 688: answers scored 8, mean expected reward 7.330, kl coef 0.0448, update 3.04 s, wall 1791146945.8
exact step 689: answers scored 8, mean expected reward 8.570, kl coef 0.0448, update 2.79 s, wall 1791146949.3
exact step 690: answers scored 7, mean expected reward 9.608, kl coef 0.0448, update 3.11 s, wall 1791146953.6
exact step 691: answers scored 8, mean expected reward 8.584, kl coef 0.0448, update 2.84 s, wall 1791146956.9
exact step 692: answers scored 8, mean expected reward 9.155, kl coef 0.0448, update 2.92 s, wall 1791146960.4
exact step 693: answers scored 8, mean expected reward 9.847, kl coef 0.0448, update 2.95 s, wall 1791146965.4
exact step 694: answers scored 8, mean expected reward 9.958, kl coef 0.0447, update 2.77 s, wall 1791146970.0
exact step 695: answers scored 8, mean expected reward 9.589, kl coef 0.0447, update 2.56 s, wall 1791146973.2
exact step 696: answers scored 8, mean expected reward 9.195, kl coef 0.0447, update 2.53 s, wall 1791146976.5
exact step 697: answers scored 8, mean expected reward 9.781, kl coef 0.0447, update 2.54 s, wall 1791146981.3
exact step 698: answers scored 7, mean expected reward 9.143, kl coef 0.0447, update 2.48 s, wall 1791146985.3
exact step 699: answers scored 8, mean expected reward 10.101, kl coef 0.0447, update 2.61 s, wall 1791146988.5
exact step 700: answers scored 8, mean expected reward 8.315, kl coef 0.0447, update 2.55 s, wall 1791146991.8
exact step 701: answers scored 8, mean expected reward 8.982, kl coef 0.0447, update 2.54 s, wall 1791146995.4
exact step 702: answers scored 8, mean expected reward 9.901, kl coef 0.0447, update 2.54 s, wall 1791146999.9
exact step 703: answers scored 8, mean expected reward 9.772, kl coef 0.0447, update 2.76 s, wall 1791147003.3
exact step 704: answers scored 8, mean expected reward 9.174, kl coef 0.0447, update 2.54 s, wall 1791147006.4
exact step 705: answers scored 8, mean expected reward 9.483, kl coef 0.0447, update 2.60 s, wall 1791147009.6
exact step 706: answers scored 7, mean expected reward 9.965, kl coef 0.0447, update 2.86 s, wall 1791147017.2
exact step 707: answers scored 8, mean expected reward 10.334, kl coef 0.0447, update 3.15 s, wall 1791147020.9
exact step 708: answers scored 8, mean expected reward 8.887, kl coef 0.0446, update 2.91 s, wall 1791147024.5
exact step 709: answers scored 7, mean expected reward 9.839, kl coef 0.0446, update 2.85 s, wall 1791147031.4
exact step 710: answers scored 7, mean expected reward 10.037, kl coef 0.0446, update 2.76 s, wall 1791147037.4
exact step 711: answers scored 8, mean expected reward 9.515, kl coef 0.0446, update 2.92 s, wall 1791147040.8
exact step 712: answers scored 7, mean expected reward 9.354, kl coef 0.0446, update 2.75 s, wall 1791147046.3
exact step 713: answers scored 8, mean expected reward 9.362, kl coef 0.0446, update 2.82 s, wall 1791147049.7
exact step 714: answers scored 8, mean expected reward 10.563, kl coef 0.0446, update 2.81 s, wall 1791147053.3
exact step 715: answers scored 8, mean expected reward 9.576, kl coef 0.0446, update 2.71 s, wall 1791147058.0
exact step 716: answers scored 8, mean expected reward 7.997, kl coef 0.0446, update 2.76 s, wall 1791147061.5
exact step 717: answers scored 8, mean expected reward 9.613, kl coef 0.0446, update 2.81 s, wall 1791147065.7
exact step 718: answers scored 7, mean expected reward 6.401, kl coef 0.0446, update 2.81 s, wall 1791147070.7
exact step 719: answers scored 8, mean expected reward 9.271, kl coef 0.0446, update 2.53 s, wall 1791147074.1
exact step 720: answers scored 8, mean expected reward 10.319, kl coef 0.0446, update 2.56 s, wall 1791147077.9
exact step 721: answers scored 8, mean expected reward 9.494, kl coef 0.0446, update 2.63 s, wall 1791147081.1
exact step 722: answers scored 8, mean expected reward 9.883, kl coef 0.0445, update 2.59 s, wall 1791147084.3
exact step 723: answers scored 8, mean expected reward 9.619, kl coef 0.0445, update 2.60 s, wall 1791147087.5
exact step 724: answers scored 7, mean expected reward 9.901, kl coef 0.0445, update 2.73 s, wall 1791147104.3
exact step 725: answers scored 8, mean expected reward 8.594, kl coef 0.0445, update 2.65 s, wall 1791147107.5
exact step 726: answers scored 8, mean expected reward 8.922, kl coef 0.0445, update 2.82 s, wall 1791147110.9
exact step 727: answers scored 7, mean expected reward 9.559, kl coef 0.0445, update 2.94 s, wall 1791147114.5
exact step 728: answers scored 8, mean expected reward 10.539, kl coef 0.0445, update 2.93 s, wall 1791147118.1
exact step 729: answers scored 8, mean expected reward 8.469, kl coef 0.0445, update 2.83 s, wall 1791147121.5
exact step 730: answers scored 8, mean expected reward 9.827, kl coef 0.0445, update 2.66 s, wall 1791147126.1
exact step 731: answers scored 8, mean expected reward 8.733, kl coef 0.0445, update 2.57 s, wall 1791147131.7
exact step 732: answers scored 8, mean expected reward 10.049, kl coef 0.0445, update 2.71 s, wall 1791147135.1
exact step 733: answers scored 8, mean expected reward 9.435, kl coef 0.0445, update 2.91 s, wall 1791147138.9
exact step 734: answers scored 8, mean expected reward 10.801, kl coef 0.0445, update 2.86 s, wall 1791147142.4
exact step 735: answers scored 8, mean expected reward 9.384, kl coef 0.0445, update 2.93 s, wall 1791147146.1
exact step 736: answers scored 7, mean expected reward 9.586, kl coef 0.0444, update 2.93 s, wall 1791147164.7
exact step 737: answers scored 8, mean expected reward 9.627, kl coef 0.0444, update 2.98 s, wall 1791147168.5
exact step 738: answers scored 7, mean expected reward 8.072, kl coef 0.0444, update 2.87 s, wall 1791147171.9
exact step 739: answers scored 8, mean expected reward 10.253, kl coef 0.0444, update 3.06 s, wall 1791147176.2
exact step 740: answers scored 8, mean expected reward 8.875, kl coef 0.0444, update 3.06 s, wall 1791147179.9
exact step 741: answers scored 8, mean expected reward 9.999, kl coef 0.0444, update 2.78 s, wall 1791147184.3
exact step 742: answers scored 8, mean expected reward 9.094, kl coef 0.0444, update 2.60 s, wall 1791147187.9
exact step 743: answers scored 8, mean expected reward 8.397, kl coef 0.0444, update 3.04 s, wall 1791147191.5
exact step 744: answers scored 8, mean expected reward 9.216, kl coef 0.0444, update 3.09 s, wall 1791147198.6
exact step 745: answers scored 8, mean expected reward 9.939, kl coef 0.0444, update 3.01 s, wall 1791147202.3
exact step 746: answers scored 8, mean expected reward 10.199, kl coef 0.0444, update 2.96 s, wall 1791147207.6
exact step 747: answers scored 8, mean expected reward 9.857, kl coef 0.0444, update 2.86 s, wall 1791147211.1
exact step 748: answers scored 8, mean expected reward 8.822, kl coef 0.0444, update 2.93 s, wall 1791147214.7
exact step 749: answers scored 8, mean expected reward 10.470, kl coef 0.0444, update 2.63 s, wall 1791147218.3
exact step 750: answers scored 8, mean expected reward 9.193, kl coef 0.0443, update 2.87 s, wall 1791147221.8
exact step 751: answers scored 8, mean expected reward 10.882, kl coef 0.0443, update 3.14 s, wall 1791147225.5
exact step 752: answers scored 8, mean expected reward 8.860, kl coef 0.0443, update 2.92 s, wall 1791147229.0
exact step 753: answers scored 8, mean expected reward 9.646, kl coef 0.0443, update 2.93 s, wall 1791147233.3
exact step 754: answers scored 7, mean expected reward 8.992, kl coef 0.0443, update 2.88 s, wall 1791147236.9
exact step 755: answers scored 8, mean expected reward 9.457, kl coef 0.0443, update 2.86 s, wall 1791147240.6
exact step 756: answers scored 8, mean expected reward 9.646, kl coef 0.0443, update 2.89 s, wall 1791147244.0
exact step 757: answers scored 8, mean expected reward 10.558, kl coef 0.0443, update 2.56 s, wall 1791147247.1
exact step 758: answers scored 8, mean expected reward 9.408, kl coef 0.0443, update 2.55 s, wall 1791147251.5
exact step 759: answers scored 8, mean expected reward 9.942, kl coef 0.0443, update 2.54 s, wall 1791147254.5
exact step 760: answers scored 8, mean expected reward 9.055, kl coef 0.0443, update 2.59 s, wall 1791147259.9
exact step 761: answers scored 8, mean expected reward 9.832, kl coef 0.0443, update 2.59 s, wall 1791147263.8
exact step 762: answers scored 8, mean expected reward 9.281, kl coef 0.0443, update 2.64 s, wall 1791147267.4
exact step 763: answers scored 8, mean expected reward 10.102, kl coef 0.0443, update 2.59 s, wall 1791147270.4
exact step 764: answers scored 8, mean expected reward 8.973, kl coef 0.0442, update 2.56 s, wall 1791147274.1
exact step 765: answers scored 8, mean expected reward 9.900, kl coef 0.0442, update 2.59 s, wall 1791147277.3
exact step 766: answers scored 8, mean expected reward 9.100, kl coef 0.0442, update 2.57 s, wall 1791147281.5
exact step 767: answers scored 8, mean expected reward 8.790, kl coef 0.0442, update 2.53 s, wall 1791147284.5
exact step 768: answers scored 8, mean expected reward 10.718, kl coef 0.0442, update 2.54 s, wall 1791147287.5
exact step 769: answers scored 7, mean expected reward 10.097, kl coef 0.0442, update 2.54 s, wall 1791147303.3
exact step 770: answers scored 8, mean expected reward 9.738, kl coef 0.0442, update 2.55 s, wall 1791147306.5
exact step 771: answers scored 8, mean expected reward 9.528, kl coef 0.0442, update 2.56 s, wall 1791147309.4
exact step 772: answers scored 8, mean expected reward 9.557, kl coef 0.0442, update 2.53 s, wall 1791147312.5
exact step 773: answers scored 8, mean expected reward 10.623, kl coef 0.0442, update 2.53 s, wall 1791147315.6
exact step 774: answers scored 8, mean expected reward 10.310, kl coef 0.0442, update 2.49 s, wall 1791147318.6
exact step 775: answers scored 7, mean expected reward 9.053, kl coef 0.0442, update 2.57 s, wall 1791147324.1
exact step 776: answers scored 8, mean expected reward 9.698, kl coef 0.0442, update 2.58 s, wall 1791147327.3
exact step 777: answers scored 8, mean expected reward 10.302, kl coef 0.0442, update 2.52 s, wall 1791147330.2
exact step 778: answers scored 7, mean expected reward 9.612, kl coef 0.0441, update 2.60 s, wall 1791147338.2
exact step 779: answers scored 8, mean expected reward 8.599, kl coef 0.0441, update 2.54 s, wall 1791147341.3
exact step 780: answers scored 8, mean expected reward 9.201, kl coef 0.0441, update 2.54 s, wall 1791147344.4
exact step 781: answers scored 8, mean expected reward 9.248, kl coef 0.0441, update 2.58 s, wall 1791147347.5
exact step 782: answers scored 6, mean expected reward 10.591, kl coef 0.0441, update 2.54 s, wall 1791147352.5
exact step 783: answers scored 8, mean expected reward 9.637, kl coef 0.0441, update 2.62 s, wall 1791147356.1
exact step 784: answers scored 8, mean expected reward 9.947, kl coef 0.0441, update 2.80 s, wall 1791147361.3
exact step 785: answers scored 8, mean expected reward 10.315, kl coef 0.0441, update 2.56 s, wall 1791147364.4
exact step 786: answers scored 8, mean expected reward 9.337, kl coef 0.0441, update 2.60 s, wall 1791147370.2
exact step 787: answers scored 8, mean expected reward 10.146, kl coef 0.0441, update 2.56 s, wall 1791147374.1
exact step 788: answers scored 7, mean expected reward 9.531, kl coef 0.0441, update 2.53 s, wall 1791147381.1
exact step 789: answers scored 8, mean expected reward 9.025, kl coef 0.0441, update 2.54 s, wall 1791147384.2
exact step 790: answers scored 8, mean expected reward 10.351, kl coef 0.0441, update 2.54 s, wall 1791147388.1
exact step 791: answers scored 8, mean expected reward 9.193, kl coef 0.0441, update 2.54 s, wall 1791147391.2
exact step 792: answers scored 8, mean expected reward 9.160, kl coef 0.0441, update 2.60 s, wall 1791147394.5
exact step 793: answers scored 7, mean expected reward 10.139, kl coef 0.0440, update 2.66 s, wall 1791147397.6
exact step 794: answers scored 8, mean expected reward 9.850, kl coef 0.0440, update 2.56 s, wall 1791147401.0
exact step 795: answers scored 8, mean expected reward 9.578, kl coef 0.0440, update 2.53 s, wall 1791147404.1
exact step 796: answers scored 7, mean expected reward 9.506, kl coef 0.0440, update 2.60 s, wall 1791147410.4
exact step 797: answers scored 8, mean expected reward 10.571, kl coef 0.0440, update 2.56 s, wall 1791147413.5
exact step 798: answers scored 8, mean expected reward 9.020, kl coef 0.0440, update 2.58 s, wall 1791147416.6
checkpoint at step 800 (1.0 s)
exact step 799: answers scored 7, mean expected reward 10.070, kl coef 0.0440, update 3.59 s, wall 1791147420.7
exact step 800: answers scored 8, mean expected reward 9.409, kl coef 0.0440, update 2.64 s, wall 1791147425.1
exact step 801: answers scored 8, mean expected reward 8.899, kl coef 0.0440, update 2.58 s, wall 1791147429.1
exact step 802: answers scored 8, mean expected reward 9.308, kl coef 0.0440, update 2.81 s, wall 1791147432.5
exact step 803: answers scored 8, mean expected reward 10.488, kl coef 0.0440, update 2.61 s, wall 1791147435.6
exact step 804: answers scored 8, mean expected reward 9.760, kl coef 0.0440, update 2.60 s, wall 1791147439.4
exact step 805: answers scored 8, mean expected reward 10.245, kl coef 0.0440, update 2.55 s, wall 1791147442.4
exact step 806: answers scored 8, mean expected reward 9.469, kl coef 0.0440, update 2.53 s, wall 1791147446.4
exact step 807: answers scored 8, mean expected reward 9.851, kl coef 0.0439, update 2.58 s, wall 1791147450.8
exact step 808: answers scored 8, mean expected reward 9.340, kl coef 0.0439, update 2.53 s, wall 1791147453.9
exact step 809: answers scored 7, mean expected reward 10.277, kl coef 0.0439, update 2.47 s, wall 1791147457.1
exact step 810: answers scored 7, mean expected reward 9.426, kl coef 0.0439, update 2.46 s, wall 1791147460.5
exact step 811: answers scored 8, mean expected reward 10.681, kl coef 0.0439, update 2.49 s, wall 1791147463.6
exact step 812: answers scored 8, mean expected reward 10.434, kl coef 0.0439, update 2.71 s, wall 1791147466.8
exact step 813: answers scored 8, mean expected reward 10.509, kl coef 0.0439, update 2.51 s, wall 1791147469.9
exact step 814: answers scored 8, mean expected reward 9.367, kl coef 0.0439, update 2.54 s, wall 1791147473.0
exact step 815: answers scored 7, mean expected reward 9.523, kl coef 0.0439, update 2.51 s, wall 1791147478.1
exact step 816: answers scored 8, mean expected reward 9.206, kl coef 0.0439, update 2.52 s, wall 1791147481.4
exact step 817: answers scored 8, mean expected reward 8.917, kl coef 0.0439, update 2.51 s, wall 1791147485.3
exact step 818: answers scored 8, mean expected reward 8.676, kl coef 0.0439, update 2.51 s, wall 1791147488.4
exact step 819: answers scored 7, mean expected reward 9.709, kl coef 0.0439, update 2.53 s, wall 1791147491.5
exact step 820: answers scored 8, mean expected reward 9.383, kl coef 0.0439, update 2.56 s, wall 1791147494.5
exact step 821: answers scored 8, mean expected reward 8.967, kl coef 0.0438, update 2.58 s, wall 1791147497.5
exact step 822: answers scored 8, mean expected reward 9.925, kl coef 0.0438, update 2.69 s, wall 1791147501.1
exact step 823: answers scored 7, mean expected reward 10.008, kl coef 0.0438, update 2.49 s, wall 1791147504.6
exact step 824: answers scored 8, mean expected reward 10.237, kl coef 0.0438, update 2.51 s, wall 1791147507.9
exact step 825: answers scored 8, mean expected reward 9.831, kl coef 0.0438, update 2.54 s, wall 1791147510.9
exact step 826: answers scored 7, mean expected reward 9.526, kl coef 0.0438, update 2.52 s, wall 1791147515.2
exact step 827: answers scored 8, mean expected reward 8.913, kl coef 0.0438, update 2.53 s, wall 1791147518.9
exact step 828: answers scored 8, mean expected reward 9.891, kl coef 0.0438, update 2.55 s, wall 1791147521.9
exact step 829: answers scored 8, mean expected reward 9.798, kl coef 0.0438, update 2.56 s, wall 1791147525.1
exact step 830: answers scored 8, mean expected reward 9.525, kl coef 0.0438, update 2.54 s, wall 1791147528.6
exact step 831: answers scored 8, mean expected reward 9.617, kl coef 0.0438, update 2.58 s, wall 1791147531.8
exact step 832: answers scored 7, mean expected reward 9.694, kl coef 0.0438, update 2.62 s, wall 1791147536.0
exact step 833: answers scored 8, mean expected reward 10.484, kl coef 0.0438, update 2.61 s, wall 1791147539.2
exact step 834: answers scored 8, mean expected reward 9.713, kl coef 0.0438, update 2.55 s, wall 1791147542.5
exact step 835: answers scored 8, mean expected reward 8.594, kl coef 0.0437, update 2.52 s, wall 1791147546.6
exact step 836: answers scored 8, mean expected reward 9.997, kl coef 0.0437, update 2.52 s, wall 1791147549.7
exact step 837: answers scored 8, mean expected reward 9.526, kl coef 0.0437, update 2.54 s, wall 1791147552.8
exact step 838: answers scored 8, mean expected reward 8.888, kl coef 0.0437, update 2.53 s, wall 1791147555.9
exact step 839: answers scored 7, mean expected reward 9.914, kl coef 0.0437, update 2.53 s, wall 1791147561.0
exact step 840: answers scored 8, mean expected reward 9.417, kl coef 0.0437, update 2.53 s, wall 1791147564.0
exact step 841: answers scored 8, mean expected reward 9.170, kl coef 0.0437, update 2.52 s, wall 1791147567.0
exact step 842: answers scored 8, mean expected reward 10.075, kl coef 0.0437, update 2.54 s, wall 1791147570.7
exact step 843: answers scored 8, mean expected reward 9.897, kl coef 0.0437, update 2.66 s, wall 1791147574.0
exact step 844: answers scored 8, mean expected reward 10.002, kl coef 0.0437, update 2.58 s, wall 1791147582.2
exact step 845: answers scored 8, mean expected reward 10.372, kl coef 0.0437, update 2.54 s, wall 1791147585.3
exact step 846: answers scored 8, mean expected reward 9.172, kl coef 0.0437, update 2.54 s, wall 1791147588.3
exact step 847: answers scored 8, mean expected reward 9.600, kl coef 0.0437, update 2.55 s, wall 1791147592.0
exact step 848: answers scored 8, mean expected reward 9.275, kl coef 0.0437, update 2.53 s, wall 1791147595.1
exact step 849: answers scored 8, mean expected reward 9.402, kl coef 0.0437, update 2.52 s, wall 1791147598.2
exact step 850: answers scored 8, mean expected reward 8.872, kl coef 0.0436, update 2.51 s, wall 1791147601.2
exact step 851: answers scored 8, mean expected reward 9.965, kl coef 0.0436, update 2.57 s, wall 1791147604.4
exact step 852: answers scored 8, mean expected reward 10.209, kl coef 0.0436, update 2.76 s, wall 1791147608.8
exact step 853: answers scored 8, mean expected reward 10.523, kl coef 0.0436, update 2.52 s, wall 1791147612.2
exact step 854: answers scored 8, mean expected reward 9.163, kl coef 0.0436, update 2.52 s, wall 1791147615.9
exact step 855: answers scored 7, mean expected reward 10.232, kl coef 0.0436, update 2.54 s, wall 1791147621.6
exact step 856: answers scored 8, mean expected reward 10.682, kl coef 0.0436, update 2.53 s, wall 1791147624.6
exact step 857: answers scored 8, mean expected reward 9.641, kl coef 0.0436, update 2.55 s, wall 1791147627.7
exact step 858: answers scored 8, mean expected reward 9.662, kl coef 0.0436, update 2.52 s, wall 1791147630.8
exact step 859: answers scored 7, mean expected reward 10.854, kl coef 0.0436, update 2.51 s, wall 1791147634.4
exact step 860: answers scored 8, mean expected reward 9.101, kl coef 0.0436, update 2.75 s, wall 1791147641.1
exact step 861: answers scored 7, mean expected reward 8.866, kl coef 0.0436, update 2.48 s, wall 1791147645.8
exact step 862: answers scored 8, mean expected reward 9.395, kl coef 0.0436, update 2.53 s, wall 1791147649.0
exact step 863: answers scored 8, mean expected reward 9.630, kl coef 0.0436, update 2.54 s, wall 1791147652.2
exact step 864: answers scored 8, mean expected reward 7.769, kl coef 0.0435, update 2.54 s, wall 1791147656.0
exact step 865: answers scored 8, mean expected reward 9.592, kl coef 0.0435, update 2.52 s, wall 1791147659.8
exact step 866: answers scored 8, mean expected reward 9.985, kl coef 0.0435, update 2.53 s, wall 1791147663.2
exact step 867: answers scored 8, mean expected reward 8.182, kl coef 0.0435, update 2.52 s, wall 1791147666.5
exact step 868: answers scored 8, mean expected reward 9.871, kl coef 0.0435, update 2.52 s, wall 1791147669.6
exact step 869: answers scored 8, mean expected reward 9.348, kl coef 0.0435, update 2.53 s, wall 1791147673.0
exact step 870: answers scored 8, mean expected reward 9.169, kl coef 0.0435, update 2.57 s, wall 1791147676.3
exact step 871: answers scored 8, mean expected reward 8.583, kl coef 0.0435, update 2.51 s, wall 1791147679.3
exact step 872: answers scored 8, mean expected reward 10.766, kl coef 0.0435, update 2.53 s, wall 1791147682.4
exact step 873: answers scored 7, mean expected reward 10.056, kl coef 0.0435, update 2.56 s, wall 1791147686.9
exact step 874: answers scored 8, mean expected reward 9.097, kl coef 0.0435, update 2.58 s, wall 1791147690.0
exact step 875: answers scored 8, mean expected reward 10.079, kl coef 0.0435, update 2.54 s, wall 1791147693.8
exact step 876: answers scored 7, mean expected reward 9.463, kl coef 0.0435, update 2.54 s, wall 1791147697.9
exact step 877: answers scored 8, mean expected reward 10.365, kl coef 0.0435, update 2.60 s, wall 1791147701.6
exact step 878: answers scored 8, mean expected reward 9.911, kl coef 0.0434, update 2.56 s, wall 1791147704.9
exact step 879: answers scored 8, mean expected reward 9.446, kl coef 0.0434, update 2.62 s, wall 1791147710.2
exact step 880: answers scored 8, mean expected reward 8.229, kl coef 0.0434, update 2.62 s, wall 1791147713.3
exact step 881: answers scored 7, mean expected reward 9.094, kl coef 0.0434, update 2.56 s, wall 1791147720.2
exact step 882: answers scored 8, mean expected reward 9.511, kl coef 0.0434, update 2.54 s, wall 1791147723.3
exact step 883: answers scored 8, mean expected reward 10.385, kl coef 0.0434, update 2.55 s, wall 1791147726.8
exact step 884: answers scored 8, mean expected reward 9.252, kl coef 0.0434, update 2.58 s, wall 1791147729.9
exact step 885: answers scored 8, mean expected reward 9.427, kl coef 0.0434, update 2.56 s, wall 1791147734.7
exact step 886: answers scored 8, mean expected reward 10.208, kl coef 0.0434, update 2.56 s, wall 1791147737.8
exact step 887: answers scored 7, mean expected reward 10.125, kl coef 0.0434, update 2.70 s, wall 1791147743.3
exact step 888: answers scored 8, mean expected reward 10.504, kl coef 0.0434, update 2.58 s, wall 1791147746.7
exact step 889: answers scored 8, mean expected reward 10.182, kl coef 0.0434, update 2.53 s, wall 1791147751.1
exact step 890: answers scored 8, mean expected reward 9.504, kl coef 0.0434, update 2.53 s, wall 1791147754.8
exact step 891: answers scored 8, mean expected reward 8.911, kl coef 0.0434, update 2.54 s, wall 1791147757.8
exact step 892: answers scored 8, mean expected reward 9.683, kl coef 0.0434, update 2.53 s, wall 1791147763.1
exact step 893: answers scored 8, mean expected reward 10.527, kl coef 0.0433, update 2.53 s, wall 1791147766.1
exact step 894: answers scored 8, mean expected reward 9.560, kl coef 0.0433, update 2.60 s, wall 1791147769.8
exact step 895: answers scored 6, mean expected reward 10.114, kl coef 0.0433, update 2.50 s, wall 1791147773.7
exact step 896: answers scored 8, mean expected reward 9.792, kl coef 0.0433, update 2.81 s, wall 1791147777.4
exact step 897: answers scored 8, mean expected reward 9.701, kl coef 0.0433, update 2.56 s, wall 1791147780.6
exact step 898: answers scored 8, mean expected reward 10.201, kl coef 0.0433, update 2.64 s, wall 1791147784.3
exact step 899: answers scored 8, mean expected reward 9.889, kl coef 0.0433, update 2.54 s, wall 1791147787.4
exact step 900: answers scored 8, mean expected reward 10.636, kl coef 0.0433, update 2.53 s, wall 1791147790.4
exact step 901: answers scored 8, mean expected reward 8.570, kl coef 0.0433, update 2.55 s, wall 1791147794.0
exact step 902: answers scored 8, mean expected reward 10.497, kl coef 0.0433, update 2.55 s, wall 1791147797.1
exact step 903: answers scored 8, mean expected reward 9.604, kl coef 0.0433, update 2.64 s, wall 1791147800.2
exact step 904: answers scored 8, mean expected reward 9.885, kl coef 0.0433, update 2.56 s, wall 1791147803.5
exact step 905: answers scored 8, mean expected reward 9.066, kl coef 0.0433, update 2.77 s, wall 1791147807.1
exact step 906: answers scored 8, mean expected reward 9.211, kl coef 0.0433, update 2.58 s, wall 1791147810.4
exact step 907: answers scored 8, mean expected reward 9.471, kl coef 0.0432, update 2.62 s, wall 1791147813.7
exact step 908: answers scored 8, mean expected reward 9.589, kl coef 0.0432, update 2.56 s, wall 1791147816.8
exact step 909: answers scored 7, mean expected reward 9.986, kl coef 0.0432, update 2.52 s, wall 1791147820.1
exact step 910: answers scored 8, mean expected reward 8.812, kl coef 0.0432, update 2.55 s, wall 1791147823.2
exact step 911: answers scored 8, mean expected reward 8.867, kl coef 0.0432, update 2.55 s, wall 1791147826.5
exact step 912: answers scored 8, mean expected reward 10.416, kl coef 0.0432, update 2.68 s, wall 1791147829.9
exact step 913: answers scored 8, mean expected reward 9.875, kl coef 0.0432, update 2.55 s, wall 1791147833.6
exact step 914: answers scored 8, mean expected reward 8.545, kl coef 0.0432, update 2.60 s, wall 1791147836.9
exact step 915: answers scored 8, mean expected reward 9.583, kl coef 0.0432, update 2.59 s, wall 1791147840.1
exact step 916: answers scored 7, mean expected reward 9.692, kl coef 0.0432, update 2.66 s, wall 1791147847.2
exact step 917: answers scored 8, mean expected reward 10.668, kl coef 0.0432, update 2.63 s, wall 1791147850.5
exact step 918: answers scored 8, mean expected reward 9.248, kl coef 0.0432, update 2.60 s, wall 1791147854.7
exact step 919: answers scored 8, mean expected reward 8.455, kl coef 0.0432, update 2.64 s, wall 1791147857.9
exact step 920: answers scored 7, mean expected reward 9.500, kl coef 0.0432, update 2.58 s, wall 1791147861.8
exact step 921: answers scored 7, mean expected reward 10.050, kl coef 0.0432, update 2.51 s, wall 1791147867.0
exact step 922: answers scored 8, mean expected reward 9.489, kl coef 0.0431, update 2.54 s, wall 1791147870.4
exact step 923: answers scored 8, mean expected reward 9.125, kl coef 0.0431, update 2.53 s, wall 1791147873.4
exact step 924: answers scored 8, mean expected reward 9.752, kl coef 0.0431, update 2.56 s, wall 1791147876.4
exact step 925: answers scored 8, mean expected reward 10.061, kl coef 0.0431, update 2.55 s, wall 1791147879.5
exact step 926: answers scored 8, mean expected reward 10.540, kl coef 0.0431, update 2.62 s, wall 1791147882.6
exact step 927: answers scored 8, mean expected reward 9.641, kl coef 0.0431, update 2.65 s, wall 1791147885.8
exact step 928: answers scored 8, mean expected reward 8.754, kl coef 0.0431, update 2.57 s, wall 1791147890.2
exact step 929: answers scored 8, mean expected reward 9.764, kl coef 0.0431, update 2.55 s, wall 1791147893.3
exact step 930: answers scored 8, mean expected reward 9.975, kl coef 0.0431, update 2.55 s, wall 1791147896.4
exact step 931: answers scored 8, mean expected reward 8.771, kl coef 0.0431, update 2.57 s, wall 1791147899.5
exact step 932: answers scored 7, mean expected reward 9.408, kl coef 0.0431, update 2.54 s, wall 1791147903.7
exact step 933: answers scored 8, mean expected reward 9.760, kl coef 0.0431, update 2.57 s, wall 1791147906.9
exact step 934: answers scored 8, mean expected reward 9.977, kl coef 0.0431, update 2.52 s, wall 1791147909.9
exact step 935: answers scored 8, mean expected reward 9.802, kl coef 0.0431, update 2.61 s, wall 1791147914.5
exact step 936: answers scored 8, mean expected reward 9.977, kl coef 0.0430, update 2.62 s, wall 1791147917.6
exact step 937: answers scored 8, mean expected reward 9.323, kl coef 0.0430, update 2.64 s, wall 1791147920.7
exact step 938: answers scored 8, mean expected reward 9.721, kl coef 0.0430, update 2.56 s, wall 1791147923.7
exact step 939: answers scored 8, mean expected reward 9.469, kl coef 0.0430, update 2.60 s, wall 1791147926.9
exact step 940: answers scored 8, mean expected reward 9.836, kl coef 0.0430, update 2.53 s, wall 1791147929.9
exact step 941: answers scored 8, mean expected reward 10.198, kl coef 0.0430, update 2.57 s, wall 1791147934.1
exact step 942: answers scored 8, mean expected reward 9.913, kl coef 0.0430, update 2.57 s, wall 1791147937.3
exact step 943: answers scored 8, mean expected reward 9.283, kl coef 0.0430, update 2.59 s, wall 1791147940.5
exact step 944: answers scored 8, mean expected reward 8.926, kl coef 0.0430, update 2.55 s, wall 1791147944.2
exact step 945: answers scored 8, mean expected reward 9.014, kl coef 0.0430, update 2.57 s, wall 1791147947.7
exact step 946: answers scored 8, mean expected reward 10.100, kl coef 0.0430, update 2.53 s, wall 1791147951.7
exact step 947: answers scored 7, mean expected reward 10.013, kl coef 0.0430, update 2.58 s, wall 1791147955.6
exact step 948: answers scored 8, mean expected reward 10.403, kl coef 0.0430, update 2.50 s, wall 1791147959.4
exact step 949: answers scored 8, mean expected reward 9.558, kl coef 0.0430, update 2.50 s, wall 1791147962.4
exact step 950: answers scored 8, mean expected reward 10.322, kl coef 0.0430, update 2.52 s, wall 1791147965.5
exact step 951: answers scored 8, mean expected reward 9.838, kl coef 0.0429, update 2.64 s, wall 1791147970.3
exact step 952: answers scored 8, mean expected reward 9.189, kl coef 0.0429, update 2.63 s, wall 1791147973.5
exact step 953: answers scored 7, mean expected reward 9.003, kl coef 0.0429, update 2.59 s, wall 1791147976.9
exact step 954: answers scored 8, mean expected reward 10.756, kl coef 0.0429, update 2.72 s, wall 1791147980.1
exact step 955: answers scored 8, mean expected reward 9.712, kl coef 0.0429, update 2.55 s, wall 1791147983.8
exact step 956: answers scored 8, mean expected reward 10.622, kl coef 0.0429, update 2.54 s, wall 1791147987.5
exact step 957: answers scored 7, mean expected reward 9.885, kl coef 0.0429, update 2.53 s, wall 1791147991.1
exact step 958: answers scored 8, mean expected reward 9.653, kl coef 0.0429, update 2.52 s, wall 1791147994.5
exact step 959: answers scored 8, mean expected reward 9.346, kl coef 0.0429, update 2.53 s, wall 1791147997.8
exact step 960: answers scored 8, mean expected reward 9.405, kl coef 0.0429, update 2.60 s, wall 1791148001.2
exact step 961: answers scored 8, mean expected reward 8.979, kl coef 0.0429, update 2.53 s, wall 1791148004.2
exact step 962: answers scored 8, mean expected reward 10.521, kl coef 0.0429, update 2.57 s, wall 1791148007.6
exact step 963: answers scored 7, mean expected reward 8.826, kl coef 0.0429, update 2.52 s, wall 1791148012.4
exact step 964: answers scored 8, mean expected reward 8.235, kl coef 0.0429, update 2.72 s, wall 1791148015.8
exact step 965: answers scored 8, mean expected reward 8.566, kl coef 0.0428, update 2.58 s, wall 1791148018.9
exact step 966: answers scored 8, mean expected reward 9.592, kl coef 0.0428, update 2.50 s, wall 1791148022.0
exact step 967: answers scored 8, mean expected reward 9.882, kl coef 0.0428, update 2.52 s, wall 1791148025.3
exact step 968: answers scored 7, mean expected reward 9.977, kl coef 0.0428, update 2.48 s, wall 1791148028.3
exact step 969: answers scored 8, mean expected reward 10.205, kl coef 0.0428, update 2.49 s, wall 1791148031.7
exact step 970: answers scored 8, mean expected reward 9.165, kl coef 0.0428, update 2.83 s, wall 1791148035.2
exact step 971: answers scored 8, mean expected reward 9.105, kl coef 0.0428, update 2.54 s, wall 1791148038.3
exact step 972: answers scored 8, mean expected reward 9.639, kl coef 0.0428, update 2.71 s, wall 1791148044.4
exact step 973: answers scored 8, mean expected reward 9.924, kl coef 0.0428, update 2.59 s, wall 1791148048.2
exact step 974: answers scored 8, mean expected reward 10.428, kl coef 0.0428, update 2.62 s, wall 1791148054.9
exact step 975: answers scored 8, mean expected reward 10.068, kl coef 0.0428, update 2.61 s, wall 1791148058.3
exact step 976: answers scored 8, mean expected reward 10.194, kl coef 0.0428, update 2.56 s, wall 1791148061.4
exact step 977: answers scored 8, mean expected reward 8.777, kl coef 0.0428, update 2.65 s, wall 1791148066.3
exact step 978: answers scored 8, mean expected reward 9.394, kl coef 0.0428, update 2.57 s, wall 1791148069.6
exact step 979: answers scored 8, mean expected reward 10.185, kl coef 0.0428, update 2.54 s, wall 1791148073.1
exact step 980: answers scored 8, mean expected reward 8.739, kl coef 0.0427, update 2.70 s, wall 1791148076.3
exact step 981: answers scored 8, mean expected reward 9.693, kl coef 0.0427, update 2.58 s, wall 1791148081.9
exact step 982: answers scored 8, mean expected reward 9.580, kl coef 0.0427, update 2.54 s, wall 1791148085.3
exact step 983: answers scored 8, mean expected reward 8.506, kl coef 0.0427, update 2.60 s, wall 1791148088.4
exact step 984: answers scored 8, mean expected reward 9.720, kl coef 0.0427, update 2.53 s, wall 1791148091.5
exact step 985: answers scored 8, mean expected reward 8.697, kl coef 0.0427, update 2.51 s, wall 1791148095.8
exact step 986: answers scored 8, mean expected reward 9.392, kl coef 0.0427, update 2.49 s, wall 1791148098.8
exact step 987: answers scored 8, mean expected reward 9.745, kl coef 0.0427, update 2.61 s, wall 1791148101.9
exact step 988: answers scored 8, mean expected reward 9.350, kl coef 0.0427, update 2.86 s, wall 1791148106.7
exact step 989: answers scored 8, mean expected reward 9.883, kl coef 0.0427, update 2.61 s, wall 1791148111.1
exact step 990: answers scored 8, mean expected reward 9.870, kl coef 0.0427, update 2.55 s, wall 1791148114.7
exact step 991: answers scored 8, mean expected reward 9.814, kl coef 0.0427, update 2.56 s, wall 1791148117.8
exact step 992: answers scored 8, mean expected reward 10.371, kl coef 0.0427, update 2.51 s, wall 1791148120.9
exact step 993: answers scored 8, mean expected reward 10.322, kl coef 0.0427, update 2.48 s, wall 1791148124.0
exact step 994: answers scored 8, mean expected reward 10.185, kl coef 0.0426, update 2.51 s, wall 1791148127.2
exact step 995: answers scored 8, mean expected reward 9.748, kl coef 0.0426, update 2.50 s, wall 1791148130.5
exact step 996: answers scored 8, mean expected reward 10.121, kl coef 0.0426, update 2.52 s, wall 1791148133.6
exact step 997: answers scored 8, mean expected reward 9.765, kl coef 0.0426, update 2.50 s, wall 1791148136.6
exact step 998: answers scored 8, mean expected reward 8.723, kl coef 0.0426, update 2.55 s, wall 1791148139.9
checkpoint at step 1000 (1.0 s)
exact step 999: answers scored 7, mean expected reward 10.373, kl coef 0.0426, update 4.85 s, wall 1791148148.0
exact step 1000: answers scored 8, mean expected reward 8.163, kl coef 0.0426, update 2.51 s, wall 1791148150.9
exact step 1001: answers scored 7, mean expected reward 9.700, kl coef 0.0426, update 2.48 s, wall 1791148156.1
exact step 1002: answers scored 8, mean expected reward 9.887, kl coef 0.0426, update 2.50 s, wall 1791148159.7
exact step 1003: answers scored 8, mean expected reward 9.325, kl coef 0.0426, update 2.52 s, wall 1791148163.5
exact step 1004: answers scored 7, mean expected reward 9.573, kl coef 0.0426, update 2.48 s, wall 1791148167.4
exact step 1005: answers scored 8, mean expected reward 9.961, kl coef 0.0426, update 2.51 s, wall 1791148170.6
exact step 1006: answers scored 8, mean expected reward 9.215, kl coef 0.0426, update 2.70 s, wall 1791148173.9
exact step 1007: answers scored 8, mean expected reward 10.097, kl coef 0.0426, update 2.51 s, wall 1791148177.0
exact step 1008: answers scored 8, mean expected reward 9.971, kl coef 0.0426, update 2.55 s, wall 1791148181.7
exact step 1009: answers scored 8, mean expected reward 9.661, kl coef 0.0425, update 2.56 s, wall 1791148186.6
exact step 1010: answers scored 7, mean expected reward 9.428, kl coef 0.0425, update 2.55 s, wall 1791148194.5
exact step 1011: answers scored 8, mean expected reward 9.579, kl coef 0.0425, update 2.57 s, wall 1791148197.7
exact step 1012: answers scored 8, mean expected reward 9.350, kl coef 0.0425, update 2.57 s, wall 1791148200.7
exact step 1013: answers scored 7, mean expected reward 8.153, kl coef 0.0425, update 2.54 s, wall 1791148203.8
exact step 1014: answers scored 8, mean expected reward 9.059, kl coef 0.0425, update 2.66 s, wall 1791148207.3
exact step 1015: answers scored 8, mean expected reward 10.084, kl coef 0.0425, update 2.54 s, wall 1791148210.5
exact step 1016: answers scored 7, mean expected reward 7.822, kl coef 0.0425, update 2.54 s, wall 1791148216.6
exact step 1017: answers scored 8, mean expected reward 10.408, kl coef 0.0425, update 2.62 s, wall 1791148221.3
exact step 1018: answers scored 8, mean expected reward 9.689, kl coef 0.0425, update 2.61 s, wall 1791148226.1
exact step 1019: answers scored 8, mean expected reward 8.586, kl coef 0.0425, update 2.54 s, wall 1791148229.5
exact step 1020: answers scored 8, mean expected reward 10.094, kl coef 0.0425, update 2.55 s, wall 1791148233.0
exact step 1021: answers scored 8, mean expected reward 11.071, kl coef 0.0425, update 2.54 s, wall 1791148236.1
exact step 1022: answers scored 8, mean expected reward 9.348, kl coef 0.0425, update 2.55 s, wall 1791148239.3
exact step 1023: answers scored 8, mean expected reward 8.363, kl coef 0.0425, update 2.75 s, wall 1791148242.8
exact step 1024: answers scored 8, mean expected reward 9.998, kl coef 0.0424, update 2.58 s, wall 1791148245.9
exact step 1025: answers scored 8, mean expected reward 9.373, kl coef 0.0424, update 2.58 s, wall 1791148249.0
exact step 1026: answers scored 8, mean expected reward 8.419, kl coef 0.0424, update 2.57 s, wall 1791148252.2
exact step 1027: answers scored 6, mean expected reward 9.741, kl coef 0.0424, update 2.51 s, wall 1791148256.0
exact step 1028: answers scored 8, mean expected reward 8.893, kl coef 0.0424, update 2.55 s, wall 1791148259.2
exact step 1029: answers scored 8, mean expected reward 7.869, kl coef 0.0424, update 2.56 s, wall 1791148262.6
exact step 1030: answers scored 8, mean expected reward 10.144, kl coef 0.0424, update 2.55 s, wall 1791148265.7
exact step 1031: answers scored 8, mean expected reward 10.044, kl coef 0.0424, update 2.54 s, wall 1791148268.7
exact step 1032: answers scored 8, mean expected reward 9.852, kl coef 0.0424, update 2.53 s, wall 1791148271.7
exact step 1033: answers scored 7, mean expected reward 10.095, kl coef 0.0424, update 2.67 s, wall 1791148276.7
exact step 1034: answers scored 7, mean expected reward 8.700, kl coef 0.0424, update 2.52 s, wall 1791148280.3
exact step 1035: answers scored 8, mean expected reward 9.654, kl coef 0.0424, update 2.60 s, wall 1791148284.1
exact step 1036: answers scored 8, mean expected reward 8.797, kl coef 0.0424, update 2.58 s, wall 1791148287.2
exact step 1037: answers scored 8, mean expected reward 8.968, kl coef 0.0424, update 2.55 s, wall 1791148290.6
exact step 1038: answers scored 7, mean expected reward 9.915, kl coef 0.0423, update 2.54 s, wall 1791148295.7
exact step 1039: answers scored 8, mean expected reward 9.242, kl coef 0.0423, update 2.57 s, wall 1791148299.0
exact step 1040: answers scored 8, mean expected reward 10.216, kl coef 0.0423, update 2.63 s, wall 1791148303.6
exact step 1041: answers scored 6, mean expected reward 9.645, kl coef 0.0423, update 2.55 s, wall 1791148310.4
exact step 1042: answers scored 8, mean expected reward 8.653, kl coef 0.0423, update 2.56 s, wall 1791148313.6
exact step 1043: answers scored 8, mean expected reward 9.734, kl coef 0.0423, update 2.56 s, wall 1791148316.7
exact step 1044: answers scored 8, mean expected reward 9.543, kl coef 0.0423, update 2.53 s, wall 1791148320.5
exact step 1045: answers scored 8, mean expected reward 10.282, kl coef 0.0423, update 2.59 s, wall 1791148324.5
exact step 1046: answers scored 8, mean expected reward 8.750, kl coef 0.0423, update 2.54 s, wall 1791148327.7
exact step 1047: answers scored 8, mean expected reward 9.365, kl coef 0.0423, update 2.55 s, wall 1791148330.9
exact step 1048: answers scored 7, mean expected reward 10.614, kl coef 0.0423, update 2.54 s, wall 1791148334.8
exact step 1049: answers scored 8, mean expected reward 9.073, kl coef 0.0423, update 2.53 s, wall 1791148337.9
exact step 1050: answers scored 8, mean expected reward 9.921, kl coef 0.0423, update 2.73 s, wall 1791148341.8
exact step 1051: answers scored 8, mean expected reward 9.114, kl coef 0.0423, update 2.56 s, wall 1791148344.9
exact step 1052: answers scored 7, mean expected reward 8.983, kl coef 0.0423, update 2.53 s, wall 1791148348.8
exact step 1053: answers scored 8, mean expected reward 9.890, kl coef 0.0422, update 2.54 s, wall 1791148351.9
exact step 1054: answers scored 8, mean expected reward 9.851, kl coef 0.0422, update 2.55 s, wall 1791148355.0
exact step 1055: answers scored 8, mean expected reward 9.909, kl coef 0.0422, update 2.55 s, wall 1791148358.5
exact step 1056: answers scored 8, mean expected reward 9.035, kl coef 0.0422, update 2.63 s, wall 1791148361.7
exact step 1057: answers scored 8, mean expected reward 10.469, kl coef 0.0422, update 2.58 s, wall 1791148364.8
exact step 1058: answers scored 8, mean expected reward 9.766, kl coef 0.0422, update 2.58 s, wall 1791148367.9
exact step 1059: answers scored 8, mean expected reward 9.633, kl coef 0.0422, update 2.52 s, wall 1791148370.9
exact step 1060: answers scored 8, mean expected reward 10.387, kl coef 0.0422, update 2.62 s, wall 1791148374.1
exact step 1061: answers scored 8, mean expected reward 9.535, kl coef 0.0422, update 2.55 s, wall 1791148377.5
exact step 1062: answers scored 8, mean expected reward 9.646, kl coef 0.0422, update 2.52 s, wall 1791148380.5
exact step 1063: answers scored 8, mean expected reward 9.505, kl coef 0.0422, update 2.60 s, wall 1791148383.6
exact step 1064: answers scored 7, mean expected reward 10.155, kl coef 0.0422, update 2.55 s, wall 1791148388.7
exact step 1065: answers scored 8, mean expected reward 8.133, kl coef 0.0422, update 2.85 s, wall 1791148392.1
exact step 1066: answers scored 8, mean expected reward 10.082, kl coef 0.0422, update 3.27 s, wall 1791148396.8
exact step 1067: answers scored 8, mean expected reward 10.177, kl coef 0.0422, update 3.16 s, wall 1791148400.6
exact step 1068: answers scored 8, mean expected reward 9.651, kl coef 0.0421, update 2.90 s, wall 1791148404.4
exact step 1069: answers scored 8, mean expected reward 9.872, kl coef 0.0421, update 2.59 s, wall 1791148407.5
exact step 1070: answers scored 8, mean expected reward 9.609, kl coef 0.0421, update 2.59 s, wall 1791148410.7
exact step 1071: answers scored 8, mean expected reward 9.181, kl coef 0.0421, update 2.58 s, wall 1791148414.1
exact step 1072: answers scored 8, mean expected reward 10.311, kl coef 0.0421, update 2.54 s, wall 1791148417.5
exact step 1073: answers scored 8, mean expected reward 10.505, kl coef 0.0421, update 2.57 s, wall 1791148422.5
exact step 1074: answers scored 8, mean expected reward 9.317, kl coef 0.0421, update 2.56 s, wall 1791148425.5
exact step 1075: answers scored 8, mean expected reward 9.772, kl coef 0.0421, update 2.57 s, wall 1791148429.9
exact step 1076: answers scored 8, mean expected reward 9.578, kl coef 0.0421, update 2.57 s, wall 1791148433.3
exact step 1077: answers scored 8, mean expected reward 9.445, kl coef 0.0421, update 2.57 s, wall 1791148436.4
exact step 1078: answers scored 8, mean expected reward 9.734, kl coef 0.0421, update 2.57 s, wall 1791148439.5
exact step 1079: answers scored 8, mean expected reward 8.796, kl coef 0.0421, update 2.57 s, wall 1791148442.6
exact step 1080: answers scored 7, mean expected reward 8.641, kl coef 0.0421, update 2.77 s, wall 1791148447.1
exact step 1081: answers scored 7, mean expected reward 9.451, kl coef 0.0421, update 2.56 s, wall 1791148450.5
exact step 1082: answers scored 8, mean expected reward 10.126, kl coef 0.0421, update 2.58 s, wall 1791148453.6
exact step 1083: answers scored 7, mean expected reward 9.587, kl coef 0.0420, update 2.55 s, wall 1791148469.6
exact step 1084: answers scored 8, mean expected reward 9.468, kl coef 0.0420, update 2.54 s, wall 1791148472.9
exact step 1085: answers scored 8, mean expected reward 10.520, kl coef 0.0420, update 2.55 s, wall 1791148476.2
exact step 1086: answers scored 8, mean expected reward 9.315, kl coef 0.0420, update 2.57 s, wall 1791148479.5
exact step 1087: answers scored 7, mean expected reward 9.949, kl coef 0.0420, update 2.75 s, wall 1791148483.2
exact step 1088: answers scored 8, mean expected reward 9.500, kl coef 0.0420, update 2.58 s, wall 1791148487.7
exact step 1089: answers scored 8, mean expected reward 9.448, kl coef 0.0420, update 2.61 s, wall 1791148490.8
exact step 1090: answers scored 8, mean expected reward 9.474, kl coef 0.0420, update 2.50 s, wall 1791148494.5
exact step 1091: answers scored 8, mean expected reward 9.664, kl coef 0.0420, update 2.53 s, wall 1791148497.7
exact step 1092: answers scored 8, mean expected reward 9.206, kl coef 0.0420, update 2.53 s, wall 1791148500.8
exact step 1093: answers scored 8, mean expected reward 9.165, kl coef 0.0420, update 2.58 s, wall 1791148503.8
exact step 1094: answers scored 8, mean expected reward 9.683, kl coef 0.0420, update 2.53 s, wall 1791148506.9
exact step 1095: answers scored 8, mean expected reward 9.790, kl coef 0.0420, update 2.54 s, wall 1791148512.9
exact step 1096: answers scored 8, mean expected reward 9.947, kl coef 0.0420, update 2.77 s, wall 1791148516.2
exact step 1097: answers scored 8, mean expected reward 9.715, kl coef 0.0420, update 2.49 s, wall 1791148519.5
exact step 1098: answers scored 8, mean expected reward 8.774, kl coef 0.0419, update 2.54 s, wall 1791148523.1
exact step 1099: answers scored 8, mean expected reward 10.171, kl coef 0.0419, update 2.56 s, wall 1791148526.3
exact step 1100: answers scored 8, mean expected reward 9.507, kl coef 0.0419, update 2.55 s, wall 1791148529.4
exact step 1101: answers scored 8, mean expected reward 10.451, kl coef 0.0419, update 2.54 s, wall 1791148532.5
exact step 1102: answers scored 7, mean expected reward 9.277, kl coef 0.0419, update 2.55 s, wall 1791148536.4
exact step 1103: answers scored 8, mean expected reward 8.933, kl coef 0.0419, update 2.51 s, wall 1791148539.7
exact step 1104: answers scored 8, mean expected reward 10.083, kl coef 0.0419, update 2.61 s, wall 1791148545.1
exact step 1105: answers scored 8, mean expected reward 9.767, kl coef 0.0419, update 2.69 s, wall 1791148548.5
exact step 1106: answers scored 8, mean expected reward 9.892, kl coef 0.0419, update 2.53 s, wall 1791148551.6
exact step 1107: answers scored 8, mean expected reward 8.550, kl coef 0.0419, update 2.57 s, wall 1791148554.7
exact step 1108: answers scored 7, mean expected reward 8.797, kl coef 0.0419, update 2.81 s, wall 1791148560.2
exact step 1109: answers scored 7, mean expected reward 8.763, kl coef 0.0419, update 2.48 s, wall 1791148564.0
exact step 1110: answers scored 7, mean expected reward 10.116, kl coef 0.0419, update 2.50 s, wall 1791148568.5
exact step 1111: answers scored 8, mean expected reward 9.013, kl coef 0.0419, update 2.73 s, wall 1791148571.8
exact step 1112: answers scored 8, mean expected reward 9.518, kl coef 0.0419, update 2.54 s, wall 1791148574.8
exact step 1113: answers scored 8, mean expected reward 9.507, kl coef 0.0418, update 2.52 s, wall 1791148578.3
exact step 1114: answers scored 8, mean expected reward 9.921, kl coef 0.0418, update 2.54 s, wall 1791148581.6
exact step 1115: answers scored 8, mean expected reward 9.382, kl coef 0.0418, update 2.47 s, wall 1791148585.0
exact step 1116: answers scored 8, mean expected reward 9.577, kl coef 0.0418, update 2.49 s, wall 1791148588.0
exact step 1117: answers scored 8, mean expected reward 9.899, kl coef 0.0418, update 2.48 s, wall 1791148591.0
exact step 1118: answers scored 8, mean expected reward 9.987, kl coef 0.0418, update 2.55 s, wall 1791148594.1
exact step 1119: answers scored 8, mean expected reward 9.958, kl coef 0.0418, update 2.57 s, wall 1791148597.4
exact step 1120: answers scored 7, mean expected reward 8.395, kl coef 0.0418, update 2.47 s, wall 1791148605.6
exact step 1121: answers scored 8, mean expected reward 10.527, kl coef 0.0418, update 2.48 s, wall 1791148609.0
exact step 1122: answers scored 8, mean expected reward 8.885, kl coef 0.0418, update 2.50 s, wall 1791148613.0
exact step 1123: answers scored 8, mean expected reward 8.556, kl coef 0.0418, update 2.49 s, wall 1791148617.7
exact step 1124: answers scored 7, mean expected reward 9.425, kl coef 0.0418, update 2.47 s, wall 1791148622.3
exact step 1125: answers scored 8, mean expected reward 9.952, kl coef 0.0418, update 2.47 s, wall 1791148625.2
exact step 1126: answers scored 8, mean expected reward 10.193, kl coef 0.0418, update 2.68 s, wall 1791148628.4
exact step 1127: answers scored 8, mean expected reward 9.290, kl coef 0.0418, update 2.49 s, wall 1791148631.5
exact step 1128: answers scored 7, mean expected reward 9.892, kl coef 0.0417, update 2.45 s, wall 1791148638.5
exact step 1129: answers scored 8, mean expected reward 8.952, kl coef 0.0417, update 2.52 s, wall 1791148641.6
exact step 1130: answers scored 8, mean expected reward 10.098, kl coef 0.0417, update 2.55 s, wall 1791148644.6
exact step 1131: answers scored 7, mean expected reward 10.056, kl coef 0.0417, update 2.53 s, wall 1791148650.5
exact step 1132: answers scored 8, mean expected reward 10.829, kl coef 0.0417, update 2.55 s, wall 1791148654.7
exact step 1133: answers scored 8, mean expected reward 8.517, kl coef 0.0417, update 2.52 s, wall 1791148657.7
exact step 1134: answers scored 8, mean expected reward 9.436, kl coef 0.0417, update 2.51 s, wall 1791148660.9
exact step 1135: answers scored 8, mean expected reward 9.157, kl coef 0.0417, update 2.79 s, wall 1791148664.2
exact step 1136: answers scored 8, mean expected reward 9.291, kl coef 0.0417, update 2.50 s, wall 1791148667.2
exact step 1137: answers scored 8, mean expected reward 9.787, kl coef 0.0417, update 2.50 s, wall 1791148670.1
exact step 1138: answers scored 7, mean expected reward 9.601, kl coef 0.0417, update 2.48 s, wall 1791148673.1
exact step 1139: answers scored 8, mean expected reward 9.646, kl coef 0.0417, update 2.51 s, wall 1791148677.0
exact step 1140: answers scored 8, mean expected reward 9.598, kl coef 0.0417, update 2.49 s, wall 1791148680.2
exact step 1141: answers scored 8, mean expected reward 9.379, kl coef 0.0417, update 2.51 s, wall 1791148684.0
exact step 1142: answers scored 8, mean expected reward 8.989, kl coef 0.0417, update 2.52 s, wall 1791148687.1
exact step 1143: answers scored 8, mean expected reward 10.098, kl coef 0.0416, update 2.60 s, wall 1791148690.9
exact step 1144: answers scored 8, mean expected reward 10.180, kl coef 0.0416, update 2.65 s, wall 1791148694.2
exact step 1145: answers scored 8, mean expected reward 10.008, kl coef 0.0416, update 2.87 s, wall 1791148698.5
exact step 1146: answers scored 8, mean expected reward 9.131, kl coef 0.0416, update 2.57 s, wall 1791148701.6
exact step 1147: answers scored 8, mean expected reward 8.877, kl coef 0.0416, update 2.60 s, wall 1791148706.3
exact step 1148: answers scored 8, mean expected reward 9.360, kl coef 0.0416, update 2.59 s, wall 1791148709.3
exact step 1149: answers scored 8, mean expected reward 10.161, kl coef 0.0416, update 2.57 s, wall 1791148712.6
exact step 1150: answers scored 8, mean expected reward 9.790, kl coef 0.0416, update 2.59 s, wall 1791148715.7
exact step 1151: answers scored 8, mean expected reward 9.984, kl coef 0.0416, update 2.61 s, wall 1791148719.8
exact step 1152: answers scored 8, mean expected reward 10.616, kl coef 0.0416, update 2.58 s, wall 1791148723.3
exact step 1153: answers scored 8, mean expected reward 8.705, kl coef 0.0416, update 2.56 s, wall 1791148727.3
exact step 1154: answers scored 8, mean expected reward 9.543, kl coef 0.0416, update 2.84 s, wall 1791148731.3
exact step 1155: answers scored 7, mean expected reward 9.993, kl coef 0.0416, update 2.57 s, wall 1791148735.0
exact step 1156: answers scored 8, mean expected reward 9.831, kl coef 0.0416, update 2.60 s, wall 1791148739.1
exact step 1157: answers scored 8, mean expected reward 8.493, kl coef 0.0416, update 2.58 s, wall 1791148742.2
exact step 1158: answers scored 6, mean expected reward 9.927, kl coef 0.0415, update 2.57 s, wall 1791148746.5
exact step 1159: answers scored 8, mean expected reward 9.658, kl coef 0.0415, update 2.57 s, wall 1791148749.6
exact step 1160: answers scored 7, mean expected reward 10.294, kl coef 0.0415, update 2.58 s, wall 1791148753.8
exact step 1161: answers scored 8, mean expected reward 9.339, kl coef 0.0415, update 2.56 s, wall 1791148757.3
exact step 1162: answers scored 8, mean expected reward 9.011, kl coef 0.0415, update 2.63 s, wall 1791148762.0
exact step 1163: answers scored 8, mean expected reward 10.650, kl coef 0.0415, update 2.88 s, wall 1791148765.6
exact step 1164: answers scored 8, mean expected reward 9.452, kl coef 0.0415, update 2.61 s, wall 1791148769.2
exact step 1165: answers scored 8, mean expected reward 10.186, kl coef 0.0415, update 2.60 s, wall 1791148772.5
exact step 1166: answers scored 8, mean expected reward 9.077, kl coef 0.0415, update 2.58 s, wall 1791148775.5
exact step 1167: answers scored 8, mean expected reward 10.049, kl coef 0.0415, update 2.61 s, wall 1791148778.9
exact step 1168: answers scored 8, mean expected reward 9.728, kl coef 0.0415, update 2.57 s, wall 1791148781.9
exact step 1169: answers scored 8, mean expected reward 10.322, kl coef 0.0415, update 2.62 s, wall 1791148785.0
exact step 1170: answers scored 8, mean expected reward 9.791, kl coef 0.0415, update 2.60 s, wall 1791148788.0
exact step 1171: answers scored 8, mean expected reward 9.787, kl coef 0.0415, update 2.59 s, wall 1791148791.4
exact step 1172: answers scored 8, mean expected reward 10.251, kl coef 0.0415, update 2.60 s, wall 1791148794.7
exact step 1173: answers scored 8, mean expected reward 10.059, kl coef 0.0414, update 2.84 s, wall 1791148800.4
exact step 1174: answers scored 8, mean expected reward 8.372, kl coef 0.0414, update 2.58 s, wall 1791148804.0
exact step 1175: answers scored 8, mean expected reward 10.087, kl coef 0.0414, update 2.56 s, wall 1791148807.1
exact step 1176: answers scored 8, mean expected reward 10.004, kl coef 0.0414, update 2.54 s, wall 1791148810.3
exact step 1177: answers scored 8, mean expected reward 9.960, kl coef 0.0414, update 2.58 s, wall 1791148814.3
exact step 1178: answers scored 8, mean expected reward 10.515, kl coef 0.0414, update 2.58 s, wall 1791148817.4
exact step 1179: answers scored 8, mean expected reward 9.876, kl coef 0.0414, update 2.57 s, wall 1791148822.6
exact step 1180: answers scored 8, mean expected reward 10.588, kl coef 0.0414, update 2.55 s, wall 1791148825.7
exact step 1181: answers scored 8, mean expected reward 9.358, kl coef 0.0414, update 2.58 s, wall 1791148828.8
exact step 1182: answers scored 8, mean expected reward 10.052, kl coef 0.0414, update 2.57 s, wall 1791148836.1
exact step 1183: answers scored 8, mean expected reward 8.888, kl coef 0.0414, update 2.53 s, wall 1791148839.1
exact step 1184: answers scored 8, mean expected reward 9.858, kl coef 0.0414, update 2.62 s, wall 1791148842.3
exact step 1185: answers scored 7, mean expected reward 9.864, kl coef 0.0414, update 2.57 s, wall 1791148845.4
exact step 1186: answers scored 8, mean expected reward 9.167, kl coef 0.0414, update 2.61 s, wall 1791148849.1
exact step 1187: answers scored 8, mean expected reward 10.388, kl coef 0.0414, update 2.61 s, wall 1791148852.2
exact step 1188: answers scored 7, mean expected reward 10.512, kl coef 0.0413, update 2.59 s, wall 1791148859.0
exact step 1189: answers scored 7, mean expected reward 10.497, kl coef 0.0413, update 2.49 s, wall 1791148862.2
exact step 1190: answers scored 8, mean expected reward 8.575, kl coef 0.0413, update 2.56 s, wall 1791148865.3
exact step 1191: answers scored 8, mean expected reward 10.359, kl coef 0.0413, update 2.74 s, wall 1791148868.9
exact step 1192: answers scored 8, mean expected reward 9.721, kl coef 0.0413, update 2.63 s, wall 1791148876.5
exact step 1193: answers scored 7, mean expected reward 8.997, kl coef 0.0413, update 2.62 s, wall 1791148881.1
exact step 1194: answers scored 8, mean expected reward 10.359, kl coef 0.0413, update 2.63 s, wall 1791148884.2
exact step 1195: answers scored 8, mean expected reward 10.115, kl coef 0.0413, update 2.63 s, wall 1791148887.3
exact step 1196: answers scored 8, mean expected reward 9.456, kl coef 0.0413, update 2.61 s, wall 1791148890.6
exact step 1197: answers scored 8, mean expected reward 9.755, kl coef 0.0413, update 2.61 s, wall 1791148894.0
exact step 1198: answers scored 8, mean expected reward 10.760, kl coef 0.0413, update 2.62 s, wall 1791148897.6
checkpoint at step 1200 (1.1 s)
exact step 1199: answers scored 8, mean expected reward 9.489, kl coef 0.0413, update 3.68 s, wall 1791148902.5
exact step 1200: answers scored 8, mean expected reward 10.497, kl coef 0.0413, update 2.79 s, wall 1791148905.8
exact step 1201: answers scored 8, mean expected reward 8.517, kl coef 0.0413, update 2.67 s, wall 1791148908.9
exact step 1202: answers scored 8, mean expected reward 10.624, kl coef 0.0413, update 2.58 s, wall 1791148912.0
exact step 1203: answers scored 7, mean expected reward 8.591, kl coef 0.0412, update 2.56 s, wall 1791148915.9
exact step 1204: answers scored 8, mean expected reward 9.380, kl coef 0.0412, update 2.59 s, wall 1791148919.3
exact step 1205: answers scored 8, mean expected reward 9.611, kl coef 0.0412, update 2.61 s, wall 1791148924.1
exact step 1206: answers scored 8, mean expected reward 9.350, kl coef 0.0412, update 2.62 s, wall 1791148928.0
exact step 1207: answers scored 8, mean expected reward 9.973, kl coef 0.0412, update 2.60 s, wall 1791148931.1
exact step 1208: answers scored 8, mean expected reward 10.048, kl coef 0.0412, update 2.62 s, wall 1791148934.2
exact step 1209: answers scored 8, mean expected reward 9.505, kl coef 0.0412, update 2.60 s, wall 1791148938.2
exact step 1210: answers scored 8, mean expected reward 9.660, kl coef 0.0412, update 2.72 s, wall 1791148941.5
exact step 1211: answers scored 8, mean expected reward 9.947, kl coef 0.0412, update 2.74 s, wall 1791148944.9
exact step 1212: answers scored 8, mean expected reward 9.149, kl coef 0.0412, update 2.63 s, wall 1791148948.0
exact step 1213: answers scored 8, mean expected reward 9.348, kl coef 0.0412, update 2.60 s, wall 1791148952.0
exact step 1214: answers scored 8, mean expected reward 10.877, kl coef 0.0412, update 2.59 s, wall 1791148956.4
exact step 1215: answers scored 8, mean expected reward 9.576, kl coef 0.0412, update 2.63 s, wall 1791148959.7
exact step 1216: answers scored 8, mean expected reward 9.470, kl coef 0.0412, update 2.66 s, wall 1791148964.0
exact step 1217: answers scored 8, mean expected reward 10.394, kl coef 0.0412, update 2.49 s, wall 1791148967.2
exact step 1218: answers scored 8, mean expected reward 9.346, kl coef 0.0411, update 2.47 s, wall 1791148970.3
exact step 1219: answers scored 8, mean expected reward 10.103, kl coef 0.0411, update 2.49 s, wall 1791148973.4
exact step 1220: answers scored 7, mean expected reward 9.872, kl coef 0.0411, update 2.52 s, wall 1791148979.6
exact step 1221: answers scored 8, mean expected reward 9.244, kl coef 0.0411, update 2.52 s, wall 1791148982.6
exact step 1222: answers scored 8, mean expected reward 9.419, kl coef 0.0411, update 2.51 s, wall 1791148986.0
exact step 1223: answers scored 7, mean expected reward 10.637, kl coef 0.0411, update 2.46 s, wall 1791148991.4
exact step 1224: answers scored 8, mean expected reward 9.098, kl coef 0.0411, update 2.50 s, wall 1791148995.6
exact step 1225: answers scored 8, mean expected reward 10.303, kl coef 0.0411, update 2.54 s, wall 1791148999.9
exact step 1226: answers scored 8, mean expected reward 9.276, kl coef 0.0411, update 2.63 s, wall 1791149003.1
exact step 1227: answers scored 8, mean expected reward 9.203, kl coef 0.0411, update 2.46 s, wall 1791149006.1
exact step 1228: answers scored 8, mean expected reward 8.815, kl coef 0.0411, update 2.47 s, wall 1791149009.0
exact step 1229: answers scored 7, mean expected reward 9.057, kl coef 0.0411, update 2.48 s, wall 1791149012.8
exact step 1230: answers scored 8, mean expected reward 8.981, kl coef 0.0411, update 2.55 s, wall 1791149015.9
exact step 1231: answers scored 8, mean expected reward 10.054, kl coef 0.0411, update 2.53 s, wall 1791149019.9
exact step 1232: answers scored 8, mean expected reward 9.057, kl coef 0.0411, update 2.51 s, wall 1791149023.5
exact step 1233: answers scored 8, mean expected reward 8.518, kl coef 0.0410, update 2.50 s, wall 1791149026.5
exact step 1234: answers scored 8, mean expected reward 8.414, kl coef 0.0410, update 2.50 s, wall 1791149029.5
exact step 1235: answers scored 8, mean expected reward 9.093, kl coef 0.0410, update 2.48 s, wall 1791149032.7
exact step 1236: answers scored 6, mean expected reward 9.763, kl coef 0.0410, update 2.65 s, wall 1791149038.5
exact step 1237: answers scored 8, mean expected reward 9.223, kl coef 0.0410, update 2.46 s, wall 1791149042.0
exact step 1238: answers scored 7, mean expected reward 9.710, kl coef 0.0410, update 2.66 s, wall 1791149046.7
exact step 1239: answers scored 8, mean expected reward 8.547, kl coef 0.0410, update 2.52 s, wall 1791149049.8
exact step 1240: answers scored 8, mean expected reward 9.222, kl coef 0.0410, update 2.77 s, wall 1791149053.3
exact step 1241: answers scored 8, mean expected reward 9.848, kl coef 0.0410, update 2.70 s, wall 1791149056.5
exact step 1242: answers scored 8, mean expected reward 8.573, kl coef 0.0410, update 2.47 s, wall 1791149059.6
exact step 1243: answers scored 8, mean expected reward 10.213, kl coef 0.0410, update 2.49 s, wall 1791149062.7
exact step 1244: answers scored 8, mean expected reward 9.905, kl coef 0.0410, update 2.47 s, wall 1791149065.7
exact step 1245: answers scored 8, mean expected reward 9.774, kl coef 0.0410, update 2.51 s, wall 1791149069.5
exact step 1246: answers scored 8, mean expected reward 10.488, kl coef 0.0410, update 2.46 s, wall 1791149072.7
exact step 1247: answers scored 8, mean expected reward 8.887, kl coef 0.0410, update 2.47 s, wall 1791149076.2
exact step 1248: answers scored 8, mean expected reward 10.090, kl coef 0.0410, update 2.49 s, wall 1791149079.4
exact step 1249: answers scored 8, mean expected reward 10.141, kl coef 0.0409, update 2.54 s, wall 1791149082.6
exact step 1250: answers scored 8, mean expected reward 8.790, kl coef 0.0409, update 2.52 s, wall 1791149086.7
exact step 1251: answers scored 8, mean expected reward 8.486, kl coef 0.0409, update 2.52 s, wall 1791149089.9
exact step 1252: answers scored 8, mean expected reward 9.318, kl coef 0.0409, update 2.64 s, wall 1791149093.1
exact step 1253: answers scored 8, mean expected reward 9.289, kl coef 0.0409, update 2.50 s, wall 1791149096.1
exact step 1254: answers scored 8, mean expected reward 10.212, kl coef 0.0409, update 2.46 s, wall 1791149099.5
exact step 1255: answers scored 8, mean expected reward 9.655, kl coef 0.0409, update 2.49 s, wall 1791149102.5
exact step 1256: answers scored 8, mean expected reward 9.744, kl coef 0.0409, update 2.48 s, wall 1791149105.5
exact step 1257: answers scored 8, mean expected reward 9.135, kl coef 0.0409, update 2.85 s, wall 1791149109.0
exact step 1258: answers scored 8, mean expected reward 9.557, kl coef 0.0409, update 2.79 s, wall 1791149112.3
exact step 1259: answers scored 8, mean expected reward 9.471, kl coef 0.0409, update 2.60 s, wall 1791149115.6
exact step 1260: answers scored 8, mean expected reward 8.692, kl coef 0.0409, update 2.54 s, wall 1791149118.7
exact step 1261: answers scored 8, mean expected reward 10.079, kl coef 0.0409, update 2.55 s, wall 1791149122.7
exact step 1262: answers scored 8, mean expected reward 9.518, kl coef 0.0409, update 2.52 s, wall 1791149125.8
exact step 1263: answers scored 8, mean expected reward 9.722, kl coef 0.0409, update 2.54 s, wall 1791149128.7
exact step 1264: answers scored 8, mean expected reward 8.650, kl coef 0.0408, update 2.52 s, wall 1791149131.8
exact step 1265: answers scored 8, mean expected reward 9.487, kl coef 0.0408, update 2.48 s, wall 1791149134.8
exact step 1266: answers scored 8, mean expected reward 10.191, kl coef 0.0408, update 2.48 s, wall 1791149138.4
exact step 1267: answers scored 8, mean expected reward 10.162, kl coef 0.0408, update 2.50 s, wall 1791149141.4
exact step 1268: answers scored 8, mean expected reward 9.702, kl coef 0.0408, update 2.61 s, wall 1791149145.0
exact step 1269: answers scored 8, mean expected reward 9.493, kl coef 0.0408, update 2.56 s, wall 1791149149.4
exact step 1270: answers scored 8, mean expected reward 9.726, kl coef 0.0408, update 2.52 s, wall 1791149152.4
exact step 1271: answers scored 8, mean expected reward 9.932, kl coef 0.0408, update 2.52 s, wall 1791149155.8
exact step 1272: answers scored 8, mean expected reward 9.260, kl coef 0.0408, update 2.52 s, wall 1791149158.8
exact step 1273: answers scored 8, mean expected reward 10.086, kl coef 0.0408, update 2.50 s, wall 1791149162.1
exact step 1274: answers scored 8, mean expected reward 10.228, kl coef 0.0408, update 2.52 s, wall 1791149165.2
exact step 1275: answers scored 8, mean expected reward 10.562, kl coef 0.0408, update 2.56 s, wall 1791149168.5
exact step 1276: answers scored 8, mean expected reward 9.300, kl coef 0.0408, update 2.56 s, wall 1791149171.6
exact step 1277: answers scored 8, mean expected reward 10.159, kl coef 0.0408, update 2.53 s, wall 1791149174.6
exact step 1278: answers scored 8, mean expected reward 9.200, kl coef 0.0408, update 2.56 s, wall 1791149177.6
exact step 1279: answers scored 8, mean expected reward 9.281, kl coef 0.0407, update 2.58 s, wall 1791149181.5
exact step 1280: answers scored 8, mean expected reward 10.281, kl coef 0.0407, update 2.52 s, wall 1791149185.2
exact step 1281: answers scored 8, mean expected reward 10.393, kl coef 0.0407, update 2.51 s, wall 1791149188.3
exact step 1282: answers scored 8, mean expected reward 8.959, kl coef 0.0407, update 2.53 s, wall 1791149192.7
exact step 1283: answers scored 8, mean expected reward 9.233, kl coef 0.0407, update 2.56 s, wall 1791149196.6
exact step 1284: answers scored 8, mean expected reward 10.394, kl coef 0.0407, update 2.50 s, wall 1791149199.6
exact step 1285: answers scored 8, mean expected reward 9.938, kl coef 0.0407, update 2.52 s, wall 1791149203.5
exact step 1286: answers scored 8, mean expected reward 9.692, kl coef 0.0407, update 2.52 s, wall 1791149206.6
exact step 1287: answers scored 8, mean expected reward 9.861, kl coef 0.0407, update 2.52 s, wall 1791149209.6
exact step 1288: answers scored 8, mean expected reward 8.854, kl coef 0.0407, update 2.76 s, wall 1791149213.4
exact step 1289: answers scored 7, mean expected reward 9.004, kl coef 0.0407, update 2.50 s, wall 1791149217.3
exact step 1290: answers scored 8, mean expected reward 10.311, kl coef 0.0407, update 2.53 s, wall 1791149221.2
exact step 1291: answers scored 8, mean expected reward 10.358, kl coef 0.0407, update 2.52 s, wall 1791149224.6
exact step 1292: answers scored 8, mean expected reward 10.032, kl coef 0.0407, update 2.52 s, wall 1791149227.9
exact step 1293: answers scored 8, mean expected reward 10.028, kl coef 0.0407, update 2.55 s, wall 1791149231.0
exact step 1294: answers scored 7, mean expected reward 10.473, kl coef 0.0407, update 2.55 s, wall 1791149236.6
exact step 1295: answers scored 8, mean expected reward 9.621, kl coef 0.0406, update 2.53 s, wall 1791149239.8
exact step 1296: answers scored 8, mean expected reward 8.069, kl coef 0.0406, update 2.52 s, wall 1791149242.8
exact step 1297: answers scored 8, mean expected reward 9.966, kl coef 0.0406, update 2.66 s, wall 1791149246.0
exact step 1298: answers scored 7, mean expected reward 10.114, kl coef 0.0406, update 2.56 s, wall 1791149250.4
exact step 1299: answers scored 8, mean expected reward 10.360, kl coef 0.0406, update 2.52 s, wall 1791149253.4
exact step 1300: answers scored 8, mean expected reward 10.036, kl coef 0.0406, update 2.55 s, wall 1791149256.8
exact step 1301: answers scored 7, mean expected reward 9.899, kl coef 0.0406, update 2.53 s, wall 1791149261.8
exact step 1302: answers scored 8, mean expected reward 9.614, kl coef 0.0406, update 2.52 s, wall 1791149264.9
exact step 1303: answers scored 8, mean expected reward 9.805, kl coef 0.0406, update 2.51 s, wall 1791149268.1
exact step 1304: answers scored 8, mean expected reward 9.733, kl coef 0.0406, update 2.71 s, wall 1791149271.5
exact step 1305: answers scored 8, mean expected reward 8.885, kl coef 0.0406, update 2.52 s, wall 1791149274.7
exact step 1306: answers scored 8, mean expected reward 9.871, kl coef 0.0406, update 2.53 s, wall 1791149277.8
exact step 1307: answers scored 8, mean expected reward 9.524, kl coef 0.0406, update 2.75 s, wall 1791149281.6
exact step 1308: answers scored 8, mean expected reward 10.346, kl coef 0.0406, update 2.60 s, wall 1791149284.9
exact step 1309: answers scored 8, mean expected reward 9.360, kl coef 0.0406, update 2.56 s, wall 1791149289.1
exact step 1310: answers scored 8, mean expected reward 9.748, kl coef 0.0405, update 2.57 s, wall 1791149292.1
exact step 1311: answers scored 7, mean expected reward 10.613, kl coef 0.0405, update 2.59 s, wall 1791149308.2
exact step 1312: answers scored 8, mean expected reward 10.066, kl coef 0.0405, update 2.54 s, wall 1791149311.7
exact step 1313: answers scored 8, mean expected reward 9.251, kl coef 0.0405, update 2.56 s, wall 1791149314.7
exact step 1314: answers scored 8, mean expected reward 9.842, kl coef 0.0405, update 2.61 s, wall 1791149317.9
exact step 1315: answers scored 8, mean expected reward 10.336, kl coef 0.0405, update 2.62 s, wall 1791149321.0
exact step 1316: answers scored 8, mean expected reward 7.576, kl coef 0.0405, update 2.49 s, wall 1791149324.0
exact step 1317: answers scored 8, mean expected reward 9.529, kl coef 0.0405, update 2.49 s, wall 1791149327.1
exact step 1318: answers scored 7, mean expected reward 10.183, kl coef 0.0405, update 2.49 s, wall 1791149333.7
exact step 1319: answers scored 8, mean expected reward 10.227, kl coef 0.0405, update 2.53 s, wall 1791149338.5
exact step 1320: answers scored 8, mean expected reward 10.136, kl coef 0.0405, update 2.54 s, wall 1791149341.5
exact step 1321: answers scored 8, mean expected reward 10.299, kl coef 0.0405, update 2.60 s, wall 1791149346.3
exact step 1322: answers scored 8, mean expected reward 9.565, kl coef 0.0405, update 2.59 s, wall 1791149350.1
exact step 1323: answers scored 8, mean expected reward 8.249, kl coef 0.0405, update 2.66 s, wall 1791149353.3
exact step 1324: answers scored 7, mean expected reward 10.876, kl coef 0.0405, update 2.65 s, wall 1791149356.8
exact step 1325: answers scored 8, mean expected reward 9.305, kl coef 0.0404, update 2.64 s, wall 1791149359.9
exact step 1326: answers scored 8, mean expected reward 8.770, kl coef 0.0404, update 2.61 s, wall 1791149363.0
exact step 1327: answers scored 8, mean expected reward 9.305, kl coef 0.0404, update 2.56 s, wall 1791149366.3
exact step 1328: answers scored 8, mean expected reward 9.004, kl coef 0.0404, update 2.58 s, wall 1791149370.2
exact step 1329: answers scored 8, mean expected reward 10.668, kl coef 0.0404, update 2.61 s, wall 1791149374.3
exact step 1330: answers scored 8, mean expected reward 10.737, kl coef 0.0404, update 2.53 s, wall 1791149377.3
exact step 1331: answers scored 8, mean expected reward 10.109, kl coef 0.0404, update 2.54 s, wall 1791149380.4
exact step 1332: answers scored 8, mean expected reward 9.756, kl coef 0.0404, update 2.57 s, wall 1791149383.9
exact step 1333: answers scored 8, mean expected reward 9.765, kl coef 0.0404, update 2.56 s, wall 1791149386.9
exact step 1334: answers scored 8, mean expected reward 8.277, kl coef 0.0404, update 2.62 s, wall 1791149390.3
exact step 1335: answers scored 7, mean expected reward 9.163, kl coef 0.0404, update 2.59 s, wall 1791149394.2
exact step 1336: answers scored 8, mean expected reward 9.173, kl coef 0.0404, update 2.57 s, wall 1791149397.2
exact step 1337: answers scored 8, mean expected reward 9.021, kl coef 0.0404, update 2.58 s, wall 1791149400.3
exact step 1338: answers scored 8, mean expected reward 9.575, kl coef 0.0404, update 2.76 s, wall 1791149404.6
exact step 1339: answers scored 8, mean expected reward 8.791, kl coef 0.0404, update 2.59 s, wall 1791149408.3
exact step 1340: answers scored 8, mean expected reward 8.902, kl coef 0.0404, update 2.61 s, wall 1791149411.6
exact step 1341: answers scored 8, mean expected reward 9.298, kl coef 0.0403, update 2.57 s, wall 1791149414.7
exact step 1342: answers scored 8, mean expected reward 8.431, kl coef 0.0403, update 2.54 s, wall 1791149418.0
exact step 1343: answers scored 8, mean expected reward 10.277, kl coef 0.0403, update 2.56 s, wall 1791149423.2
exact step 1344: answers scored 8, mean expected reward 9.883, kl coef 0.0403, update 2.53 s, wall 1791149426.3
exact step 1345: answers scored 8, mean expected reward 9.863, kl coef 0.0403, update 2.51 s, wall 1791149429.5
exact step 1346: answers scored 8, mean expected reward 10.422, kl coef 0.0403, update 2.59 s, wall 1791149432.6
exact step 1347: answers scored 8, mean expected reward 9.261, kl coef 0.0403, update 2.67 s, wall 1791149436.0
exact step 1348: answers scored 7, mean expected reward 9.748, kl coef 0.0403, update 2.47 s, wall 1791149439.9
exact step 1349: answers scored 8, mean expected reward 9.268, kl coef 0.0403, update 2.56 s, wall 1791149444.4
exact step 1350: answers scored 8, mean expected reward 9.522, kl coef 0.0403, update 2.53 s, wall 1791149447.6
exact step 1351: answers scored 8, mean expected reward 9.538, kl coef 0.0403, update 2.56 s, wall 1791149451.7
exact step 1352: answers scored 8, mean expected reward 9.725, kl coef 0.0403, update 2.56 s, wall 1791149455.1
exact step 1353: answers scored 8, mean expected reward 9.673, kl coef 0.0403, update 2.54 s, wall 1791149458.4
exact step 1354: answers scored 8, mean expected reward 9.965, kl coef 0.0403, update 2.55 s, wall 1791149462.6
exact step 1355: answers scored 8, mean expected reward 8.870, kl coef 0.0403, update 2.61 s, wall 1791149465.7
exact step 1356: answers scored 8, mean expected reward 9.346, kl coef 0.0402, update 2.55 s, wall 1791149468.7
exact step 1357: answers scored 8, mean expected reward 9.010, kl coef 0.0402, update 2.56 s, wall 1791149471.9
exact step 1358: answers scored 8, mean expected reward 9.850, kl coef 0.0402, update 2.51 s, wall 1791149475.2
exact step 1359: answers scored 8, mean expected reward 9.857, kl coef 0.0402, update 2.58 s, wall 1791149479.4
exact step 1360: answers scored 8, mean expected reward 9.111, kl coef 0.0402, update 2.57 s, wall 1791149482.4
exact step 1361: answers scored 8, mean expected reward 9.107, kl coef 0.0402, update 2.55 s, wall 1791149485.5
exact step 1362: answers scored 8, mean expected reward 10.268, kl coef 0.0402, update 2.58 s, wall 1791149488.6
exact step 1363: answers scored 8, mean expected reward 10.832, kl coef 0.0402, update 2.54 s, wall 1791149491.6
exact step 1364: answers scored 8, mean expected reward 10.011, kl coef 0.0402, update 2.53 s, wall 1791149495.1
exact step 1365: answers scored 8, mean expected reward 9.349, kl coef 0.0402, update 2.60 s, wall 1791149498.3
exact step 1366: answers scored 8, mean expected reward 9.150, kl coef 0.0402, update 2.55 s, wall 1791149501.3
exact step 1367: answers scored 8, mean expected reward 9.872, kl coef 0.0402, update 2.60 s, wall 1791149504.5
exact step 1368: answers scored 7, mean expected reward 9.559, kl coef 0.0402, update 2.54 s, wall 1791149508.3
exact step 1369: answers scored 7, mean expected reward 9.784, kl coef 0.0402, update 2.56 s, wall 1791149513.6
exact step 1370: answers scored 8, mean expected reward 10.843, kl coef 0.0402, update 2.56 s, wall 1791149517.1
exact step 1371: answers scored 8, mean expected reward 10.095, kl coef 0.0402, update 2.58 s, wall 1791149520.2
exact step 1372: answers scored 8, mean expected reward 10.531, kl coef 0.0401, update 2.57 s, wall 1791149523.6
exact step 1373: answers scored 8, mean expected reward 10.525, kl coef 0.0401, update 2.57 s, wall 1791149528.4
exact step 1374: answers scored 8, mean expected reward 10.181, kl coef 0.0401, update 2.60 s, wall 1791149531.6
exact step 1375: answers scored 8, mean expected reward 10.091, kl coef 0.0401, update 2.50 s, wall 1791149534.6
exact step 1376: answers scored 8, mean expected reward 9.475, kl coef 0.0401, update 2.57 s, wall 1791149538.0
exact step 1377: answers scored 8, mean expected reward 9.198, kl coef 0.0401, update 2.55 s, wall 1791149541.6
exact step 1378: answers scored 8, mean expected reward 9.744, kl coef 0.0401, update 2.60 s, wall 1791149544.8
exact step 1379: answers scored 7, mean expected reward 8.046, kl coef 0.0401, update 2.52 s, wall 1791149547.8
exact step 1380: answers scored 8, mean expected reward 8.424, kl coef 0.0401, update 2.53 s, wall 1791149551.0
exact step 1381: answers scored 8, mean expected reward 8.989, kl coef 0.0401, update 2.53 s, wall 1791149554.0
exact step 1382: answers scored 8, mean expected reward 9.698, kl coef 0.0401, update 2.54 s, wall 1791149557.6
exact step 1383: answers scored 8, mean expected reward 9.417, kl coef 0.0401, update 2.54 s, wall 1791149560.8
exact step 1384: answers scored 8, mean expected reward 10.068, kl coef 0.0401, update 2.53 s, wall 1791149563.8
exact step 1385: answers scored 7, mean expected reward 9.793, kl coef 0.0401, update 2.62 s, wall 1791149568.8
exact step 1386: answers scored 7, mean expected reward 10.136, kl coef 0.0401, update 2.57 s, wall 1791149574.7
exact step 1387: answers scored 7, mean expected reward 10.683, kl coef 0.0400, update 2.46 s, wall 1791149578.3
exact step 1388: answers scored 8, mean expected reward 10.233, kl coef 0.0400, update 2.57 s, wall 1791149581.4
exact step 1389: answers scored 8, mean expected reward 8.638, kl coef 0.0400, update 2.55 s, wall 1791149584.7
exact step 1390: answers scored 7, mean expected reward 10.448, kl coef 0.0400, update 2.55 s, wall 1791149587.8
exact step 1391: answers scored 8, mean expected reward 9.298, kl coef 0.0400, update 2.59 s, wall 1791149591.2
exact step 1392: answers scored 8, mean expected reward 9.210, kl coef 0.0400, update 2.59 s, wall 1791149594.8
exact step 1393: answers scored 8, mean expected reward 8.093, kl coef 0.0400, update 2.64 s, wall 1791149598.0
exact step 1394: answers scored 8, mean expected reward 9.824, kl coef 0.0400, update 2.68 s, wall 1791149601.3
exact step 1395: answers scored 8, mean expected reward 9.954, kl coef 0.0400, update 2.55 s, wall 1791149604.4
exact step 1396: answers scored 8, mean expected reward 10.640, kl coef 0.0400, update 2.57 s, wall 1791149609.2
exact step 1397: answers scored 8, mean expected reward 10.368, kl coef 0.0400, update 2.62 s, wall 1791149612.4
exact step 1398: answers scored 8, mean expected reward 9.497, kl coef 0.0400, update 2.61 s, wall 1791149615.5
checkpoint at step 1400 (1.0 s)
exact step 1399: answers scored 6, mean expected reward 8.906, kl coef 0.0400, update 3.53 s, wall 1791149623.2
exact step 1400: answers scored 8, mean expected reward 8.794, kl coef 0.0400, update 2.56 s, wall 1791149626.5
exact step 1401: answers scored 8, mean expected reward 10.568, kl coef 0.0400, update 2.61 s, wall 1791149629.7
exact step 1402: answers scored 8, mean expected reward 9.795, kl coef 0.0400, update 2.55 s, wall 1791149632.7
exact step 1403: answers scored 8, mean expected reward 10.230, kl coef 0.0399, update 2.55 s, wall 1791149635.8
exact step 1404: answers scored 8, mean expected reward 9.561, kl coef 0.0399, update 2.56 s, wall 1791149639.4
exact step 1405: answers scored 8, mean expected reward 9.871, kl coef 0.0399, update 2.57 s, wall 1791149642.6
exact step 1406: answers scored 8, mean expected reward 10.242, kl coef 0.0399, update 2.53 s, wall 1791149646.8
exact step 1407: answers scored 8, mean expected reward 10.084, kl coef 0.0399, update 2.59 s, wall 1791149649.9
exact step 1408: answers scored 8, mean expected reward 9.076, kl coef 0.0399, update 2.51 s, wall 1791149652.9
exact step 1409: answers scored 8, mean expected reward 9.628, kl coef 0.0399, update 2.62 s, wall 1791149656.0
exact step 1410: answers scored 7, mean expected reward 9.350, kl coef 0.0399, update 2.64 s, wall 1791149659.5
exact step 1411: answers scored 8, mean expected reward 10.213, kl coef 0.0399, update 2.66 s, wall 1791149662.7
exact step 1412: answers scored 8, mean expected reward 9.555, kl coef 0.0399, update 2.62 s, wall 1791149665.8
exact step 1413: answers scored 8, mean expected reward 9.243, kl coef 0.0399, update 2.58 s, wall 1791149668.8
exact step 1414: answers scored 8, mean expected reward 10.550, kl coef 0.0399, update 2.63 s, wall 1791149673.1
exact step 1415: answers scored 8, mean expected reward 9.140, kl coef 0.0399, update 2.73 s, wall 1791149676.6
exact step 1416: answers scored 6, mean expected reward 10.165, kl coef 0.0399, update 2.69 s, wall 1791149682.2
exact step 1417: answers scored 8, mean expected reward 8.673, kl coef 0.0399, update 2.70 s, wall 1791149685.4
exact step 1418: answers scored 8, mean expected reward 8.957, kl coef 0.0399, update 2.89 s, wall 1791149691.5
exact step 1419: answers scored 8, mean expected reward 9.490, kl coef 0.0398, update 2.81 s, wall 1791149695.5
exact step 1420: answers scored 8, mean expected reward 9.205, kl coef 0.0398, update 2.64 s, wall 1791149699.1
exact step 1421: answers scored 8, mean expected reward 8.966, kl coef 0.0398, update 2.62 s, wall 1791149702.5
exact step 1422: answers scored 8, mean expected reward 9.533, kl coef 0.0398, update 2.75 s, wall 1791149705.8
exact step 1423: answers scored 7, mean expected reward 9.385, kl coef 0.0398, update 2.48 s, wall 1791149710.9
exact step 1424: answers scored 8, mean expected reward 8.590, kl coef 0.0398, update 2.49 s, wall 1791149713.9
exact step 1425: answers scored 8, mean expected reward 9.959, kl coef 0.0398, update 2.52 s, wall 1791149717.1
exact step 1426: answers scored 8, mean expected reward 9.695, kl coef 0.0398, update 2.56 s, wall 1791149721.3
exact step 1427: answers scored 8, mean expected reward 9.665, kl coef 0.0398, update 2.56 s, wall 1791149726.3
exact step 1428: answers scored 8, mean expected reward 10.629, kl coef 0.0398, update 2.65 s, wall 1791149732.6
exact step 1429: answers scored 8, mean expected reward 9.406, kl coef 0.0398, update 2.62 s, wall 1791149735.7
exact step 1430: answers scored 8, mean expected reward 9.641, kl coef 0.0398, update 2.77 s, wall 1791149739.0
exact step 1431: answers scored 8, mean expected reward 9.880, kl coef 0.0398, update 2.65 s, wall 1791149742.2
exact step 1432: answers scored 8, mean expected reward 9.151, kl coef 0.0398, update 2.78 s, wall 1791149745.7
exact step 1433: answers scored 7, mean expected reward 9.523, kl coef 0.0398, update 2.63 s, wall 1791149749.9
exact step 1434: answers scored 8, mean expected reward 9.261, kl coef 0.0397, update 2.65 s, wall 1791149753.2
exact step 1435: answers scored 7, mean expected reward 9.282, kl coef 0.0397, update 2.60 s, wall 1791149756.5
exact step 1436: answers scored 8, mean expected reward 8.857, kl coef 0.0397, update 2.70 s, wall 1791149759.9
exact step 1437: answers scored 8, mean expected reward 9.848, kl coef 0.0397, update 2.78 s, wall 1791149763.2
exact step 1438: answers scored 8, mean expected reward 8.099, kl coef 0.0397, update 2.65 s, wall 1791149766.4
exact step 1439: answers scored 8, mean expected reward 9.199, kl coef 0.0397, update 2.54 s, wall 1791149769.4
exact step 1440: answers scored 8, mean expected reward 9.189, kl coef 0.0397, update 2.52 s, wall 1791149772.4
exact step 1441: answers scored 8, mean expected reward 10.164, kl coef 0.0397, update 2.45 s, wall 1791149775.4
exact step 1442: answers scored 8, mean expected reward 10.188, kl coef 0.0397, update 2.50 s, wall 1791149780.0
exact step 1443: answers scored 8, mean expected reward 9.294, kl coef 0.0397, update 2.50 s, wall 1791149783.1
exact step 1444: answers scored 8, mean expected reward 9.134, kl coef 0.0397, update 2.61 s, wall 1791149786.2
exact step 1445: answers scored 8, mean expected reward 8.956, kl coef 0.0397, update 2.52 s, wall 1791149789.7
exact step 1446: answers scored 8, mean expected reward 9.810, kl coef 0.0397, update 2.48 s, wall 1791149793.0
exact step 1447: answers scored 8, mean expected reward 9.217, kl coef 0.0397, update 2.50 s, wall 1791149796.1
exact step 1448: answers scored 8, mean expected reward 9.132, kl coef 0.0397, update 2.67 s, wall 1791149800.9
exact step 1449: answers scored 8, mean expected reward 9.975, kl coef 0.0397, update 2.54 s, wall 1791149804.0
exact step 1450: answers scored 7, mean expected reward 9.292, kl coef 0.0396, update 2.55 s, wall 1791149808.5
exact step 1451: answers scored 8, mean expected reward 10.101, kl coef 0.0396, update 2.72 s, wall 1791149811.7
exact step 1452: answers scored 8, mean expected reward 9.882, kl coef 0.0396, update 2.61 s, wall 1791149815.0
exact step 1453: answers scored 8, mean expected reward 10.221, kl coef 0.0396, update 2.61 s, wall 1791149821.6
exact step 1454: answers scored 8, mean expected reward 9.697, kl coef 0.0396, update 2.56 s, wall 1791149825.2
exact step 1455: answers scored 8, mean expected reward 9.816, kl coef 0.0396, update 2.55 s, wall 1791149828.6
exact step 1456: answers scored 8, mean expected reward 9.696, kl coef 0.0396, update 2.56 s, wall 1791149832.9
exact step 1457: answers scored 8, mean expected reward 8.921, kl coef 0.0396, update 2.53 s, wall 1791149836.4
exact step 1458: answers scored 8, mean expected reward 9.850, kl coef 0.0396, update 2.54 s, wall 1791149839.5
exact step 1459: answers scored 8, mean expected reward 10.919, kl coef 0.0396, update 2.52 s, wall 1791149843.2
exact step 1460: answers scored 8, mean expected reward 10.537, kl coef 0.0396, update 2.53 s, wall 1791149847.4
exact step 1461: answers scored 8, mean expected reward 9.094, kl coef 0.0396, update 2.61 s, wall 1791149850.6
exact step 1462: answers scored 8, mean expected reward 8.946, kl coef 0.0396, update 2.86 s, wall 1791149854.0
exact step 1463: answers scored 8, mean expected reward 9.571, kl coef 0.0396, update 2.77 s, wall 1791149857.4
exact step 1464: answers scored 8, mean expected reward 10.372, kl coef 0.0396, update 2.80 s, wall 1791149860.8
exact step 1465: answers scored 8, mean expected reward 9.440, kl coef 0.0396, update 2.83 s, wall 1791149864.7
exact step 1466: answers scored 8, mean expected reward 9.026, kl coef 0.0395, update 2.83 s, wall 1791149869.7
exact step 1467: answers scored 8, mean expected reward 9.987, kl coef 0.0395, update 2.75 s, wall 1791149873.0
exact step 1468: answers scored 8, mean expected reward 9.036, kl coef 0.0395, update 2.81 s, wall 1791149876.4
exact step 1469: answers scored 8, mean expected reward 10.192, kl coef 0.0395, update 2.78 s, wall 1791149880.7
exact step 1470: answers scored 8, mean expected reward 9.730, kl coef 0.0395, update 2.77 s, wall 1791149885.5
exact step 1471: answers scored 8, mean expected reward 9.479, kl coef 0.0395, update 2.80 s, wall 1791149889.0
exact step 1472: answers scored 8, mean expected reward 9.561, kl coef 0.0395, update 2.72 s, wall 1791149892.6
exact step 1473: answers scored 8, mean expected reward 9.866, kl coef 0.0395, update 3.00 s, wall 1791149897.5
exact step 1474: answers scored 8, mean expected reward 8.906, kl coef 0.0395, update 3.73 s, wall 1791149902.4
exact step 1475: answers scored 7, mean expected reward 9.317, kl coef 0.0395, update 3.73 s, wall 1791149910.5
exact step 1476: answers scored 8, mean expected reward 9.705, kl coef 0.0395, update 3.40 s, wall 1791149916.5
exact step 1477: answers scored 8, mean expected reward 9.816, kl coef 0.0395, update 3.45 s, wall 1791149920.8
exact step 1478: answers scored 8, mean expected reward 10.322, kl coef 0.0395, update 3.48 s, wall 1791149925.0
exact step 1479: answers scored 8, mean expected reward 9.891, kl coef 0.0395, update 3.29 s, wall 1791149929.3
exact step 1480: answers scored 8, mean expected reward 10.287, kl coef 0.0395, update 3.48 s, wall 1791149933.5
exact step 1481: answers scored 8, mean expected reward 9.022, kl coef 0.0395, update 3.58 s, wall 1791149938.5
exact step 1482: answers scored 8, mean expected reward 8.782, kl coef 0.0394, update 3.71 s, wall 1791149943.0
exact step 1483: answers scored 8, mean expected reward 10.216, kl coef 0.0394, update 3.63 s, wall 1791149950.1
exact step 1484: answers scored 8, mean expected reward 10.456, kl coef 0.0394, update 2.94 s, wall 1791149953.9
exact step 1485: answers scored 8, mean expected reward 9.510, kl coef 0.0394, update 2.80 s, wall 1791149958.4
exact step 1486: answers scored 8, mean expected reward 9.415, kl coef 0.0394, update 2.82 s, wall 1791149961.8
exact step 1487: answers scored 8, mean expected reward 9.676, kl coef 0.0394, update 2.81 s, wall 1791149965.4
exact step 1488: answers scored 7, mean expected reward 10.252, kl coef 0.0394, update 2.70 s, wall 1791149969.7
exact step 1489: answers scored 8, mean expected reward 7.848, kl coef 0.0394, update 2.65 s, wall 1791149972.9
exact step 1490: answers scored 8, mean expected reward 9.866, kl coef 0.0394, update 2.64 s, wall 1791149976.7
exact step 1491: answers scored 8, mean expected reward 9.172, kl coef 0.0394, update 2.77 s, wall 1791149981.2
exact step 1492: answers scored 8, mean expected reward 8.981, kl coef 0.0394, update 3.00 s, wall 1791149985.3
exact step 1493: answers scored 8, mean expected reward 10.589, kl coef 0.0394, update 2.91 s, wall 1791149988.7
exact step 1494: answers scored 8, mean expected reward 9.758, kl coef 0.0394, update 2.80 s, wall 1791149992.1
exact step 1495: answers scored 8, mean expected reward 9.839, kl coef 0.0394, update 2.76 s, wall 1791149996.8
exact step 1496: answers scored 8, mean expected reward 9.961, kl coef 0.0394, update 2.75 s, wall 1791150000.1
exact step 1497: answers scored 8, mean expected reward 9.126, kl coef 0.0394, update 2.75 s, wall 1791150003.7
exact step 1498: answers scored 8, mean expected reward 10.196, kl coef 0.0393, update 3.01 s, wall 1791150007.3
exact step 1499: answers scored 8, mean expected reward 9.589, kl coef 0.0393, update 4.01 s, wall 1791150012.2
exact step 1500: answers scored 8, mean expected reward 10.191, kl coef 0.0393, update 2.63 s, wall 1791150015.6
exact step 1501: answers scored 8, mean expected reward 10.149, kl coef 0.0393, update 2.68 s, wall 1791150021.2
exact step 1502: answers scored 8, mean expected reward 9.407, kl coef 0.0393, update 2.68 s, wall 1791150026.1
exact step 1503: answers scored 7, mean expected reward 9.992, kl coef 0.0393, update 2.64 s, wall 1791150030.2
exact step 1504: answers scored 8, mean expected reward 9.996, kl coef 0.0393, update 2.71 s, wall 1791150038.5
exact step 1505: answers scored 8, mean expected reward 10.436, kl coef 0.0393, update 2.64 s, wall 1791150041.8
exact step 1506: answers scored 8, mean expected reward 9.913, kl coef 0.0393, update 2.80 s, wall 1791150048.5
exact step 1507: answers scored 8, mean expected reward 10.154, kl coef 0.0393, update 2.72 s, wall 1791150051.8
exact step 1508: answers scored 8, mean expected reward 9.749, kl coef 0.0393, update 2.75 s, wall 1791150055.0
exact step 1509: answers scored 8, mean expected reward 9.605, kl coef 0.0393, update 2.75 s, wall 1791150059.2
exact step 1510: answers scored 8, mean expected reward 7.930, kl coef 0.0393, update 2.72 s, wall 1791150062.5
exact step 1511: answers scored 8, mean expected reward 9.353, kl coef 0.0393, update 2.66 s, wall 1791150065.9
exact step 1512: answers scored 8, mean expected reward 9.717, kl coef 0.0393, update 2.73 s, wall 1791150069.4
exact step 1513: answers scored 7, mean expected reward 10.278, kl coef 0.0393, update 2.72 s, wall 1791150074.9
exact step 1514: answers scored 8, mean expected reward 8.804, kl coef 0.0392, update 2.75 s, wall 1791150078.2
exact step 1515: answers scored 8, mean expected reward 10.043, kl coef 0.0392, update 2.67 s, wall 1791150081.6
exact step 1516: answers scored 8, mean expected reward 9.898, kl coef 0.0392, update 2.67 s, wall 1791150084.7
exact step 1517: answers scored 8, mean expected reward 9.772, kl coef 0.0392, update 2.65 s, wall 1791150088.5
exact step 1518: answers scored 8, mean expected reward 9.115, kl coef 0.0392, update 2.68 s, wall 1791150092.5
exact step 1519: answers scored 8, mean expected reward 10.103, kl coef 0.0392, update 2.72 s, wall 1791150095.8
exact step 1520: answers scored 8, mean expected reward 10.199, kl coef 0.0392, update 2.93 s, wall 1791150099.3
exact step 1521: answers scored 8, mean expected reward 9.822, kl coef 0.0392, update 2.83 s, wall 1791150102.8
exact step 1522: answers scored 7, mean expected reward 9.042, kl coef 0.0392, update 2.86 s, wall 1791150106.6
exact step 1523: answers scored 8, mean expected reward 9.144, kl coef 0.0392, update 2.62 s, wall 1791150110.1
exact step 1524: answers scored 8, mean expected reward 10.360, kl coef 0.0392, update 2.75 s, wall 1791150113.4
exact step 1525: answers scored 8, mean expected reward 9.756, kl coef 0.0392, update 2.87 s, wall 1791150116.9
exact step 1526: answers scored 8, mean expected reward 8.893, kl coef 0.0392, update 2.88 s, wall 1791150122.9
exact step 1527: answers scored 8, mean expected reward 9.505, kl coef 0.0392, update 2.84 s, wall 1791150126.6
exact step 1528: answers scored 7, mean expected reward 9.675, kl coef 0.0392, update 2.83 s, wall 1791150132.1
exact step 1529: answers scored 8, mean expected reward 9.651, kl coef 0.0392, update 2.72 s, wall 1791150135.4
exact step 1530: answers scored 7, mean expected reward 10.074, kl coef 0.0391, update 2.84 s, wall 1791150141.6
exact step 1531: answers scored 7, mean expected reward 10.080, kl coef 0.0391, update 2.71 s, wall 1791150151.4
exact step 1532: answers scored 8, mean expected reward 9.604, kl coef 0.0391, update 2.82 s, wall 1791150156.7
exact step 1533: answers scored 8, mean expected reward 8.660, kl coef 0.0391, update 2.79 s, wall 1791150161.1
exact step 1534: answers scored 8, mean expected reward 10.072, kl coef 0.0391, update 2.77 s, wall 1791150164.5
exact step 1535: answers scored 8, mean expected reward 9.795, kl coef 0.0391, update 2.81 s, wall 1791150168.4
exact step 1536: answers scored 7, mean expected reward 10.785, kl coef 0.0391, update 2.70 s, wall 1791150174.1
exact step 1537: answers scored 8, mean expected reward 10.134, kl coef 0.0391, update 2.87 s, wall 1791150177.5
exact step 1538: answers scored 8, mean expected reward 8.476, kl coef 0.0391, update 2.68 s, wall 1791150180.7
exact step 1539: answers scored 8, mean expected reward 9.834, kl coef 0.0391, update 2.65 s, wall 1791150183.9
exact step 1540: answers scored 8, mean expected reward 10.075, kl coef 0.0391, update 2.77 s, wall 1791150188.4
exact step 1541: answers scored 8, mean expected reward 10.112, kl coef 0.0391, update 2.98 s, wall 1791150192.4
exact step 1542: answers scored 8, mean expected reward 9.957, kl coef 0.0391, update 2.90 s, wall 1791150195.9
exact step 1543: answers scored 8, mean expected reward 11.185, kl coef 0.0391, update 2.80 s, wall 1791150199.2
exact step 1544: answers scored 8, mean expected reward 10.543, kl coef 0.0391, update 2.88 s, wall 1791150202.6
exact step 1545: answers scored 8, mean expected reward 10.975, kl coef 0.0390, update 2.87 s, wall 1791150206.1
exact step 1546: answers scored 8, mean expected reward 9.908, kl coef 0.0390, update 2.82 s, wall 1791150209.5
exact step 1547: answers scored 8, mean expected reward 10.681, kl coef 0.0390, update 2.86 s, wall 1791150213.0
exact step 1548: answers scored 8, mean expected reward 10.595, kl coef 0.0390, update 2.89 s, wall 1791150216.5
exact step 1549: answers scored 8, mean expected reward 10.011, kl coef 0.0390, update 2.87 s, wall 1791150220.2
exact step 1550: answers scored 8, mean expected reward 10.714, kl coef 0.0390, update 2.86 s, wall 1791150224.2
exact step 1551: answers scored 8, mean expected reward 9.615, kl coef 0.0390, update 2.81 s, wall 1791150227.6
exact step 1552: answers scored 8, mean expected reward 8.998, kl coef 0.0390, update 2.81 s, wall 1791150231.0
exact step 1553: answers scored 8, mean expected reward 10.319, kl coef 0.0390, update 2.91 s, wall 1791150234.6
exact step 1554: answers scored 8, mean expected reward 9.934, kl coef 0.0390, update 2.80 s, wall 1791150238.5
exact step 1555: answers scored 8, mean expected reward 9.254, kl coef 0.0390, update 2.83 s, wall 1791150242.0
exact step 1556: answers scored 8, mean expected reward 9.919, kl coef 0.0390, update 2.77 s, wall 1791150245.3
exact step 1557: answers scored 8, mean expected reward 9.123, kl coef 0.0390, update 2.85 s, wall 1791150248.6
exact step 1558: answers scored 8, mean expected reward 10.317, kl coef 0.0390, update 2.64 s, wall 1791150252.2
exact step 1559: answers scored 8, mean expected reward 9.453, kl coef 0.0390, update 2.85 s, wall 1791150255.5
exact step 1560: answers scored 8, mean expected reward 9.253, kl coef 0.0390, update 2.75 s, wall 1791150260.0
exact step 1561: answers scored 8, mean expected reward 9.986, kl coef 0.0390, update 2.62 s, wall 1791150263.2
exact step 1562: answers scored 7, mean expected reward 10.777, kl coef 0.0389, update 2.67 s, wall 1791150267.4
exact step 1563: answers scored 8, mean expected reward 8.046, kl coef 0.0389, update 2.84 s, wall 1791150270.8
exact step 1564: answers scored 8, mean expected reward 9.556, kl coef 0.0389, update 2.93 s, wall 1791150274.8
exact step 1565: answers scored 8, mean expected reward 9.843, kl coef 0.0389, update 2.75 s, wall 1791150278.4
exact step 1566: answers scored 7, mean expected reward 9.784, kl coef 0.0389, update 2.80 s, wall 1791150283.2
exact step 1567: answers scored 8, mean expected reward 10.144, kl coef 0.0389, update 2.73 s, wall 1791150286.6
exact step 1568: answers scored 8, mean expected reward 10.423, kl coef 0.0389, update 2.89 s, wall 1791150290.0
exact step 1569: answers scored 7, mean expected reward 11.120, kl coef 0.0389, update 2.74 s, wall 1791150295.2
exact step 1570: answers scored 8, mean expected reward 9.916, kl coef 0.0389, update 2.96 s, wall 1791150298.8
exact step 1571: answers scored 7, mean expected reward 9.622, kl coef 0.0389, update 2.70 s, wall 1791150303.2
exact step 1572: answers scored 8, mean expected reward 9.124, kl coef 0.0389, update 2.81 s, wall 1791150307.9
exact step 1573: answers scored 8, mean expected reward 9.370, kl coef 0.0389, update 2.80 s, wall 1791150311.5
exact step 1574: answers scored 8, mean expected reward 9.328, kl coef 0.0389, update 2.82 s, wall 1791150315.2
exact step 1575: answers scored 8, mean expected reward 9.953, kl coef 0.0389, update 2.80 s, wall 1791150318.7
exact step 1576: answers scored 8, mean expected reward 10.354, kl coef 0.0389, update 2.93 s, wall 1791150322.4
exact step 1577: answers scored 8, mean expected reward 9.913, kl coef 0.0389, update 2.92 s, wall 1791150327.6
exact step 1578: answers scored 8, mean expected reward 9.553, kl coef 0.0388, update 2.86 s, wall 1791150331.3
exact step 1579: answers scored 8, mean expected reward 9.714, kl coef 0.0388, update 2.79 s, wall 1791150335.0
exact step 1580: answers scored 8, mean expected reward 9.980, kl coef 0.0388, update 2.79 s, wall 1791150338.4
exact step 1581: answers scored 8, mean expected reward 7.969, kl coef 0.0388, update 2.65 s, wall 1791150341.7
exact step 1582: answers scored 8, mean expected reward 9.680, kl coef 0.0388, update 2.68 s, wall 1791150345.0
exact step 1583: answers scored 8, mean expected reward 10.335, kl coef 0.0388, update 2.51 s, wall 1791150347.9
exact step 1584: answers scored 8, mean expected reward 8.761, kl coef 0.0388, update 2.61 s, wall 1791150351.0
exact step 1585: answers scored 8, mean expected reward 9.033, kl coef 0.0388, update 2.58 s, wall 1791150354.3
exact step 1586: answers scored 8, mean expected reward 9.148, kl coef 0.0388, update 2.81 s, wall 1791150358.8
exact step 1587: answers scored 8, mean expected reward 9.616, kl coef 0.0388, update 2.71 s, wall 1791150362.0
exact step 1588: answers scored 8, mean expected reward 10.062, kl coef 0.0388, update 2.90 s, wall 1791150366.3
exact step 1589: answers scored 8, mean expected reward 10.064, kl coef 0.0388, update 2.93 s, wall 1791150369.8
exact step 1590: answers scored 8, mean expected reward 9.913, kl coef 0.0388, update 2.85 s, wall 1791150373.5
exact step 1591: answers scored 8, mean expected reward 9.854, kl coef 0.0388, update 2.71 s, wall 1791150376.9
exact step 1592: answers scored 8, mean expected reward 9.709, kl coef 0.0388, update 2.78 s, wall 1791150380.1
exact step 1593: answers scored 8, mean expected reward 9.602, kl coef 0.0388, update 2.73 s, wall 1791150383.4
exact step 1594: answers scored 8, mean expected reward 7.998, kl coef 0.0387, update 2.74 s, wall 1791150387.0
exact step 1595: answers scored 8, mean expected reward 8.595, kl coef 0.0387, update 2.82 s, wall 1791150390.4
exact step 1596: answers scored 8, mean expected reward 9.801, kl coef 0.0387, update 2.80 s, wall 1791150393.8
exact step 1597: answers scored 8, mean expected reward 9.272, kl coef 0.0387, update 2.78 s, wall 1791150397.2
exact step 1598: answers scored 8, mean expected reward 9.144, kl coef 0.0387, update 2.78 s, wall 1791150400.5
checkpoint at step 1600 (1.1 s)
exact step 1599: answers scored 8, mean expected reward 9.732, kl coef 0.0387, update 3.87 s, wall 1791150404.9
exact step 1600: answers scored 8, mean expected reward 9.250, kl coef 0.0387, update 2.83 s, wall 1791150408.2
exact step 1601: answers scored 8, mean expected reward 10.247, kl coef 0.0387, update 2.88 s, wall 1791150412.8
exact step 1602: answers scored 8, mean expected reward 9.248, kl coef 0.0387, update 2.75 s, wall 1791150417.1
exact step 1603: answers scored 8, mean expected reward 10.490, kl coef 0.0387, update 2.87 s, wall 1791150420.4
exact step 1604: answers scored 8, mean expected reward 10.163, kl coef 0.0387, update 2.79 s, wall 1791150423.8
exact step 1605: answers scored 7, mean expected reward 10.064, kl coef 0.0387, update 2.76 s, wall 1791150427.8
exact step 1606: answers scored 8, mean expected reward 10.011, kl coef 0.0387, update 2.88 s, wall 1791150432.1
exact step 1607: answers scored 8, mean expected reward 9.665, kl coef 0.0387, update 2.79 s, wall 1791150435.6
exact step 1608: answers scored 8, mean expected reward 9.725, kl coef 0.0387, update 2.67 s, wall 1791150439.5
exact step 1609: answers scored 8, mean expected reward 9.237, kl coef 0.0387, update 2.71 s, wall 1791150446.3
exact step 1610: answers scored 8, mean expected reward 10.226, kl coef 0.0386, update 2.66 s, wall 1791150449.8
exact step 1611: answers scored 7, mean expected reward 10.072, kl coef 0.0386, update 2.70 s, wall 1791150454.8
exact step 1612: answers scored 8, mean expected reward 10.322, kl coef 0.0386, update 2.76 s, wall 1791150458.5
exact step 1613: answers scored 8, mean expected reward 9.803, kl coef 0.0386, update 2.72 s, wall 1791150462.0
exact step 1614: answers scored 8, mean expected reward 9.945, kl coef 0.0386, update 2.68 s, wall 1791150465.2
exact step 1615: answers scored 8, mean expected reward 9.638, kl coef 0.0386, update 2.80 s, wall 1791150468.9
exact step 1616: answers scored 7, mean expected reward 7.610, kl coef 0.0386, update 2.83 s, wall 1791150474.0
exact step 1617: answers scored 7, mean expected reward 9.730, kl coef 0.0386, update 2.81 s, wall 1791150477.5
exact step 1618: answers scored 8, mean expected reward 9.355, kl coef 0.0386, update 2.82 s, wall 1791150480.9
exact step 1619: answers scored 7, mean expected reward 10.444, kl coef 0.0386, update 2.53 s, wall 1791150484.7
exact step 1620: answers scored 7, mean expected reward 9.418, kl coef 0.0386, update 2.79 s, wall 1791150488.0
exact step 1621: answers scored 8, mean expected reward 9.414, kl coef 0.0386, update 2.53 s, wall 1791150492.3
exact step 1622: answers scored 8, mean expected reward 10.318, kl coef 0.0386, update 2.66 s, wall 1791150495.5
exact step 1623: answers scored 7, mean expected reward 8.572, kl coef 0.0386, update 3.09 s, wall 1791150501.2
exact step 1624: answers scored 8, mean expected reward 9.949, kl coef 0.0386, update 3.13 s, wall 1791150505.0
exact step 1625: answers scored 8, mean expected reward 9.717, kl coef 0.0386, update 3.28 s, wall 1791150509.0
exact step 1626: answers scored 8, mean expected reward 10.310, kl coef 0.0385, update 3.02 s, wall 1791150512.6
exact step 1627: answers scored 8, mean expected reward 9.851, kl coef 0.0385, update 2.57 s, wall 1791150515.8
exact step 1628: answers scored 8, mean expected reward 8.695, kl coef 0.0385, update 2.57 s, wall 1791150519.1
exact step 1629: answers scored 7, mean expected reward 10.227, kl coef 0.0385, update 2.90 s, wall 1791150523.9
exact step 1630: answers scored 8, mean expected reward 9.702, kl coef 0.0385, update 2.60 s, wall 1791150526.9
exact step 1631: answers scored 7, mean expected reward 9.718, kl coef 0.0385, update 2.60 s, wall 1791150530.0
exact step 1632: answers scored 8, mean expected reward 11.241, kl coef 0.0385, update 2.61 s, wall 1791150533.2
exact step 1633: answers scored 8, mean expected reward 9.688, kl coef 0.0385, update 2.66 s, wall 1791150536.5
exact step 1634: answers scored 8, mean expected reward 10.364, kl coef 0.0385, update 2.80 s, wall 1791150540.6
exact step 1635: answers scored 7, mean expected reward 10.227, kl coef 0.0385, update 2.82 s, wall 1791150545.2
exact step 1636: answers scored 8, mean expected reward 9.368, kl coef 0.0385, update 2.57 s, wall 1791150548.3
exact step 1637: answers scored 8, mean expected reward 9.520, kl coef 0.0385, update 2.61 s, wall 1791150551.5
exact step 1638: answers scored 8, mean expected reward 9.221, kl coef 0.0385, update 2.57 s, wall 1791150554.6
exact step 1639: answers scored 8, mean expected reward 9.689, kl coef 0.0385, update 2.65 s, wall 1791150557.7
exact step 1640: answers scored 8, mean expected reward 10.181, kl coef 0.0385, update 2.60 s, wall 1791150562.9
exact step 1641: answers scored 8, mean expected reward 10.905, kl coef 0.0385, update 2.85 s, wall 1791150567.4
exact step 1642: answers scored 7, mean expected reward 10.433, kl coef 0.0384, update 2.69 s, wall 1791150570.9
exact step 1643: answers scored 8, mean expected reward 9.938, kl coef 0.0384, update 2.66 s, wall 1791150574.2
exact step 1644: answers scored 8, mean expected reward 8.038, kl coef 0.0384, update 2.70 s, wall 1791150577.4
exact step 1645: answers scored 8, mean expected reward 9.988, kl coef 0.0384, update 2.64 s, wall 1791150581.5
exact step 1646: answers scored 8, mean expected reward 9.841, kl coef 0.0384, update 2.55 s, wall 1791150585.6
exact step 1647: answers scored 8, mean expected reward 9.933, kl coef 0.0384, update 2.51 s, wall 1791150588.7
exact step 1648: answers scored 8, mean expected reward 10.145, kl coef 0.0384, update 2.55 s, wall 1791150592.4
exact step 1649: answers scored 8, mean expected reward 10.374, kl coef 0.0384, update 2.54 s, wall 1791150595.4
exact step 1650: answers scored 8, mean expected reward 10.622, kl coef 0.0384, update 2.69 s, wall 1791150598.6
exact step 1651: answers scored 8, mean expected reward 9.622, kl coef 0.0384, update 2.58 s, wall 1791150601.8
exact step 1652: answers scored 8, mean expected reward 9.947, kl coef 0.0384, update 2.53 s, wall 1791150604.9
exact step 1653: answers scored 8, mean expected reward 10.127, kl coef 0.0384, update 2.54 s, wall 1791150608.2
exact step 1654: answers scored 8, mean expected reward 9.645, kl coef 0.0384, update 2.53 s, wall 1791150611.5
exact step 1655: answers scored 8, mean expected reward 9.287, kl coef 0.0384, update 2.52 s, wall 1791150614.5
exact step 1656: answers scored 8, mean expected reward 9.249, kl coef 0.0384, update 2.52 s, wall 1791150617.6
exact step 1657: answers scored 8, mean expected reward 9.564, kl coef 0.0384, update 2.53 s, wall 1791150620.6
exact step 1658: answers scored 8, mean expected reward 9.185, kl coef 0.0384, update 2.53 s, wall 1791150623.7
exact step 1659: answers scored 7, mean expected reward 9.530, kl coef 0.0383, update 2.74 s, wall 1791150630.0
exact step 1660: answers scored 8, mean expected reward 10.288, kl coef 0.0383, update 2.55 s, wall 1791150633.8
exact step 1661: answers scored 8, mean expected reward 10.117, kl coef 0.0383, update 2.84 s, wall 1791150637.2
exact step 1662: answers scored 8, mean expected reward 10.271, kl coef 0.0383, update 2.55 s, wall 1791150640.3
exact step 1663: answers scored 8, mean expected reward 9.647, kl coef 0.0383, update 2.56 s, wall 1791150645.5
exact step 1664: answers scored 8, mean expected reward 9.604, kl coef 0.0383, update 2.52 s, wall 1791150648.9
exact step 1665: answers scored 8, mean expected reward 9.282, kl coef 0.0383, update 2.56 s, wall 1791150652.3
exact step 1666: answers scored 8, mean expected reward 9.951, kl coef 0.0383, update 2.56 s, wall 1791150657.0
exact step 1667: answers scored 8, mean expected reward 10.775, kl coef 0.0383, update 2.52 s, wall 1791150660.0
exact step 1668: answers scored 8, mean expected reward 8.416, kl coef 0.0383, update 2.54 s, wall 1791150663.1
exact step 1669: answers scored 8, mean expected reward 10.510, kl coef 0.0383, update 2.54 s, wall 1791150666.1
exact step 1670: answers scored 8, mean expected reward 7.801, kl coef 0.0383, update 2.63 s, wall 1791150669.4
exact step 1671: answers scored 8, mean expected reward 10.215, kl coef 0.0383, update 2.72 s, wall 1791150672.6
exact step 1672: answers scored 7, mean expected reward 10.593, kl coef 0.0383, update 2.51 s, wall 1791150675.7
exact step 1673: answers scored 8, mean expected reward 10.620, kl coef 0.0383, update 2.54 s, wall 1791150679.4
exact step 1674: answers scored 8, mean expected reward 9.633, kl coef 0.0383, update 2.51 s, wall 1791150682.4
exact step 1675: answers scored 8, mean expected reward 9.518, kl coef 0.0382, update 2.50 s, wall 1791150685.4
exact step 1676: answers scored 7, mean expected reward 9.903, kl coef 0.0382, update 2.49 s, wall 1791150690.5
exact step 1677: answers scored 8, mean expected reward 9.661, kl coef 0.0382, update 2.49 s, wall 1791150693.5
exact step 1678: answers scored 8, mean expected reward 9.821, kl coef 0.0382, update 2.57 s, wall 1791150696.7
exact step 1679: answers scored 8, mean expected reward 9.678, kl coef 0.0382, update 2.60 s, wall 1791150699.7
exact step 1680: answers scored 8, mean expected reward 9.211, kl coef 0.0382, update 2.61 s, wall 1791150704.2
exact step 1681: answers scored 7, mean expected reward 10.391, kl coef 0.0382, update 2.79 s, wall 1791150708.3
exact step 1682: answers scored 8, mean expected reward 9.371, kl coef 0.0382, update 2.59 s, wall 1791150711.5
exact step 1683: answers scored 8, mean expected reward 9.791, kl coef 0.0382, update 2.53 s, wall 1791150715.0
exact step 1684: answers scored 7, mean expected reward 8.991, kl coef 0.0382, update 3.03 s, wall 1791150719.3
exact step 1685: answers scored 7, mean expected reward 8.215, kl coef 0.0382, update 3.38 s, wall 1791150725.0
exact step 1686: answers scored 8, mean expected reward 9.982, kl coef 0.0382, update 3.25 s, wall 1791150730.0
exact step 1687: answers scored 8, mean expected reward 9.968, kl coef 0.0382, update 3.23 s, wall 1791150734.3
exact step 1688: answers scored 8, mean expected reward 9.558, kl coef 0.0382, update 3.18 s, wall 1791150739.2
exact step 1689: answers scored 8, mean expected reward 10.052, kl coef 0.0382, update 3.70 s, wall 1791150743.6
exact step 1690: answers scored 8, mean expected reward 9.550, kl coef 0.0382, update 2.92 s, wall 1791150747.7
exact step 1691: answers scored 8, mean expected reward 9.499, kl coef 0.0381, update 2.61 s, wall 1791150750.8
exact step 1692: answers scored 8, mean expected reward 9.960, kl coef 0.0381, update 2.63 s, wall 1791150755.0
exact step 1693: answers scored 8, mean expected reward 9.794, kl coef 0.0381, update 2.54 s, wall 1791150758.0
exact step 1694: answers scored 8, mean expected reward 10.496, kl coef 0.0381, update 2.50 s, wall 1791150761.0
exact step 1695: answers scored 8, mean expected reward 10.160, kl coef 0.0381, update 2.50 s, wall 1791150764.0
exact step 1696: answers scored 7, mean expected reward 9.565, kl coef 0.0381, update 2.59 s, wall 1791150781.3
exact step 1697: answers scored 8, mean expected reward 10.328, kl coef 0.0381, update 2.57 s, wall 1791150784.5
exact step 1698: answers scored 8, mean expected reward 9.880, kl coef 0.0381, update 2.59 s, wall 1791150787.7
exact step 1699: answers scored 8, mean expected reward 10.133, kl coef 0.0381, update 2.51 s, wall 1791150790.8
exact step 1700: answers scored 8, mean expected reward 10.281, kl coef 0.0381, update 2.50 s, wall 1791150794.2
exact step 1701: answers scored 8, mean expected reward 9.246, kl coef 0.0381, update 2.56 s, wall 1791150797.1
exact step 1702: answers scored 8, mean expected reward 9.222, kl coef 0.0381, update 2.57 s, wall 1791150801.0
exact step 1703: answers scored 7, mean expected reward 7.042, kl coef 0.0381, update 2.49 s, wall 1791150804.7
exact step 1704: answers scored 8, mean expected reward 10.318, kl coef 0.0381, update 2.55 s, wall 1791150807.9
exact step 1705: answers scored 8, mean expected reward 10.541, kl coef 0.0381, update 2.90 s, wall 1791150811.3
exact step 1706: answers scored 8, mean expected reward 9.966, kl coef 0.0381, update 2.70 s, wall 1791150814.6
exact step 1707: answers scored 8, mean expected reward 8.829, kl coef 0.0381, update 2.60 s, wall 1791150817.7
exact step 1708: answers scored 7, mean expected reward 9.806, kl coef 0.0380, update 2.51 s, wall 1791150821.4
exact step 1709: answers scored 8, mean expected reward 9.714, kl coef 0.0380, update 2.56 s, wall 1791150824.8
exact step 1710: answers scored 8, mean expected reward 9.207, kl coef 0.0380, update 2.56 s, wall 1791150828.3
exact step 1711: answers scored 8, mean expected reward 9.721, kl coef 0.0380, update 2.55 s, wall 1791150831.4
exact step 1712: answers scored 8, mean expected reward 9.639, kl coef 0.0380, update 2.61 s, wall 1791150834.5
exact step 1713: answers scored 7, mean expected reward 9.649, kl coef 0.0380, update 2.59 s, wall 1791150838.6
exact step 1714: answers scored 8, mean expected reward 10.419, kl coef 0.0380, update 2.59 s, wall 1791150843.0
exact step 1715: answers scored 8, mean expected reward 9.809, kl coef 0.0380, update 2.78 s, wall 1791150846.2
exact step 1716: answers scored 8, mean expected reward 10.251, kl coef 0.0380, update 2.55 s, wall 1791150849.4
exact step 1717: answers scored 8, mean expected reward 10.830, kl coef 0.0380, update 2.60 s, wall 1791150852.6
exact step 1718: answers scored 7, mean expected reward 9.946, kl coef 0.0380, update 2.53 s, wall 1791150856.5
exact step 1719: answers scored 8, mean expected reward 8.007, kl coef 0.0380, update 2.56 s, wall 1791150859.5
exact step 1720: answers scored 8, mean expected reward 9.821, kl coef 0.0380, update 2.49 s, wall 1791150862.6
exact step 1721: answers scored 8, mean expected reward 10.379, kl coef 0.0380, update 2.49 s, wall 1791150865.6
exact step 1722: answers scored 8, mean expected reward 9.493, kl coef 0.0380, update 2.50 s, wall 1791150868.7
exact step 1723: answers scored 8, mean expected reward 10.032, kl coef 0.0380, update 2.51 s, wall 1791150871.8
exact step 1724: answers scored 8, mean expected reward 11.054, kl coef 0.0379, update 3.60 s, wall 1791150876.2
exact step 1725: answers scored 8, mean expected reward 10.132, kl coef 0.0379, update 3.89 s, wall 1791150881.0
exact step 1726: answers scored 8, mean expected reward 9.290, kl coef 0.0379, update 3.62 s, wall 1791150885.2
exact step 1727: answers scored 8, mean expected reward 10.275, kl coef 0.0379, update 2.98 s, wall 1791150888.6
exact step 1728: answers scored 8, mean expected reward 9.982, kl coef 0.0379, update 3.55 s, wall 1791150892.8
exact step 1729: answers scored 8, mean expected reward 10.229, kl coef 0.0379, update 3.54 s, wall 1791150897.1
exact step 1730: answers scored 8, mean expected reward 10.214, kl coef 0.0379, update 3.59 s, wall 1791150902.7
exact step 1731: answers scored 8, mean expected reward 9.374, kl coef 0.0379, update 3.58 s, wall 1791150907.1
exact step 1732: answers scored 7, mean expected reward 8.679, kl coef 0.0379, update 3.63 s, wall 1791150911.3
exact step 1733: answers scored 8, mean expected reward 10.689, kl coef 0.0379, update 3.56 s, wall 1791150915.6
exact step 1734: answers scored 8, mean expected reward 9.303, kl coef 0.0379, update 3.64 s, wall 1791150922.3
exact step 1735: answers scored 8, mean expected reward 9.913, kl coef 0.0379, update 3.92 s, wall 1791150927.0
exact step 1736: answers scored 8, mean expected reward 9.836, kl coef 0.0379, update 3.73 s, wall 1791150931.4
exact step 1737: answers scored 8, mean expected reward 9.938, kl coef 0.0379, update 3.58 s, wall 1791150936.0
exact step 1738: answers scored 8, mean expected reward 10.486, kl coef 0.0379, update 3.64 s, wall 1791150940.9
exact step 1739: answers scored 8, mean expected reward 9.678, kl coef 0.0379, update 3.66 s, wall 1791150945.2
exact step 1740: answers scored 8, mean expected reward 9.425, kl coef 0.0379, update 3.33 s, wall 1791150949.2
exact step 1741: answers scored 8, mean expected reward 9.913, kl coef 0.0378, update 3.00 s, wall 1791150952.7
exact step 1742: answers scored 8, mean expected reward 10.159, kl coef 0.0378, update 3.10 s, wall 1791150956.5
exact step 1743: answers scored 8, mean expected reward 10.240, kl coef 0.0378, update 3.55 s, wall 1791150960.9
exact step 1744: answers scored 8, mean expected reward 9.948, kl coef 0.0378, update 3.69 s, wall 1791150965.5
exact step 1745: answers scored 8, mean expected reward 9.370, kl coef 0.0378, update 3.67 s, wall 1791150969.9
exact step 1746: answers scored 8, mean expected reward 9.434, kl coef 0.0378, update 3.70 s, wall 1791150974.3
exact step 1747: answers scored 8, mean expected reward 9.186, kl coef 0.0378, update 3.19 s, wall 1791150992.1
exact step 1748: answers scored 8, mean expected reward 8.926, kl coef 0.0378, update 2.99 s, wall 1791150997.0
exact step 1749: answers scored 7, mean expected reward 8.275, kl coef 0.0378, update 2.97 s, wall 1791151000.8
exact step 1750: answers scored 7, mean expected reward 9.485, kl coef 0.0378, update 3.00 s, wall 1791151004.7
exact step 1751: answers scored 8, mean expected reward 9.557, kl coef 0.0378, update 3.53 s, wall 1791151009.8
exact step 1752: answers scored 8, mean expected reward 9.551, kl coef 0.0378, update 3.49 s, wall 1791151014.0
exact step 1753: answers scored 8, mean expected reward 10.043, kl coef 0.0378, update 3.56 s, wall 1791151018.5
exact step 1754: answers scored 8, mean expected reward 9.803, kl coef 0.0378, update 3.13 s, wall 1791151024.2
exact step 1755: answers scored 8, mean expected reward 7.675, kl coef 0.0378, update 3.42 s, wall 1791151028.3
exact step 1756: answers scored 8, mean expected reward 9.560, kl coef 0.0378, update 3.10 s, wall 1791151033.0
exact step 1757: answers scored 7, mean expected reward 8.942, kl coef 0.0377, update 3.40 s, wall 1791151039.1
exact step 1758: answers scored 8, mean expected reward 9.643, kl coef 0.0377, update 3.52 s, wall 1791151043.4
exact step 1759: answers scored 8, mean expected reward 9.745, kl coef 0.0377, update 3.16 s, wall 1791151048.0
exact step 1760: answers scored 8, mean expected reward 9.980, kl coef 0.0377, update 3.54 s, wall 1791151052.9
exact step 1761: answers scored 7, mean expected reward 9.057, kl coef 0.0377, update 3.63 s, wall 1791151057.3
exact step 1762: answers scored 8, mean expected reward 9.652, kl coef 0.0377, update 3.70 s, wall 1791151061.8
exact step 1763: answers scored 8, mean expected reward 9.616, kl coef 0.0377, update 3.06 s, wall 1791151065.7
exact step 1764: answers scored 8, mean expected reward 8.685, kl coef 0.0377, update 2.60 s, wall 1791151068.9
exact step 1765: answers scored 8, mean expected reward 9.092, kl coef 0.0377, update 2.58 s, wall 1791151073.0
exact step 1766: answers scored 8, mean expected reward 10.049, kl coef 0.0377, update 2.54 s, wall 1791151076.1
exact step 1767: answers scored 8, mean expected reward 9.616, kl coef 0.0377, update 2.57 s, wall 1791151079.3
exact step 1768: answers scored 8, mean expected reward 9.812, kl coef 0.0377, update 2.61 s, wall 1791151082.8
exact step 1769: answers scored 8, mean expected reward 9.188, kl coef 0.0377, update 2.60 s, wall 1791151085.9
exact step 1770: answers scored 6, mean expected reward 9.922, kl coef 0.0377, update 2.91 s, wall 1791151090.7
exact step 1771: answers scored 8, mean expected reward 10.299, kl coef 0.0377, update 2.74 s, wall 1791151094.8
exact step 1772: answers scored 8, mean expected reward 10.265, kl coef 0.0377, update 2.65 s, wall 1791151097.9
exact step 1773: answers scored 8, mean expected reward 9.236, kl coef 0.0377, update 2.66 s, wall 1791151101.9
exact step 1774: answers scored 8, mean expected reward 10.354, kl coef 0.0376, update 2.61 s, wall 1791151105.3
exact step 1775: answers scored 8, mean expected reward 9.046, kl coef 0.0376, update 2.61 s, wall 1791151108.4
exact step 1776: answers scored 8, mean expected reward 9.784, kl coef 0.0376, update 2.59 s, wall 1791151112.4
exact step 1777: answers scored 8, mean expected reward 10.320, kl coef 0.0376, update 2.62 s, wall 1791151115.4
exact step 1778: answers scored 8, mean expected reward 9.354, kl coef 0.0376, update 2.70 s, wall 1791151118.9
exact step 1779: answers scored 8, mean expected reward 10.694, kl coef 0.0376, update 2.57 s, wall 1791151122.0
exact step 1780: answers scored 8, mean expected reward 9.938, kl coef 0.0376, update 2.85 s, wall 1791151125.5
exact step 1781: answers scored 8, mean expected reward 9.745, kl coef 0.0376, update 2.52 s, wall 1791151128.6
exact step 1782: answers scored 8, mean expected reward 9.125, kl coef 0.0376, update 2.56 s, wall 1791151131.8
exact step 1783: answers scored 8, mean expected reward 8.968, kl coef 0.0376, update 2.56 s, wall 1791151134.8
exact step 1784: answers scored 7, mean expected reward 10.565, kl coef 0.0376, update 2.62 s, wall 1791151139.7
exact step 1785: answers scored 8, mean expected reward 10.553, kl coef 0.0376, update 2.65 s, wall 1791151143.1
exact step 1786: answers scored 8, mean expected reward 9.768, kl coef 0.0376, update 2.68 s, wall 1791151146.7
exact step 1787: answers scored 8, mean expected reward 10.789, kl coef 0.0376, update 2.51 s, wall 1791151150.2
exact step 1788: answers scored 8, mean expected reward 9.636, kl coef 0.0376, update 2.53 s, wall 1791151153.7
exact step 1789: answers scored 7, mean expected reward 9.686, kl coef 0.0376, update 2.57 s, wall 1791151157.3
exact step 1790: answers scored 8, mean expected reward 9.918, kl coef 0.0375, update 3.08 s, wall 1791151161.2
exact step 1791: answers scored 8, mean expected reward 10.850, kl coef 0.0375, update 2.59 s, wall 1791151164.6
exact step 1792: answers scored 8, mean expected reward 10.433, kl coef 0.0375, update 2.58 s, wall 1791151167.9
exact step 1793: answers scored 8, mean expected reward 9.575, kl coef 0.0375, update 2.61 s, wall 1791151171.0
exact step 1794: answers scored 8, mean expected reward 9.286, kl coef 0.0375, update 2.60 s, wall 1791151174.2
exact step 1795: answers scored 7, mean expected reward 10.369, kl coef 0.0375, update 2.58 s, wall 1791151177.7
exact step 1796: answers scored 8, mean expected reward 10.189, kl coef 0.0375, update 2.63 s, wall 1791151183.4
exact step 1797: answers scored 8, mean expected reward 9.773, kl coef 0.0375, update 2.65 s, wall 1791151186.6
exact step 1798: answers scored 8, mean expected reward 9.572, kl coef 0.0375, update 2.74 s, wall 1791151191.0
checkpoint at step 1800 (1.1 s)
exact step 1799: answers scored 8, mean expected reward 9.791, kl coef 0.0375, update 4.13 s, wall 1791151196.5
exact step 1800: answers scored 8, mean expected reward 8.654, kl coef 0.0375, update 2.70 s, wall 1791151199.6
exact step 1801: answers scored 8, mean expected reward 10.081, kl coef 0.0375, update 2.60 s, wall 1791151202.8
exact step 1802: answers scored 8, mean expected reward 9.701, kl coef 0.0375, update 2.60 s, wall 1791151206.0
exact step 1803: answers scored 8, mean expected reward 9.453, kl coef 0.0375, update 2.63 s, wall 1791151210.2
exact step 1804: answers scored 8, mean expected reward 9.624, kl coef 0.0375, update 2.66 s, wall 1791151213.6
exact step 1805: answers scored 8, mean expected reward 9.223, kl coef 0.0375, update 2.66 s, wall 1791151217.8
exact step 1806: answers scored 8, mean expected reward 9.377, kl coef 0.0375, update 2.74 s, wall 1791151221.1
exact step 1807: answers scored 8, mean expected reward 9.605, kl coef 0.0374, update 2.68 s, wall 1791151225.7
exact step 1808: answers scored 8, mean expected reward 10.880, kl coef 0.0374, update 3.06 s, wall 1791151229.2
exact step 1809: answers scored 8, mean expected reward 9.439, kl coef 0.0374, update 2.68 s, wall 1791151232.6
exact step 1810: answers scored 8, mean expected reward 9.851, kl coef 0.0374, update 2.71 s, wall 1791151235.7
exact step 1811: answers scored 8, mean expected reward 9.859, kl coef 0.0374, update 2.72 s, wall 1791151239.0
exact step 1812: answers scored 8, mean expected reward 11.017, kl coef 0.0374, update 2.70 s, wall 1791151242.2
exact step 1813: answers scored 8, mean expected reward 9.091, kl coef 0.0374, update 2.71 s, wall 1791151245.5
exact step 1814: answers scored 8, mean expected reward 9.348, kl coef 0.0374, update 2.69 s, wall 1791151249.1
exact step 1815: answers scored 8, mean expected reward 9.584, kl coef 0.0374, update 2.66 s, wall 1791151252.3
exact step 1816: answers scored 8, mean expected reward 8.834, kl coef 0.0374, update 2.66 s, wall 1791151255.6
exact step 1817: answers scored 7, mean expected reward 8.876, kl coef 0.0374, update 2.64 s, wall 1791151261.4
exact step 1818: answers scored 7, mean expected reward 8.085, kl coef 0.0374, update 2.63 s, wall 1791151267.4
exact step 1819: answers scored 8, mean expected reward 9.850, kl coef 0.0374, update 2.78 s, wall 1791151270.7
exact step 1820: answers scored 8, mean expected reward 8.888, kl coef 0.0374, update 2.64 s, wall 1791151274.4
exact step 1821: answers scored 8, mean expected reward 8.747, kl coef 0.0374, update 2.64 s, wall 1791151277.8
exact step 1822: answers scored 8, mean expected reward 9.691, kl coef 0.0374, update 2.62 s, wall 1791151281.0
exact step 1823: answers scored 8, mean expected reward 9.217, kl coef 0.0374, update 2.68 s, wall 1791151285.9
exact step 1824: answers scored 8, mean expected reward 9.757, kl coef 0.0373, update 2.72 s, wall 1791151289.2
exact step 1825: answers scored 8, mean expected reward 10.045, kl coef 0.0373, update 2.64 s, wall 1791151292.3
exact step 1826: answers scored 8, mean expected reward 10.388, kl coef 0.0373, update 2.70 s, wall 1791151295.7
exact step 1827: answers scored 8, mean expected reward 9.945, kl coef 0.0373, update 2.95 s, wall 1791151300.1
exact step 1828: answers scored 8, mean expected reward 10.178, kl coef 0.0373, update 2.68 s, wall 1791151303.3
exact step 1829: answers scored 8, mean expected reward 9.055, kl coef 0.0373, update 2.75 s, wall 1791151306.6
exact step 1830: answers scored 8, mean expected reward 11.211, kl coef 0.0373, update 2.67 s, wall 1791151309.9
exact step 1831: answers scored 8, mean expected reward 10.979, kl coef 0.0373, update 2.68 s, wall 1791151313.0
exact step 1832: answers scored 8, mean expected reward 9.911, kl coef 0.0373, update 2.65 s, wall 1791151317.2
exact step 1833: answers scored 8, mean expected reward 8.859, kl coef 0.0373, update 2.67 s, wall 1791151320.4
exact step 1834: answers scored 8, mean expected reward 9.549, kl coef 0.0373, update 2.66 s, wall 1791151324.0
exact step 1835: answers scored 8, mean expected reward 9.748, kl coef 0.0373, update 2.69 s, wall 1791151328.1
exact step 1836: answers scored 8, mean expected reward 7.485, kl coef 0.0373, update 2.67 s, wall 1791151331.4
exact step 1837: answers scored 8, mean expected reward 9.774, kl coef 0.0373, update 2.91 s, wall 1791151334.8
exact step 1838: answers scored 8, mean expected reward 9.063, kl coef 0.0373, update 2.65 s, wall 1791151339.5
exact step 1839: answers scored 8, mean expected reward 9.911, kl coef 0.0373, update 3.06 s, wall 1791151343.2
exact step 1840: answers scored 8, mean expected reward 8.811, kl coef 0.0373, update 3.19 s, wall 1791151347.2
exact step 1841: answers scored 7, mean expected reward 10.024, kl coef 0.0372, update 3.04 s, wall 1791151350.8
exact step 1842: answers scored 8, mean expected reward 8.130, kl coef 0.0372, update 2.66 s, wall 1791151354.2
exact step 1843: answers scored 8, mean expected reward 10.135, kl coef 0.0372, update 2.61 s, wall 1791151357.5
exact step 1844: answers scored 8, mean expected reward 9.299, kl coef 0.0372, update 2.53 s, wall 1791151360.5
exact step 1845: answers scored 8, mean expected reward 10.362, kl coef 0.0372, update 2.54 s, wall 1791151365.0
exact step 1846: answers scored 8, mean expected reward 9.508, kl coef 0.0372, update 2.67 s, wall 1791151368.2
exact step 1847: answers scored 8, mean expected reward 10.162, kl coef 0.0372, update 3.03 s, wall 1791151371.9
exact step 1848: answers scored 8, mean expected reward 9.252, kl coef 0.0372, update 2.99 s, wall 1791151376.3
exact step 1849: answers scored 8, mean expected reward 10.358, kl coef 0.0372, update 2.97 s, wall 1791151379.9
exact step 1850: answers scored 8, mean expected reward 8.957, kl coef 0.0372, update 2.55 s, wall 1791151383.1
exact step 1851: answers scored 7, mean expected reward 9.140, kl coef 0.0372, update 2.54 s, wall 1791151386.8
exact step 1852: answers scored 7, mean expected reward 9.435, kl coef 0.0372, update 2.58 s, wall 1791151390.3
exact step 1853: answers scored 8, mean expected reward 9.676, kl coef 0.0372, update 2.53 s, wall 1791151393.3
exact step 1854: answers scored 8, mean expected reward 9.058, kl coef 0.0372, update 2.56 s, wall 1791151396.3
exact step 1855: answers scored 8, mean expected reward 9.497, kl coef 0.0372, update 2.56 s, wall 1791151399.6
exact step 1856: answers scored 8, mean expected reward 9.748, kl coef 0.0372, update 2.83 s, wall 1791151403.5
exact step 1857: answers scored 8, mean expected reward 10.036, kl coef 0.0371, update 2.74 s, wall 1791151407.1
exact step 1858: answers scored 8, mean expected reward 9.279, kl coef 0.0371, update 3.01 s, wall 1791151410.8
exact step 1859: answers scored 8, mean expected reward 10.058, kl coef 0.0371, update 2.64 s, wall 1791151413.9
exact step 1860: answers scored 8, mean expected reward 8.806, kl coef 0.0371, update 2.57 s, wall 1791151417.4
exact step 1861: answers scored 8, mean expected reward 9.659, kl coef 0.0371, update 2.59 s, wall 1791151421.2
exact step 1862: answers scored 8, mean expected reward 10.066, kl coef 0.0371, update 2.57 s, wall 1791151424.7
exact step 1863: answers scored 8, mean expected reward 10.178, kl coef 0.0371, update 2.70 s, wall 1791151428.1
exact step 1864: answers scored 8, mean expected reward 10.290, kl coef 0.0371, update 2.57 s, wall 1791151431.2
exact step 1865: answers scored 8, mean expected reward 9.550, kl coef 0.0371, update 2.54 s, wall 1791151434.2
exact step 1866: answers scored 8, mean expected reward 9.680, kl coef 0.0371, update 2.65 s, wall 1791151437.4
exact step 1867: answers scored 7, mean expected reward 8.878, kl coef 0.0371, update 2.59 s, wall 1791151443.0
exact step 1868: answers scored 7, mean expected reward 10.098, kl coef 0.0371, update 2.56 s, wall 1791151450.1
exact step 1869: answers scored 8, mean expected reward 10.678, kl coef 0.0371, update 2.62 s, wall 1791151453.2
exact step 1870: answers scored 8, mean expected reward 9.525, kl coef 0.0371, update 2.60 s, wall 1791151456.3
exact step 1871: answers scored 8, mean expected reward 9.668, kl coef 0.0371, update 2.58 s, wall 1791151459.3
exact step 1872: answers scored 8, mean expected reward 10.635, kl coef 0.0371, update 2.69 s, wall 1791151462.6
exact step 1873: answers scored 8, mean expected reward 8.411, kl coef 0.0371, update 2.66 s, wall 1791151465.9
exact step 1874: answers scored 8, mean expected reward 10.089, kl coef 0.0370, update 2.72 s, wall 1791151470.3
exact step 1875: answers scored 8, mean expected reward 10.037, kl coef 0.0370, update 3.25 s, wall 1791151474.1
exact step 1876: answers scored 8, mean expected reward 10.018, kl coef 0.0370, update 2.96 s, wall 1791151477.9
exact step 1877: answers scored 8, mean expected reward 9.460, kl coef 0.0370, update 2.88 s, wall 1791151482.0
exact step 1878: answers scored 7, mean expected reward 8.700, kl coef 0.0370, update 2.95 s, wall 1791151485.7
exact step 1879: answers scored 8, mean expected reward 9.447, kl coef 0.0370, update 2.67 s, wall 1791151489.7
exact step 1880: answers scored 7, mean expected reward 9.638, kl coef 0.0370, update 2.72 s, wall 1791151495.0
exact step 1881: answers scored 8, mean expected reward 8.011, kl coef 0.0370, update 2.58 s, wall 1791151498.0
exact step 1882: answers scored 8, mean expected reward 10.046, kl coef 0.0370, update 2.70 s, wall 1791151501.3
exact step 1883: answers scored 8, mean expected reward 9.198, kl coef 0.0370, update 2.60 s, wall 1791151505.0
exact step 1884: answers scored 8, mean expected reward 9.771, kl coef 0.0370, update 2.83 s, wall 1791151508.3
exact step 1885: answers scored 8, mean expected reward 9.594, kl coef 0.0370, update 2.55 s, wall 1791151511.8
exact step 1886: answers scored 7, mean expected reward 10.144, kl coef 0.0370, update 2.52 s, wall 1791151516.6
exact step 1887: answers scored 8, mean expected reward 9.955, kl coef 0.0370, update 2.85 s, wall 1791151520.5
exact step 1888: answers scored 8, mean expected reward 9.225, kl coef 0.0370, update 2.72 s, wall 1791151524.1
exact step 1889: answers scored 8, mean expected reward 10.862, kl coef 0.0370, update 2.60 s, wall 1791151527.5
exact step 1890: answers scored 8, mean expected reward 10.155, kl coef 0.0370, update 2.62 s, wall 1791151531.3
exact step 1891: answers scored 8, mean expected reward 9.878, kl coef 0.0369, update 2.62 s, wall 1791151534.9
exact step 1892: answers scored 8, mean expected reward 9.609, kl coef 0.0369, update 2.61 s, wall 1791151538.3
exact step 1893: answers scored 8, mean expected reward 8.903, kl coef 0.0369, update 2.62 s, wall 1791151541.4
exact step 1894: answers scored 8, mean expected reward 9.512, kl coef 0.0369, update 2.61 s, wall 1791151544.6
exact step 1895: answers scored 8, mean expected reward 9.828, kl coef 0.0369, update 2.66 s, wall 1791151548.0
exact step 1896: answers scored 8, mean expected reward 8.299, kl coef 0.0369, update 2.64 s, wall 1791151551.4
exact step 1897: answers scored 8, mean expected reward 8.540, kl coef 0.0369, update 2.85 s, wall 1791151554.7
exact step 1898: answers scored 8, mean expected reward 9.401, kl coef 0.0369, update 2.66 s, wall 1791151559.5
exact step 1899: answers scored 8, mean expected reward 10.103, kl coef 0.0369, update 2.68 s, wall 1791151562.7
exact step 1900: answers scored 7, mean expected reward 10.537, kl coef 0.0369, update 2.60 s, wall 1791151565.9
exact step 1901: answers scored 8, mean expected reward 9.748, kl coef 0.0369, update 2.69 s, wall 1791151569.9
exact step 1902: answers scored 8, mean expected reward 8.411, kl coef 0.0369, update 2.60 s, wall 1791151572.9
exact step 1903: answers scored 7, mean expected reward 10.178, kl coef 0.0369, update 2.61 s, wall 1791151576.7
exact step 1904: answers scored 8, mean expected reward 10.062, kl coef 0.0369, update 2.63 s, wall 1791151580.3
exact step 1905: answers scored 8, mean expected reward 9.751, kl coef 0.0369, update 2.61 s, wall 1791151584.6
exact step 1906: answers scored 8, mean expected reward 10.058, kl coef 0.0369, update 2.62 s, wall 1791151587.9
exact step 1907: answers scored 8, mean expected reward 10.080, kl coef 0.0369, update 2.65 s, wall 1791151592.5
exact step 1908: answers scored 8, mean expected reward 8.931, kl coef 0.0368, update 2.65 s, wall 1791151596.0
exact step 1909: answers scored 8, mean expected reward 8.728, kl coef 0.0368, update 2.62 s, wall 1791151599.2
exact step 1910: answers scored 8, mean expected reward 10.005, kl coef 0.0368, update 2.79 s, wall 1791151603.7
exact step 1911: answers scored 8, mean expected reward 9.763, kl coef 0.0368, update 2.68 s, wall 1791151607.0
exact step 1912: answers scored 8, mean expected reward 10.058, kl coef 0.0368, update 3.02 s, wall 1791151610.5
exact step 1913: answers scored 7, mean expected reward 10.395, kl coef 0.0368, update 2.69 s, wall 1791151614.2
exact step 1914: answers scored 8, mean expected reward 9.308, kl coef 0.0368, update 2.73 s, wall 1791151618.0
exact step 1915: answers scored 8, mean expected reward 9.128, kl coef 0.0368, update 2.69 s, wall 1791151621.4
exact step 1916: answers scored 7, mean expected reward 11.095, kl coef 0.0368, update 2.98 s, wall 1791151624.9
exact step 1917: answers scored 8, mean expected reward 10.219, kl coef 0.0368, update 2.72 s, wall 1791151628.3
exact step 1918: answers scored 8, mean expected reward 10.091, kl coef 0.0368, update 2.67 s, wall 1791151632.3
exact step 1919: answers scored 8, mean expected reward 9.721, kl coef 0.0368, update 2.65 s, wall 1791151635.5
exact step 1920: answers scored 8, mean expected reward 10.451, kl coef 0.0368, update 2.71 s, wall 1791151638.8
exact step 1921: answers scored 7, mean expected reward 9.747, kl coef 0.0368, update 2.61 s, wall 1791151642.8
exact step 1922: answers scored 7, mean expected reward 9.023, kl coef 0.0368, update 2.95 s, wall 1791151647.6
exact step 1923: answers scored 8, mean expected reward 10.415, kl coef 0.0368, update 3.10 s, wall 1791151652.0
exact step 1924: answers scored 8, mean expected reward 10.663, kl coef 0.0368, update 2.63 s, wall 1791151655.5
exact step 1925: answers scored 8, mean expected reward 10.544, kl coef 0.0367, update 2.97 s, wall 1791151659.2
exact step 1926: answers scored 8, mean expected reward 10.488, kl coef 0.0367, update 2.64 s, wall 1791151663.6
exact step 1927: answers scored 8, mean expected reward 9.806, kl coef 0.0367, update 2.62 s, wall 1791151667.5
exact step 1928: answers scored 8, mean expected reward 9.655, kl coef 0.0367, update 2.76 s, wall 1791151670.8
exact step 1929: answers scored 8, mean expected reward 8.423, kl coef 0.0367, update 3.02 s, wall 1791151674.6
exact step 1930: answers scored 7, mean expected reward 9.003, kl coef 0.0367, update 3.08 s, wall 1791151679.0
exact step 1931: answers scored 8, mean expected reward 10.245, kl coef 0.0367, update 2.70 s, wall 1791151685.0
exact step 1932: answers scored 8, mean expected reward 9.830, kl coef 0.0367, update 2.74 s, wall 1791151688.3
exact step 1933: answers scored 8, mean expected reward 9.102, kl coef 0.0367, update 3.07 s, wall 1791151693.3
exact step 1934: answers scored 8, mean expected reward 9.416, kl coef 0.0367, update 2.57 s, wall 1791151696.3
exact step 1935: answers scored 8, mean expected reward 9.571, kl coef 0.0367, update 2.60 s, wall 1791151699.6
exact step 1936: answers scored 8, mean expected reward 9.811, kl coef 0.0367, update 2.63 s, wall 1791151703.6
exact step 1937: answers scored 8, mean expected reward 8.854, kl coef 0.0367, update 2.61 s, wall 1791151706.7
exact step 1938: answers scored 8, mean expected reward 10.211, kl coef 0.0367, update 2.76 s, wall 1791151709.9
exact step 1939: answers scored 8, mean expected reward 9.553, kl coef 0.0367, update 3.15 s, wall 1791151715.7
exact step 1940: answers scored 7, mean expected reward 10.106, kl coef 0.0367, update 2.65 s, wall 1791151721.2
exact step 1941: answers scored 8, mean expected reward 9.852, kl coef 0.0367, update 2.61 s, wall 1791151724.4
exact step 1942: answers scored 8, mean expected reward 10.092, kl coef 0.0366, update 2.95 s, wall 1791151727.9
exact step 1943: answers scored 8, mean expected reward 9.796, kl coef 0.0366, update 2.60 s, wall 1791151730.9
exact step 1944: answers scored 8, mean expected reward 10.422, kl coef 0.0366, update 2.63 s, wall 1791151734.2
exact step 1945: answers scored 6, mean expected reward 10.522, kl coef 0.0366, update 2.97 s, wall 1791151739.6
exact step 1946: answers scored 7, mean expected reward 9.934, kl coef 0.0366, update 2.96 s, wall 1791151747.1
exact step 1947: answers scored 7, mean expected reward 9.842, kl coef 0.0366, update 2.57 s, wall 1791151764.2
exact step 1948: answers scored 8, mean expected reward 9.480, kl coef 0.0366, update 2.57 s, wall 1791151767.4
exact step 1949: answers scored 8, mean expected reward 9.982, kl coef 0.0366, update 2.56 s, wall 1791151770.4
exact step 1950: answers scored 8, mean expected reward 10.791, kl coef 0.0366, update 2.52 s, wall 1791151773.9
exact step 1951: answers scored 8, mean expected reward 9.003, kl coef 0.0366, update 2.51 s, wall 1791151776.9
exact step 1952: answers scored 8, mean expected reward 8.915, kl coef 0.0366, update 2.57 s, wall 1791151780.9
exact step 1953: answers scored 8, mean expected reward 9.437, kl coef 0.0366, update 2.53 s, wall 1791151784.0
exact step 1954: answers scored 7, mean expected reward 8.457, kl coef 0.0366, update 2.44 s, wall 1791151787.4
exact step 1955: answers scored 8, mean expected reward 10.015, kl coef 0.0366, update 2.48 s, wall 1791151791.4
exact step 1956: answers scored 8, mean expected reward 9.397, kl coef 0.0366, update 2.61 s, wall 1791151795.1
exact step 1957: answers scored 8, mean expected reward 8.164, kl coef 0.0366, update 2.61 s, wall 1791151798.3
exact step 1958: answers scored 8, mean expected reward 9.076, kl coef 0.0366, update 2.52 s, wall 1791151801.3
exact step 1959: answers scored 8, mean expected reward 9.846, kl coef 0.0365, update 2.58 s, wall 1791151804.4
exact step 1960: answers scored 8, mean expected reward 9.449, kl coef 0.0365, update 2.55 s, wall 1791151807.9
exact step 1961: answers scored 8, mean expected reward 10.400, kl coef 0.0365, update 2.57 s, wall 1791151811.0
exact step 1962: answers scored 8, mean expected reward 10.395, kl coef 0.0365, update 2.59 s, wall 1791151814.1
exact step 1963: answers scored 8, mean expected reward 9.320, kl coef 0.0365, update 2.83 s, wall 1791151818.0
exact step 1964: answers scored 8, mean expected reward 9.746, kl coef 0.0365, update 2.95 s, wall 1791151821.7
exact step 1965: answers scored 8, mean expected reward 9.544, kl coef 0.0365, update 2.94 s, wall 1791151825.3
exact step 1966: answers scored 8, mean expected reward 10.560, kl coef 0.0365, update 3.15 s, wall 1791151830.3
exact step 1967: answers scored 8, mean expected reward 9.726, kl coef 0.0365, update 2.97 s, wall 1791151834.2
exact step 1968: answers scored 8, mean expected reward 10.138, kl coef 0.0365, update 2.96 s, wall 1791151838.1
exact step 1969: answers scored 8, mean expected reward 10.335, kl coef 0.0365, update 3.00 s, wall 1791151841.9
exact step 1970: answers scored 8, mean expected reward 9.001, kl coef 0.0365, update 2.98 s, wall 1791151845.7
exact step 1971: answers scored 8, mean expected reward 9.496, kl coef 0.0365, update 2.97 s, wall 1791151849.7
exact step 1972: answers scored 8, mean expected reward 9.001, kl coef 0.0365, update 2.97 s, wall 1791151854.3
exact step 1973: answers scored 8, mean expected reward 10.295, kl coef 0.0365, update 3.03 s, wall 1791151857.8
exact step 1974: answers scored 8, mean expected reward 9.513, kl coef 0.0365, update 3.01 s, wall 1791151861.6
exact step 1975: answers scored 8, mean expected reward 8.896, kl coef 0.0365, update 3.37 s, wall 1791151865.5
exact step 1976: answers scored 8, mean expected reward 8.916, kl coef 0.0364, update 3.00 s, wall 1791151869.1
exact step 1977: answers scored 8, mean expected reward 10.033, kl coef 0.0364, update 2.98 s, wall 1791151872.9
exact step 1978: answers scored 8, mean expected reward 10.400, kl coef 0.0364, update 2.86 s, wall 1791151877.3
exact step 1979: answers scored 8, mean expected reward 9.572, kl coef 0.0364, update 2.94 s, wall 1791151881.8
exact step 1980: answers scored 8, mean expected reward 9.510, kl coef 0.0364, update 2.86 s, wall 1791151885.6
exact step 1981: answers scored 8, mean expected reward 9.083, kl coef 0.0364, update 2.62 s, wall 1791151888.7
exact step 1982: answers scored 8, mean expected reward 9.124, kl coef 0.0364, update 2.53 s, wall 1791151891.7
exact step 1983: answers scored 8, mean expected reward 9.762, kl coef 0.0364, update 2.49 s, wall 1791151897.3
exact step 1984: answers scored 8, mean expected reward 10.303, kl coef 0.0364, update 2.71 s, wall 1791151902.3
exact step 1985: answers scored 8, mean expected reward 10.094, kl coef 0.0364, update 2.60 s, wall 1791151906.7
exact step 1986: answers scored 8, mean expected reward 9.812, kl coef 0.0364, update 2.54 s, wall 1791151910.3
exact step 1987: answers scored 8, mean expected reward 10.244, kl coef 0.0364, update 2.59 s, wall 1791151913.6
exact step 1988: answers scored 7, mean expected reward 9.315, kl coef 0.0364, update 2.54 s, wall 1791151916.7
exact step 1989: answers scored 8, mean expected reward 10.798, kl coef 0.0364, update 2.57 s, wall 1791151919.8
exact step 1990: answers scored 8, mean expected reward 9.768, kl coef 0.0364, update 2.58 s, wall 1791151923.3
exact step 1991: answers scored 8, mean expected reward 9.862, kl coef 0.0364, update 2.54 s, wall 1791151926.4
exact step 1992: answers scored 8, mean expected reward 8.989, kl coef 0.0364, update 2.57 s, wall 1791151929.5
exact step 1993: answers scored 8, mean expected reward 9.977, kl coef 0.0363, update 2.59 s, wall 1791151933.3
exact step 1994: answers scored 8, mean expected reward 9.738, kl coef 0.0363, update 2.93 s, wall 1791151936.7
exact step 1995: answers scored 7, mean expected reward 10.037, kl coef 0.0363, update 2.48 s, wall 1791151942.4
exact step 1996: answers scored 8, mean expected reward 10.708, kl coef 0.0363, update 2.51 s, wall 1791151945.4
exact step 1997: answers scored 8, mean expected reward 10.369, kl coef 0.0363, update 2.49 s, wall 1791151948.3
exact step 1998: answers scored 8, mean expected reward 9.941, kl coef 0.0363, update 2.49 s, wall 1791151951.4
checkpoint at step 2000 (1.2 s)
exact step 1999: answers scored 8, mean expected reward 8.769, kl coef 0.0363, update 5.00 s, wall 1791151957.1
exact step 2000: answers scored 8, mean expected reward 9.778, kl coef 0.0363, update 2.60 s, wall 1791151960.6
exact step 2001: answers scored 8, mean expected reward 9.531, kl coef 0.0363, update 2.50 s, wall 1791151963.6
exact step 2002: answers scored 8, mean expected reward 10.035, kl coef 0.0363, update 2.50 s, wall 1791151967.1
exact step 2003: answers scored 8, mean expected reward 9.693, kl coef 0.0363, update 2.83 s, wall 1791151970.9
exact step 2004: answers scored 8, mean expected reward 9.434, kl coef 0.0363, update 2.51 s, wall 1791151973.9
exact step 2005: answers scored 8, mean expected reward 10.186, kl coef 0.0363, update 2.51 s, wall 1791151977.1
exact step 2006: answers scored 8, mean expected reward 8.961, kl coef 0.0363, update 2.52 s, wall 1791151981.1
exact step 2007: answers scored 8, mean expected reward 9.929, kl coef 0.0363, update 2.51 s, wall 1791151984.1
exact step 2008: answers scored 7, mean expected reward 10.788, kl coef 0.0363, update 2.53 s, wall 1791151987.8
exact step 2009: answers scored 7, mean expected reward 9.834, kl coef 0.0363, update 2.45 s, wall 1791151991.2
exact step 2010: answers scored 8, mean expected reward 10.396, kl coef 0.0363, update 2.51 s, wall 1791151994.2
exact step 2011: answers scored 8, mean expected reward 10.397, kl coef 0.0362, update 2.51 s, wall 1791151997.2
exact step 2012: answers scored 8, mean expected reward 9.623, kl coef 0.0362, update 2.56 s, wall 1791152000.2
exact step 2013: answers scored 7, mean expected reward 10.016, kl coef 0.0362, update 2.81 s, wall 1791152006.7
exact step 2014: answers scored 8, mean expected reward 9.465, kl coef 0.0362, update 2.57 s, wall 1791152014.3
exact step 2015: answers scored 8, mean expected reward 10.051, kl coef 0.0362, update 2.49 s, wall 1791152017.4
exact step 2016: answers scored 8, mean expected reward 9.689, kl coef 0.0362, update 2.46 s, wall 1791152020.8
exact step 2017: answers scored 8, mean expected reward 10.632, kl coef 0.0362, update 2.47 s, wall 1791152023.8
exact step 2018: answers scored 8, mean expected reward 10.541, kl coef 0.0362, update 2.52 s, wall 1791152027.0
exact step 2019: answers scored 8, mean expected reward 9.958, kl coef 0.0362, update 2.52 s, wall 1791152030.1
exact step 2020: answers scored 8, mean expected reward 9.349, kl coef 0.0362, update 2.57 s, wall 1791152033.1
exact step 2021: answers scored 8, mean expected reward 10.336, kl coef 0.0362, update 2.56 s, wall 1791152036.5
exact step 2022: answers scored 8, mean expected reward 9.600, kl coef 0.0362, update 2.67 s, wall 1791152039.9
exact step 2023: answers scored 8, mean expected reward 8.948, kl coef 0.0362, update 2.71 s, wall 1791152043.1
exact step 2024: answers scored 8, mean expected reward 9.758, kl coef 0.0362, update 2.58 s, wall 1791152046.6
exact step 2025: answers scored 8, mean expected reward 9.764, kl coef 0.0362, update 2.56 s, wall 1791152049.6
exact step 2026: answers scored 8, mean expected reward 8.343, kl coef 0.0362, update 2.60 s, wall 1791152052.9
exact step 2027: answers scored 7, mean expected reward 9.793, kl coef 0.0362, update 2.58 s, wall 1791152060.0
exact step 2028: answers scored 8, mean expected reward 10.154, kl coef 0.0361, update 2.58 s, wall 1791152063.4
exact step 2029: answers scored 8, mean expected reward 10.376, kl coef 0.0361, update 2.55 s, wall 1791152066.4
exact step 2030: answers scored 8, mean expected reward 10.152, kl coef 0.0361, update 2.57 s, wall 1791152070.4
exact step 2031: answers scored 8, mean expected reward 10.526, kl coef 0.0361, update 2.56 s, wall 1791152073.6
exact step 2032: answers scored 8, mean expected reward 9.853, kl coef 0.0361, update 2.70 s, wall 1791152077.0
exact step 2033: answers scored 8, mean expected reward 9.696, kl coef 0.0361, update 2.71 s, wall 1791152080.6
exact step 2034: answers scored 8, mean expected reward 8.093, kl coef 0.0361, update 2.58 s, wall 1791152083.7
exact step 2035: answers scored 8, mean expected reward 9.873, kl coef 0.0361, update 2.57 s, wall 1791152087.0
exact step 2036: answers scored 8, mean expected reward 9.465, kl coef 0.0361, update 2.57 s, wall 1791152090.1
exact step 2037: answers scored 8, mean expected reward 9.358, kl coef 0.0361, update 2.73 s, wall 1791152093.4
exact step 2038: answers scored 7, mean expected reward 10.712, kl coef 0.0361, update 2.59 s, wall 1791152097.9
exact step 2039: answers scored 8, mean expected reward 8.579, kl coef 0.0361, update 2.64 s, wall 1791152101.2
exact step 2040: answers scored 7, mean expected reward 9.345, kl coef 0.0361, update 2.51 s, wall 1791152104.3
exact step 2041: answers scored 8, mean expected reward 9.913, kl coef 0.0361, update 2.51 s, wall 1791152107.5
exact step 2042: answers scored 8, mean expected reward 9.564, kl coef 0.0361, update 2.53 s, wall 1791152110.5
exact step 2043: answers scored 8, mean expected reward 10.180, kl coef 0.0361, update 2.50 s, wall 1791152113.5
exact step 2044: answers scored 8, mean expected reward 10.509, kl coef 0.0361, update 2.61 s, wall 1791152118.5
exact step 2045: answers scored 8, mean expected reward 8.621, kl coef 0.0360, update 2.62 s, wall 1791152121.7
exact step 2046: answers scored 8, mean expected reward 10.621, kl coef 0.0360, update 2.50 s, wall 1791152124.7
exact step 2047: answers scored 7, mean expected reward 10.455, kl coef 0.0360, update 2.49 s, wall 1791152128.1
exact step 2048: answers scored 8, mean expected reward 10.475, kl coef 0.0360, update 2.52 s, wall 1791152131.4
exact step 2049: answers scored 7, mean expected reward 8.979, kl coef 0.0360, update 2.48 s, wall 1791152134.4
exact step 2050: answers scored 8, mean expected reward 8.701, kl coef 0.0360, update 2.51 s, wall 1791152137.4
exact step 2051: answers scored 8, mean expected reward 10.081, kl coef 0.0360, update 2.52 s, wall 1791152140.5
exact step 2052: answers scored 8, mean expected reward 8.042, kl coef 0.0360, update 2.51 s, wall 1791152143.5
exact step 2053: answers scored 8, mean expected reward 9.522, kl coef 0.0360, update 2.50 s, wall 1791152146.5
exact step 2054: answers scored 7, mean expected reward 9.913, kl coef 0.0360, update 2.50 s, wall 1791152151.3
exact step 2055: answers scored 7, mean expected reward 10.331, kl coef 0.0360, update 2.80 s, wall 1791152156.0
exact step 2056: answers scored 8, mean expected reward 10.552, kl coef 0.0360, update 2.51 s, wall 1791152160.2
exact step 2057: answers scored 8, mean expected reward 9.764, kl coef 0.0360, update 2.55 s, wall 1791152163.4
exact step 2058: answers scored 8, mean expected reward 9.783, kl coef 0.0360, update 2.54 s, wall 1791152168.8
exact step 2059: answers scored 8, mean expected reward 10.149, kl coef 0.0360, update 2.59 s, wall 1791152171.8
exact step 2060: answers scored 8, mean expected reward 9.729, kl coef 0.0360, update 2.57 s, wall 1791152174.9
exact step 2061: answers scored 8, mean expected reward 9.866, kl coef 0.0360, update 2.54 s, wall 1791152178.5
exact step 2062: answers scored 8, mean expected reward 9.957, kl coef 0.0360, update 2.57 s, wall 1791152181.7
exact step 2063: answers scored 8, mean expected reward 9.662, kl coef 0.0359, update 2.57 s, wall 1791152185.0
exact step 2064: answers scored 8, mean expected reward 10.114, kl coef 0.0359, update 2.58 s, wall 1791152188.2
exact step 2065: answers scored 8, mean expected reward 9.915, kl coef 0.0359, update 2.75 s, wall 1791152191.4
exact step 2066: answers scored 8, mean expected reward 9.684, kl coef 0.0359, update 2.50 s, wall 1791152194.8
exact step 2067: answers scored 8, mean expected reward 8.956, kl coef 0.0359, update 2.51 s, wall 1791152199.8
exact step 2068: answers scored 8, mean expected reward 10.060, kl coef 0.0359, update 2.49 s, wall 1791152202.9
exact step 2069: answers scored 7, mean expected reward 10.327, kl coef 0.0359, update 2.55 s, wall 1791152218.7
exact step 2070: answers scored 8, mean expected reward 8.825, kl coef 0.0359, update 2.57 s, wall 1791152221.8
exact step 2071: answers scored 8, mean expected reward 9.755, kl coef 0.0359, update 2.65 s, wall 1791152226.7
exact step 2072: answers scored 8, mean expected reward 9.189, kl coef 0.0359, update 2.54 s, wall 1791152229.7
exact step 2073: answers scored 8, mean expected reward 9.245, kl coef 0.0359, update 2.57 s, wall 1791152233.2
exact step 2074: answers scored 8, mean expected reward 10.195, kl coef 0.0359, update 2.56 s, wall 1791152236.3
exact step 2075: answers scored 7, mean expected reward 9.904, kl coef 0.0359, update 2.55 s, wall 1791152242.0
exact step 2076: answers scored 7, mean expected reward 9.692, kl coef 0.0359, update 2.53 s, wall 1791152245.7
exact step 2077: answers scored 8, mean expected reward 9.814, kl coef 0.0359, update 2.53 s, wall 1791152248.8
exact step 2078: answers scored 8, mean expected reward 10.815, kl coef 0.0359, update 2.55 s, wall 1791152251.8
exact step 2079: answers scored 8, mean expected reward 9.450, kl coef 0.0359, update 2.56 s, wall 1791152254.8
exact step 2080: answers scored 8, mean expected reward 10.412, kl coef 0.0358, update 2.65 s, wall 1791152258.1
exact step 2081: answers scored 8, mean expected reward 10.338, kl coef 0.0358, update 2.64 s, wall 1791152261.1
exact step 2082: answers scored 8, mean expected reward 9.237, kl coef 0.0358, update 2.56 s, wall 1791152264.9
exact step 2083: answers scored 8, mean expected reward 10.054, kl coef 0.0358, update 2.55 s, wall 1791152268.6
exact step 2084: answers scored 8, mean expected reward 10.411, kl coef 0.0358, update 2.55 s, wall 1791152271.8
exact step 2085: answers scored 8, mean expected reward 9.011, kl coef 0.0358, update 2.54 s, wall 1791152275.2
exact step 2086: answers scored 8, mean expected reward 10.331, kl coef 0.0358, update 2.56 s, wall 1791152278.4
exact step 2087: answers scored 8, mean expected reward 10.236, kl coef 0.0358, update 2.57 s, wall 1791152284.2
exact step 2088: answers scored 7, mean expected reward 10.092, kl coef 0.0358, update 2.54 s, wall 1791152289.8
exact step 2089: answers scored 8, mean expected reward 8.883, kl coef 0.0358, update 2.65 s, wall 1791152293.0
exact step 2090: answers scored 7, mean expected reward 10.358, kl coef 0.0358, update 2.59 s, wall 1791152296.2
exact step 2091: answers scored 8, mean expected reward 10.586, kl coef 0.0358, update 2.53 s, wall 1791152299.3
exact step 2092: answers scored 8, mean expected reward 9.806, kl coef 0.0358, update 2.53 s, wall 1791152302.4
exact step 2093: answers scored 8, mean expected reward 7.163, kl coef 0.0358, update 2.54 s, wall 1791152305.4
exact step 2094: answers scored 8, mean expected reward 9.759, kl coef 0.0358, update 2.53 s, wall 1791152308.4
exact step 2095: answers scored 8, mean expected reward 10.050, kl coef 0.0358, update 2.54 s, wall 1791152311.6
exact step 2096: answers scored 8, mean expected reward 9.804, kl coef 0.0358, update 2.50 s, wall 1791152315.4
exact step 2097: answers scored 8, mean expected reward 9.605, kl coef 0.0357, update 2.71 s, wall 1791152320.9
exact step 2098: answers scored 8, mean expected reward 8.432, kl coef 0.0357, update 2.47 s, wall 1791152324.0
exact step 2099: answers scored 8, mean expected reward 10.333, kl coef 0.0357, update 2.63 s, wall 1791152327.4
exact step 2100: answers scored 8, mean expected reward 9.997, kl coef 0.0357, update 2.49 s, wall 1791152332.6
exact step 2101: answers scored 8, mean expected reward 9.271, kl coef 0.0357, update 2.47 s, wall 1791152335.6
exact step 2102: answers scored 8, mean expected reward 10.045, kl coef 0.0357, update 2.45 s, wall 1791152338.9
exact step 2103: answers scored 8, mean expected reward 9.119, kl coef 0.0357, update 2.47 s, wall 1791152342.1
exact step 2104: answers scored 8, mean expected reward 9.189, kl coef 0.0357, update 2.46 s, wall 1791152345.0
exact step 2105: answers scored 8, mean expected reward 10.055, kl coef 0.0357, update 2.47 s, wall 1791152348.2
exact step 2106: answers scored 8, mean expected reward 9.702, kl coef 0.0357, update 2.46 s, wall 1791152352.1
exact step 2107: answers scored 8, mean expected reward 10.020, kl coef 0.0357, update 2.47 s, wall 1791152357.3
exact step 2108: answers scored 8, mean expected reward 9.049, kl coef 0.0357, update 2.46 s, wall 1791152361.4
exact step 2109: answers scored 8, mean expected reward 9.295, kl coef 0.0357, update 2.44 s, wall 1791152364.3
exact step 2110: answers scored 8, mean expected reward 10.089, kl coef 0.0357, update 2.48 s, wall 1791152370.6
exact step 2111: answers scored 8, mean expected reward 10.145, kl coef 0.0357, update 2.46 s, wall 1791152373.8
exact step 2112: answers scored 8, mean expected reward 9.747, kl coef 0.0357, update 2.44 s, wall 1791152376.9
exact step 2113: answers scored 8, mean expected reward 10.248, kl coef 0.0357, update 2.47 s, wall 1791152379.9
exact step 2114: answers scored 8, mean expected reward 9.324, kl coef 0.0357, update 2.47 s, wall 1791152382.8
exact step 2115: answers scored 8, mean expected reward 9.103, kl coef 0.0356, update 2.48 s, wall 1791152386.4
exact step 2116: answers scored 6, mean expected reward 9.706, kl coef 0.0356, update 2.46 s, wall 1791152390.0
exact step 2117: answers scored 8, mean expected reward 9.954, kl coef 0.0356, update 2.56 s, wall 1791152393.2
exact step 2118: answers scored 8, mean expected reward 11.001, kl coef 0.0356, update 2.51 s, wall 1791152397.3
exact step 2119: answers scored 8, mean expected reward 9.227, kl coef 0.0356, update 2.61 s, wall 1791152400.4
exact step 2120: answers scored 8, mean expected reward 9.431, kl coef 0.0356, update 2.61 s, wall 1791152403.8
exact step 2121: answers scored 8, mean expected reward 9.616, kl coef 0.0356, update 2.53 s, wall 1791152407.8
exact step 2122: answers scored 7, mean expected reward 9.616, kl coef 0.0356, update 2.50 s, wall 1791152412.4
exact step 2123: answers scored 8, mean expected reward 10.349, kl coef 0.0356, update 2.50 s, wall 1791152415.4
exact step 2124: answers scored 8, mean expected reward 10.344, kl coef 0.0356, update 2.49 s, wall 1791152418.4
exact step 2125: answers scored 8, mean expected reward 8.888, kl coef 0.0356, update 2.52 s, wall 1791152421.8
exact step 2126: answers scored 8, mean expected reward 10.093, kl coef 0.0356, update 2.51 s, wall 1791152424.9
exact step 2127: answers scored 7, mean expected reward 9.927, kl coef 0.0356, update 2.52 s, wall 1791152429.3
exact step 2128: answers scored 8, mean expected reward 9.167, kl coef 0.0356, update 2.52 s, wall 1791152432.8
exact step 2129: answers scored 8, mean expected reward 10.179, kl coef 0.0356, update 2.79 s, wall 1791152436.1
exact step 2130: answers scored 8, mean expected reward 9.543, kl coef 0.0356, update 2.48 s, wall 1791152439.1
exact step 2131: answers scored 8, mean expected reward 9.816, kl coef 0.0356, update 2.55 s, wall 1791152442.9
exact step 2132: answers scored 7, mean expected reward 10.397, kl coef 0.0355, update 2.46 s, wall 1791152446.5
exact step 2133: answers scored 8, mean expected reward 9.735, kl coef 0.0355, update 2.48 s, wall 1791152449.6
exact step 2134: answers scored 8, mean expected reward 9.667, kl coef 0.0355, update 2.47 s, wall 1791152453.7
exact step 2135: answers scored 8, mean expected reward 9.841, kl coef 0.0355, update 2.52 s, wall 1791152457.7
exact step 2136: answers scored 8, mean expected reward 8.644, kl coef 0.0355, update 2.55 s, wall 1791152460.8
exact step 2137: answers scored 8, mean expected reward 9.794, kl coef 0.0355, update 2.53 s, wall 1791152464.7
exact step 2138: answers scored 8, mean expected reward 9.153, kl coef 0.0355, update 2.59 s, wall 1791152467.8
exact step 2139: answers scored 8, mean expected reward 10.075, kl coef 0.0355, update 2.58 s, wall 1791152475.4
exact step 2140: answers scored 8, mean expected reward 9.070, kl coef 0.0355, update 2.56 s, wall 1791152478.5
exact step 2141: answers scored 8, mean expected reward 9.983, kl coef 0.0355, update 2.50 s, wall 1791152481.4
exact step 2142: answers scored 8, mean expected reward 10.290, kl coef 0.0355, update 2.46 s, wall 1791152484.5
exact step 2143: answers scored 8, mean expected reward 9.893, kl coef 0.0355, update 2.46 s, wall 1791152487.6
exact step 2144: answers scored 8, mean expected reward 9.229, kl coef 0.0355, update 2.62 s, wall 1791152490.7
exact step 2145: answers scored 8, mean expected reward 10.566, kl coef 0.0355, update 2.56 s, wall 1791152493.8
exact step 2146: answers scored 8, mean expected reward 9.975, kl coef 0.0355, update 2.48 s, wall 1791152497.1
exact step 2147: answers scored 8, mean expected reward 10.403, kl coef 0.0355, update 2.47 s, wall 1791152500.4
exact step 2148: answers scored 8, mean expected reward 9.965, kl coef 0.0355, update 2.52 s, wall 1791152503.4
exact step 2149: answers scored 8, mean expected reward 10.207, kl coef 0.0355, update 2.59 s, wall 1791152508.2
exact step 2150: answers scored 8, mean expected reward 9.840, kl coef 0.0354, update 2.47 s, wall 1791152511.2
exact step 2151: answers scored 8, mean expected reward 9.706, kl coef 0.0354, update 2.46 s, wall 1791152514.6
exact step 2152: answers scored 8, mean expected reward 9.906, kl coef 0.0354, update 2.48 s, wall 1791152518.5
exact step 2153: answers scored 8, mean expected reward 8.589, kl coef 0.0354, update 2.55 s, wall 1791152521.7
exact step 2154: answers scored 8, mean expected reward 10.171, kl coef 0.0354, update 2.51 s, wall 1791152528.5
exact step 2155: answers scored 8, mean expected reward 10.231, kl coef 0.0354, update 2.48 s, wall 1791152531.6
exact step 2156: answers scored 8, mean expected reward 9.550, kl coef 0.0354, update 2.50 s, wall 1791152535.8
exact step 2157: answers scored 8, mean expected reward 9.280, kl coef 0.0354, update 2.51 s, wall 1791152539.3
exact step 2158: answers scored 7, mean expected reward 10.717, kl coef 0.0354, update 2.59 s, wall 1791152543.6
exact step 2159: answers scored 8, mean expected reward 10.077, kl coef 0.0354, update 2.50 s, wall 1791152546.6
exact step 2160: answers scored 8, mean expected reward 8.930, kl coef 0.0354, update 2.47 s, wall 1791152549.6
exact step 2161: answers scored 8, mean expected reward 10.116, kl coef 0.0354, update 2.50 s, wall 1791152552.6
exact step 2162: answers scored 8, mean expected reward 9.978, kl coef 0.0354, update 2.52 s, wall 1791152555.7
exact step 2163: answers scored 8, mean expected reward 9.896, kl coef 0.0354, update 2.53 s, wall 1791152558.7
exact step 2164: answers scored 8, mean expected reward 9.405, kl coef 0.0354, update 2.53 s, wall 1791152562.8
exact step 2165: answers scored 8, mean expected reward 9.951, kl coef 0.0354, update 2.55 s, wall 1791152565.8
exact step 2166: answers scored 8, mean expected reward 10.031, kl coef 0.0354, update 2.54 s, wall 1791152568.9
exact step 2167: answers scored 8, mean expected reward 7.937, kl coef 0.0354, update 2.55 s, wall 1791152572.1
exact step 2168: answers scored 8, mean expected reward 9.053, kl coef 0.0353, update 2.60 s, wall 1791152575.4
exact step 2169: answers scored 8, mean expected reward 10.581, kl coef 0.0353, update 2.59 s, wall 1791152578.5
exact step 2170: answers scored 8, mean expected reward 9.021, kl coef 0.0353, update 2.53 s, wall 1791152581.6
exact step 2171: answers scored 8, mean expected reward 9.420, kl coef 0.0353, update 2.55 s, wall 1791152584.7
exact step 2172: answers scored 8, mean expected reward 8.971, kl coef 0.0353, update 2.53 s, wall 1791152587.8
exact step 2173: answers scored 8, mean expected reward 10.153, kl coef 0.0353, update 2.62 s, wall 1791152592.0
exact step 2174: answers scored 8, mean expected reward 9.618, kl coef 0.0353, update 2.53 s, wall 1791152595.1
exact step 2175: answers scored 8, mean expected reward 9.569, kl coef 0.0353, update 2.57 s, wall 1791152598.3
exact step 2176: answers scored 8, mean expected reward 9.113, kl coef 0.0353, update 2.64 s, wall 1791152601.4
exact step 2177: answers scored 8, mean expected reward 8.909, kl coef 0.0353, update 2.66 s, wall 1791152604.5
exact step 2178: answers scored 8, mean expected reward 9.560, kl coef 0.0353, update 2.53 s, wall 1791152607.7
exact step 2179: answers scored 8, mean expected reward 8.403, kl coef 0.0353, update 2.55 s, wall 1791152610.8
exact step 2180: answers scored 8, mean expected reward 9.337, kl coef 0.0353, update 2.55 s, wall 1791152614.0
exact step 2181: answers scored 8, mean expected reward 8.045, kl coef 0.0353, update 2.63 s, wall 1791152617.1
exact step 2182: answers scored 8, mean expected reward 8.597, kl coef 0.0353, update 2.63 s, wall 1791152620.3
exact step 2183: answers scored 8, mean expected reward 9.619, kl coef 0.0353, update 2.66 s, wall 1791152623.7
exact step 2184: answers scored 8, mean expected reward 9.190, kl coef 0.0353, update 2.63 s, wall 1791152626.8
exact step 2185: answers scored 8, mean expected reward 10.021, kl coef 0.0352, update 2.65 s, wall 1791152630.1
exact step 2186: answers scored 8, mean expected reward 10.194, kl coef 0.0352, update 2.65 s, wall 1791152634.2
exact step 2187: answers scored 8, mean expected reward 9.484, kl coef 0.0352, update 2.62 s, wall 1791152637.4
exact step 2188: answers scored 8, mean expected reward 9.643, kl coef 0.0352, update 2.82 s, wall 1791152640.8
exact step 2189: answers scored 8, mean expected reward 9.724, kl coef 0.0352, update 2.59 s, wall 1791152644.0
exact step 2190: answers scored 8, mean expected reward 9.906, kl coef 0.0352, update 2.57 s, wall 1791152647.1
exact step 2191: answers scored 8, mean expected reward 9.745, kl coef 0.0352, update 2.60 s, wall 1791152650.2
exact step 2192: answers scored 8, mean expected reward 9.569, kl coef 0.0352, update 2.57 s, wall 1791152654.0
exact step 2193: answers scored 8, mean expected reward 10.068, kl coef 0.0352, update 2.60 s, wall 1791152657.1
exact step 2194: answers scored 8, mean expected reward 9.515, kl coef 0.0352, update 2.63 s, wall 1791152661.6
exact step 2195: answers scored 8, mean expected reward 10.423, kl coef 0.0352, update 2.57 s, wall 1791152664.8
exact step 2196: answers scored 8, mean expected reward 9.220, kl coef 0.0352, update 2.55 s, wall 1791152668.4
exact step 2197: answers scored 8, mean expected reward 9.451, kl coef 0.0352, update 2.56 s, wall 1791152671.5
exact step 2198: answers scored 8, mean expected reward 9.786, kl coef 0.0352, update 2.64 s, wall 1791152674.8
checkpoint at step 2200 (1.2 s)
exact step 2199: answers scored 8, mean expected reward 9.788, kl coef 0.0352, update 3.83 s, wall 1791152679.1
exact step 2200: answers scored 8, mean expected reward 10.358, kl coef 0.0352, update 2.58 s, wall 1791152683.2
exact step 2201: answers scored 8, mean expected reward 10.873, kl coef 0.0352, update 2.58 s, wall 1791152687.4
exact step 2202: answers scored 8, mean expected reward 9.450, kl coef 0.0352, update 2.54 s, wall 1791152690.4
exact step 2203: answers scored 8, mean expected reward 8.453, kl coef 0.0351, update 2.55 s, wall 1791152693.7
exact step 2204: answers scored 8, mean expected reward 10.621, kl coef 0.0351, update 2.56 s, wall 1791152696.8
exact step 2205: answers scored 7, mean expected reward 9.506, kl coef 0.0351, update 2.56 s, wall 1791152701.9
exact step 2206: answers scored 8, mean expected reward 10.083, kl coef 0.0351, update 2.59 s, wall 1791152705.1
exact step 2207: answers scored 8, mean expected reward 8.959, kl coef 0.0351, update 2.58 s, wall 1791152708.2
exact step 2208: answers scored 8, mean expected reward 9.621, kl coef 0.0351, update 2.60 s, wall 1791152711.4
exact step 2209: answers scored 8, mean expected reward 9.794, kl coef 0.0351, update 2.60 s, wall 1791152714.8
exact step 2210: answers scored 8, mean expected reward 8.636, kl coef 0.0351, update 2.59 s, wall 1791152717.9
exact step 2211: answers scored 8, mean expected reward 9.112, kl coef 0.0351, update 2.59 s, wall 1791152721.0
exact step 2212: answers scored 8, mean expected reward 8.924, kl coef 0.0351, update 2.56 s, wall 1791152724.2
exact step 2213: answers scored 8, mean expected reward 10.207, kl coef 0.0351, update 2.54 s, wall 1791152727.2
exact step 2214: answers scored 8, mean expected reward 9.658, kl coef 0.0351, update 2.55 s, wall 1791152730.6
exact step 2215: answers scored 8, mean expected reward 9.388, kl coef 0.0351, update 2.55 s, wall 1791152733.7
exact step 2216: answers scored 8, mean expected reward 9.845, kl coef 0.0351, update 2.56 s, wall 1791152737.1
exact step 2217: answers scored 8, mean expected reward 10.135, kl coef 0.0351, update 2.55 s, wall 1791152740.2
exact step 2218: answers scored 8, mean expected reward 9.945, kl coef 0.0351, update 2.56 s, wall 1791152743.3
exact step 2219: answers scored 8, mean expected reward 9.576, kl coef 0.0351, update 2.54 s, wall 1791152746.4
exact step 2220: answers scored 8, mean expected reward 9.469, kl coef 0.0351, update 2.52 s, wall 1791152749.5
exact step 2221: answers scored 8, mean expected reward 10.130, kl coef 0.0350, update 2.56 s, wall 1791152752.6
exact step 2222: answers scored 8, mean expected reward 9.701, kl coef 0.0350, update 2.54 s, wall 1791152756.1
exact step 2223: answers scored 8, mean expected reward 9.694, kl coef 0.0350, update 2.54 s, wall 1791152760.1
exact step 2224: answers scored 8, mean expected reward 9.729, kl coef 0.0350, update 2.55 s, wall 1791152765.6
exact step 2225: answers scored 8, mean expected reward 10.358, kl coef 0.0350, update 2.56 s, wall 1791152768.7
exact step 2226: answers scored 8, mean expected reward 9.267, kl coef 0.0350, update 2.56 s, wall 1791152771.8
exact step 2227: answers scored 8, mean expected reward 10.534, kl coef 0.0350, update 2.56 s, wall 1791152775.0
exact step 2228: answers scored 8, mean expected reward 10.057, kl coef 0.0350, update 2.58 s, wall 1791152778.7
exact step 2229: answers scored 8, mean expected reward 10.037, kl coef 0.0350, update 2.54 s, wall 1791152782.5
exact step 2230: answers scored 8, mean expected reward 9.321, kl coef 0.0350, update 2.53 s, wall 1791152785.7
exact step 2231: answers scored 8, mean expected reward 10.676, kl coef 0.0350, update 2.54 s, wall 1791152789.6
exact step 2232: answers scored 8, mean expected reward 10.242, kl coef 0.0350, update 2.54 s, wall 1791152792.6
exact step 2233: answers scored 7, mean expected reward 9.658, kl coef 0.0350, update 2.53 s, wall 1791152796.0
exact step 2234: answers scored 8, mean expected reward 10.474, kl coef 0.0350, update 2.53 s, wall 1791152799.3
exact step 2235: answers scored 8, mean expected reward 10.218, kl coef 0.0350, update 2.52 s, wall 1791152803.0
exact step 2236: answers scored 8, mean expected reward 10.119, kl coef 0.0350, update 2.54 s, wall 1791152806.1
exact step 2237: answers scored 8, mean expected reward 9.399, kl coef 0.0350, update 2.66 s, wall 1791152809.5
exact step 2238: answers scored 8, mean expected reward 9.544, kl coef 0.0350, update 2.66 s, wall 1791152813.3
exact step 2239: answers scored 8, mean expected reward 10.538, kl coef 0.0349, update 2.65 s, wall 1791152816.6
exact step 2240: answers scored 8, mean expected reward 9.604, kl coef 0.0349, update 2.59 s, wall 1791152819.7
exact step 2241: answers scored 8, mean expected reward 9.794, kl coef 0.0349, update 2.68 s, wall 1791152823.4
exact step 2242: answers scored 8, mean expected reward 7.605, kl coef 0.0349, update 2.66 s, wall 1791152826.5
exact step 2243: answers scored 8, mean expected reward 10.967, kl coef 0.0349, update 2.68 s, wall 1791152829.8
exact step 2244: answers scored 8, mean expected reward 9.142, kl coef 0.0349, update 2.68 s, wall 1791152833.7
exact step 2245: answers scored 8, mean expected reward 9.012, kl coef 0.0349, update 2.64 s, wall 1791152837.0
exact step 2246: answers scored 8, mean expected reward 8.873, kl coef 0.0349, update 2.60 s, wall 1791152840.1
exact step 2247: answers scored 8, mean expected reward 9.421, kl coef 0.0349, update 2.64 s, wall 1791152843.3
exact step 2248: answers scored 8, mean expected reward 9.508, kl coef 0.0349, update 2.56 s, wall 1791152846.4
exact step 2249: answers scored 8, mean expected reward 9.781, kl coef 0.0349, update 2.61 s, wall 1791152849.6
exact step 2250: answers scored 8, mean expected reward 10.085, kl coef 0.0349, update 2.65 s, wall 1791152852.8
exact step 2251: answers scored 8, mean expected reward 9.190, kl coef 0.0349, update 2.66 s, wall 1791152856.1
exact step 2252: answers scored 8, mean expected reward 9.752, kl coef 0.0349, update 2.76 s, wall 1791152861.9
exact step 2253: answers scored 7, mean expected reward 10.481, kl coef 0.0349, update 2.57 s, wall 1791152866.2
exact step 2254: answers scored 8, mean expected reward 10.163, kl coef 0.0349, update 2.52 s, wall 1791152869.6
exact step 2255: answers scored 8, mean expected reward 9.575, kl coef 0.0349, update 2.52 s, wall 1791152872.6
exact step 2256: answers scored 8, mean expected reward 9.572, kl coef 0.0349, update 2.61 s, wall 1791152875.8
exact step 2257: answers scored 8, mean expected reward 10.100, kl coef 0.0348, update 2.61 s, wall 1791152878.8
exact step 2258: answers scored 8, mean expected reward 9.120, kl coef 0.0348, update 2.62 s, wall 1791152883.8
exact step 2259: answers scored 8, mean expected reward 10.144, kl coef 0.0348, update 2.59 s, wall 1791152886.9
exact step 2260: answers scored 7, mean expected reward 9.993, kl coef 0.0348, update 2.54 s, wall 1791152891.6
exact step 2261: answers scored 8, mean expected reward 9.634, kl coef 0.0348, update 2.59 s, wall 1791152896.1
exact step 2262: answers scored 8, mean expected reward 9.839, kl coef 0.0348, update 2.57 s, wall 1791152899.5
exact step 2263: answers scored 8, mean expected reward 9.916, kl coef 0.0348, update 2.67 s, wall 1791152902.7
exact step 2264: answers scored 8, mean expected reward 8.634, kl coef 0.0348, update 2.58 s, wall 1791152905.8
exact step 2265: answers scored 8, mean expected reward 9.954, kl coef 0.0348, update 2.55 s, wall 1791152908.7
exact step 2266: answers scored 8, mean expected reward 8.682, kl coef 0.0348, update 2.55 s, wall 1791152911.8
exact step 2267: answers scored 8, mean expected reward 9.812, kl coef 0.0348, update 2.53 s, wall 1791152914.9
exact step 2268: answers scored 8, mean expected reward 9.716, kl coef 0.0348, update 2.54 s, wall 1791152918.0
exact step 2269: answers scored 8, mean expected reward 9.756, kl coef 0.0348, update 2.55 s, wall 1791152921.0
exact step 2270: answers scored 8, mean expected reward 9.653, kl coef 0.0348, update 2.59 s, wall 1791152925.8
exact step 2271: answers scored 8, mean expected reward 9.515, kl coef 0.0348, update 2.55 s, wall 1791152929.1
exact step 2272: answers scored 8, mean expected reward 10.573, kl coef 0.0348, update 2.76 s, wall 1791152933.2
exact step 2273: answers scored 7, mean expected reward 9.432, kl coef 0.0348, update 2.55 s, wall 1791152936.6
exact step 2274: answers scored 8, mean expected reward 9.814, kl coef 0.0348, update 2.55 s, wall 1791152941.6
exact step 2275: answers scored 8, mean expected reward 9.259, kl coef 0.0347, update 2.59 s, wall 1791152951.4
exact step 2276: answers scored 8, mean expected reward 10.263, kl coef 0.0347, update 2.54 s, wall 1791152955.7
exact step 2277: answers scored 8, mean expected reward 9.881, kl coef 0.0347, update 2.82 s, wall 1791152959.4
exact step 2278: answers scored 8, mean expected reward 9.476, kl coef 0.0347, update 2.53 s, wall 1791152962.4
exact step 2279: answers scored 8, mean expected reward 9.153, kl coef 0.0347, update 2.53 s, wall 1791152965.4
exact step 2280: answers scored 8, mean expected reward 8.522, kl coef 0.0347, update 2.56 s, wall 1791152968.6
exact step 2281: answers scored 8, mean expected reward 10.473, kl coef 0.0347, update 2.55 s, wall 1791152971.8
exact step 2282: answers scored 8, mean expected reward 10.787, kl coef 0.0347, update 2.61 s, wall 1791152974.9
exact step 2283: answers scored 8, mean expected reward 9.177, kl coef 0.0347, update 2.58 s, wall 1791152978.0
exact step 2284: answers scored 7, mean expected reward 9.168, kl coef 0.0347, update 2.52 s, wall 1791152982.0
exact step 2285: answers scored 8, mean expected reward 8.352, kl coef 0.0347, update 2.56 s, wall 1791152985.1
exact step 2286: answers scored 7, mean expected reward 11.081, kl coef 0.0347, update 2.51 s, wall 1791152992.4
exact step 2287: answers scored 8, mean expected reward 11.394, kl coef 0.0347, update 2.57 s, wall 1791152995.5
exact step 2288: answers scored 8, mean expected reward 10.016, kl coef 0.0347, update 2.55 s, wall 1791152999.3
exact step 2289: answers scored 8, mean expected reward 10.128, kl coef 0.0347, update 2.55 s, wall 1791153002.3
exact step 2290: answers scored 8, mean expected reward 9.725, kl coef 0.0347, update 2.57 s, wall 1791153005.4
exact step 2291: answers scored 8, mean expected reward 9.467, kl coef 0.0347, update 2.58 s, wall 1791153008.6
exact step 2292: answers scored 8, mean expected reward 9.129, kl coef 0.0347, update 2.54 s, wall 1791153011.6
exact step 2293: answers scored 8, mean expected reward 9.607, kl coef 0.0346, update 2.53 s, wall 1791153015.1
exact step 2294: answers scored 8, mean expected reward 9.656, kl coef 0.0346, update 2.56 s, wall 1791153018.2
exact step 2295: answers scored 8, mean expected reward 9.255, kl coef 0.0346, update 2.59 s, wall 1791153021.7
exact step 2296: answers scored 8, mean expected reward 9.238, kl coef 0.0346, update 2.78 s, wall 1791153027.9
exact step 2297: answers scored 8, mean expected reward 9.867, kl coef 0.0346, update 2.54 s, wall 1791153030.9
exact step 2298: answers scored 8, mean expected reward 9.845, kl coef 0.0346, update 2.55 s, wall 1791153033.9
exact step 2299: answers scored 8, mean expected reward 9.079, kl coef 0.0346, update 2.56 s, wall 1791153037.0
exact step 2300: answers scored 7, mean expected reward 9.813, kl coef 0.0346, update 2.61 s, wall 1791153040.6
exact step 2301: answers scored 8, mean expected reward 10.544, kl coef 0.0346, update 2.59 s, wall 1791153043.8
exact step 2302: answers scored 8, mean expected reward 7.520, kl coef 0.0346, update 2.59 s, wall 1791153047.0
exact step 2303: answers scored 8, mean expected reward 8.873, kl coef 0.0346, update 2.57 s, wall 1791153050.8
exact step 2304: answers scored 8, mean expected reward 9.198, kl coef 0.0346, update 2.55 s, wall 1791153054.0
exact step 2305: answers scored 8, mean expected reward 9.790, kl coef 0.0346, update 2.49 s, wall 1791153057.4
exact step 2306: answers scored 8, mean expected reward 9.185, kl coef 0.0346, update 2.48 s, wall 1791153060.5
exact step 2307: answers scored 8, mean expected reward 9.743, kl coef 0.0346, update 2.48 s, wall 1791153063.4
exact step 2308: answers scored 8, mean expected reward 9.518, kl coef 0.0346, update 2.50 s, wall 1791153066.7
exact step 2309: answers scored 8, mean expected reward 10.123, kl coef 0.0346, update 2.45 s, wall 1791153069.7
exact step 2310: answers scored 8, mean expected reward 10.105, kl coef 0.0346, update 2.49 s, wall 1791153072.9
exact step 2311: answers scored 8, mean expected reward 8.860, kl coef 0.0345, update 2.46 s, wall 1791153075.8
exact step 2312: answers scored 8, mean expected reward 10.075, kl coef 0.0345, update 2.46 s, wall 1791153079.1
exact step 2313: answers scored 8, mean expected reward 10.618, kl coef 0.0345, update 2.49 s, wall 1791153082.0
exact step 2314: answers scored 8, mean expected reward 9.883, kl coef 0.0345, update 2.49 s, wall 1791153085.0
exact step 2315: answers scored 7, mean expected reward 9.695, kl coef 0.0345, update 2.53 s, wall 1791153088.8
exact step 2316: answers scored 8, mean expected reward 9.589, kl coef 0.0345, update 2.49 s, wall 1791153092.4
exact step 2317: answers scored 7, mean expected reward 10.097, kl coef 0.0345, update 2.47 s, wall 1791153096.2
exact step 2318: answers scored 8, mean expected reward 10.047, kl coef 0.0345, update 2.46 s, wall 1791153099.2
exact step 2319: answers scored 8, mean expected reward 8.591, kl coef 0.0345, update 2.47 s, wall 1791153102.3
exact step 2320: answers scored 7, mean expected reward 10.174, kl coef 0.0345, update 2.45 s, wall 1791153105.3
exact step 2321: answers scored 8, mean expected reward 10.225, kl coef 0.0345, update 2.48 s, wall 1791153108.4
exact step 2322: answers scored 8, mean expected reward 9.071, kl coef 0.0345, update 2.47 s, wall 1791153111.3
exact step 2323: answers scored 7, mean expected reward 10.301, kl coef 0.0345, update 2.47 s, wall 1791153114.3
exact step 2324: answers scored 8, mean expected reward 9.593, kl coef 0.0345, update 2.70 s, wall 1791153117.5
exact step 2325: answers scored 7, mean expected reward 10.067, kl coef 0.0345, update 2.45 s, wall 1791153122.3
exact step 2326: answers scored 8, mean expected reward 9.923, kl coef 0.0345, update 2.47 s, wall 1791153125.6
exact step 2327: answers scored 8, mean expected reward 9.123, kl coef 0.0345, update 2.48 s, wall 1791153128.6
exact step 2328: answers scored 8, mean expected reward 9.511, kl coef 0.0345, update 2.57 s, wall 1791153131.7
exact step 2329: answers scored 8, mean expected reward 9.542, kl coef 0.0344, update 2.51 s, wall 1791153135.9
exact step 2330: answers scored 8, mean expected reward 10.345, kl coef 0.0344, update 2.46 s, wall 1791153138.9
exact step 2331: answers scored 8, mean expected reward 11.095, kl coef 0.0344, update 2.45 s, wall 1791153141.9
exact step 2332: answers scored 7, mean expected reward 10.051, kl coef 0.0344, update 2.45 s, wall 1791153144.9
exact step 2333: answers scored 8, mean expected reward 8.954, kl coef 0.0344, update 2.49 s, wall 1791153147.9
exact step 2334: answers scored 8, mean expected reward 10.147, kl coef 0.0344, update 2.50 s, wall 1791153153.2
exact step 2335: answers scored 8, mean expected reward 9.544, kl coef 0.0344, update 2.53 s, wall 1791153163.1
exact step 2336: answers scored 8, mean expected reward 10.459, kl coef 0.0344, update 2.48 s, wall 1791153167.1
exact step 2337: answers scored 7, mean expected reward 10.224, kl coef 0.0344, update 2.50 s, wall 1791153171.1
exact step 2338: answers scored 8, mean expected reward 9.287, kl coef 0.0344, update 2.48 s, wall 1791153174.0
exact step 2339: answers scored 8, mean expected reward 9.763, kl coef 0.0344, update 2.46 s, wall 1791153177.1
exact step 2340: answers scored 8, mean expected reward 9.982, kl coef 0.0344, update 2.46 s, wall 1791153180.1
exact step 2341: answers scored 8, mean expected reward 9.114, kl coef 0.0344, update 2.46 s, wall 1791153183.0
exact step 2342: answers scored 8, mean expected reward 9.822, kl coef 0.0344, update 2.45 s, wall 1791153186.0
exact step 2343: answers scored 8, mean expected reward 8.874, kl coef 0.0344, update 2.50 s, wall 1791153189.2
exact step 2344: answers scored 8, mean expected reward 10.187, kl coef 0.0344, update 2.51 s, wall 1791153192.6
exact step 2345: answers scored 8, mean expected reward 9.596, kl coef 0.0344, update 2.54 s, wall 1791153195.6
exact step 2346: answers scored 8, mean expected reward 9.838, kl coef 0.0344, update 2.46 s, wall 1791153199.4
exact step 2347: answers scored 8, mean expected reward 9.160, kl coef 0.0343, update 2.47 s, wall 1791153202.7
exact step 2348: answers scored 7, mean expected reward 9.291, kl coef 0.0343, update 2.45 s, wall 1791153207.0
exact step 2349: answers scored 8, mean expected reward 9.493, kl coef 0.0343, update 2.48 s, wall 1791153210.2
exact step 2350: answers scored 8, mean expected reward 8.688, kl coef 0.0343, update 2.46 s, wall 1791153213.2
exact step 2351: answers scored 8, mean expected reward 9.519, kl coef 0.0343, update 2.48 s, wall 1791153217.9
exact step 2352: answers scored 8, mean expected reward 10.510, kl coef 0.0343, update 2.52 s, wall 1791153221.0
exact step 2353: answers scored 8, mean expected reward 10.686, kl coef 0.0343, update 2.50 s, wall 1791153224.0
exact step 2354: answers scored 8, mean expected reward 9.095, kl coef 0.0343, update 2.47 s, wall 1791153227.0
exact step 2355: answers scored 8, mean expected reward 9.289, kl coef 0.0343, update 2.48 s, wall 1791153230.0
exact step 2356: answers scored 6, mean expected reward 9.769, kl coef 0.0343, update 2.46 s, wall 1791153234.6
exact step 2357: answers scored 8, mean expected reward 9.637, kl coef 0.0343, update 2.48 s, wall 1791153237.8
exact step 2358: answers scored 8, mean expected reward 10.264, kl coef 0.0343, update 2.49 s, wall 1791153240.8
exact step 2359: answers scored 8, mean expected reward 10.614, kl coef 0.0343, update 2.51 s, wall 1791153243.8
exact step 2360: answers scored 8, mean expected reward 9.350, kl coef 0.0343, update 2.63 s, wall 1791153247.4
exact step 2361: answers scored 8, mean expected reward 9.863, kl coef 0.0343, update 2.48 s, wall 1791153250.4
exact step 2362: answers scored 8, mean expected reward 10.696, kl coef 0.0343, update 2.46 s, wall 1791153253.4
exact step 2363: answers scored 8, mean expected reward 9.222, kl coef 0.0343, update 2.46 s, wall 1791153256.3
exact step 2364: answers scored 8, mean expected reward 10.957, kl coef 0.0343, update 2.47 s, wall 1791153259.5
exact step 2365: answers scored 8, mean expected reward 9.447, kl coef 0.0342, update 2.46 s, wall 1791153262.6
exact step 2366: answers scored 8, mean expected reward 7.913, kl coef 0.0342, update 2.48 s, wall 1791153266.0
exact step 2367: answers scored 8, mean expected reward 9.083, kl coef 0.0342, update 2.52 s, wall 1791153269.2
exact step 2368: answers scored 8, mean expected reward 8.918, kl coef 0.0342, update 2.46 s, wall 1791153272.1
exact step 2369: answers scored 8, mean expected reward 9.299, kl coef 0.0342, update 2.48 s, wall 1791153276.2
exact step 2370: answers scored 8, mean expected reward 10.323, kl coef 0.0342, update 2.48 s, wall 1791153279.5
exact step 2371: answers scored 8, mean expected reward 9.698, kl coef 0.0342, update 2.47 s, wall 1791153282.6
exact step 2372: answers scored 8, mean expected reward 10.398, kl coef 0.0342, update 2.47 s, wall 1791153285.9
exact step 2373: answers scored 8, mean expected reward 10.285, kl coef 0.0342, update 2.47 s, wall 1791153288.8
exact step 2374: answers scored 7, mean expected reward 9.545, kl coef 0.0342, update 2.52 s, wall 1791153294.7
exact step 2375: answers scored 8, mean expected reward 10.014, kl coef 0.0342, update 2.46 s, wall 1791153298.4
exact step 2376: answers scored 8, mean expected reward 9.625, kl coef 0.0342, update 2.47 s, wall 1791153301.3
exact step 2377: answers scored 8, mean expected reward 9.481, kl coef 0.0342, update 2.52 s, wall 1791153309.0
exact step 2378: answers scored 8, mean expected reward 9.930, kl coef 0.0342, update 2.48 s, wall 1791153312.1
exact step 2379: answers scored 8, mean expected reward 10.300, kl coef 0.0342, update 2.50 s, wall 1791153316.1
exact step 2380: answers scored 8, mean expected reward 10.940, kl coef 0.0342, update 2.48 s, wall 1791153319.6
exact step 2381: answers scored 8, mean expected reward 10.527, kl coef 0.0342, update 2.46 s, wall 1791153322.6
exact step 2382: answers scored 8, mean expected reward 9.772, kl coef 0.0342, update 2.50 s, wall 1791153327.1
exact step 2383: answers scored 7, mean expected reward 10.098, kl coef 0.0342, update 2.44 s, wall 1791153330.3
exact step 2384: answers scored 8, mean expected reward 9.654, kl coef 0.0341, update 2.46 s, wall 1791153333.3
exact step 2385: answers scored 8, mean expected reward 9.453, kl coef 0.0341, update 2.57 s, wall 1791153340.6
exact step 2386: answers scored 8, mean expected reward 8.950, kl coef 0.0341, update 2.52 s, wall 1791153344.1
exact step 2387: answers scored 8, mean expected reward 10.961, kl coef 0.0341, update 2.52 s, wall 1791153347.3
exact step 2388: answers scored 8, mean expected reward 8.069, kl coef 0.0341, update 2.69 s, wall 1791153350.5
exact step 2389: answers scored 8, mean expected reward 9.771, kl coef 0.0341, update 2.53 s, wall 1791153355.6
exact step 2390: answers scored 8, mean expected reward 10.442, kl coef 0.0341, update 2.51 s, wall 1791153358.6
exact step 2391: answers scored 8, mean expected reward 10.310, kl coef 0.0341, update 2.51 s, wall 1791153362.5
exact step 2392: answers scored 8, mean expected reward 9.976, kl coef 0.0341, update 2.51 s, wall 1791153365.7
exact step 2393: answers scored 8, mean expected reward 9.827, kl coef 0.0341, update 2.54 s, wall 1791153370.0
exact step 2394: answers scored 8, mean expected reward 9.376, kl coef 0.0341, update 2.52 s, wall 1791153373.0
exact step 2395: answers scored 8, mean expected reward 9.085, kl coef 0.0341, update 2.54 s, wall 1791153376.6
exact step 2396: answers scored 8, mean expected reward 10.033, kl coef 0.0341, update 2.55 s, wall 1791153379.7
exact step 2397: answers scored 8, mean expected reward 8.644, kl coef 0.0341, update 2.70 s, wall 1791153382.9
exact step 2398: answers scored 8, mean expected reward 9.122, kl coef 0.0341, update 2.69 s, wall 1791153386.2
checkpoint at step 2400 (0.9 s)
exact step 2399: answers scored 8, mean expected reward 9.168, kl coef 0.0341, update 3.81 s, wall 1791153390.5
exact step 2400: answers scored 8, mean expected reward 9.914, kl coef 0.0341, update 2.51 s, wall 1791153393.6
exact step 2401: answers scored 8, mean expected reward 8.996, kl coef 0.0341, update 2.50 s, wall 1791153398.5
exact step 2402: answers scored 8, mean expected reward 10.290, kl coef 0.0340, update 2.59 s, wall 1791153403.1
exact step 2403: answers scored 8, mean expected reward 9.905, kl coef 0.0340, update 2.55 s, wall 1791153406.3
exact step 2404: answers scored 8, mean expected reward 9.339, kl coef 0.0340, update 2.53 s, wall 1791153409.4
exact step 2405: answers scored 7, mean expected reward 9.545, kl coef 0.0340, update 2.48 s, wall 1791153413.9
exact step 2406: answers scored 8, mean expected reward 9.738, kl coef 0.0340, update 2.54 s, wall 1791153417.0
exact step 2407: answers scored 8, mean expected reward 9.513, kl coef 0.0340, update 2.50 s, wall 1791153420.1
exact step 2408: answers scored 8, mean expected reward 9.815, kl coef 0.0340, update 2.56 s, wall 1791153424.6
exact step 2409: answers scored 8, mean expected reward 9.823, kl coef 0.0340, update 2.55 s, wall 1791153427.8
exact step 2410: answers scored 8, mean expected reward 9.957, kl coef 0.0340, update 2.54 s, wall 1791153432.5
exact step 2411: answers scored 8, mean expected reward 9.439, kl coef 0.0340, update 2.54 s, wall 1791153435.6
exact step 2412: answers scored 8, mean expected reward 9.813, kl coef 0.0340, update 2.64 s, wall 1791153438.8
exact step 2413: answers scored 8, mean expected reward 10.221, kl coef 0.0340, update 2.59 s, wall 1791153442.1
exact step 2414: answers scored 8, mean expected reward 9.483, kl coef 0.0340, update 2.54 s, wall 1791153445.1
exact step 2415: answers scored 8, mean expected reward 9.809, kl coef 0.0340, update 2.55 s, wall 1791153448.2
exact step 2416: answers scored 8, mean expected reward 10.227, kl coef 0.0340, update 2.57 s, wall 1791153451.3
exact step 2417: answers scored 8, mean expected reward 9.655, kl coef 0.0340, update 2.56 s, wall 1791153455.5
exact step 2418: answers scored 8, mean expected reward 10.383, kl coef 0.0340, update 2.56 s, wall 1791153458.5
exact step 2419: answers scored 8, mean expected reward 10.327, kl coef 0.0340, update 2.56 s, wall 1791153461.6
exact step 2420: answers scored 8, mean expected reward 9.622, kl coef 0.0339, update 2.54 s, wall 1791153464.7
exact step 2421: answers scored 8, mean expected reward 9.903, kl coef 0.0339, update 2.54 s, wall 1791153468.2
exact step 2422: answers scored 8, mean expected reward 10.108, kl coef 0.0339, update 2.57 s, wall 1791153472.2
exact step 2423: answers scored 8, mean expected reward 9.057, kl coef 0.0339, update 2.65 s, wall 1791153475.3
exact step 2424: answers scored 8, mean expected reward 9.855, kl coef 0.0339, update 2.49 s, wall 1791153478.3
exact step 2425: answers scored 7, mean expected reward 10.182, kl coef 0.0339, update 2.49 s, wall 1791153483.9
exact step 2426: answers scored 8, mean expected reward 8.397, kl coef 0.0339, update 2.50 s, wall 1791153487.0
exact step 2427: answers scored 8, mean expected reward 9.302, kl coef 0.0339, update 2.46 s, wall 1791153490.0
exact step 2428: answers scored 8, mean expected reward 9.864, kl coef 0.0339, update 2.51 s, wall 1791153493.1
exact step 2429: answers scored 8, mean expected reward 8.512, kl coef 0.0339, update 2.47 s, wall 1791153496.6
exact step 2430: answers scored 7, mean expected reward 10.117, kl coef 0.0339, update 2.51 s, wall 1791153512.6
exact step 2431: answers scored 8, mean expected reward 8.746, kl coef 0.0339, update 2.51 s, wall 1791153515.7
exact step 2432: answers scored 8, mean expected reward 9.570, kl coef 0.0339, update 2.56 s, wall 1791153519.1
exact step 2433: answers scored 8, mean expected reward 8.969, kl coef 0.0339, update 2.58 s, wall 1791153522.2
exact step 2434: answers scored 8, mean expected reward 10.584, kl coef 0.0339, update 2.56 s, wall 1791153525.3
exact step 2435: answers scored 7, mean expected reward 9.380, kl coef 0.0339, update 2.54 s, wall 1791153529.2
exact step 2436: answers scored 8, mean expected reward 10.503, kl coef 0.0339, update 2.54 s, wall 1791153532.6
exact step 2437: answers scored 8, mean expected reward 9.630, kl coef 0.0339, update 2.56 s, wall 1791153535.8
exact step 2438: answers scored 8, mean expected reward 8.445, kl coef 0.0339, update 2.56 s, wall 1791153538.9
exact step 2439: answers scored 8, mean expected reward 9.137, kl coef 0.0338, update 2.54 s, wall 1791153542.8
exact step 2440: answers scored 8, mean expected reward 9.855, kl coef 0.0338, update 2.76 s, wall 1791153546.1
exact step 2441: answers scored 8, mean expected reward 9.452, kl coef 0.0338, update 2.55 s, wall 1791153549.2
exact step 2442: answers scored 8, mean expected reward 10.245, kl coef 0.0338, update 2.55 s, wall 1791153552.3
exact step 2443: answers scored 8, mean expected reward 9.809, kl coef 0.0338, update 2.54 s, wall 1791153555.5
exact step 2444: answers scored 8, mean expected reward 9.525, kl coef 0.0338, update 2.72 s, wall 1791153558.8
exact step 2445: answers scored 8, mean expected reward 9.722, kl coef 0.0338, update 3.22 s, wall 1791153562.9
exact step 2446: answers scored 8, mean expected reward 9.586, kl coef 0.0338, update 2.81 s, wall 1791153566.3
exact step 2447: answers scored 8, mean expected reward 9.023, kl coef 0.0338, update 2.99 s, wall 1791153570.0
exact step 2448: answers scored 7, mean expected reward 10.249, kl coef 0.0338, update 2.61 s, wall 1791153573.6
exact step 2449: answers scored 8, mean expected reward 9.830, kl coef 0.0338, update 2.65 s, wall 1791153576.7
exact step 2450: answers scored 8, mean expected reward 9.988, kl coef 0.0338, update 2.53 s, wall 1791153579.8
exact step 2451: answers scored 8, mean expected reward 9.810, kl coef 0.0338, update 2.55 s, wall 1791153582.9
exact step 2452: answers scored 8, mean expected reward 8.879, kl coef 0.0338, update 2.58 s, wall 1791153586.2
exact step 2453: answers scored 8, mean expected reward 8.670, kl coef 0.0338, update 2.56 s, wall 1791153589.1
exact step 2454: answers scored 8, mean expected reward 10.358, kl coef 0.0338, update 2.54 s, wall 1791153592.8
exact step 2455: answers scored 8, mean expected reward 9.585, kl coef 0.0338, update 2.53 s, wall 1791153595.8
exact step 2456: answers scored 8, mean expected reward 10.343, kl coef 0.0338, update 2.81 s, wall 1791153599.1
exact step 2457: answers scored 8, mean expected reward 9.910, kl coef 0.0337, update 2.66 s, wall 1791153602.4
exact step 2458: answers scored 8, mean expected reward 10.219, kl coef 0.0337, update 2.76 s, wall 1791153605.6
exact step 2459: answers scored 8, mean expected reward 10.208, kl coef 0.0337, update 2.52 s, wall 1791153609.0
exact step 2460: answers scored 7, mean expected reward 9.688, kl coef 0.0337, update 2.48 s, wall 1791153613.2
exact step 2461: answers scored 8, mean expected reward 9.579, kl coef 0.0337, update 2.52 s, wall 1791153616.7
exact step 2462: answers scored 8, mean expected reward 10.194, kl coef 0.0337, update 2.52 s, wall 1791153619.8
exact step 2463: answers scored 8, mean expected reward 9.770, kl coef 0.0337, update 2.50 s, wall 1791153622.9
exact step 2464: answers scored 8, mean expected reward 9.773, kl coef 0.0337, update 2.67 s, wall 1791153626.3
exact step 2465: answers scored 8, mean expected reward 9.683, kl coef 0.0337, update 2.55 s, wall 1791153629.3
exact step 2466: answers scored 8, mean expected reward 9.709, kl coef 0.0337, update 2.64 s, wall 1791153632.8
exact step 2467: answers scored 8, mean expected reward 10.027, kl coef 0.0337, update 2.73 s, wall 1791153636.4
exact step 2468: answers scored 8, mean expected reward 10.732, kl coef 0.0337, update 2.82 s, wall 1791153639.7
exact step 2469: answers scored 8, mean expected reward 9.555, kl coef 0.0337, update 3.45 s, wall 1791153644.5
exact step 2470: answers scored 8, mean expected reward 8.812, kl coef 0.0337, update 3.69 s, wall 1791153649.0
exact step 2471: answers scored 8, mean expected reward 9.927, kl coef 0.0337, update 3.51 s, wall 1791153653.3
exact step 2472: answers scored 8, mean expected reward 10.407, kl coef 0.0337, update 3.82 s, wall 1791153658.0
exact step 2473: answers scored 8, mean expected reward 9.311, kl coef 0.0337, update 3.17 s, wall 1791153663.1
exact step 2474: answers scored 8, mean expected reward 9.893, kl coef 0.0337, update 3.67 s, wall 1791153667.6
exact step 2475: answers scored 8, mean expected reward 8.781, kl coef 0.0337, update 3.42 s, wall 1791153672.2
exact step 2476: answers scored 8, mean expected reward 9.137, kl coef 0.0336, update 3.91 s, wall 1791153676.8
exact step 2477: answers scored 8, mean expected reward 9.253, kl coef 0.0336, update 4.06 s, wall 1791153682.1
exact step 2478: answers scored 8, mean expected reward 8.905, kl coef 0.0336, update 4.07 s, wall 1791153686.9
exact step 2479: answers scored 8, mean expected reward 10.320, kl coef 0.0336, update 3.53 s, wall 1791153691.3
exact step 2480: answers scored 8, mean expected reward 9.330, kl coef 0.0336, update 3.25 s, wall 1791153695.3
exact step 2481: answers scored 8, mean expected reward 9.211, kl coef 0.0336, update 3.39 s, wall 1791153700.1
exact step 2482: answers scored 8, mean expected reward 9.977, kl coef 0.0336, update 3.65 s, wall 1791153706.0
exact step 2483: answers scored 8, mean expected reward 8.712, kl coef 0.0336, update 4.06 s, wall 1791153712.4
exact step 2484: answers scored 8, mean expected reward 9.909, kl coef 0.0336, update 4.00 s, wall 1791153717.2
exact step 2485: answers scored 8, mean expected reward 10.014, kl coef 0.0336, update 3.52 s, wall 1791153721.4
exact step 2486: answers scored 8, mean expected reward 9.887, kl coef 0.0336, update 4.17 s, wall 1791153726.4
exact step 2487: answers scored 8, mean expected reward 9.143, kl coef 0.0336, update 3.42 s, wall 1791153731.5
exact step 2488: answers scored 8, mean expected reward 9.101, kl coef 0.0336, update 3.30 s, wall 1791153736.9
exact step 2489: answers scored 8, mean expected reward 10.282, kl coef 0.0336, update 2.58 s, wall 1791153740.2
exact step 2490: answers scored 8, mean expected reward 9.605, kl coef 0.0336, update 2.59 s, wall 1791153743.6
exact step 2491: answers scored 7, mean expected reward 8.871, kl coef 0.0336, update 2.45 s, wall 1791153748.5
exact step 2492: answers scored 8, mean expected reward 9.978, kl coef 0.0336, update 2.49 s, wall 1791153752.1
exact step 2493: answers scored 8, mean expected reward 9.365, kl coef 0.0336, update 2.47 s, wall 1791153755.1
exact step 2494: answers scored 8, mean expected reward 11.071, kl coef 0.0335, update 2.89 s, wall 1791153758.6
exact step 2495: answers scored 8, mean expected reward 9.426, kl coef 0.0335, update 2.85 s, wall 1791153762.1
exact step 2496: answers scored 8, mean expected reward 9.310, kl coef 0.0335, update 3.10 s, wall 1791153765.7
exact step 2497: answers scored 7, mean expected reward 10.088, kl coef 0.0335, update 3.40 s, wall 1791153772.8
exact step 2498: answers scored 8, mean expected reward 9.471, kl coef 0.0335, update 3.36 s, wall 1791153781.4
exact step 2499: answers scored 8, mean expected reward 9.443, kl coef 0.0335, update 4.78 s, wall 1791153787.0
exact step 2500: answers scored 8, mean expected reward 10.512, kl coef 0.0335, update 2.97 s, wall 1791153790.6
exact step 2501: answers scored 8, mean expected reward 9.511, kl coef 0.0335, update 3.03 s, wall 1791153794.7
exact step 2502: answers scored 8, mean expected reward 10.005, kl coef 0.0335, update 2.98 s, wall 1791153798.7
exact step 2503: answers scored 7, mean expected reward 9.271, kl coef 0.0335, update 2.85 s, wall 1791153805.8
exact step 2504: answers scored 8, mean expected reward 9.809, kl coef 0.0335, update 3.32 s, wall 1791153810.1
exact step 2505: answers scored 8, mean expected reward 10.584, kl coef 0.0335, update 3.05 s, wall 1791153814.3
exact step 2506: answers scored 8, mean expected reward 9.368, kl coef 0.0335, update 3.47 s, wall 1791153818.3
exact step 2507: answers scored 8, mean expected reward 10.207, kl coef 0.0335, update 3.40 s, wall 1791153822.8
exact step 2508: answers scored 8, mean expected reward 8.918, kl coef 0.0335, update 3.44 s, wall 1791153830.3
exact step 2509: answers scored 8, mean expected reward 8.747, kl coef 0.0335, update 3.43 s, wall 1791153834.5
exact step 2510: answers scored 8, mean expected reward 9.970, kl coef 0.0335, update 3.19 s, wall 1791153838.4
exact step 2511: answers scored 8, mean expected reward 10.130, kl coef 0.0335, update 2.96 s, wall 1791153842.1
exact step 2512: answers scored 8, mean expected reward 9.209, kl coef 0.0335, update 3.20 s, wall 1791153846.4
exact step 2513: answers scored 8, mean expected reward 9.095, kl coef 0.0334, update 3.01 s, wall 1791153850.1
exact step 2514: answers scored 8, mean expected reward 10.680, kl coef 0.0334, update 2.98 s, wall 1791153853.7
exact step 2515: answers scored 8, mean expected reward 10.433, kl coef 0.0334, update 3.39 s, wall 1791153859.9
exact step 2516: answers scored 8, mean expected reward 9.713, kl coef 0.0334, update 3.36 s, wall 1791153865.1
exact step 2517: answers scored 7, mean expected reward 9.152, kl coef 0.0334, update 3.33 s, wall 1791153871.5
exact step 2518: answers scored 8, mean expected reward 10.588, kl coef 0.0334, update 3.39 s, wall 1791153875.6
exact step 2519: answers scored 8, mean expected reward 10.094, kl coef 0.0334, update 3.67 s, wall 1791153879.9
exact step 2520: answers scored 8, mean expected reward 9.024, kl coef 0.0334, update 3.46 s, wall 1791153884.5
exact step 2521: answers scored 8, mean expected reward 9.291, kl coef 0.0334, update 3.08 s, wall 1791153889.0
exact step 2522: answers scored 8, mean expected reward 9.565, kl coef 0.0334, update 2.97 s, wall 1791153892.6
exact step 2523: answers scored 8, mean expected reward 10.569, kl coef 0.0334, update 3.03 s, wall 1791153896.2
exact step 2524: answers scored 8, mean expected reward 8.780, kl coef 0.0334, update 2.99 s, wall 1791153899.7
exact step 2525: answers scored 8, mean expected reward 7.485, kl coef 0.0334, update 3.16 s, wall 1791153903.6
exact step 2526: answers scored 8, mean expected reward 9.887, kl coef 0.0334, update 2.89 s, wall 1791153907.8
exact step 2527: answers scored 8, mean expected reward 8.775, kl coef 0.0334, update 2.93 s, wall 1791153911.3
exact step 2528: answers scored 8, mean expected reward 10.046, kl coef 0.0334, update 3.05 s, wall 1791153915.7
exact step 2529: answers scored 7, mean expected reward 10.306, kl coef 0.0334, update 2.97 s, wall 1791153921.7
exact step 2530: answers scored 8, mean expected reward 9.410, kl coef 0.0334, update 2.81 s, wall 1791153925.4
exact step 2531: answers scored 7, mean expected reward 8.844, kl coef 0.0334, update 2.55 s, wall 1791153929.1
exact step 2532: answers scored 8, mean expected reward 9.997, kl coef 0.0333, update 2.53 s, wall 1791153935.5
exact step 2533: answers scored 8, mean expected reward 11.066, kl coef 0.0333, update 2.54 s, wall 1791153939.5
exact step 2534: answers scored 8, mean expected reward 9.648, kl coef 0.0333, update 2.52 s, wall 1791153942.8
exact step 2535: answers scored 7, mean expected reward 10.281, kl coef 0.0333, update 2.49 s, wall 1791153947.8
exact step 2536: answers scored 7, mean expected reward 9.677, kl coef 0.0333, update 2.49 s, wall 1791153951.9
exact step 2537: answers scored 8, mean expected reward 10.027, kl coef 0.0333, update 2.52 s, wall 1791153954.9
exact step 2538: answers scored 8, mean expected reward 9.261, kl coef 0.0333, update 2.56 s, wall 1791153958.9
exact step 2539: answers scored 8, mean expected reward 9.551, kl coef 0.0333, update 2.84 s, wall 1791153962.2
exact step 2540: answers scored 6, mean expected reward 10.664, kl coef 0.0333, update 2.55 s, wall 1791153971.9
exact step 2541: answers scored 8, mean expected reward 10.119, kl coef 0.0333, update 2.55 s, wall 1791153975.0
exact step 2542: answers scored 8, mean expected reward 8.929, kl coef 0.0333, update 2.54 s, wall 1791153978.1
exact step 2543: answers scored 7, mean expected reward 9.477, kl coef 0.0333, update 2.60 s, wall 1791153981.7
exact step 2544: answers scored 8, mean expected reward 9.065, kl coef 0.0333, update 2.59 s, wall 1791153985.1
exact step 2545: answers scored 8, mean expected reward 9.402, kl coef 0.0333, update 2.55 s, wall 1791153989.1
exact step 2546: answers scored 8, mean expected reward 10.127, kl coef 0.0333, update 2.56 s, wall 1791153992.2
exact step 2547: answers scored 8, mean expected reward 9.661, kl coef 0.0333, update 2.60 s, wall 1791153995.3
exact step 2548: answers scored 8, mean expected reward 10.023, kl coef 0.0333, update 2.84 s, wall 1791153998.6
exact step 2549: answers scored 8, mean expected reward 9.327, kl coef 0.0333, update 2.58 s, wall 1791154002.7
exact step 2550: answers scored 8, mean expected reward 9.473, kl coef 0.0332, update 2.65 s, wall 1791154005.9
exact step 2551: answers scored 8, mean expected reward 9.664, kl coef 0.0332, update 2.63 s, wall 1791154009.0
exact step 2552: answers scored 7, mean expected reward 8.979, kl coef 0.0332, update 2.52 s, wall 1791154012.9
exact step 2553: answers scored 8, mean expected reward 10.019, kl coef 0.0332, update 2.63 s, wall 1791154016.1
exact step 2554: answers scored 8, mean expected reward 9.364, kl coef 0.0332, update 2.60 s, wall 1791154019.2
exact step 2555: answers scored 8, mean expected reward 8.649, kl coef 0.0332, update 2.59 s, wall 1791154022.4
exact step 2556: answers scored 8, mean expected reward 9.614, kl coef 0.0332, update 2.59 s, wall 1791154025.8
exact step 2557: answers scored 8, mean expected reward 9.384, kl coef 0.0332, update 2.67 s, wall 1791154029.0
exact step 2558: answers scored 8, mean expected reward 10.037, kl coef 0.0332, update 2.87 s, wall 1791154032.4
exact step 2559: answers scored 8, mean expected reward 9.836, kl coef 0.0332, update 2.68 s, wall 1791154035.7
exact step 2560: answers scored 8, mean expected reward 9.218, kl coef 0.0332, update 2.60 s, wall 1791154038.8
exact step 2561: answers scored 8, mean expected reward 9.196, kl coef 0.0332, update 2.58 s, wall 1791154042.1
exact step 2562: answers scored 7, mean expected reward 9.535, kl coef 0.0332, update 2.62 s, wall 1791154058.1
exact step 2563: answers scored 8, mean expected reward 8.660, kl coef 0.0332, update 2.60 s, wall 1791154061.3
exact step 2564: answers scored 8, mean expected reward 9.272, kl coef 0.0332, update 2.65 s, wall 1791154064.5
exact step 2565: answers scored 8, mean expected reward 8.994, kl coef 0.0332, update 2.73 s, wall 1791154067.8
exact step 2566: answers scored 8, mean expected reward 9.713, kl coef 0.0332, update 2.71 s, wall 1791154071.0
exact step 2567: answers scored 8, mean expected reward 9.433, kl coef 0.0332, update 2.64 s, wall 1791154075.4
exact step 2568: answers scored 8, mean expected reward 9.577, kl coef 0.0332, update 2.58 s, wall 1791154078.6
exact step 2569: answers scored 8, mean expected reward 9.763, kl coef 0.0331, update 2.59 s, wall 1791154081.7
exact step 2570: answers scored 8, mean expected reward 9.413, kl coef 0.0331, update 2.59 s, wall 1791154084.8
exact step 2571: answers scored 8, mean expected reward 9.916, kl coef 0.0331, update 2.60 s, wall 1791154087.9
exact step 2572: answers scored 8, mean expected reward 10.177, kl coef 0.0331, update 2.61 s, wall 1791154091.0
exact step 2573: answers scored 8, mean expected reward 9.463, kl coef 0.0331, update 2.56 s, wall 1791154094.1
exact step 2574: answers scored 8, mean expected reward 8.646, kl coef 0.0331, update 2.60 s, wall 1791154097.2
exact step 2575: answers scored 8, mean expected reward 10.476, kl coef 0.0331, update 2.60 s, wall 1791154100.2
exact step 2576: answers scored 8, mean expected reward 9.932, kl coef 0.0331, update 2.55 s, wall 1791154103.3
exact step 2577: answers scored 8, mean expected reward 9.778, kl coef 0.0331, update 2.81 s, wall 1791154106.7
exact step 2578: answers scored 8, mean expected reward 9.233, kl coef 0.0331, update 2.55 s, wall 1791154109.9
exact step 2579: answers scored 8, mean expected reward 9.857, kl coef 0.0331, update 2.55 s, wall 1791154112.9
exact step 2580: answers scored 7, mean expected reward 9.972, kl coef 0.0331, update 2.54 s, wall 1791154128.8
exact step 2581: answers scored 8, mean expected reward 9.808, kl coef 0.0331, update 2.56 s, wall 1791154132.0
exact step 2582: answers scored 8, mean expected reward 9.852, kl coef 0.0331, update 2.58 s, wall 1791154136.1
exact step 2583: answers scored 8, mean expected reward 9.360, kl coef 0.0331, update 2.57 s, wall 1791154139.2
exact step 2584: answers scored 8, mean expected reward 9.459, kl coef 0.0331, update 2.63 s, wall 1791154143.9
exact step 2585: answers scored 8, mean expected reward 9.615, kl coef 0.0331, update 2.66 s, wall 1791154147.4
exact step 2586: answers scored 8, mean expected reward 8.726, kl coef 0.0331, update 2.59 s, wall 1791154150.7
exact step 2587: answers scored 8, mean expected reward 9.331, kl coef 0.0331, update 2.58 s, wall 1791154153.8
exact step 2588: answers scored 8, mean expected reward 8.617, kl coef 0.0330, update 2.61 s, wall 1791154157.9
exact step 2589: answers scored 8, mean expected reward 9.376, kl coef 0.0330, update 2.55 s, wall 1791154161.6
exact step 2590: answers scored 8, mean expected reward 9.119, kl coef 0.0330, update 2.54 s, wall 1791154164.8
exact step 2591: answers scored 8, mean expected reward 10.025, kl coef 0.0330, update 2.54 s, wall 1791154172.8
exact step 2592: answers scored 8, mean expected reward 9.987, kl coef 0.0330, update 2.77 s, wall 1791154176.1
exact step 2593: answers scored 8, mean expected reward 9.994, kl coef 0.0330, update 2.53 s, wall 1791154179.1
exact step 2594: answers scored 8, mean expected reward 9.999, kl coef 0.0330, update 2.53 s, wall 1791154182.4
exact step 2595: answers scored 8, mean expected reward 9.466, kl coef 0.0330, update 2.54 s, wall 1791154186.0
exact step 2596: answers scored 8, mean expected reward 9.824, kl coef 0.0330, update 2.53 s, wall 1791154189.0
exact step 2597: answers scored 8, mean expected reward 9.698, kl coef 0.0330, update 2.51 s, wall 1791154192.0
exact step 2598: answers scored 7, mean expected reward 9.389, kl coef 0.0330, update 2.55 s, wall 1791154207.9
checkpoint at step 2600 (1.0 s)
exact step 2599: answers scored 8, mean expected reward 9.807, kl coef 0.0330, update 3.84 s, wall 1791154212.2
exact step 2600: answers scored 7, mean expected reward 9.545, kl coef 0.0330, update 2.55 s, wall 1791154216.4
exact step 2601: answers scored 8, mean expected reward 9.481, kl coef 0.0330, update 2.55 s, wall 1791154219.5
exact step 2602: answers scored 8, mean expected reward 8.803, kl coef 0.0330, update 2.54 s, wall 1791154222.6
exact step 2603: answers scored 8, mean expected reward 10.134, kl coef 0.0330, update 2.63 s, wall 1791154225.7
exact step 2604: answers scored 8, mean expected reward 8.893, kl coef 0.0330, update 2.56 s, wall 1791154228.8
exact step 2605: answers scored 8, mean expected reward 8.182, kl coef 0.0330, update 2.54 s, wall 1791154232.0
exact step 2606: answers scored 8, mean expected reward 9.499, kl coef 0.0330, update 2.57 s, wall 1791154235.4
exact step 2607: answers scored 8, mean expected reward 9.837, kl coef 0.0329, update 2.54 s, wall 1791154238.6
exact step 2608: answers scored 8, mean expected reward 9.944, kl coef 0.0329, update 2.60 s, wall 1791154241.9
exact step 2609: answers scored 8, mean expected reward 10.209, kl coef 0.0329, update 2.88 s, wall 1791154245.8
exact step 2610: answers scored 8, mean expected reward 9.578, kl coef 0.0329, update 2.57 s, wall 1791154249.0
exact step 2611: answers scored 8, mean expected reward 10.152, kl coef 0.0329, update 2.92 s, wall 1791154252.6
exact step 2612: answers scored 8, mean expected reward 10.344, kl coef 0.0329, update 2.68 s, wall 1791154256.1
exact step 2613: answers scored 8, mean expected reward 9.751, kl coef 0.0329, update 2.55 s, wall 1791154259.2
exact step 2614: answers scored 8, mean expected reward 9.870, kl coef 0.0329, update 2.54 s, wall 1791154262.3
exact step 2615: answers scored 8, mean expected reward 8.599, kl coef 0.0329, update 2.55 s, wall 1791154265.3
exact step 2616: answers scored 8, mean expected reward 9.530, kl coef 0.0329, update 2.57 s, wall 1791154269.3
exact step 2617: answers scored 8, mean expected reward 9.900, kl coef 0.0329, update 2.58 s, wall 1791154272.5
exact step 2618: answers scored 8, mean expected reward 9.925, kl coef 0.0329, update 2.58 s, wall 1791154275.6
exact step 2619: answers scored 8, mean expected reward 8.525, kl coef 0.0329, update 2.73 s, wall 1791154279.2
exact step 2620: answers scored 8, mean expected reward 9.726, kl coef 0.0329, update 2.85 s, wall 1791154283.4
exact step 2621: answers scored 8, mean expected reward 10.619, kl coef 0.0329, update 2.53 s, wall 1791154286.4
exact step 2622: answers scored 8, mean expected reward 10.520, kl coef 0.0329, update 2.54 s, wall 1791154289.4
exact step 2623: answers scored 8, mean expected reward 9.776, kl coef 0.0329, update 2.56 s, wall 1791154292.7
exact step 2624: answers scored 8, mean expected reward 10.080, kl coef 0.0329, update 2.56 s, wall 1791154295.7
exact step 2625: answers scored 8, mean expected reward 9.380, kl coef 0.0329, update 2.56 s, wall 1791154298.9
exact step 2626: answers scored 8, mean expected reward 9.118, kl coef 0.0328, update 2.86 s, wall 1791154302.3
exact step 2627: answers scored 8, mean expected reward 9.223, kl coef 0.0328, update 2.88 s, wall 1791154305.8
exact step 2628: answers scored 8, mean expected reward 9.782, kl coef 0.0328, update 2.88 s, wall 1791154309.2
exact step 2629: answers scored 8, mean expected reward 9.607, kl coef 0.0328, update 2.88 s, wall 1791154313.6
exact step 2630: answers scored 8, mean expected reward 10.254, kl coef 0.0328, update 2.68 s, wall 1791154317.3
exact step 2631: answers scored 8, mean expected reward 9.413, kl coef 0.0328, update 2.55 s, wall 1791154320.7
exact step 2632: answers scored 8, mean expected reward 9.611, kl coef 0.0328, update 2.54 s, wall 1791154323.7
exact step 2633: answers scored 8, mean expected reward 8.904, kl coef 0.0328, update 2.54 s, wall 1791154326.8
exact step 2634: answers scored 8, mean expected reward 10.136, kl coef 0.0328, update 2.56 s, wall 1791154329.9
exact step 2635: answers scored 8, mean expected reward 9.889, kl coef 0.0328, update 2.54 s, wall 1791154332.9
exact step 2636: answers scored 8, mean expected reward 9.002, kl coef 0.0328, update 2.59 s, wall 1791154336.6
exact step 2637: answers scored 8, mean expected reward 9.187, kl coef 0.0328, update 2.57 s, wall 1791154340.1
exact step 2638: answers scored 8, mean expected reward 9.849, kl coef 0.0328, update 2.95 s, wall 1791154343.8
exact step 2639: answers scored 8, mean expected reward 9.784, kl coef 0.0328, update 2.78 s, wall 1791154347.8
exact step 2640: answers scored 8, mean expected reward 9.508, kl coef 0.0328, update 2.81 s, wall 1791154351.2
exact step 2641: answers scored 8, mean expected reward 9.434, kl coef 0.0328, update 2.53 s, wall 1791154354.2
exact step 2642: answers scored 8, mean expected reward 8.770, kl coef 0.0328, update 2.57 s, wall 1791154357.2
exact step 2643: answers scored 8, mean expected reward 10.304, kl coef 0.0328, update 2.57 s, wall 1791154360.3
exact step 2644: answers scored 8, mean expected reward 10.100, kl coef 0.0328, update 2.55 s, wall 1791154363.4
exact step 2645: answers scored 7, mean expected reward 9.620, kl coef 0.0327, update 3.14 s, wall 1791154367.3
exact step 2646: answers scored 8, mean expected reward 10.129, kl coef 0.0327, update 2.85 s, wall 1791154371.5
exact step 2647: answers scored 7, mean expected reward 9.325, kl coef 0.0327, update 2.85 s, wall 1791154377.3
exact step 2648: answers scored 7, mean expected reward 9.551, kl coef 0.0327, update 2.54 s, wall 1791154381.4
exact step 2649: answers scored 7, mean expected reward 10.028, kl coef 0.0327, update 2.75 s, wall 1791154384.6
exact step 2650: answers scored 8, mean expected reward 10.487, kl coef 0.0327, update 2.56 s, wall 1791154387.8
exact step 2651: answers scored 8, mean expected reward 10.302, kl coef 0.0327, update 2.51 s, wall 1791154391.2
exact step 2652: answers scored 8, mean expected reward 9.840, kl coef 0.0327, update 2.57 s, wall 1791154394.2
exact step 2653: answers scored 8, mean expected reward 10.129, kl coef 0.0327, update 2.54 s, wall 1791154397.4
exact step 2654: answers scored 8, mean expected reward 10.388, kl coef 0.0327, update 2.51 s, wall 1791154400.6
exact step 2655: answers scored 8, mean expected reward 8.856, kl coef 0.0327, update 2.57 s, wall 1791154403.6
exact step 2656: answers scored 8, mean expected reward 10.252, kl coef 0.0327, update 2.75 s, wall 1791154406.7
exact step 2657: answers scored 7, mean expected reward 7.340, kl coef 0.0327, update 2.85 s, wall 1791154410.2
exact step 2658: answers scored 8, mean expected reward 9.016, kl coef 0.0327, update 2.91 s, wall 1791154413.8
exact step 2659: answers scored 8, mean expected reward 9.705, kl coef 0.0327, update 2.55 s, wall 1791154416.9
exact step 2660: answers scored 8, mean expected reward 9.831, kl coef 0.0327, update 2.89 s, wall 1791154420.4
exact step 2661: answers scored 8, mean expected reward 10.143, kl coef 0.0327, update 2.56 s, wall 1791154424.6
exact step 2662: answers scored 8, mean expected reward 9.828, kl coef 0.0327, update 2.58 s, wall 1791154427.7
exact step 2663: answers scored 8, mean expected reward 9.020, kl coef 0.0327, update 2.57 s, wall 1791154432.0
exact step 2664: answers scored 8, mean expected reward 10.461, kl coef 0.0326, update 2.88 s, wall 1791154436.0
exact step 2665: answers scored 8, mean expected reward 9.434, kl coef 0.0326, update 2.82 s, wall 1791154439.4
exact step 2666: answers scored 8, mean expected reward 9.164, kl coef 0.0326, update 2.90 s, wall 1791154442.8
exact step 2667: answers scored 8, mean expected reward 9.447, kl coef 0.0326, update 2.91 s, wall 1791154446.5
exact step 2668: answers scored 8, mean expected reward 10.063, kl coef 0.0326, update 2.87 s, wall 1791154450.0
exact step 2669: answers scored 8, mean expected reward 8.612, kl coef 0.0326, update 3.12 s, wall 1791154454.3
exact step 2670: answers scored 8, mean expected reward 9.575, kl coef 0.0326, update 2.95 s, wall 1791154457.8
exact step 2671: answers scored 8, mean expected reward 10.177, kl coef 0.0326, update 2.54 s, wall 1791154460.9
exact step 2672: answers scored 8, mean expected reward 9.444, kl coef 0.0326, update 2.55 s, wall 1791154463.9
exact step 2673: answers scored 7, mean expected reward 10.178, kl coef 0.0326, update 2.55 s, wall 1791154467.8
exact step 2674: answers scored 8, mean expected reward 9.958, kl coef 0.0326, update 2.57 s, wall 1791154471.0
exact step 2675: answers scored 8, mean expected reward 9.229, kl coef 0.0326, update 2.58 s, wall 1791154474.4
exact step 2676: answers scored 8, mean expected reward 9.964, kl coef 0.0326, update 2.53 s, wall 1791154477.4
exact step 2677: answers scored 8, mean expected reward 8.238, kl coef 0.0326, update 2.56 s, wall 1791154480.6
exact step 2678: answers scored 8, mean expected reward 10.340, kl coef 0.0326, update 2.79 s, wall 1791154485.7
exact step 2679: answers scored 7, mean expected reward 10.235, kl coef 0.0326, update 3.15 s, wall 1791154490.5
exact step 2680: answers scored 8, mean expected reward 9.814, kl coef 0.0326, update 2.54 s, wall 1791154494.4
exact step 2681: answers scored 8, mean expected reward 10.074, kl coef 0.0326, update 2.53 s, wall 1791154497.5
exact step 2682: answers scored 8, mean expected reward 9.650, kl coef 0.0326, update 2.52 s, wall 1791154500.5
exact step 2683: answers scored 8, mean expected reward 9.769, kl coef 0.0325, update 2.50 s, wall 1791154504.1
exact step 2684: answers scored 8, mean expected reward 10.699, kl coef 0.0325, update 2.54 s, wall 1791154507.2
exact step 2685: answers scored 8, mean expected reward 9.130, kl coef 0.0325, update 2.73 s, wall 1791154510.4
exact step 2686: answers scored 8, mean expected reward 9.637, kl coef 0.0325, update 2.89 s, wall 1791154514.1
exact step 2687: answers scored 8, mean expected reward 9.958, kl coef 0.0325, update 3.15 s, wall 1791154519.3
exact step 2688: answers scored 8, mean expected reward 9.633, kl coef 0.0325, update 3.10 s, wall 1791154522.9
exact step 2689: answers scored 8, mean expected reward 9.732, kl coef 0.0325, update 2.93 s, wall 1791154527.0
exact step 2690: answers scored 7, mean expected reward 10.410, kl coef 0.0325, update 2.88 s, wall 1791154536.2
exact step 2691: answers scored 8, mean expected reward 10.650, kl coef 0.0325, update 2.86 s, wall 1791154539.7
exact step 2692: answers scored 7, mean expected reward 10.399, kl coef 0.0325, update 2.50 s, wall 1791154545.5
exact step 2693: answers scored 8, mean expected reward 9.715, kl coef 0.0325, update 2.53 s, wall 1791154548.7
exact step 2694: answers scored 8, mean expected reward 9.235, kl coef 0.0325, update 2.56 s, wall 1791154551.9
exact step 2695: answers scored 8, mean expected reward 9.456, kl coef 0.0325, update 2.54 s, wall 1791154555.0
exact step 2696: answers scored 8, mean expected reward 9.586, kl coef 0.0325, update 2.76 s, wall 1791154558.2
exact step 2697: answers scored 8, mean expected reward 8.720, kl coef 0.0325, update 2.59 s, wall 1791154561.4
exact step 2698: answers scored 8, mean expected reward 9.862, kl coef 0.0325, update 2.52 s, wall 1791154564.6
exact step 2699: answers scored 7, mean expected reward 9.428, kl coef 0.0325, update 2.57 s, wall 1791154567.8
exact step 2700: answers scored 8, mean expected reward 10.187, kl coef 0.0325, update 2.83 s, wall 1791154571.8
exact step 2701: answers scored 8, mean expected reward 8.770, kl coef 0.0325, update 2.89 s, wall 1791154575.3
exact step 2702: answers scored 8, mean expected reward 9.511, kl coef 0.0325, update 2.86 s, wall 1791154578.7
exact step 2703: answers scored 8, mean expected reward 9.934, kl coef 0.0324, update 2.87 s, wall 1791154582.3
exact step 2704: answers scored 8, mean expected reward 9.698, kl coef 0.0324, update 2.65 s, wall 1791154585.6
exact step 2705: answers scored 8, mean expected reward 9.595, kl coef 0.0324, update 2.53 s, wall 1791154588.6
exact step 2706: answers scored 8, mean expected reward 9.812, kl coef 0.0324, update 2.54 s, wall 1791154591.7
exact step 2707: answers scored 8, mean expected reward 8.542, kl coef 0.0324, update 2.75 s, wall 1791154595.1
exact step 2708: answers scored 7, mean expected reward 10.074, kl coef 0.0324, update 2.50 s, wall 1791154598.1
exact step 2709: answers scored 7, mean expected reward 9.807, kl coef 0.0324, update 2.84 s, wall 1791154603.6
exact step 2710: answers scored 8, mean expected reward 9.846, kl coef 0.0324, update 2.92 s, wall 1791154607.1
exact step 2711: answers scored 8, mean expected reward 10.393, kl coef 0.0324, update 2.90 s, wall 1791154610.6
exact step 2712: answers scored 8, mean expected reward 10.603, kl coef 0.0324, update 2.86 s, wall 1791154614.0
exact step 2713: answers scored 8, mean expected reward 9.506, kl coef 0.0324, update 2.89 s, wall 1791154617.5
exact step 2714: answers scored 8, mean expected reward 9.796, kl coef 0.0324, update 3.04 s, wall 1791154621.1
exact step 2715: answers scored 8, mean expected reward 9.737, kl coef 0.0324, update 2.95 s, wall 1791154624.7
exact step 2716: answers scored 8, mean expected reward 9.386, kl coef 0.0324, update 3.17 s, wall 1791154628.6
exact step 2717: answers scored 8, mean expected reward 8.875, kl coef 0.0324, update 2.97 s, wall 1791154632.2
exact step 2718: answers scored 8, mean expected reward 9.259, kl coef 0.0324, update 2.94 s, wall 1791154635.6
exact step 2719: answers scored 8, mean expected reward 10.504, kl coef 0.0324, update 2.84 s, wall 1791154639.1
exact step 2720: answers scored 8, mean expected reward 9.690, kl coef 0.0324, update 2.59 s, wall 1791154643.1
exact step 2721: answers scored 8, mean expected reward 10.279, kl coef 0.0324, update 2.58 s, wall 1791154646.2
exact step 2722: answers scored 8, mean expected reward 8.609, kl coef 0.0323, update 2.58 s, wall 1791154649.2
exact step 2723: answers scored 8, mean expected reward 8.736, kl coef 0.0323, update 2.59 s, wall 1791154652.7
exact step 2724: answers scored 8, mean expected reward 10.121, kl coef 0.0323, update 2.60 s, wall 1791154655.8
exact step 2725: answers scored 8, mean expected reward 9.907, kl coef 0.0323, update 2.95 s, wall 1791154659.7
exact step 2726: answers scored 8, mean expected reward 9.821, kl coef 0.0323, update 3.27 s, wall 1791154664.1
exact step 2727: answers scored 8, mean expected reward 9.443, kl coef 0.0323, update 2.91 s, wall 1791154668.2
exact step 2728: answers scored 8, mean expected reward 10.590, kl coef 0.0323, update 2.94 s, wall 1791154671.8
exact step 2729: answers scored 8, mean expected reward 10.222, kl coef 0.0323, update 3.08 s, wall 1791154675.5
exact step 2730: answers scored 8, mean expected reward 9.903, kl coef 0.0323, update 2.94 s, wall 1791154679.0
exact step 2731: answers scored 8, mean expected reward 10.249, kl coef 0.0323, update 3.00 s, wall 1791154683.1
exact step 2732: answers scored 8, mean expected reward 8.915, kl coef 0.0323, update 2.91 s, wall 1791154686.7
exact step 2733: answers scored 8, mean expected reward 9.446, kl coef 0.0323, update 2.89 s, wall 1791154690.1
exact step 2734: answers scored 8, mean expected reward 9.733, kl coef 0.0323, update 3.13 s, wall 1791154696.5
exact step 2735: answers scored 8, mean expected reward 9.979, kl coef 0.0323, update 3.03 s, wall 1791154701.0
exact step 2736: answers scored 8, mean expected reward 9.297, kl coef 0.0323, update 2.92 s, wall 1791154705.2
exact step 2737: answers scored 8, mean expected reward 9.957, kl coef 0.0323, update 2.88 s, wall 1791154708.7
exact step 2738: answers scored 8, mean expected reward 10.158, kl coef 0.0323, update 2.88 s, wall 1791154712.5
exact step 2739: answers scored 8, mean expected reward 9.365, kl coef 0.0323, update 2.91 s, wall 1791154715.9
exact step 2740: answers scored 8, mean expected reward 9.986, kl coef 0.0323, update 2.82 s, wall 1791154719.4
exact step 2741: answers scored 7, mean expected reward 10.318, kl coef 0.0322, update 2.92 s, wall 1791154724.5
exact step 2742: answers scored 8, mean expected reward 8.059, kl coef 0.0322, update 2.95 s, wall 1791154728.1
exact step 2743: answers scored 8, mean expected reward 9.154, kl coef 0.0322, update 3.06 s, wall 1791154731.9
exact step 2744: answers scored 8, mean expected reward 9.526, kl coef 0.0322, update 2.97 s, wall 1791154735.6
exact step 2745: answers scored 8, mean expected reward 9.047, kl coef 0.0322, update 2.90 s, wall 1791154739.0
exact step 2746: answers scored 8, mean expected reward 10.245, kl coef 0.0322, update 2.86 s, wall 1791154742.8
exact step 2747: answers scored 8, mean expected reward 10.548, kl coef 0.0322, update 2.91 s, wall 1791154746.2
exact step 2748: answers scored 8, mean expected reward 8.535, kl coef 0.0322, update 2.83 s, wall 1791154749.8
exact step 2749: answers scored 8, mean expected reward 7.636, kl coef 0.0322, update 2.87 s, wall 1791154753.7
exact step 2750: answers scored 8, mean expected reward 9.433, kl coef 0.0322, update 2.97 s, wall 1791154757.2
exact step 2751: answers scored 8, mean expected reward 10.463, kl coef 0.0322, update 2.85 s, wall 1791154762.4
exact step 2752: answers scored 8, mean expected reward 9.878, kl coef 0.0322, update 2.89 s, wall 1791154766.5
exact step 2753: answers scored 8, mean expected reward 9.776, kl coef 0.0322, update 2.94 s, wall 1791154770.2
exact step 2754: answers scored 8, mean expected reward 10.308, kl coef 0.0322, update 2.79 s, wall 1791154774.2
exact step 2755: answers scored 8, mean expected reward 8.785, kl coef 0.0322, update 2.86 s, wall 1791154777.6
exact step 2756: answers scored 8, mean expected reward 8.925, kl coef 0.0322, update 2.82 s, wall 1791154781.2
exact step 2757: answers scored 8, mean expected reward 9.574, kl coef 0.0322, update 2.91 s, wall 1791154784.8
exact step 2758: answers scored 8, mean expected reward 9.748, kl coef 0.0322, update 2.79 s, wall 1791154788.0
exact step 2759: answers scored 7, mean expected reward 9.408, kl coef 0.0322, update 2.78 s, wall 1791154792.7
exact step 2760: answers scored 8, mean expected reward 9.300, kl coef 0.0322, update 2.80 s, wall 1791154796.0
exact step 2761: answers scored 8, mean expected reward 9.771, kl coef 0.0321, update 2.85 s, wall 1791154799.3
exact step 2762: answers scored 8, mean expected reward 10.464, kl coef 0.0321, update 2.98 s, wall 1791154802.9
exact step 2763: answers scored 8, mean expected reward 10.494, kl coef 0.0321, update 3.11 s, wall 1791154806.6
exact step 2764: answers scored 8, mean expected reward 9.177, kl coef 0.0321, update 3.16 s, wall 1791154811.0
exact step 2765: answers scored 8, mean expected reward 8.576, kl coef 0.0321, update 2.76 s, wall 1791154814.4
exact step 2766: answers scored 8, mean expected reward 9.709, kl coef 0.0321, update 2.79 s, wall 1791154818.2
exact step 2767: answers scored 8, mean expected reward 8.865, kl coef 0.0321, update 2.85 s, wall 1791154821.7
exact step 2768: answers scored 8, mean expected reward 10.240, kl coef 0.0321, update 2.79 s, wall 1791154825.1
exact step 2769: answers scored 8, mean expected reward 9.394, kl coef 0.0321, update 2.73 s, wall 1791154828.4
exact step 2770: answers scored 8, mean expected reward 8.683, kl coef 0.0321, update 2.89 s, wall 1791154831.8
exact step 2771: answers scored 8, mean expected reward 10.306, kl coef 0.0321, update 2.81 s, wall 1791154835.1
exact step 2772: answers scored 8, mean expected reward 8.629, kl coef 0.0321, update 2.88 s, wall 1791154838.8
exact step 2773: answers scored 8, mean expected reward 10.216, kl coef 0.0321, update 3.11 s, wall 1791154842.6
exact step 2774: answers scored 5, mean expected reward 10.072, kl coef 0.0321, update 2.85 s, wall 1791154847.3
exact step 2775: answers scored 8, mean expected reward 9.231, kl coef 0.0321, update 3.01 s, wall 1791154851.1
exact step 2776: answers scored 8, mean expected reward 10.275, kl coef 0.0321, update 2.95 s, wall 1791154855.2
exact step 2777: answers scored 8, mean expected reward 9.363, kl coef 0.0321, update 2.92 s, wall 1791154858.8
exact step 2778: answers scored 8, mean expected reward 10.049, kl coef 0.0321, update 3.11 s, wall 1791154862.8
exact step 2779: answers scored 8, mean expected reward 10.173, kl coef 0.0321, update 2.98 s, wall 1791154866.4
exact step 2780: answers scored 8, mean expected reward 10.248, kl coef 0.0320, update 2.88 s, wall 1791154870.0
exact step 2781: answers scored 8, mean expected reward 8.999, kl coef 0.0320, update 2.90 s, wall 1791154873.7
exact step 2782: answers scored 8, mean expected reward 10.527, kl coef 0.0320, update 3.26 s, wall 1791154878.0
exact step 2783: answers scored 8, mean expected reward 9.305, kl coef 0.0320, update 2.94 s, wall 1791154882.3
exact step 2784: answers scored 8, mean expected reward 9.449, kl coef 0.0320, update 2.93 s, wall 1791154886.8
exact step 2785: answers scored 8, mean expected reward 10.472, kl coef 0.0320, update 2.99 s, wall 1791154890.4
exact step 2786: answers scored 8, mean expected reward 9.735, kl coef 0.0320, update 2.83 s, wall 1791154893.9
exact step 2787: answers scored 8, mean expected reward 10.072, kl coef 0.0320, update 2.90 s, wall 1791154897.4
exact step 2788: answers scored 8, mean expected reward 10.024, kl coef 0.0320, update 2.82 s, wall 1791154900.9
exact step 2789: answers scored 8, mean expected reward 9.611, kl coef 0.0320, update 2.94 s, wall 1791154904.6
exact step 2790: answers scored 8, mean expected reward 10.236, kl coef 0.0320, update 2.86 s, wall 1791154908.3
exact step 2791: answers scored 8, mean expected reward 9.320, kl coef 0.0320, update 3.10 s, wall 1791154912.1
exact step 2792: answers scored 8, mean expected reward 10.399, kl coef 0.0320, update 2.87 s, wall 1791154915.6
exact step 2793: answers scored 8, mean expected reward 9.228, kl coef 0.0320, update 3.01 s, wall 1791154919.9
exact step 2794: answers scored 8, mean expected reward 9.469, kl coef 0.0320, update 2.87 s, wall 1791154923.6
exact step 2795: answers scored 8, mean expected reward 10.074, kl coef 0.0320, update 2.88 s, wall 1791154927.0
exact step 2796: answers scored 8, mean expected reward 9.635, kl coef 0.0320, update 2.88 s, wall 1791154930.8
exact step 2797: answers scored 8, mean expected reward 9.550, kl coef 0.0320, update 2.79 s, wall 1791154934.9
exact step 2798: answers scored 8, mean expected reward 9.355, kl coef 0.0320, update 2.89 s, wall 1791154938.3
checkpoint at step 2800 (1.1 s)
exact step 2799: answers scored 8, mean expected reward 10.087, kl coef 0.0320, update 3.89 s, wall 1791154942.8
exact step 2800: answers scored 8, mean expected reward 9.534, kl coef 0.0319, update 3.33 s, wall 1791154946.8
exact step 2801: answers scored 8, mean expected reward 8.172, kl coef 0.0319, update 2.81 s, wall 1791154950.3
exact step 2802: answers scored 8, mean expected reward 10.137, kl coef 0.0319, update 2.86 s, wall 1791154953.9
exact step 2803: answers scored 8, mean expected reward 9.035, kl coef 0.0319, update 2.88 s, wall 1791154957.3
exact step 2804: answers scored 8, mean expected reward 10.652, kl coef 0.0319, update 2.89 s, wall 1791154961.6
exact step 2805: answers scored 8, mean expected reward 10.196, kl coef 0.0319, update 2.87 s, wall 1791154965.4
exact step 2806: answers scored 8, mean expected reward 8.477, kl coef 0.0319, update 2.87 s, wall 1791154969.1
exact step 2807: answers scored 8, mean expected reward 10.200, kl coef 0.0319, update 2.98 s, wall 1791154973.6
exact step 2808: answers scored 8, mean expected reward 8.873, kl coef 0.0319, update 2.88 s, wall 1791154977.3
exact step 2809: answers scored 8, mean expected reward 10.527, kl coef 0.0319, update 3.06 s, wall 1791154981.0
exact step 2810: answers scored 8, mean expected reward 9.954, kl coef 0.0319, update 2.82 s, wall 1791154985.0
exact step 2811: answers scored 8, mean expected reward 9.869, kl coef 0.0319, update 2.94 s, wall 1791154989.2
exact step 2812: answers scored 8, mean expected reward 9.588, kl coef 0.0319, update 2.61 s, wall 1791154992.5
exact step 2813: answers scored 8, mean expected reward 8.835, kl coef 0.0319, update 2.90 s, wall 1791154995.9
exact step 2814: answers scored 8, mean expected reward 9.882, kl coef 0.0319, update 3.06 s, wall 1791155000.3
exact step 2815: answers scored 8, mean expected reward 10.149, kl coef 0.0319, update 2.79 s, wall 1791155003.7
exact step 2816: answers scored 8, mean expected reward 9.742, kl coef 0.0319, update 2.54 s, wall 1791155006.8
exact step 2817: answers scored 8, mean expected reward 9.373, kl coef 0.0319, update 2.57 s, wall 1791155010.1
exact step 2818: answers scored 8, mean expected reward 9.515, kl coef 0.0319, update 2.55 s, wall 1791155013.1
exact step 2819: answers scored 8, mean expected reward 10.776, kl coef 0.0318, update 2.77 s, wall 1791155016.4
exact step 2820: answers scored 8, mean expected reward 10.529, kl coef 0.0318, update 2.58 s, wall 1791155019.9
exact step 2821: answers scored 8, mean expected reward 9.816, kl coef 0.0318, update 2.55 s, wall 1791155023.0
exact step 2822: answers scored 7, mean expected reward 10.490, kl coef 0.0318, update 2.54 s, wall 1791155026.5
exact step 2823: answers scored 8, mean expected reward 10.094, kl coef 0.0318, update 2.56 s, wall 1791155033.0
exact step 2824: answers scored 8, mean expected reward 9.377, kl coef 0.0318, update 2.59 s, wall 1791155036.0
exact step 2825: answers scored 7, mean expected reward 10.081, kl coef 0.0318, update 2.55 s, wall 1791155040.2
exact step 2826: answers scored 7, mean expected reward 10.002, kl coef 0.0318, update 2.54 s, wall 1791155045.4
exact step 2827: answers scored 8, mean expected reward 9.984, kl coef 0.0318, update 2.57 s, wall 1791155048.5
exact step 2828: answers scored 8, mean expected reward 9.431, kl coef 0.0318, update 2.59 s, wall 1791155051.8
exact step 2829: answers scored 8, mean expected reward 9.492, kl coef 0.0318, update 2.83 s, wall 1791155055.2
exact step 2830: answers scored 8, mean expected reward 9.705, kl coef 0.0318, update 2.57 s, wall 1791155058.5
exact step 2831: answers scored 8, mean expected reward 9.094, kl coef 0.0318, update 2.55 s, wall 1791155061.9
exact step 2832: answers scored 8, mean expected reward 9.039, kl coef 0.0318, update 2.56 s, wall 1791155064.9
exact step 2833: answers scored 8, mean expected reward 8.239, kl coef 0.0318, update 2.59 s, wall 1791155068.1
exact step 2834: answers scored 8, mean expected reward 9.742, kl coef 0.0318, update 2.56 s, wall 1791155073.0
exact step 2835: answers scored 8, mean expected reward 9.626, kl coef 0.0318, update 2.57 s, wall 1791155076.1
exact step 2836: answers scored 8, mean expected reward 9.959, kl coef 0.0318, update 2.55 s, wall 1791155079.3
exact step 2837: answers scored 8, mean expected reward 10.969, kl coef 0.0318, update 2.56 s, wall 1791155082.9
exact step 2838: answers scored 7, mean expected reward 11.065, kl coef 0.0318, update 2.76 s, wall 1791155090.4
exact step 2839: answers scored 7, mean expected reward 10.228, kl coef 0.0317, update 2.58 s, wall 1791155096.5
exact step 2840: answers scored 8, mean expected reward 9.524, kl coef 0.0317, update 2.54 s, wall 1791155099.8
exact step 2841: answers scored 8, mean expected reward 8.146, kl coef 0.0317, update 2.50 s, wall 1791155102.7
exact step 2842: answers scored 8, mean expected reward 9.990, kl coef 0.0317, update 2.49 s, wall 1791155105.8
exact step 2843: answers scored 8, mean expected reward 10.824, kl coef 0.0317, update 2.51 s, wall 1791155109.6
exact step 2844: answers scored 8, mean expected reward 8.615, kl coef 0.0317, update 2.50 s, wall 1791155112.6
exact step 2845: answers scored 8, mean expected reward 10.480, kl coef 0.0317, update 2.50 s, wall 1791155116.1
exact step 2846: answers scored 8, mean expected reward 10.456, kl coef 0.0317, update 2.52 s, wall 1791155120.5
exact step 2847: answers scored 8, mean expected reward 9.940, kl coef 0.0317, update 2.74 s, wall 1791155124.1
exact step 2848: answers scored 8, mean expected reward 9.433, kl coef 0.0317, update 2.59 s, wall 1791155127.3
exact step 2849: answers scored 8, mean expected reward 9.974, kl coef 0.0317, update 2.54 s, wall 1791155130.4
exact step 2850: answers scored 8, mean expected reward 10.141, kl coef 0.0317, update 2.48 s, wall 1791155133.3
exact step 2851: answers scored 8, mean expected reward 8.838, kl coef 0.0317, update 2.49 s, wall 1791155137.4
exact step 2852: answers scored 8, mean expected reward 10.195, kl coef 0.0317, update 2.49 s, wall 1791155140.4
exact step 2853: answers scored 8, mean expected reward 10.711, kl coef 0.0317, update 2.48 s, wall 1791155143.6
exact step 2854: answers scored 8, mean expected reward 10.972, kl coef 0.0317, update 2.48 s, wall 1791155146.6
exact step 2855: answers scored 8, mean expected reward 8.948, kl coef 0.0317, update 2.50 s, wall 1791155149.9
exact step 2856: answers scored 8, mean expected reward 10.437, kl coef 0.0317, update 2.52 s, wall 1791155153.0
exact step 2857: answers scored 8, mean expected reward 8.915, kl coef 0.0317, update 2.89 s, wall 1791155160.5
exact step 2858: answers scored 8, mean expected reward 9.818, kl coef 0.0317, update 2.50 s, wall 1791155163.6
exact step 2859: answers scored 8, mean expected reward 10.061, kl coef 0.0316, update 2.47 s, wall 1791155166.6
exact step 2860: answers scored 8, mean expected reward 9.404, kl coef 0.0316, update 2.48 s, wall 1791155169.6
exact step 2861: answers scored 8, mean expected reward 9.781, kl coef 0.0316, update 2.50 s, wall 1791155173.3
exact step 2862: answers scored 8, mean expected reward 9.480, kl coef 0.0316, update 2.50 s, wall 1791155176.9
exact step 2863: answers scored 8, mean expected reward 9.199, kl coef 0.0316, update 2.50 s, wall 1791155180.2
exact step 2864: answers scored 8, mean expected reward 9.409, kl coef 0.0316, update 2.50 s, wall 1791155183.3
exact step 2865: answers scored 8, mean expected reward 11.108, kl coef 0.0316, update 2.50 s, wall 1791155186.3
exact step 2866: answers scored 7, mean expected reward 10.038, kl coef 0.0316, update 2.48 s, wall 1791155191.3
exact step 2867: answers scored 8, mean expected reward 10.389, kl coef 0.0316, update 2.73 s, wall 1791155195.3
exact step 2868: answers scored 8, mean expected reward 9.827, kl coef 0.0316, update 2.52 s, wall 1791155198.5
exact step 2869: answers scored 8, mean expected reward 10.401, kl coef 0.0316, update 2.54 s, wall 1791155201.6
exact step 2870: answers scored 8, mean expected reward 8.982, kl coef 0.0316, update 2.59 s, wall 1791155204.6
exact step 2871: answers scored 8, mean expected reward 10.068, kl coef 0.0316, update 2.60 s, wall 1791155208.1
exact step 2872: answers scored 8, mean expected reward 9.107, kl coef 0.0316, update 2.57 s, wall 1791155211.2
exact step 2873: answers scored 8, mean expected reward 10.599, kl coef 0.0316, update 2.50 s, wall 1791155215.1
exact step 2874: answers scored 7, mean expected reward 10.095, kl coef 0.0316, update 2.45 s, wall 1791155218.2
exact step 2875: answers scored 8, mean expected reward 10.195, kl coef 0.0316, update 2.47 s, wall 1791155221.2
exact step 2876: answers scored 8, mean expected reward 9.204, kl coef 0.0316, update 2.51 s, wall 1791155224.2
exact step 2877: answers scored 8, mean expected reward 9.854, kl coef 0.0316, update 2.48 s, wall 1791155227.2
exact step 2878: answers scored 8, mean expected reward 10.242, kl coef 0.0315, update 2.71 s, wall 1791155230.6
exact step 2879: answers scored 8, mean expected reward 9.220, kl coef 0.0315, update 2.58 s, wall 1791155233.7
exact step 2880: answers scored 8, mean expected reward 9.403, kl coef 0.0315, update 2.51 s, wall 1791155237.2
exact step 2881: answers scored 8, mean expected reward 10.282, kl coef 0.0315, update 2.51 s, wall 1791155240.4
exact step 2882: answers scored 8, mean expected reward 9.748, kl coef 0.0315, update 2.51 s, wall 1791155243.3
exact step 2883: answers scored 7, mean expected reward 10.522, kl coef 0.0315, update 2.47 s, wall 1791155247.0
exact step 2884: answers scored 8, mean expected reward 9.434, kl coef 0.0315, update 2.83 s, wall 1791155252.3
exact step 2885: answers scored 8, mean expected reward 9.989, kl coef 0.0315, update 2.50 s, wall 1791155255.5
exact step 2886: answers scored 8, mean expected reward 8.027, kl coef 0.0315, update 2.52 s, wall 1791155260.9
exact step 2887: answers scored 8, mean expected reward 9.392, kl coef 0.0315, update 2.52 s, wall 1791155263.9
exact step 2888: answers scored 8, mean expected reward 10.069, kl coef 0.0315, update 2.85 s, wall 1791155267.3
exact step 2889: answers scored 8, mean expected reward 10.370, kl coef 0.0315, update 2.48 s, wall 1791155270.3
exact step 2890: answers scored 8, mean expected reward 9.546, kl coef 0.0315, update 2.54 s, wall 1791155273.3
exact step 2891: answers scored 8, mean expected reward 10.809, kl coef 0.0315, update 2.56 s, wall 1791155276.3
exact step 2892: answers scored 8, mean expected reward 9.665, kl coef 0.0315, update 2.54 s, wall 1791155279.6
exact step 2893: answers scored 8, mean expected reward 10.185, kl coef 0.0315, update 2.54 s, wall 1791155282.7
exact step 2894: answers scored 8, mean expected reward 8.448, kl coef 0.0315, update 2.50 s, wall 1791155285.9
exact step 2895: answers scored 8, mean expected reward 10.364, kl coef 0.0315, update 2.52 s, wall 1791155289.4
exact step 2896: answers scored 8, mean expected reward 9.795, kl coef 0.0315, update 2.52 s, wall 1791155292.5
exact step 2897: answers scored 8, mean expected reward 9.393, kl coef 0.0315, update 2.61 s, wall 1791155295.6
exact step 2898: answers scored 8, mean expected reward 9.668, kl coef 0.0314, update 3.22 s, wall 1791155301.3
exact step 2899: answers scored 8, mean expected reward 8.863, kl coef 0.0314, update 2.63 s, wall 1791155304.6
exact step 2900: answers scored 8, mean expected reward 9.865, kl coef 0.0314, update 2.57 s, wall 1791155307.7
exact step 2901: answers scored 8, mean expected reward 9.671, kl coef 0.0314, update 2.59 s, wall 1791155311.5
exact step 2902: answers scored 8, mean expected reward 10.212, kl coef 0.0314, update 2.76 s, wall 1791155314.8
exact step 2903: answers scored 7, mean expected reward 9.871, kl coef 0.0314, update 2.72 s, wall 1791155320.4
exact step 2904: answers scored 8, mean expected reward 9.605, kl coef 0.0314, update 2.72 s, wall 1791155323.7
exact step 2905: answers scored 8, mean expected reward 9.779, kl coef 0.0314, update 2.64 s, wall 1791155327.3
exact step 2906: answers scored 8, mean expected reward 9.301, kl coef 0.0314, update 2.55 s, wall 1791155330.5
exact step 2907: answers scored 8, mean expected reward 9.080, kl coef 0.0314, update 2.53 s, wall 1791155333.6
exact step 2908: answers scored 8, mean expected reward 8.304, kl coef 0.0314, update 2.82 s, wall 1791155337.1
exact step 2909: answers scored 7, mean expected reward 10.010, kl coef 0.0314, update 2.58 s, wall 1791155341.8
exact step 2910: answers scored 8, mean expected reward 10.302, kl coef 0.0314, update 2.57 s, wall 1791155345.3
exact step 2911: answers scored 8, mean expected reward 8.989, kl coef 0.0314, update 2.66 s, wall 1791155348.6
exact step 2912: answers scored 8, mean expected reward 9.721, kl coef 0.0314, update 2.68 s, wall 1791155351.9
exact step 2913: answers scored 8, mean expected reward 10.189, kl coef 0.0314, update 2.67 s, wall 1791155355.4
exact step 2914: answers scored 8, mean expected reward 10.216, kl coef 0.0314, update 2.63 s, wall 1791155358.7
exact step 2915: answers scored 8, mean expected reward 9.084, kl coef 0.0314, update 2.56 s, wall 1791155361.7
exact step 2916: answers scored 8, mean expected reward 9.929, kl coef 0.0314, update 2.80 s, wall 1791155365.4
exact step 2917: answers scored 8, mean expected reward 9.957, kl coef 0.0314, update 2.77 s, wall 1791155368.7
exact step 2918: answers scored 8, mean expected reward 9.049, kl coef 0.0313, update 2.82 s, wall 1791155372.0
exact step 2919: answers scored 8, mean expected reward 9.082, kl coef 0.0313, update 2.83 s, wall 1791155375.5
exact step 2920: answers scored 8, mean expected reward 9.409, kl coef 0.0313, update 2.84 s, wall 1791155378.8
exact step 2921: answers scored 8, mean expected reward 8.587, kl coef 0.0313, update 2.85 s, wall 1791155382.2
exact step 2922: answers scored 8, mean expected reward 10.212, kl coef 0.0313, update 2.91 s, wall 1791155385.9
exact step 2923: answers scored 8, mean expected reward 9.749, kl coef 0.0313, update 3.09 s, wall 1791155389.8
exact step 2924: answers scored 8, mean expected reward 9.753, kl coef 0.0313, update 2.91 s, wall 1791155393.3
exact step 2925: answers scored 8, mean expected reward 9.274, kl coef 0.0313, update 2.63 s, wall 1791155396.6
exact step 2926: answers scored 8, mean expected reward 8.836, kl coef 0.0313, update 2.52 s, wall 1791155399.6
exact step 2927: answers scored 7, mean expected reward 10.418, kl coef 0.0313, update 2.54 s, wall 1791155402.8
exact step 2928: answers scored 8, mean expected reward 9.820, kl coef 0.0313, update 2.54 s, wall 1791155408.8
exact step 2929: answers scored 8, mean expected reward 8.326, kl coef 0.0313, update 2.55 s, wall 1791155413.4
exact step 2930: answers scored 8, mean expected reward 8.869, kl coef 0.0313, update 2.56 s, wall 1791155416.9
exact step 2931: answers scored 8, mean expected reward 10.612, kl coef 0.0313, update 2.79 s, wall 1791155422.9
exact step 2932: answers scored 8, mean expected reward 10.514, kl coef 0.0313, update 2.57 s, wall 1791155426.6
exact step 2933: answers scored 8, mean expected reward 10.730, kl coef 0.0313, update 2.59 s, wall 1791155430.3
exact step 2934: answers scored 8, mean expected reward 8.486, kl coef 0.0313, update 2.56 s, wall 1791155434.3
exact step 2935: answers scored 8, mean expected reward 9.420, kl coef 0.0313, update 2.55 s, wall 1791155438.9
exact step 2936: answers scored 8, mean expected reward 9.904, kl coef 0.0313, update 2.55 s, wall 1791155441.9
exact step 2937: answers scored 8, mean expected reward 10.405, kl coef 0.0313, update 2.53 s, wall 1791155445.0
exact step 2938: answers scored 8, mean expected reward 10.551, kl coef 0.0312, update 2.54 s, wall 1791155448.1
exact step 2939: answers scored 8, mean expected reward 10.020, kl coef 0.0312, update 2.54 s, wall 1791155451.4
exact step 2940: answers scored 8, mean expected reward 9.845, kl coef 0.0312, update 2.55 s, wall 1791155454.8
exact step 2941: answers scored 8, mean expected reward 9.239, kl coef 0.0312, update 2.89 s, wall 1791155459.9
exact step 2942: answers scored 8, mean expected reward 9.669, kl coef 0.0312, update 2.59 s, wall 1791155463.1
exact step 2943: answers scored 8, mean expected reward 9.355, kl coef 0.0312, update 2.56 s, wall 1791155466.9
exact step 2944: answers scored 8, mean expected reward 8.611, kl coef 0.0312, update 2.55 s, wall 1791155470.0
exact step 2945: answers scored 8, mean expected reward 8.639, kl coef 0.0312, update 2.58 s, wall 1791155473.9
exact step 2946: answers scored 8, mean expected reward 9.934, kl coef 0.0312, update 2.50 s, wall 1791155477.1
exact step 2947: answers scored 8, mean expected reward 9.680, kl coef 0.0312, update 2.55 s, wall 1791155480.2
exact step 2948: answers scored 8, mean expected reward 8.703, kl coef 0.0312, update 2.55 s, wall 1791155483.3
exact step 2949: answers scored 8, mean expected reward 9.657, kl coef 0.0312, update 2.54 s, wall 1791155486.7
exact step 2950: answers scored 8, mean expected reward 10.395, kl coef 0.0312, update 2.55 s, wall 1791155489.7
exact step 2951: answers scored 8, mean expected reward 9.156, kl coef 0.0312, update 2.75 s, wall 1791155493.0
exact step 2952: answers scored 6, mean expected reward 11.294, kl coef 0.0312, update 2.53 s, wall 1791155498.1
exact step 2953: answers scored 8, mean expected reward 10.042, kl coef 0.0312, update 2.58 s, wall 1791155503.9
exact step 2954: answers scored 8, mean expected reward 9.163, kl coef 0.0312, update 2.56 s, wall 1791155507.1
exact step 2955: answers scored 8, mean expected reward 9.567, kl coef 0.0312, update 2.57 s, wall 1791155511.9
exact step 2956: answers scored 8, mean expected reward 10.729, kl coef 0.0312, update 2.56 s, wall 1791155515.0
exact step 2957: answers scored 8, mean expected reward 9.867, kl coef 0.0312, update 2.54 s, wall 1791155518.3
exact step 2958: answers scored 8, mean expected reward 10.100, kl coef 0.0311, update 2.54 s, wall 1791155521.8
exact step 2959: answers scored 8, mean expected reward 10.257, kl coef 0.0311, update 2.56 s, wall 1791155524.9
exact step 2960: answers scored 8, mean expected reward 9.826, kl coef 0.0311, update 2.84 s, wall 1791155528.2
exact step 2961: answers scored 8, mean expected reward 9.261, kl coef 0.0311, update 2.57 s, wall 1791155531.4
exact step 2962: answers scored 8, mean expected reward 9.991, kl coef 0.0311, update 2.57 s, wall 1791155534.7
exact step 2963: answers scored 8, mean expected reward 9.383, kl coef 0.0311, update 2.55 s, wall 1791155538.2
exact step 2964: answers scored 8, mean expected reward 9.625, kl coef 0.0311, update 2.57 s, wall 1791155541.4
exact step 2965: answers scored 8, mean expected reward 9.386, kl coef 0.0311, update 2.51 s, wall 1791155544.5
exact step 2966: answers scored 7, mean expected reward 10.123, kl coef 0.0311, update 2.48 s, wall 1791155548.3
exact step 2967: answers scored 8, mean expected reward 10.150, kl coef 0.0311, update 2.52 s, wall 1791155551.2
exact step 2968: answers scored 8, mean expected reward 9.991, kl coef 0.0311, update 2.56 s, wall 1791155554.3
exact step 2969: answers scored 8, mean expected reward 8.722, kl coef 0.0311, update 2.56 s, wall 1791155557.4
exact step 2970: answers scored 8, mean expected reward 9.442, kl coef 0.0311, update 2.62 s, wall 1791155561.1
exact step 2971: answers scored 8, mean expected reward 9.285, kl coef 0.0311, update 2.74 s, wall 1791155565.0
exact step 2972: answers scored 8, mean expected reward 9.439, kl coef 0.0311, update 2.59 s, wall 1791155568.3
exact step 2973: answers scored 8, mean expected reward 9.366, kl coef 0.0311, update 2.57 s, wall 1791155571.5
exact step 2974: answers scored 8, mean expected reward 10.318, kl coef 0.0311, update 2.61 s, wall 1791155574.6
exact step 2975: answers scored 8, mean expected reward 9.224, kl coef 0.0311, update 2.58 s, wall 1791155577.7
exact step 2976: answers scored 8, mean expected reward 9.724, kl coef 0.0311, update 2.58 s, wall 1791155580.9
exact step 2977: answers scored 8, mean expected reward 10.745, kl coef 0.0311, update 2.56 s, wall 1791155584.0
exact step 2978: answers scored 8, mean expected reward 9.162, kl coef 0.0310, update 2.56 s, wall 1791155587.1
exact step 2979: answers scored 8, mean expected reward 8.457, kl coef 0.0310, update 2.57 s, wall 1791155590.2
exact step 2980: answers scored 8, mean expected reward 9.082, kl coef 0.0310, update 2.57 s, wall 1791155593.3
exact step 2981: answers scored 7, mean expected reward 9.068, kl coef 0.0310, update 2.63 s, wall 1791155596.6
exact step 2982: answers scored 8, mean expected reward 8.850, kl coef 0.0310, update 2.72 s, wall 1791155599.9
exact step 2983: answers scored 8, mean expected reward 9.489, kl coef 0.0310, update 2.59 s, wall 1791155603.0
exact step 2984: answers scored 8, mean expected reward 9.828, kl coef 0.0310, update 2.53 s, wall 1791155606.1
exact step 2985: answers scored 8, mean expected reward 9.330, kl coef 0.0310, update 2.58 s, wall 1791155609.3
exact step 2986: answers scored 8, mean expected reward 9.460, kl coef 0.0310, update 2.57 s, wall 1791155612.8
exact step 2987: answers scored 8, mean expected reward 9.948, kl coef 0.0310, update 2.57 s, wall 1791155617.1
exact step 2988: answers scored 8, mean expected reward 10.149, kl coef 0.0310, update 2.57 s, wall 1791155620.3
exact step 2989: answers scored 8, mean expected reward 10.000, kl coef 0.0310, update 2.56 s, wall 1791155623.4
exact step 2990: answers scored 8, mean expected reward 10.174, kl coef 0.0310, update 2.56 s, wall 1791155626.9
exact step 2991: answers scored 7, mean expected reward 8.522, kl coef 0.0310, update 2.66 s, wall 1791155631.6
exact step 2992: answers scored 8, mean expected reward 9.812, kl coef 0.0310, update 2.72 s, wall 1791155634.9
exact step 2993: answers scored 8, mean expected reward 10.217, kl coef 0.0310, update 2.57 s, wall 1791155638.1
exact step 2994: answers scored 8, mean expected reward 10.064, kl coef 0.0310, update 2.57 s, wall 1791155641.1
exact step 2995: answers scored 8, mean expected reward 8.992, kl coef 0.0310, update 2.57 s, wall 1791155644.4
exact step 2996: answers scored 8, mean expected reward 10.096, kl coef 0.0310, update 2.55 s, wall 1791155647.5
exact step 2997: answers scored 8, mean expected reward 9.318, kl coef 0.0310, update 2.57 s, wall 1791155652.3
exact step 2998: answers scored 8, mean expected reward 9.344, kl coef 0.0309, update 2.52 s, wall 1791155655.3
checkpoint at step 3000 (1.0 s)
wandb:                                                                                
wandb: 
wandb: Run history:
wandb:                         seconds ▂▂▂▃▄▂▃█▅▂▂▂▁▂▁▄▃▃▃▆▃▂▂▂▃▆▂▁▃▂▁▂▄▂▂█▆▁▁▃
wandb:        stability/answers_scored █████▁████▁█████████████▁███████████████
wandb: stability/batch_confidence_mean ▆▄▅▅▅▅█▃▁▆▂▃▅▁▄▇▇▃▃▄▄█▃▃▅▆▆▅▆▇▂▆▆▇▃▇▄▅▄▅
wandb:  stability/batch_confidence_std ▃▃▁▂▄█▇█▃▆▇█▃▆▆█▃▅▆▄▆█▆▅█▆▇▇▅▆▆▆▆▆▇▅▅▂▆▇
wandb:    stability/batch_invalid_rate ▁▁▁▁▁▁▁▁▁▁▁▁▁▁▁▁▁▁▁▁▁▁▁▁▁▁▁▁▁▁▁▁▁▁▁▁▁▁▁▁
wandb:       stability/expected_reward ▁▇█▅▇▆▆▆▄▅▅▅█▆▅▅▅▄▇█▅▅▆▄▃▆▃█▇█▇▅▄▇▄▇▇▃▆▄
wandb:                    stability/kl ▆█▅▄▃▇▁▄▆▃▆▇▅▇▇▅▄▅▆▃▆▃▅▄▅▄▆▄▅▅▄▆▆█▆▄▇▄▅▅
wandb:               stability/kl_coef ███▇▇▇▇▇▆▆▆▆▆▆▆▅▅▅▅▅▄▄▄▄▄▃▃▃▃▃▂▂▂▂▂▂▁▁▁▁
wandb:       stability/mean_confidence ▅▃▅▅▁▆▃▄▆▂▁▅▃▅▆▃▃▇▅▂▃▂▃▇▁▃▄▅█▄▆▅▃▅▆▅▃▅▃█
wandb:  stability/window_calibration_n ▁▁▁▁▁▁▁▁▁▁▁▁▁▁▁▁▁▁▁▁▁▁▁▁▁▁▁▁▁▁▁▁▁▁▁▁▁▁▁▁
wandb: stability/window_confidence_std ▃▃▂▁▃▃█▅▄▁▇▅▅▅▃▅▄▅▄▅▇▄▆▆▆▆▅▆▅▄▅▅▅▅▅▄▄▄▆▅
wandb:   stability/window_invalid_rate ▁▁▁▁▁▁▁▁▁▁▁▁▁▁▁▁▁▁▁▁▁▁▁▁▁▁▁▁▁▁▁▁▁▁▁▁▁▁▁▁
wandb:         stability/window_levels ▁███▅██▅▅█▅█▅███████████████████████████
wandb:     stability/window_mode_share █▁▁▂▃▄▂▂▃▂▁▂▂▁▂▂▃▄▃▄▂▂▂▃▂▃▃▂▃▂▂▂▃▂▂▂▂▂▃▂
wandb: 
wandb: Run summary:
wandb:                         seconds 2.51107
wandb:        stability/answers_scored 8
wandb: stability/batch_confidence_mean 2.875
wandb:  stability/batch_confidence_std 3.31393
wandb:    stability/batch_invalid_rate 0
wandb:       stability/expected_reward 9.54903
wandb:                    stability/kl 10.26777
wandb:               stability/kl_coef 0.03094
wandb:       stability/mean_confidence 2.86641
wandb:  stability/window_calibration_n 0
wandb: stability/window_confidence_std 2.96197
wandb:   stability/window_invalid_rate 0
wandb:         stability/window_levels 10
wandb:     stability/window_mode_share 0.38583
wandb: 
wandb: 🚀 View run klgrid-exact-adapt20 at: https://wandb.ai/multi-tokenizer/rewarding-doubt/runs/01c8e1611e8dec90
wandb: ⭐️ View project at: https://wandb.ai/multi-tokenizer/rewarding-doubt
wandb: Synced 5 W&B file(s), 0 media file(s), 0 artifact file(s) and 0 other file(s)
wandb: Find logs at: /workspace/runs/klgrid-exact-adapt20/wandb/run-20261004_200608-01c8e1611e8dec90/logs
reached --max-steps 3000
