🦥 Unsloth: Will patch your computer to enable 2x faster free finetuning.
🦥 Unsloth Zoo will now patch everything to make training faster!
==((====))==  Unsloth 2025.1.5: Fast Llama patching. Transformers: 4.48.0.
   \\   /|    GPU: NVIDIA L40S. Max memory: 44.392 GB. Platform: Linux.
O^O/ \_/ \    Torch: 2.5.1+cu124. CUDA: 8.9. CUDA Toolkit: 12.4. Triton: 3.1.0
\        /    Bfloat16 = TRUE. FA [Xformers = 0.0.29.post1. FA2 = False]
 "-____-"     Free Apache license: http://github.com/unslothai/unsloth
Unsloth: Fast downloading is enabled - ignore downloading bars which are red colored!
Unsloth 2025.1.5 patched 32 layers with 32 QKV layers, 32 O layers and 32 MLP layers.
{"step": 1, "epoch": 0, "rows": 8, "skipped": 0, "answer_accuracy": 0.25, "updates": 8, "seconds": 14.265218019485474, "time": 1790893118.3513603, "loss": 0.0928611505282787, "confidence": 0.9030596482796457, "mass": 0.9999920819891407, "hinge_active": 0.0, "stop_prob": 0.9982864782214165, "sampled_number_rate": 1.0, "kl": 0.00022634608364390345, "kl_coef": 0.05}
A decoder-only architecture is being used, but right-padding was detected! For correct generation results, please set `padding_side='left'` when initializing the tokenizer.
{"step": 2, "epoch": 0, "rows": 8, "skipped": 0, "answer_accuracy": 0.375, "updates": 8, "seconds": 11.073301553726196, "time": 1790893129.4257011, "loss": -3.1223132693472166, "confidence": 0.8197468563670619, "mass": 0.9999690446512399, "hinge_active": 0.0, "stop_prob": 0.9943516328930855, "sampled_number_rate": 1.0, "kl": 0.013064702104247533, "kl_coef": 0.049992}
A decoder-only architecture is being used, but right-padding was detected! For correct generation results, please set `padding_side='left'` when initializing the tokenizer.
{"step": 3, "epoch": 0, "rows": 8, "skipped": 0, "answer_accuracy": 0.25, "updates": 8, "seconds": 15.209328889846802, "time": 1790893144.6358736, "loss": 1.7437414127841817, "confidence": 0.9136570469084404, "mass": 0.8749978561573087, "hinge_active": 0.125, "stop_prob": 0.9990729859897068, "sampled_number_rate": 0.875, "kl": 0.1855081906873104, "kl_coef": 0.04998400128}
A decoder-only architecture is being used, but right-padding was detected! For correct generation results, please set `padding_side='left'` when initializing the tokenizer.
{"step": 4, "epoch": 0, "rows": 8, "skipped": 0, "answer_accuracy": 0.75, "updates": 8, "seconds": 10.197219371795654, "time": 1790893154.8337436, "loss": -9.939019157177306, "confidence": 0.7919730584219178, "mass": 0.999996742149865, "hinge_active": 0.0, "stop_prob": 0.9949957728385925, "sampled_number_rate": 1.0, "kl": 0.7284956824248392, "kl_coef": 0.0499760038397952}
A decoder-only architecture is being used, but right-padding was detected! For correct generation results, please set `padding_side='left'` when initializing the tokenizer.
{"step": 5, "epoch": 0, "rows": 8, "skipped": 0, "answer_accuracy": 0.75, "updates": 8, "seconds": 10.361806869506836, "time": 1790893165.1969397, "loss": -9.88086600832057, "confidence": 0.8555314592998083, "mass": 0.9999988877098729, "hinge_active": 0.0, "stop_prob": 0.9997999891638756, "sampled_number_rate": 1.0, "kl": 1.7920013019925551, "kl_coef": 0.049968007679180824}
A decoder-only architecture is being used, but right-padding was detected! For correct generation results, please set `padding_side='left'` when initializing the tokenizer.
{"step": 6, "epoch": 0, "rows": 8, "skipped": 0, "answer_accuracy": 0.625, "updates": 8, "seconds": 10.317143440246582, "time": 1790893175.515087, "loss": -9.524593957100686, "confidence": 0.7945427903853565, "mass": 0.9999971622354327, "hinge_active": 0.0, "stop_prob": 0.9988210126757622, "sampled_number_rate": 1.0, "kl": 1.2858102467396526, "kl_coef": 0.049960012797952154}
A decoder-only architecture is being used, but right-padding was detected! For correct generation results, please set `padding_side='left'` when initializing the tokenizer.
{"step": 7, "epoch": 0, "rows": 8, "skipped": 0, "answer_accuracy": 0.5, "updates": 8, "seconds": 15.155081748962402, "time": 1790893190.6709814, "loss": -4.292629659855518, "confidence": 0.8059222141065578, "mass": 0.8749990808478387, "hinge_active": 0.125, "stop_prob": 0.9997605000223432, "sampled_number_rate": 0.875, "kl": 1.7697151014155983, "kl_coef": 0.04995201919590448}
A decoder-only architecture is being used, but right-padding was detected! For correct generation results, please set `padding_side='left'` when initializing the tokenizer.
{"step": 8, "epoch": 0, "rows": 8, "skipped": 0, "answer_accuracy": 0.375, "updates": 8, "seconds": 9.984928369522095, "time": 1790893200.6567109, "loss": -7.252615642783401, "confidence": 0.841756062590728, "mass": 0.9999982511832131, "hinge_active": 0.0, "stop_prob": 0.999235711991787, "sampled_number_rate": 1.0, "kl": 2.373251438314797, "kl_coef": 0.049944026872833135}
A decoder-only architecture is being used, but right-padding was detected! For correct generation results, please set `padding_side='left'` when initializing the tokenizer.
{"step": 9, "epoch": 0, "rows": 8, "skipped": 0, "answer_accuracy": 0.75, "updates": 8, "seconds": 11.456251859664917, "time": 1790893212.1137984, "loss": -10.376337715196122, "confidence": 0.7989919590361277, "mass": 0.9999987828420434, "hinge_active": 0.0, "stop_prob": 0.9996234476566315, "sampled_number_rate": 1.0, "kl": 2.2471396732884954, "kl_coef": 0.04993603582853348}
A decoder-only architecture is being used, but right-padding was detected! For correct generation results, please set `padding_side='left'` when initializing the tokenizer.
{"step": 10, "epoch": 0, "rows": 8, "skipped": 0, "answer_accuracy": 0.375, "updates": 8, "seconds": 9.865040302276611, "time": 1790893221.979687, "loss": -7.891518915963905, "confidence": 0.780739309971609, "mass": 0.9999986036595185, "hinge_active": 0.0, "stop_prob": 0.9996749460697174, "sampled_number_rate": 1.0, "kl": 2.2679259098673854, "kl_coef": 0.049928046062800914}
A decoder-only architecture is being used, but right-padding was detected! For correct generation results, please set `padding_side='left'` when initializing the tokenizer.
{"step": 11, "epoch": 0, "rows": 8, "skipped": 0, "answer_accuracy": 0.125, "updates": 8, "seconds": 15.041611194610596, "time": 1790893237.0219245, "loss": 2.474187045781064, "confidence": 0.7460835740778258, "mass": 0.7499991200198386, "hinge_active": 0.25, "stop_prob": 0.999845008055369, "sampled_number_rate": 0.75, "kl": 1.07099331508011, "kl_coef": 0.049920057575430866}
A decoder-only architecture is being used, but right-padding was detected! For correct generation results, please set `padding_side='left'` when initializing the tokenizer.
{"step": 12, "epoch": 0, "rows": 8, "skipped": 0, "answer_accuracy": 0.625, "updates": 8, "seconds": 14.994863986968994, "time": 1790893252.0177603, "loss": -4.8498675779767275, "confidence": 0.7911417056955138, "mass": 0.8749992264263766, "hinge_active": 0.125, "stop_prob": 0.9998823148863656, "sampled_number_rate": 0.875, "kl": 2.2493512350826355, "kl_coef": 0.049912070366218794}
A decoder-only architecture is being used, but right-padding was detected! For correct generation results, please set `padding_side='left'` when initializing the tokenizer.
{"step": 13, "epoch": 0, "rows": 8, "skipped": 0, "answer_accuracy": 0.625, "updates": 8, "seconds": 9.81544041633606, "time": 1790893261.8340423, "loss": -9.35841710712732, "confidence": 0.7928499572571823, "mass": 0.9999991198851237, "hinge_active": 0.0, "stop_prob": 0.999745100736618, "sampled_number_rate": 1.0, "kl": 3.056358998391496, "kl_coef": 0.049904084434960194}
A decoder-only architecture is being used, but right-padding was detected! For correct generation results, please set `padding_side='left'` when initializing the tokenizer.
{"step": 14, "epoch": 0, "rows": 8, "skipped": 0, "answer_accuracy": 0.625, "updates": 8, "seconds": 10.207630395889282, "time": 1790893272.0425475, "loss": -9.285583867562808, "confidence": 0.7960175706870846, "mass": 0.9999990849815779, "hinge_active": 0.0, "stop_prob": 0.9998819231987, "sampled_number_rate": 1.0, "kl": 3.2029875575806006, "kl_coef": 0.0498960997814506}
A decoder-only architecture is being used, but right-padding was detected! For correct generation results, please set `padding_side='left'` when initializing the tokenizer.
{"step": 15, "epoch": 0, "rows": 8, "skipped": 0, "answer_accuracy": 0.375, "updates": 8, "seconds": 10.36746621131897, "time": 1790893282.4108994, "loss": -7.790957234237035, "confidence": 0.7628213865288056, "mass": 0.9999984520595018, "hinge_active": 0.0, "stop_prob": 0.9996925964951515, "sampled_number_rate": 1.0, "kl": 3.351180520007858, "kl_coef": 0.049888116405485565}
A decoder-only architecture is being used, but right-padding was detected! For correct generation results, please set `padding_side='left'` when initializing the tokenizer.
{"step": 16, "epoch": 0, "rows": 8, "skipped": 0, "answer_accuracy": 0.375, "updates": 8, "seconds": 9.728246927261353, "time": 1790893292.1399226, "loss": -7.979720182767967, "confidence": 0.759223486811381, "mass": 0.9999989268188736, "hinge_active": 0.0, "stop_prob": 0.9999289289116859, "sampled_number_rate": 1.0, "kl": 3.8976627161386777, "kl_coef": 0.04988013430686068}
A decoder-only architecture is being used, but right-padding was detected! For correct generation results, please set `padding_side='left'` when initializing the tokenizer.
{"step": 17, "epoch": 0, "rows": 8, "skipped": 0, "answer_accuracy": 0.625, "updates": 8, "seconds": 9.644683837890625, "time": 1790893301.785475, "loss": -9.562427495883398, "confidence": 0.6803003119935349, "mass": 0.99999919445771, "hinge_active": 0.0, "stop_prob": 0.9998994693160057, "sampled_number_rate": 1.0, "kl": 3.7495453973278154, "kl_coef": 0.04987215348537158}
A decoder-only architecture is being used, but right-padding was detected! For correct generation results, please set `padding_side='left'` when initializing the tokenizer.
{"step": 18, "epoch": 0, "rows": 8, "skipped": 0, "answer_accuracy": 0.5, "updates": 8, "seconds": 9.633304834365845, "time": 1790893311.4196258, "loss": -8.030458055962189, "confidence": 0.6986896268418351, "mass": 0.9999987387414496, "hinge_active": 0.0, "stop_prob": 0.974592998623848, "sampled_number_rate": 1.0, "kl": 4.4112623125003925, "kl_coef": 0.04986417394081392}
A decoder-only architecture is being used, but right-padding was detected! For correct generation results, please set `padding_side='left'` when initializing the tokenizer.
{"step": 19, "epoch": 0, "rows": 8, "skipped": 0, "answer_accuracy": 0.375, "updates": 8, "seconds": 14.861709833145142, "time": 1790893326.2819216, "loss": -4.412412022635451, "confidence": 0.5858983553500104, "mass": 0.8749986778622819, "hinge_active": 0.125, "stop_prob": 0.9999216454369682, "sampled_number_rate": 0.875, "kl": 3.586545541237329, "kl_coef": 0.04985619567298338}
A decoder-only architecture is being used, but right-padding was detected! For correct generation results, please set `padding_side='left'` when initializing the tokenizer.
{"step": 20, "epoch": 0, "rows": 8, "skipped": 0, "answer_accuracy": 0.625, "updates": 8, "seconds": 9.478612899780273, "time": 1790893335.7612886, "loss": -9.575394200335946, "confidence": 0.6802552138594489, "mass": 0.9999992339547235, "hinge_active": 0.0, "stop_prob": 0.9999343827366829, "sampled_number_rate": 1.0, "kl": 5.048865988719383, "kl_coef": 0.0498482186816757}
A decoder-only architecture is being used, but right-padding was detected! For correct generation results, please set `padding_side='left'` when initializing the tokenizer.
{"step": 21, "epoch": 0, "rows": 8, "skipped": 0, "answer_accuracy": 0.25, "updates": 8, "seconds": 9.618845701217651, "time": 1790893345.3809266, "loss": -7.763722172162475, "confidence": 0.6483548351630367, "mass": 0.9999990064316177, "hinge_active": 0.0, "stop_prob": 0.9999379739165306, "sampled_number_rate": 1.0, "kl": 5.157787259527338, "kl_coef": 0.04984189703685039}
A decoder-only architecture is being used, but right-padding was detected! For correct generation results, please set `padding_side='left'` when initializing the tokenizer.
{"step": 22, "epoch": 0, "rows": 8, "skipped": 0, "answer_accuracy": 0.5, "updates": 8, "seconds": 15.058388948440552, "time": 1790893360.4401627, "loss": -4.777288553774052, "confidence": 0.5940085298641758, "mass": 0.8749989875611079, "hinge_active": 0.125, "stop_prob": 0.9998193638665336, "sampled_number_rate": 0.875, "kl": 4.432541366287073, "kl_coef": 0.049836300039424554}
A decoder-only architecture is being used, but right-padding was detected! For correct generation results, please set `padding_side='left'` when initializing the tokenizer.
{"step": 23, "epoch": 0, "rows": 8, "skipped": 0, "answer_accuracy": 0.625, "updates": 8, "seconds": 14.949024677276611, "time": 1790893375.3902276, "loss": -0.35740969149515633, "confidence": 0.702528563601099, "mass": 0.7499995748147533, "hinge_active": 0.25, "stop_prob": 0.9999521772066752, "sampled_number_rate": 0.75, "kl": 4.887513888786742, "kl_coef": 0.049828326231418245}
A decoder-only architecture is being used, but right-padding was detected! For correct generation results, please set `padding_side='left'` when initializing the tokenizer.
{"step": 24, "epoch": 0, "rows": 8, "skipped": 0, "answer_accuracy": 0.5, "updates": 8, "seconds": 9.662504196166992, "time": 1790893385.0535824, "loss": -8.835376817579006, "confidence": 0.6906680222949781, "mass": 0.9999993288580074, "hinge_active": 0.0, "stop_prob": 0.9999470114707947, "sampled_number_rate": 1.0, "kl": 6.091115725360664, "kl_coef": 0.04982093512196792}
A decoder-only architecture is being used, but right-padding was detected! For correct generation results, please set `padding_side='left'` when initializing the tokenizer.
{"step": 25, "epoch": 0, "rows": 8, "skipped": 0, "answer_accuracy": 0.375, "updates": 8, "seconds": 14.94701361656189, "time": 1790893400.0014129, "loss": -4.121342658182623, "confidence": 0.5944857962608476, "mass": 0.8749994983616595, "hinge_active": 0.125, "stop_prob": 0.9999437757900783, "sampled_number_rate": 0.875, "kl": 5.517137879471292, "kl_coef": 0.04982154038472016}
A decoder-only architecture is being used, but right-padding was detected! For correct generation results, please set `padding_side='left'` when initializing the tokenizer.
{"step": 26, "epoch": 0, "rows": 8, "skipped": 0, "answer_accuracy": 0.625, "updates": 8, "seconds": 9.94274616241455, "time": 1790893409.9450667, "loss": -9.460719799370889, "confidence": 0.6981463523264612, "mass": 0.9999993178490448, "hinge_active": 0.0, "stop_prob": 0.9999255239963531, "sampled_number_rate": 1.0, "kl": 6.390990465493572, "kl_coef": 0.049818332793435074}
A decoder-only architecture is being used, but right-padding was detected! For correct generation results, please set `padding_side='left'` when initializing the tokenizer.
{"step": 27, "epoch": 0, "rows": 8, "skipped": 0, "answer_accuracy": 0.75, "updates": 8, "seconds": 9.572784185409546, "time": 1790893419.51871, "loss": -10.004282986193202, "confidence": 0.647349651792873, "mass": 0.9999992089469822, "hinge_active": 0.0, "stop_prob": 0.999952532351017, "sampled_number_rate": 1.0, "kl": 7.228857337413411, "kl_coef": 0.049820929925852284}
A decoder-only architecture is being used, but right-padding was detected! For correct generation results, please set `padding_side='left'` when initializing the tokenizer.
{"step": 28, "epoch": 0, "rows": 8, "skipped": 0, "answer_accuracy": 0.625, "updates": 8, "seconds": 9.51981520652771, "time": 1790893429.039872, "loss": -9.393911125320113, "confidence": 0.6917569059968361, "mass": 0.99999944564524, "hinge_active": 0.0, "stop_prob": 0.9999521523714066, "sampled_number_rate": 1.0, "kl": 6.514628625616617, "kl_coef": 0.049828901274640416}
A decoder-only architecture is being used, but right-padding was detected! For correct generation results, please set `padding_side='left'` when initializing the tokenizer.
{"step": 29, "epoch": 0, "rows": 8, "skipped": 0, "answer_accuracy": 0.875, "updates": 8, "seconds": 9.54835295677185, "time": 1790893438.5890226, "loss": -10.57350457409115, "confidence": 0.6990565677749553, "mass": 0.9999994214100045, "hinge_active": 0.0, "stop_prob": 0.9999433234333992, "sampled_number_rate": 1.0, "kl": 6.103336976359932, "kl_coef": 0.0498323203918376}
A decoder-only architecture is being used, but right-padding was detected! For correct generation results, please set `padding_side='left'` when initializing the tokenizer.
{"step": 30, "epoch": 0, "rows": 8, "skipped": 0, "answer_accuracy": 0.625, "updates": 8, "seconds": 9.567334413528442, "time": 1790893448.1573188, "loss": -9.600431567214544, "confidence": 0.6486078068559448, "mass": 0.9999992604735242, "hinge_active": 0.0, "stop_prob": 0.999939076602459, "sampled_number_rate": 1.0, "kl": 5.13265318720872, "kl_coef": 0.049833006994679505}
A decoder-only architecture is being used, but right-padding was detected! For correct generation results, please set `padding_side='left'` when initializing the tokenizer.
{"step": 31, "epoch": 0, "rows": 8, "skipped": 0, "answer_accuracy": 0.375, "updates": 8, "seconds": 9.589101552963257, "time": 1790893457.7472348, "loss": -8.489568818093197, "confidence": 0.6347773536547302, "mass": 0.9999989939818363, "hinge_active": 0.0, "stop_prob": 0.9999521300196648, "sampled_number_rate": 1.0, "kl": 4.974224172931271, "kl_coef": 0.04982724399470769}
A decoder-only architecture is being used, but right-padding was detected! For correct generation results, please set `padding_side='left'` when initializing the tokenizer.
{"step": 32, "epoch": 0, "rows": 8, "skipped": 0, "answer_accuracy": 0.375, "updates": 8, "seconds": 9.921082496643066, "time": 1790893467.6692734, "loss": -8.44124464302654, "confidence": 0.6335850146097849, "mass": 0.999998939958973, "hinge_active": 0.0, "stop_prob": 0.9999355897307396, "sampled_number_rate": 1.0, "kl": 5.837749807343436, "kl_coef": 0.0498204291170518}
A decoder-only architecture is being used, but right-padding was detected! For correct generation results, please set `padding_side='left'` when initializing the tokenizer.
{"step": 33, "epoch": 0, "rows": 8, "skipped": 0, "answer_accuracy": 0.5, "updates": 8, "seconds": 10.175902128219604, "time": 1790893477.8460019, "loss": -9.389391261502007, "confidence": 0.6452438405724757, "mass": 0.9999985440183882, "hinge_active": 0.0, "stop_prob": 0.9999368563294411, "sampled_number_rate": 1.0, "kl": 5.267745337464708, "kl_coef": 0.049819351333822134}
A decoder-only architecture is being used, but right-padding was detected! For correct generation results, please set `padding_side='left'` when initializing the tokenizer.
{"step": 34, "epoch": 0, "rows": 8, "skipped": 0, "answer_accuracy": 0.5, "updates": 8, "seconds": 9.73259162902832, "time": 1790893487.5796914, "loss": -9.612249603814321, "confidence": 0.5531989866277846, "mass": 0.9999988291452825, "hinge_active": 0.0, "stop_prob": 0.9999484866857529, "sampled_number_rate": 1.0, "kl": 7.029198539262473, "kl_coef": 0.049814487273515645}
A decoder-only architecture is being used, but right-padding was detected! For correct generation results, please set `padding_side='left'` when initializing the tokenizer.
{"step": 35, "epoch": 0, "rows": 8, "skipped": 0, "answer_accuracy": 0.5, "updates": 8, "seconds": 9.776469707489014, "time": 1790893497.3569133, "loss": -9.208373479212796, "confidence": 0.6109983308809304, "mass": 0.999998914800435, "hinge_active": 0.0, "stop_prob": 0.9999452084302902, "sampled_number_rate": 1.0, "kl": 7.638680866518492, "kl_coef": 0.04982132313985378}
A decoder-only architecture is being used, but right-padding was detected! For correct generation results, please set `padding_side='left'` when initializing the tokenizer.
{"step": 36, "epoch": 0, "rows": 8, "skipped": 0, "answer_accuracy": 0.375, "updates": 8, "seconds": 9.551336765289307, "time": 1790893506.9091737, "loss": -8.429108773929414, "confidence": 0.5550362801971623, "mass": 0.9999992054660962, "hinge_active": 0.0, "stop_prob": 0.9999563172459602, "sampled_number_rate": 1.0, "kl": 8.575395220631297, "kl_coef": 0.04982929455155616}
A decoder-only architecture is being used, but right-padding was detected! For correct generation results, please set `padding_side='left'` when initializing the tokenizer.
{"step": 37, "epoch": 0, "rows": 8, "skipped": 0, "answer_accuracy": 0.625, "updates": 8, "seconds": 9.941354751586914, "time": 1790893516.8514664, "loss": -8.759399695066476, "confidence": 0.5478689086247484, "mass": 0.9999988175318468, "hinge_active": 0.0, "stop_prob": 0.9999455139040947, "sampled_number_rate": 1.0, "kl": 8.59909098076831, "kl_coef": 0.0498372672386844}
A decoder-only architecture is being used, but right-padding was detected! For correct generation results, please set `padding_side='left'` when initializing the tokenizer.
{"step": 38, "epoch": 0, "rows": 8, "skipped": 0, "answer_accuracy": 0.5, "updates": 8, "seconds": 14.98093032836914, "time": 1790893531.8335624, "loss": -4.3163160377356675, "confidence": 0.5264267737352595, "mass": 0.8749994904922666, "hinge_active": 0.125, "stop_prob": 0.9999449593680245, "sampled_number_rate": 0.875, "kl": 8.011108853317479, "kl_coef": 0.04984524120144259}
A decoder-only architecture is being used, but right-padding was detected! For correct generation results, please set `padding_side='left'` when initializing the tokenizer.
{"step": 39, "epoch": 0, "rows": 8, "skipped": 0, "answer_accuracy": 0.375, "updates": 8, "seconds": 9.567924976348877, "time": 1790893541.4024155, "loss": -8.496682804515522, "confidence": 0.5895091202663476, "mass": 0.9999993345437542, "hinge_active": 0.0, "stop_prob": 0.9999554306268692, "sampled_number_rate": 1.0, "kl": 7.323347346269076, "kl_coef": 0.04985321644003482}
A decoder-only architecture is being used, but right-padding was detected! For correct generation results, please set `padding_side='left'` when initializing the tokenizer.
{"step": 40, "epoch": 0, "rows": 8, "skipped": 0, "answer_accuracy": 0.5, "updates": 8, "seconds": 9.632091999053955, "time": 1790893551.0353599, "loss": -9.26427562807948, "confidence": 0.5570059383590944, "mass": 0.9999991974723194, "hinge_active": 0.0, "stop_prob": 0.9999513775110245, "sampled_number_rate": 1.0, "kl": 6.700428700762192, "kl_coef": 0.04986119295466522}
A decoder-only architecture is being used, but right-padding was detected! For correct generation results, please set `padding_side='left'` when initializing the tokenizer.
{"step": 41, "epoch": 0, "rows": 8, "skipped": 0, "answer_accuracy": 0.375, "updates": 8, "seconds": 9.524696588516235, "time": 1790893560.5608716, "loss": -8.690379538841682, "confidence": 0.6205981741157274, "mass": 0.9999993200938319, "hinge_active": 0.0, "stop_prob": 0.9999503269791603, "sampled_number_rate": 1.0, "kl": 6.509322467705937, "kl_coef": 0.04986584951607852}
A decoder-only architecture is being used, but right-padding was detected! For correct generation results, please set `padding_side='left'` when initializing the tokenizer.
{"step": 42, "epoch": 0, "rows": 8, "skipped": 0, "answer_accuracy": 0.25, "updates": 8, "seconds": 9.529410600662231, "time": 1790893570.0911887, "loss": -7.026836248684195, "confidence": 0.6079809539510208, "mass": 0.9999986953330986, "hinge_active": 0.0, "stop_prob": 0.9999332204461098, "sampled_number_rate": 1.0, "kl": 6.905062854184219, "kl_coef": 0.049869235889082486}
A decoder-only architecture is being used, but right-padding was detected! For correct generation results, please set `padding_side='left'` when initializing the tokenizer.
{"step": 43, "epoch": 0, "rows": 8, "skipped": 0, "answer_accuracy": 0.5, "updates": 8, "seconds": 9.412355661392212, "time": 1790893579.5043364, "loss": -8.816594000509989, "confidence": 0.3628001430438329, "mass": 0.9999645853520097, "hinge_active": 0.0, "stop_prob": 0.9986345544457436, "sampled_number_rate": 1.0, "kl": 9.804135007715624, "kl_coef": 0.049875253861478445}
A decoder-only architecture is being used, but right-padding was detected! For correct generation results, please set `padding_side='left'` when initializing the tokenizer.
{"step": 44, "epoch": 0, "rows": 8, "skipped": 0, "answer_accuracy": 0.875, "updates": 8, "seconds": 9.499365091323853, "time": 1790893589.0045624, "loss": -8.804705511897174, "confidence": 0.34318025126178064, "mass": 0.999998070184052, "hinge_active": 0.0, "stop_prob": 0.9999516010284424, "sampled_number_rate": 1.0, "kl": 11.858326203232444, "kl_coef": 0.04988323390209628}
A decoder-only architecture is being used, but right-padding was detected! For correct generation results, please set `padding_side='left'` when initializing the tokenizer.
{"step": 45, "epoch": 0, "rows": 8, "skipped": 0, "answer_accuracy": 0.375, "updates": 8, "seconds": 14.889237403869629, "time": 1790893603.8949943, "loss": -3.6082001138307493, "confidence": 0.4693224327671313, "mass": 0.8749994081237591, "hinge_active": 0.125, "stop_prob": 0.9999491998127529, "sampled_number_rate": 0.875, "kl": 7.2475244663022975, "kl_coef": 0.04989121521952061}
A decoder-only architecture is being used, but right-padding was detected! For correct generation results, please set `padding_side='left'` when initializing the tokenizer.
{"step": 46, "epoch": 0, "rows": 8, "skipped": 0, "answer_accuracy": 0.75, "updates": 8, "seconds": 10.172489881515503, "time": 1790893614.068269, "loss": -10.64385871821415, "confidence": 0.6306687218433639, "mass": 0.999999482090223, "hinge_active": 0.0, "stop_prob": 0.999952457845211, "sampled_number_rate": 1.0, "kl": 5.5860451767959445, "kl_coef": 0.049899197813955735}
A decoder-only architecture is being used, but right-padding was detected! For correct generation results, please set `padding_side='left'` when initializing the tokenizer.
{"step": 47, "epoch": 0, "rows": 8, "skipped": 0, "answer_accuracy": 0.5, "updates": 8, "seconds": 9.73811149597168, "time": 1790893623.8073912, "loss": -8.95061450028085, "confidence": 0.6722637271712018, "mass": 0.9999991090643592, "hinge_active": 0.0, "stop_prob": 0.9999494031071663, "sampled_number_rate": 1.0, "kl": 5.017615220254963, "kl_coef": 0.049896443678807856}
A decoder-only architecture is being used, but right-padding was detected! For correct generation results, please set `padding_side='left'` when initializing the tokenizer.
{"step": 48, "epoch": 0, "rows": 8, "skipped": 0, "answer_accuracy": 0.875, "updates": 8, "seconds": 9.734449863433838, "time": 1790893633.5428016, "loss": -11.065324001989751, "confidence": 0.7263649017777967, "mass": 0.9999991883769596, "hinge_active": 0.0, "stop_prob": 0.9999553337693214, "sampled_number_rate": 1.0, "kl": 4.854242751851732, "kl_coef": 0.04988990801123006}
A decoder-only architecture is being used, but right-padding was detected! For correct generation results, please set `padding_side='left'` when initializing the tokenizer.
{"step": 49, "epoch": 0, "rows": 8, "skipped": 0, "answer_accuracy": 0.75, "updates": 8, "seconds": 9.52326512336731, "time": 1790893643.0668705, "loss": -9.86483001243408, "confidence": 0.7205468138832636, "mass": 0.9999994246236461, "hinge_active": 0.0, "stop_prob": 0.9999543949961662, "sampled_number_rate": 1.0, "kl": 5.192270437859821, "kl_coef": 0.04988228644806828}
A decoder-only architecture is being used, but right-padding was detected! For correct generation results, please set `padding_side='left'` when initializing the tokenizer.
{"step": 50, "epoch": 0, "rows": 8, "skipped": 0, "answer_accuracy": 0.625, "updates": 8, "seconds": 9.501519441604614, "time": 1790893652.5691783, "loss": -9.24812677300518, "confidence": 0.7795398984133997, "mass": 0.9999993245801747, "hinge_active": 0.0, "stop_prob": 0.9999591931700706, "sampled_number_rate": 1.0, "kl": 5.036576936288382, "kl_coef": 0.04987691426174944}
A decoder-only architecture is being used, but right-padding was detected! For correct generation results, please set `padding_side='left'` when initializing the tokenizer.
{"step": 51, "epoch": 0, "rows": 8, "skipped": 0, "answer_accuracy": 0.75, "updates": 8, "seconds": 9.55994462966919, "time": 1790893662.1299996, "loss": -9.932687352724562, "confidence": 0.7068706396804975, "mass": 0.9999992036302112, "hinge_active": 0.0, "stop_prob": 0.9999506324529648, "sampled_number_rate": 1.0, "kl": 4.9256523647413255, "kl_coef": 0.04987050725247657}
A decoder-only architecture is being used, but right-padding was detected! For correct generation results, please set `padding_side='left'` when initializing the tokenizer.
{"step": 52, "epoch": 0, "rows": 8, "skipped": 0, "answer_accuracy": 0.25, "updates": 8, "seconds": 9.648197412490845, "time": 1790893671.779214, "loss": -7.738768787333136, "confidence": 0.7004705962109846, "mass": 0.9999994502566818, "hinge_active": 0.0, "stop_prob": 0.9999371990561485, "sampled_number_rate": 1.0, "kl": 4.693766243092773, "kl_coef": 0.04986336348427179}
A decoder-only architecture is being used, but right-padding was detected! For correct generation results, please set `padding_side='left'` when initializing the tokenizer.
{"step": 53, "epoch": 0, "rows": 8, "skipped": 0, "answer_accuracy": 0.75, "updates": 8, "seconds": 9.520616292953491, "time": 1790893681.3008053, "loss": -10.298783523567643, "confidence": 0.7416024759643497, "mass": 0.9999993589382616, "hinge_active": 0.0, "stop_prob": 0.9999574422836304, "sampled_number_rate": 1.0, "kl": 5.197029095890636, "kl_coef": 0.049855385346114306}
A decoder-only architecture is being used, but right-padding was detected! For correct generation results, please set `padding_side='left'` when initializing the tokenizer.
{"step": 54, "epoch": 0, "rows": 8, "skipped": 0, "answer_accuracy": 0.5, "updates": 8, "seconds": 9.759549617767334, "time": 1790893691.061205, "loss": -8.86157365137889, "confidence": 0.5895008869293465, "mass": 0.9999988881517355, "hinge_active": 0.0, "stop_prob": 0.9999471455812454, "sampled_number_rate": 1.0, "kl": 5.494257580609158, "kl_coef": 0.049850047689601495}
A decoder-only architecture is being used, but right-padding was detected! For correct generation results, please set `padding_side='left'` when initializing the tokenizer.
{"step": 55, "epoch": 0, "rows": 8, "skipped": 0, "answer_accuracy": 1.0, "updates": 8, "seconds": 9.599352359771729, "time": 1790893700.6614246, "loss": -11.321137953964968, "confidence": 0.734972390971116, "mass": 0.999999561473726, "hinge_active": 0.0, "stop_prob": 0.9999567940831184, "sampled_number_rate": 1.0, "kl": 5.343414214853885, "kl_coef": 0.049846686185104794}
A decoder-only architecture is being used, but right-padding was detected! For correct generation results, please set `padding_side='left'` when initializing the tokenizer.
{"step": 56, "epoch": 0, "rows": 8, "skipped": 0, "answer_accuracy": 0.125, "updates": 8, "seconds": 15.14045262336731, "time": 1790893715.8029432, "loss": -2.865729569641667, "confidence": 0.6046963546945027, "mass": 0.8749953216223663, "hinge_active": 0.125, "stop_prob": 0.9999323061534336, "sampled_number_rate": 0.875, "kl": 4.204837904956172, "kl_coef": 0.04984232236836002}
A decoder-only architecture is being used, but right-padding was detected! For correct generation results, please set `padding_side='left'` when initializing the tokenizer.
{"step": 57, "epoch": 0, "rows": 8, "skipped": 0, "answer_accuracy": 0.375, "updates": 8, "seconds": 9.652192831039429, "time": 1790893725.4560022, "loss": -8.011368279361205, "confidence": 0.7155803882711782, "mass": 0.9999994007772726, "hinge_active": 0.0, "stop_prob": 0.9999594464898109, "sampled_number_rate": 1.0, "kl": 5.447061707045558, "kl_coef": 0.04983434759678108}
A decoder-only architecture is being used, but right-padding was detected! For correct generation results, please set `padding_side='left'` when initializing the tokenizer.
{"step": 58, "epoch": 0, "rows": 8, "skipped": 0, "answer_accuracy": 0.5, "updates": 8, "seconds": 9.794984102249146, "time": 1790893735.2519443, "loss": -8.786008649336704, "confidence": 0.6795622488299904, "mass": 0.999999253189142, "hinge_active": 0.0, "stop_prob": 0.9999475702643394, "sampled_number_rate": 1.0, "kl": 6.170999008270555, "kl_coef": 0.049830673554235656}
A decoder-only architecture is being used, but right-padding was detected! For correct generation results, please set `padding_side='left'` when initializing the tokenizer.
{"step": 59, "epoch": 0, "rows": 8, "skipped": 0, "answer_accuracy": 0.75, "updates": 8, "seconds": 9.469016075134277, "time": 1790893744.7218673, "loss": -10.192797187407932, "confidence": 0.7200851423089832, "mass": 0.9999994956676013, "hinge_active": 0.0, "stop_prob": 0.9999576061964035, "sampled_number_rate": 1.0, "kl": 5.814934683680689, "kl_coef": 0.04983180968700355}
A decoder-only architecture is being used, but right-padding was detected! For correct generation results, please set `padding_side='left'` when initializing the tokenizer.
{"step": 60, "epoch": 0, "rows": 8, "skipped": 0, "answer_accuracy": 0.625, "updates": 8, "seconds": 9.493144989013672, "time": 1790893754.2160852, "loss": -9.816731671798241, "confidence": 0.5972181334586546, "mass": 0.9999991371765564, "hinge_active": 0.0, "stop_prob": 0.9999586716294289, "sampled_number_rate": 1.0, "kl": 6.875595758244957, "kl_coef": 0.04983058006838722}
A decoder-only architecture is being used, but right-padding was detected! For correct generation results, please set `padding_side='left'` when initializing the tokenizer.
{"step": 61, "epoch": 0, "rows": 8, "skipped": 0, "answer_accuracy": 0.625, "updates": 8, "seconds": 9.639525890350342, "time": 1790893763.8564167, "loss": -9.25233850100098, "confidence": 0.642145931219552, "mass": 0.9999993207138967, "hinge_active": 0.0, "stop_prob": 0.9999644979834557, "sampled_number_rate": 1.0, "kl": 6.1548324969631345, "kl_coef": 0.049836397594325725}
A decoder-only architecture is being used, but right-padding was detected! For correct generation results, please set `padding_side='left'` when initializing the tokenizer.
{"step": 62, "epoch": 0, "rows": 8, "skipped": 0, "answer_accuracy": 0.375, "updates": 8, "seconds": 15.016755819320679, "time": 1790893778.874032, "loss": 0.5505044132426788, "confidence": 0.681824686175701, "mass": 0.7499995164343316, "hinge_active": 0.25, "stop_prob": 0.9999548296133677, "sampled_number_rate": 0.75, "kl": 4.217537618856127, "kl_coef": 0.04983742643350962}
A decoder-only architecture is being used, but right-padding was detected! For correct generation results, please set `padding_side='left'` when initializing the tokenizer.
{"step": 63, "epoch": 0, "rows": 8, "skipped": 0, "answer_accuracy": 0.5, "updates": 8, "seconds": 9.5367910861969, "time": 1790893788.4118297, "loss": -8.887177867444597, "confidence": 0.6299025017087401, "mass": 0.9999994094374289, "hinge_active": 0.0, "stop_prob": 0.999962605535984, "sampled_number_rate": 1.0, "kl": 6.247104020301688, "kl_coef": 0.04982945244528026}
A decoder-only architecture is being used, but right-padding was detected! For correct generation results, please set `padding_side='left'` when initializing the tokenizer.
{"step": 64, "epoch": 0, "rows": 8, "skipped": 0, "answer_accuracy": 0.75, "updates": 8, "seconds": 14.842498064041138, "time": 1790893803.255022, "loss": -5.27715702339958, "confidence": 0.6766763280751167, "mass": 0.8749994893796317, "hinge_active": 0.125, "stop_prob": 0.9999607631138393, "sampled_number_rate": 0.875, "kl": 4.993737411962067, "kl_coef": 0.049831094186350754, "save_seconds": 0.49291062355041504}
A decoder-only architecture is being used, but right-padding was detected! For correct generation results, please set `padding_side='left'` when initializing the tokenizer.
{"step": 65, "epoch": 0, "rows": 8, "skipped": 0, "answer_accuracy": 0.625, "updates": 8, "seconds": 10.842192649841309, "time": 1790893814.5906332, "loss": -9.792960742884231, "confidence": 0.5983092729815909, "mass": 0.9999982553587025, "hinge_active": 0.0, "stop_prob": 0.9999333918094635, "sampled_number_rate": 1.0, "kl": 5.2853984172775155, "kl_coef": 0.049824408430910655}
A decoder-only architecture is being used, but right-padding was detected! For correct generation results, please set `padding_side='left'` when initializing the tokenizer.
{"step": 66, "epoch": 0, "rows": 8, "skipped": 0, "answer_accuracy": 0.75, "updates": 8, "seconds": 9.95350432395935, "time": 1790893824.5451088, "loss": -9.71651858090017, "confidence": 0.7543192832151926, "mass": 0.9999992761764838, "hinge_active": 0.0, "stop_prob": 0.9999540895223618, "sampled_number_rate": 1.0, "kl": 5.401176339617798, "kl_coef": 0.04981966115076093}
A decoder-only architecture is being used, but right-padding was detected! For correct generation results, please set `padding_side='left'` when initializing the tokenizer.
{"step": 67, "epoch": 0, "rows": 8, "skipped": 0, "answer_accuracy": 0.625, "updates": 8, "seconds": 9.563124656677246, "time": 1790893834.1092284, "loss": -9.420597148048063, "confidence": 0.7143358631569582, "mass": 0.9999992933764241, "hinge_active": 0.0, "stop_prob": 0.9999575316905975, "sampled_number_rate": 1.0, "kl": 4.724639994659334, "kl_coef": 0.04981568339184769}
A decoder-only architecture is being used, but right-padding was detected! For correct generation results, please set `padding_side='left'` when initializing the tokenizer.
{"step": 68, "epoch": 0, "rows": 8, "skipped": 0, "answer_accuracy": 0.875, "updates": 8, "seconds": 9.478513717651367, "time": 1790893843.5886884, "loss": -10.995595851857566, "confidence": 0.7749970726159099, "mass": 0.9999992834910327, "hinge_active": 0.0, "stop_prob": 0.9999660551548004, "sampled_number_rate": 1.0, "kl": 5.102613750242788, "kl_coef": 0.049807712882505}
A decoder-only architecture is being used, but right-padding was detected! For correct generation results, please set `padding_side='left'` when initializing the tokenizer.
{"step": 69, "epoch": 0, "rows": 8, "skipped": 0, "answer_accuracy": 0.375, "updates": 8, "seconds": 14.890496730804443, "time": 1790893858.4800677, "loss": -3.6376669441641463, "confidence": 0.7414810765335078, "mass": 0.8749994687537036, "hinge_active": 0.125, "stop_prob": 0.9999575018882751, "sampled_number_rate": 0.875, "kl": 4.055763697674141, "kl_coef": 0.04980175331494865}
A decoder-only architecture is being used, but right-padding was detected! For correct generation results, please set `padding_side='left'` when initializing the tokenizer.
{"step": 70, "epoch": 0, "rows": 8, "skipped": 0, "answer_accuracy": 0.375, "updates": 8, "seconds": 14.9715256690979, "time": 1790893873.4525607, "loss": 1.0411287983503978, "confidence": 0.6346316434359034, "mass": 0.7499992646640072, "hinge_active": 0.25, "stop_prob": 0.9999576906363169, "sampled_number_rate": 0.75, "kl": 4.324298040277734, "kl_coef": 0.04979378503441825}
A decoder-only architecture is being used, but right-padding was detected! For correct generation results, please set `padding_side='left'` when initializing the tokenizer.
{"step": 71, "epoch": 0, "rows": 8, "skipped": 0, "answer_accuracy": 0.625, "updates": 8, "seconds": 14.944210290908813, "time": 1790893888.3974485, "loss": -4.724327312115564, "confidence": 0.7345244651592795, "mass": 0.8749994341477427, "hinge_active": 0.125, "stop_prob": 0.9999542236328125, "sampled_number_rate": 0.875, "kl": 4.490647339268802, "kl_coef": 0.049785818028812746}
A decoder-only architecture is being used, but right-padding was detected! For correct generation results, please set `padding_side='left'` when initializing the tokenizer.
{"step": 72, "epoch": 0, "rows": 8, "skipped": 0, "answer_accuracy": 0.375, "updates": 8, "seconds": 9.723734378814697, "time": 1790893898.1220386, "loss": -8.019562109475363, "confidence": 0.6882419615281349, "mass": 0.9999991527353332, "hinge_active": 0.0, "stop_prob": 0.9999624639749527, "sampled_number_rate": 1.0, "kl": 4.658909962571886, "kl_coef": 0.04977785229792813}
A decoder-only architecture is being used, but right-padding was detected! For correct generation results, please set `padding_side='left'` when initializing the tokenizer.
{"step": 73, "epoch": 0, "rows": 8, "skipped": 0, "answer_accuracy": 0.25, "updates": 8, "seconds": 9.706719398498535, "time": 1790893907.8296854, "loss": -8.780736233242017, "confidence": 0.5366708641630302, "mass": 0.999981974732004, "hinge_active": 0.0, "stop_prob": 0.9999368041753769, "sampled_number_rate": 1.0, "kl": 5.297727176000695, "kl_coef": 0.04976988784156046}
A decoder-only architecture is being used, but right-padding was detected! For correct generation results, please set `padding_side='left'` when initializing the tokenizer.
{"step": 74, "epoch": 0, "rows": 8, "skipped": 0, "answer_accuracy": 0.5, "updates": 8, "seconds": 9.80129623413086, "time": 1790893917.6316965, "loss": -9.062963350931463, "confidence": 0.5533324470552317, "mass": 0.9999660675434311, "hinge_active": 0.0, "stop_prob": 0.9999128431081772, "sampled_number_rate": 1.0, "kl": 5.69649714783819, "kl_coef": 0.049765227569602506}
A decoder-only architecture is being used, but right-padding was detected! For correct generation results, please set `padding_side='left'` when initializing the tokenizer.
{"step": 75, "epoch": 0, "rows": 8, "skipped": 0, "answer_accuracy": 0.375, "updates": 8, "seconds": 9.493907928466797, "time": 1790893927.1266673, "loss": -8.989464702325714, "confidence": 0.5627790116808374, "mass": 0.9999969894915841, "hinge_active": 0.0, "stop_prob": 0.9995403736829758, "sampled_number_rate": 1.0, "kl": 5.63262082793341, "kl_coef": 0.04976321371780172}
A decoder-only architecture is being used, but right-padding was detected! For correct generation results, please set `padding_side='left'` when initializing the tokenizer.
{"step": 76, "epoch": 0, "rows": 8, "skipped": 0, "answer_accuracy": 0.875, "updates": 8, "seconds": 9.686792850494385, "time": 1790893936.8142395, "loss": -10.714220130842849, "confidence": 0.7096184490285389, "mass": 0.9999989524441005, "hinge_active": 0.0, "stop_prob": 0.9999601542949677, "sampled_number_rate": 1.0, "kl": 5.067310701216977, "kl_coef": 0.04976077612203439}
A decoder-only architecture is being used, but right-padding was detected! For correct generation results, please set `padding_side='left'` when initializing the tokenizer.
{"step": 77, "epoch": 0, "rows": 8, "skipped": 0, "answer_accuracy": 0.625, "updates": 8, "seconds": 9.821966648101807, "time": 1790893946.63713, "loss": -9.52814628815286, "confidence": 0.668177053273298, "mass": 0.9999993708240539, "hinge_active": 0.0, "stop_prob": 0.9999623671174049, "sampled_number_rate": 1.0, "kl": 5.896939322303172, "kl_coef": 0.04975458794291597}
A decoder-only architecture is being used, but right-padding was detected! For correct generation results, please set `padding_side='left'` when initializing the tokenizer.
{"step": 78, "epoch": 0, "rows": 8, "skipped": 0, "answer_accuracy": 0.5, "updates": 8, "seconds": 15.123024225234985, "time": 1790893961.7612276, "loss": -4.458162180301903, "confidence": 0.6182330462925426, "mass": 0.8749992697873461, "hinge_active": 0.125, "stop_prob": 0.9999679497310093, "sampled_number_rate": 0.875, "kl": 5.407984952607093, "kl_coef": 0.04975390424404238}
A decoder-only architecture is being used, but right-padding was detected! For correct generation results, please set `padding_side='left'` when initializing the tokenizer.
{"step": 79, "epoch": 0, "rows": 8, "skipped": 0, "answer_accuracy": 0.875, "updates": 8, "seconds": 9.643348455429077, "time": 1790893971.4053257, "loss": -10.481992123115612, "confidence": 0.7267421205841788, "mass": 0.9999992892106905, "hinge_active": 0.0, "stop_prob": 0.9999636709690094, "sampled_number_rate": 1.0, "kl": 5.0133756497586, "kl_coef": 0.049749976902711844}
A decoder-only architecture is being used, but right-padding was detected! For correct generation results, please set `padding_side='left'` when initializing the tokenizer.
{"step": 80, "epoch": 0, "rows": 8, "skipped": 0, "answer_accuracy": 0.75, "updates": 8, "seconds": 15.116041421890259, "time": 1790893986.522268, "loss": -5.585542108243778, "confidence": 0.7589791144450645, "mass": 0.8749992025732601, "hinge_active": 0.125, "stop_prob": 0.999964816229684, "sampled_number_rate": 0.875, "kl": 3.866237156793673, "kl_coef": 0.049743432297560355}
A decoder-only architecture is being used, but right-padding was detected! For correct generation results, please set `padding_side='left'` when initializing the tokenizer.
{"step": 81, "epoch": 0, "rows": 8, "skipped": 0, "answer_accuracy": 0.375, "updates": 8, "seconds": 15.087478399276733, "time": 1790894001.6105897, "loss": -3.055197896402362, "confidence": 0.7533382636452526, "mass": 0.8749988771977011, "hinge_active": 0.125, "stop_prob": 0.9999608823231289, "sampled_number_rate": 0.875, "kl": 3.3652325655468305, "kl_coef": 0.04973547334839274}
A decoder-only architecture is being used, but right-padding was detected! For correct generation results, please set `padding_side='left'` when initializing the tokenizer.
{"step": 82, "epoch": 0, "rows": 8, "skipped": 0, "answer_accuracy": 0.25, "updates": 8, "seconds": 11.141266345977783, "time": 1790894012.7527301, "loss": -8.014161033217478, "confidence": 0.6679688483048567, "mass": 0.9999986795559349, "hinge_active": 0.0, "stop_prob": 0.9999574422836304, "sampled_number_rate": 1.0, "kl": 4.719245194675522, "kl_coef": 0.04972751567265699}
A decoder-only architecture is being used, but right-padding was detected! For correct generation results, please set `padding_side='left'` when initializing the tokenizer.
{"step": 83, "epoch": 0, "rows": 8, "skipped": 0, "answer_accuracy": 0.5, "updates": 8, "seconds": 9.800653457641602, "time": 1790894022.5548034, "loss": -9.350121361024375, "confidence": 0.6630256700444115, "mass": 0.9999982691078365, "hinge_active": 0.0, "stop_prob": 0.9999663010239601, "sampled_number_rate": 1.0, "kl": 5.2630951116950815, "kl_coef": 0.049719559270149365}
A decoder-only architecture is being used, but right-padding was detected! For correct generation results, please set `padding_side='left'` when initializing the tokenizer.
{"step": 84, "epoch": 0, "rows": 8, "skipped": 0, "answer_accuracy": 0.375, "updates": 8, "seconds": 9.677280187606812, "time": 1790894032.2329888, "loss": -8.502804667033923, "confidence": 0.6389084372971485, "mass": 0.9999986942436915, "hinge_active": 0.0, "stop_prob": 0.9999615401029587, "sampled_number_rate": 1.0, "kl": 5.8758699069598155, "kl_coef": 0.049714674125313295}
A decoder-only architecture is being used, but right-padding was detected! For correct generation results, please set `padding_side='left'` when initializing the tokenizer.
{"step": 85, "epoch": 0, "rows": 8, "skipped": 0, "answer_accuracy": 0.375, "updates": 8, "seconds": 14.826319932937622, "time": 1790894047.0603602, "loss": -4.131482034714457, "confidence": 0.46635173086115217, "mass": 0.8749957408584944, "hinge_active": 0.125, "stop_prob": 0.9999190654073443, "sampled_number_rate": 0.875, "kl": 6.920532575748886, "kl_coef": 0.049713851313696676}
A decoder-only architecture is being used, but right-padding was detected! For correct generation results, please set `padding_side='left'` when initializing the tokenizer.
{"step": 86, "epoch": 0, "rows": 8, "skipped": 0, "answer_accuracy": 0.375, "updates": 8, "seconds": 10.18471622467041, "time": 1790894057.2461782, "loss": -8.997496400010798, "confidence": 0.5451474972555814, "mass": 0.9999054769613199, "hinge_active": 0.0, "stop_prob": 0.9995145052671432, "sampled_number_rate": 1.0, "kl": 6.604371881090218, "kl_coef": 0.04971995307631003}
A decoder-only architecture is being used, but right-padding was detected! For correct generation results, please set `padding_side='left'` when initializing the tokenizer.
{"step": 87, "epoch": 0, "rows": 8, "skipped": 0, "answer_accuracy": 0.5, "updates": 8, "seconds": 14.832364320755005, "time": 1790894072.0796456, "loss": -4.119697665002448, "confidence": 0.5617958516675686, "mass": 0.8749985779291196, "hinge_active": 0.125, "stop_prob": 0.9998178567205157, "sampled_number_rate": 0.875, "kl": 6.519647205995781, "kl_coef": 0.04972395965518582}
A decoder-only architecture is being used, but right-padding was detected! For correct generation results, please set `padding_side='left'` when initializing the tokenizer.
{"step": 88, "epoch": 0, "rows": 8, "skipped": 0, "answer_accuracy": 0.875, "updates": 8, "seconds": 9.43620777130127, "time": 1790894081.5168915, "loss": -10.90670045574651, "confidence": 0.7123398934075352, "mass": 0.999999266142209, "hinge_active": 0.0, "stop_prob": 0.9999693930149078, "sampled_number_rate": 1.0, "kl": 5.4395618285474585, "kl_coef": 0.049727404844079934}
A decoder-only architecture is being used, but right-padding was detected! For correct generation results, please set `padding_side='left'` when initializing the tokenizer.
{"step": 89, "epoch": 0, "rows": 8, "skipped": 0, "answer_accuracy": 0.125, "updates": 8, "seconds": 14.85196828842163, "time": 1790894096.369812, "loss": -2.6827268998669713, "confidence": 0.5487988822905765, "mass": 0.8749985830855015, "hinge_active": 0.125, "stop_prob": 0.9999644586018154, "sampled_number_rate": 0.875, "kl": 6.363331097894793, "kl_coef": 0.049723688959301016}
A decoder-only architecture is being used, but right-padding was detected! For correct generation results, please set `padding_side='left'` when initializing the tokenizer.
{"step": 90, "epoch": 0, "rows": 8, "skipped": 0, "answer_accuracy": 0.5, "updates": 8, "seconds": 9.467884540557861, "time": 1790894105.8388438, "loss": -9.786382643481291, "confidence": 0.4705173770491698, "mass": 0.9999952126618795, "hinge_active": 0.0, "stop_prob": 0.9997100383043289, "sampled_number_rate": 1.0, "kl": 5.423434682688877, "kl_coef": 0.04972609778096781}
A decoder-only architecture is being used, but right-padding was detected! For correct generation results, please set `padding_side='left'` when initializing the tokenizer.
{"step": 91, "epoch": 0, "rows": 8, "skipped": 0, "answer_accuracy": 0.125, "updates": 8, "seconds": 9.60306978225708, "time": 1790894115.4429626, "loss": -8.383332640075901, "confidence": 0.4162312311510793, "mass": 0.9999952871422787, "hinge_active": 0.0, "stop_prob": 0.9998151287436485, "sampled_number_rate": 1.0, "kl": 6.859412976141539, "kl_coef": 0.04972227506852171}
A decoder-only architecture is being used, but right-padding was detected! For correct generation results, please set `padding_side='left'` when initializing the tokenizer.
{"step": 92, "epoch": 0, "rows": 8, "skipped": 0, "answer_accuracy": 0.25, "updates": 8, "seconds": 21.075249433517456, "time": 1790894136.5188785, "loss": -2.8919307644536985, "confidence": 0.5726465808784508, "mass": 0.8741627043589986, "hinge_active": 0.125, "stop_prob": 0.9997271980558123, "sampled_number_rate": 0.875, "kl": 6.251688275149799, "kl_coef": 0.049727972664308}
A decoder-only architecture is being used, but right-padding was detected! For correct generation results, please set `padding_side='left'` when initializing the tokenizer.
{"step": 93, "epoch": 0, "rows": 8, "skipped": 0, "answer_accuracy": 0.125, "updates": 8, "seconds": 10.01857590675354, "time": 1790894146.538333, "loss": -8.577188168546497, "confidence": 0.37060787730188405, "mass": 0.999996705605563, "hinge_active": 0.0, "stop_prob": 0.9999674782156944, "sampled_number_rate": 1.0, "kl": 11.518316886172858, "kl_coef": 0.049729641457330206}
A decoder-only architecture is being used, but right-padding was detected! For correct generation results, please set `padding_side='left'` when initializing the tokenizer.
{"step": 94, "epoch": 0, "rows": 8, "skipped": 0, "answer_accuracy": 0.625, "updates": 8, "seconds": 10.261703252792358, "time": 1790894156.8009915, "loss": -8.893678782657007, "confidence": 0.39822187103593576, "mass": 0.9999919823846269, "hinge_active": 0.0, "stop_prob": 0.9999707788228989, "sampled_number_rate": 1.0, "kl": 11.007487130765506, "kl_coef": 0.04973759819996337}
A decoder-only architecture is being used, but right-padding was detected! For correct generation results, please set `padding_side='left'` when initializing the tokenizer.
{"step": 95, "epoch": 0, "rows": 8, "skipped": 0, "answer_accuracy": 0.625, "updates": 8, "seconds": 9.966026782989502, "time": 1790894166.769491, "loss": -9.716635989774625, "confidence": 0.41764822388782913, "mass": 0.9999984280862788, "hinge_active": 0.0, "stop_prob": 0.9999048188328743, "sampled_number_rate": 1.0, "kl": 9.42202893415279, "kl_coef": 0.04974555621567536}
A decoder-only architecture is being used, but right-padding was detected! For correct generation results, please set `padding_side='left'` when initializing the tokenizer.
{"step": 96, "epoch": 0, "rows": 8, "skipped": 0, "answer_accuracy": 0.5, "updates": 8, "seconds": 9.860056400299072, "time": 1790894176.630242, "loss": -9.537199720820345, "confidence": 0.4978101122312394, "mass": 0.999998384189548, "hinge_active": 0.0, "stop_prob": 0.999915324151516, "sampled_number_rate": 1.0, "kl": 5.9881239275604585, "kl_coef": 0.04975351550466987}
A decoder-only architecture is being used, but right-padding was detected! For correct generation results, please set `padding_side='left'` when initializing the tokenizer.
{"step": 97, "epoch": 0, "rows": 8, "skipped": 0, "answer_accuracy": 0.75, "updates": 8, "seconds": 9.727949142456055, "time": 1790894186.3590877, "loss": -9.811918461057896, "confidence": 0.676243151510443, "mass": 0.9999992790025282, "hinge_active": 0.0, "stop_prob": 0.9999698624014854, "sampled_number_rate": 1.0, "kl": 5.949951854030621, "kl_coef": 0.049753436721155966}
A decoder-only architecture is being used, but right-padding was detected! For correct generation results, please set `padding_side='left'` when initializing the tokenizer.
{"step": 98, "epoch": 0, "rows": 8, "skipped": 0, "answer_accuracy": 0.75, "updates": 8, "seconds": 15.069910764694214, "time": 1790894201.429919, "loss": -4.947656821744875, "confidence": 0.6569500715826329, "mass": 0.8749992524375156, "hinge_active": 0.125, "stop_prob": 0.9999708959034511, "sampled_number_rate": 0.875, "kl": 4.727249986990407, "kl_coef": 0.0497531047121875}
A decoder-only architecture is being used, but right-padding was detected! For correct generation results, please set `padding_side='left'` when initializing the tokenizer.
{"step": 99, "epoch": 0, "rows": 8, "skipped": 0, "answer_accuracy": 0.625, "updates": 8, "seconds": 9.68196964263916, "time": 1790894211.1129415, "loss": -9.441267488640385, "confidence": 0.6048591015570486, "mass": 0.9999993882164924, "hinge_active": 0.0, "stop_prob": 0.9999711513519287, "sampled_number_rate": 1.0, "kl": 5.459192456321411, "kl_coef": 0.04974514421543355}
A decoder-only architecture is being used, but right-padding was detected! For correct generation results, please set `padding_side='left'` when initializing the tokenizer.
{"step": 100, "epoch": 0, "rows": 8, "skipped": 0, "answer_accuracy": 0.375, "updates": 8, "seconds": 9.67057204246521, "time": 1790894220.7843244, "loss": -8.436670702764948, "confidence": 0.6045181796005495, "mass": 0.9999989094815457, "hinge_active": 0.0, "stop_prob": 0.9999669641256332, "sampled_number_rate": 1.0, "kl": 5.647768947142735, "kl_coef": 0.04974155720886647}
A decoder-only architecture is being used, but right-padding was detected! For correct generation results, please set `padding_side='left'` when initializing the tokenizer.
{"step": 101, "epoch": 0, "rows": 8, "skipped": 0, "answer_accuracy": 0.375, "updates": 8, "seconds": 9.682881832122803, "time": 1790894230.468099, "loss": -8.045097488687844, "confidence": 0.7208682375894799, "mass": 0.9999991334214957, "hinge_active": 0.0, "stop_prob": 0.9999684393405914, "sampled_number_rate": 1.0, "kl": 4.67855075022124, "kl_coef": 0.04973922113939094}
A decoder-only architecture is being used, but right-padding was detected! For correct generation results, please set `padding_side='left'` when initializing the tokenizer.
{"step": 102, "epoch": 0, "rows": 8, "skipped": 0, "answer_accuracy": 0.875, "updates": 8, "seconds": 9.645323276519775, "time": 1790894240.1143012, "loss": -10.303959589357579, "confidence": 0.7374119635922366, "mass": 0.9999994441022223, "hinge_active": 0.0, "stop_prob": 0.9999673292040825, "sampled_number_rate": 1.0, "kl": 5.009383466481755, "kl_coef": 0.04973126286400864}
A decoder-only architecture is being used, but right-padding was detected! For correct generation results, please set `padding_side='left'` when initializing the tokenizer.
{"step": 103, "epoch": 0, "rows": 8, "skipped": 0, "answer_accuracy": 0.625, "updates": 8, "seconds": 9.795486688613892, "time": 1790894249.9108026, "loss": -10.08489025244368, "confidence": 0.6183279707197603, "mass": 0.9999949340888497, "hinge_active": 0.0, "stop_prob": 0.9999603107571602, "sampled_number_rate": 1.0, "kl": 4.571796569040959, "kl_coef": 0.049724694249178525}
A decoder-only architecture is being used, but right-padding was detected! For correct generation results, please set `padding_side='left'` when initializing the tokenizer.
{"step": 104, "epoch": 0, "rows": 8, "skipped": 0, "answer_accuracy": 0.375, "updates": 8, "seconds": 15.149466514587402, "time": 1790894265.0611856, "loss": -4.590431453407518, "confidence": 0.5678140924351105, "mass": 0.8749991400690942, "hinge_active": 0.125, "stop_prob": 0.9998926520347595, "sampled_number_rate": 0.875, "kl": 4.383023947524317, "kl_coef": 0.04971673829809865}
A decoder-only architecture is being used, but right-padding was detected! For correct generation results, please set `padding_side='left'` when initializing the tokenizer.
{"step": 105, "epoch": 0, "rows": 8, "skipped": 0, "answer_accuracy": 0.625, "updates": 8, "seconds": 9.958214282989502, "time": 1790894275.0204918, "loss": -9.666089303595173, "confidence": 0.655029327739042, "mass": 0.999984669826716, "hinge_active": 0.0, "stop_prob": 0.9990469440817833, "sampled_number_rate": 1.0, "kl": 4.391488882901722, "kl_coef": 0.049708783619970956}
A decoder-only architecture is being used, but right-padding was detected! For correct generation results, please set `padding_side='left'` when initializing the tokenizer.
{"step": 106, "epoch": 0, "rows": 8, "skipped": 0, "answer_accuracy": 0.625, "updates": 8, "seconds": 14.9657142162323, "time": 1790894289.9871867, "loss": -4.768558494061908, "confidence": 0.7339837451612146, "mass": 0.8749996292974314, "hinge_active": 0.125, "stop_prob": 0.9999738591057914, "sampled_number_rate": 0.875, "kl": 3.825068205302074, "kl_coef": 0.049700830214591755}
A decoder-only architecture is being used, but right-padding was detected! For correct generation results, please set `padding_side='left'` when initializing the tokenizer.
{"step": 107, "epoch": 0, "rows": 8, "skipped": 0, "answer_accuracy": 0.375, "updates": 8, "seconds": 15.027444124221802, "time": 1790894305.0156548, "loss": 0.5469821824343873, "confidence": 0.602538631147497, "mass": 0.7499997073071267, "hinge_active": 0.25, "stop_prob": 0.9999726215998331, "sampled_number_rate": 0.75, "kl": 4.360783393888953, "kl_coef": 0.049692878081757416}
A decoder-only architecture is being used, but right-padding was detected! For correct generation results, please set `padding_side='left'` when initializing the tokenizer.
{"step": 108, "epoch": 0, "rows": 8, "skipped": 0, "answer_accuracy": 0.5, "updates": 8, "seconds": 10.104147911071777, "time": 1790894315.1210544, "loss": -9.483495453062924, "confidence": 0.5905082500664706, "mass": 0.999997553521287, "hinge_active": 0.0, "stop_prob": 0.9999667927622795, "sampled_number_rate": 1.0, "kl": 4.6338359981349235, "kl_coef": 0.04968492722126433}
A decoder-only architecture is being used, but right-padding was detected! For correct generation results, please set `padding_side='left'` when initializing the tokenizer.
{"step": 109, "epoch": 0, "rows": 8, "skipped": 0, "answer_accuracy": 0.5, "updates": 8, "seconds": 9.74771761894226, "time": 1790894324.8698015, "loss": -9.111216358326251, "confidence": 0.6812320860308979, "mass": 0.999999492622742, "hinge_active": 0.0, "stop_prob": 0.9999712780117989, "sampled_number_rate": 1.0, "kl": 5.856813700526537, "kl_coef": 0.049676977632908924}
A decoder-only architecture is being used, but right-padding was detected! For correct generation results, please set `padding_side='left'` when initializing the tokenizer.
{"step": 110, "epoch": 0, "rows": 8, "skipped": 0, "answer_accuracy": 0.75, "updates": 8, "seconds": 9.551152229309082, "time": 1790894334.4220452, "loss": -10.406248683901062, "confidence": 0.6338303435566212, "mass": 0.999993979275397, "hinge_active": 0.0, "stop_prob": 0.9999404102563858, "sampled_number_rate": 1.0, "kl": 4.031554156930264, "kl_coef": 0.04967602922456275}
A decoder-only architecture is being used, but right-padding was detected! For correct generation results, please set `padding_side='left'` when initializing the tokenizer.
{"step": 111, "epoch": 0, "rows": 8, "skipped": 0, "answer_accuracy": 0.5, "updates": 8, "seconds": 9.744827032089233, "time": 1790894344.1681962, "loss": -9.60782286898073, "confidence": 0.5851381339450685, "mass": 0.9995788548506247, "hinge_active": 0.0, "stop_prob": 0.9997617155313492, "sampled_number_rate": 1.0, "kl": 4.647946034842943, "kl_coef": 0.049668081059886814}
A decoder-only architecture is being used, but right-padding was detected! For correct generation results, please set `padding_side='left'` when initializing the tokenizer.
{"step": 112, "epoch": 0, "rows": 8, "skipped": 0, "answer_accuracy": 0.5, "updates": 8, "seconds": 9.583674907684326, "time": 1790894353.7530162, "loss": -9.015524988672864, "confidence": 0.6142698562473593, "mass": 0.9999989797144284, "hinge_active": 0.0, "stop_prob": 0.9999701380729675, "sampled_number_rate": 1.0, "kl": 5.8935036345137, "kl_coef": 0.04966013416691723}
A decoder-only architecture is being used, but right-padding was detected! For correct generation results, please set `padding_side='left'` when initializing the tokenizer.
{"step": 113, "epoch": 0, "rows": 8, "skipped": 0, "answer_accuracy": 0.5, "updates": 8, "seconds": 14.972801685333252, "time": 1790894368.726684, "loss": -4.5161856083926715, "confidence": 0.672554343895694, "mass": 0.8749995887771256, "hinge_active": 0.125, "stop_prob": 0.9999738591057914, "sampled_number_rate": 0.875, "kl": 4.640526056902717, "kl_coef": 0.049659429017077455}
A decoder-only architecture is being used, but right-padding was detected! For correct generation results, please set `padding_side='left'` when initializing the tokenizer.
{"step": 114, "epoch": 0, "rows": 8, "skipped": 0, "answer_accuracy": 0.5, "updates": 8, "seconds": 15.111129522323608, "time": 1790894383.8388176, "loss": 0.9987147848651377, "confidence": 0.5311661961517123, "mass": 0.7499997055782951, "hinge_active": 0.25, "stop_prob": 0.9999730090300242, "sampled_number_rate": 0.75, "kl": 5.108017314866249, "kl_coef": 0.04965148350843472}
A decoder-only architecture is being used, but right-padding was detected! For correct generation results, please set `padding_side='left'` when initializing the tokenizer.
{"step": 115, "epoch": 0, "rows": 8, "skipped": 0, "answer_accuracy": 0.25, "updates": 8, "seconds": 15.236433744430542, "time": 1790894399.0761654, "loss": -3.44521739347997, "confidence": 0.6280598466221718, "mass": 0.8749995228096464, "hinge_active": 0.125, "stop_prob": 0.999962568283081, "sampled_number_rate": 0.875, "kl": 4.594149184050238, "kl_coef": 0.04964557840662396}
A decoder-only architecture is being used, but right-padding was detected! For correct generation results, please set `padding_side='left'` when initializing the tokenizer.
{"step": 116, "epoch": 0, "rows": 8, "skipped": 0, "answer_accuracy": 0.25, "updates": 8, "seconds": 15.018916845321655, "time": 1790894414.0960412, "loss": 0.6772180490903406, "confidence": 0.5146588453115362, "mass": 0.7499993874200998, "hinge_active": 0.25, "stop_prob": 0.9998514552911123, "sampled_number_rate": 0.75, "kl": 4.060833862749616, "kl_coef": 0.0496376351140789}
A decoder-only architecture is being used, but right-padding was detected! For correct generation results, please set `padding_side='left'` when initializing the tokenizer.
{"step": 117, "epoch": 0, "rows": 8, "skipped": 0, "answer_accuracy": 0.625, "updates": 8, "seconds": 9.706049680709839, "time": 1790894423.80366, "loss": -9.831213242299613, "confidence": 0.5747611040947025, "mass": 0.9999996224184315, "hinge_active": 0.0, "stop_prob": 0.9999742060899734, "sampled_number_rate": 1.0, "kl": 6.927743873407366, "kl_coef": 0.049629693092460646}
A decoder-only architecture is being used, but right-padding was detected! For correct generation results, please set `padding_side='left'` when initializing the tokenizer.
{"step": 118, "epoch": 0, "rows": 8, "skipped": 0, "answer_accuracy": 0.625, "updates": 8, "seconds": 11.223338842391968, "time": 1790894435.0279424, "loss": -9.743955274205035, "confidence": 0.688753953973739, "mass": 0.9999992832046606, "hinge_active": 0.0, "stop_prob": 0.9999747052788734, "sampled_number_rate": 1.0, "kl": 6.035406802547979, "kl_coef": 0.049635832244954735}
A decoder-only architecture is being used, but right-padding was detected! For correct generation results, please set `padding_side='left'` when initializing the tokenizer.
{"step": 119, "epoch": 0, "rows": 8, "skipped": 0, "answer_accuracy": 0.0, "updates": 8, "seconds": 9.655643224716187, "time": 1790894444.6845758, "loss": -7.0371868908790915, "confidence": 0.5608093435403704, "mass": 0.9999996225996877, "hinge_active": 0.0, "stop_prob": 0.9999741315841675, "sampled_number_rate": 1.0, "kl": 7.1678389058437775, "kl_coef": 0.04963606657110295}
A decoder-only architecture is being used, but right-padding was detected! For correct generation results, please set `padding_side='left'` when initializing the tokenizer.
{"step": 120, "epoch": 0, "rows": 8, "skipped": 0, "answer_accuracy": 0.25, "updates": 8, "seconds": 9.67264199256897, "time": 1790894454.3585856, "loss": -8.966350133881141, "confidence": 0.34455531267559386, "mass": 0.9993955709549633, "hinge_active": 0.0, "stop_prob": 0.9998816326260567, "sampled_number_rate": 1.0, "kl": 7.756090374579748, "kl_coef": 0.04964379549505959}
A decoder-only architecture is being used, but right-padding was detected! For correct generation results, please set `padding_side='left'` when initializing the tokenizer.
{"step": 121, "epoch": 0, "rows": 8, "skipped": 0, "answer_accuracy": 0.625, "updates": 8, "seconds": 9.522284269332886, "time": 1790894463.8820438, "loss": -9.455572258612149, "confidence": 0.6057514635841759, "mass": 0.9999991258154842, "hinge_active": 0.0, "stop_prob": 0.9999752566218376, "sampled_number_rate": 1.0, "kl": 8.744941207461729, "kl_coef": 0.049651738502338796}
A decoder-only architecture is being used, but right-padding was detected! For correct generation results, please set `padding_side='left'` when initializing the tokenizer.
{"step": 122, "epoch": 0, "rows": 8, "skipped": 0, "answer_accuracy": 0.375, "updates": 8, "seconds": 9.480284929275513, "time": 1790894473.363116, "loss": -8.559514334608407, "confidence": 0.4009385547930151, "mass": 0.9999995633677201, "hinge_active": 0.0, "stop_prob": 0.9999732598662376, "sampled_number_rate": 1.0, "kl": 9.719732364385168, "kl_coef": 0.04965968278049917}
A decoder-only architecture is being used, but right-padding was detected! For correct generation results, please set `padding_side='left'` when initializing the tokenizer.
{"step": 123, "epoch": 0, "rows": 8, "skipped": 0, "answer_accuracy": 0.75, "updates": 8, "seconds": 9.597783327102661, "time": 1790894482.9615774, "loss": -9.85806099278391, "confidence": 0.5625651966799412, "mass": 0.9999994790584096, "hinge_active": 0.0, "stop_prob": 0.9999766275286674, "sampled_number_rate": 1.0, "kl": 9.498552832367212, "kl_coef": 0.04966762832974404}
A decoder-only architecture is being used, but right-padding was detected! For correct generation results, please set `padding_side='left'` when initializing the tokenizer.
{"step": 124, "epoch": 0, "rows": 8, "skipped": 0, "answer_accuracy": 0.625, "updates": 8, "seconds": 9.601364612579346, "time": 1790894492.5641823, "loss": -9.985322904954483, "confidence": 0.589625088276877, "mass": 0.9999995672737942, "hinge_active": 0.0, "stop_prob": 0.9999769479036331, "sampled_number_rate": 1.0, "kl": 7.498622507121353, "kl_coef": 0.0496755751502768}
A decoder-only architecture is being used, but right-padding was detected! For correct generation results, please set `padding_side='left'` when initializing the tokenizer.
{"step": 125, "epoch": 0, "rows": 8, "skipped": 0, "answer_accuracy": 0.25, "updates": 8, "seconds": 15.90062952041626, "time": 1790894508.465828, "loss": 5.392805866743091, "confidence": 0.5322067169937994, "mass": 0.6249987405028932, "hinge_active": 0.375, "stop_prob": 0.9999620199203492, "sampled_number_rate": 0.625, "kl": 3.6917972195449678, "kl_coef": 0.04968352324230084}
A decoder-only architecture is being used, but right-padding was detected! For correct generation results, please set `padding_side='left'` when initializing the tokenizer.
{"step": 126, "epoch": 0, "rows": 8, "skipped": 0, "answer_accuracy": 0.625, "updates": 8, "seconds": 9.778418779373169, "time": 1790894518.2451558, "loss": -9.889993790938153, "confidence": 0.5928497253571424, "mass": 0.9999982122513538, "hinge_active": 0.0, "stop_prob": 0.9999746456742287, "sampled_number_rate": 1.0, "kl": 6.906647494366273, "kl_coef": 0.04967557387858207}
A decoder-only architecture is being used, but right-padding was detected! For correct generation results, please set `padding_side='left'` when initializing the tokenizer.
{"step": 127, "epoch": 0, "rows": 8, "skipped": 0, "answer_accuracy": 0.5, "updates": 8, "seconds": 15.296371459960938, "time": 1790894533.5426097, "loss": -4.6076086559037694, "confidence": 0.6168843583055246, "mass": 0.8749991821899825, "hinge_active": 0.125, "stop_prob": 0.9999731693949018, "sampled_number_rate": 0.875, "kl": 6.01333309492314, "kl_coef": 0.04968157897652716}
A decoder-only architecture is being used, but right-padding was detected! For correct generation results, please set `padding_side='left'` when initializing the tokenizer.
{"step": 128, "epoch": 0, "rows": 8, "skipped": 0, "answer_accuracy": 0.375, "updates": 8, "seconds": 9.787625074386597, "time": 1790894543.3313322, "loss": -8.190484784356803, "confidence": 0.5709260669157215, "mass": 0.9999983687278932, "hinge_active": 0.0, "stop_prob": 0.9999761283397675, "sampled_number_rate": 1.0, "kl": 5.776323870154311, "kl_coef": 0.04968166729775495, "save_seconds": 0.4366757869720459}
A decoder-only architecture is being used, but right-padding was detected! For correct generation results, please set `padding_side='left'` when initializing the tokenizer.
{"step": 129, "epoch": 1, "rows": 8, "skipped": 0, "answer_accuracy": 0.5, "updates": 8, "seconds": 9.854839563369751, "time": 1790894554.0132113, "loss": -9.559659859497414, "confidence": 0.6290786900993746, "mass": 0.9999990177064308, "hinge_active": 0.0, "stop_prob": 0.9999551475048065, "sampled_number_rate": 1.0, "kl": 4.110343935835662, "kl_coef": 0.049680185617346224}
A decoder-only architecture is being used, but right-padding was detected! For correct generation results, please set `padding_side='left'` when initializing the tokenizer.
{"step": 130, "epoch": 1, "rows": 8, "skipped": 0, "answer_accuracy": 0.875, "updates": 8, "seconds": 9.681167125701904, "time": 1790894563.6953847, "loss": -10.709010494192626, "confidence": 0.7597232885634109, "mass": 0.9999992246103462, "hinge_active": 0.0, "stop_prob": 0.9999737441539764, "sampled_number_rate": 1.0, "kl": 4.416985362151154, "kl_coef": 0.04967223678764745}
A decoder-only architecture is being used, but right-padding was detected! For correct generation results, please set `padding_side='left'` when initializing the tokenizer.
{"step": 131, "epoch": 1, "rows": 8, "skipped": 0, "answer_accuracy": 0.625, "updates": 8, "seconds": 9.836184978485107, "time": 1790894573.5325308, "loss": -10.042141029965881, "confidence": 0.6034332605707696, "mass": 0.9999991714903775, "hinge_active": 0.0, "stop_prob": 0.9999225586652756, "sampled_number_rate": 1.0, "kl": 5.387334995964019, "kl_coef": 0.049664289229761426}
A decoder-only architecture is being used, but right-padding was detected! For correct generation results, please set `padding_side='left'` when initializing the tokenizer.
{"step": 132, "epoch": 1, "rows": 8, "skipped": 0, "answer_accuracy": 0.25, "updates": 8, "seconds": 10.306618452072144, "time": 1790894583.8403592, "loss": -7.554094839299601, "confidence": 0.6969364451285149, "mass": 0.9999989864073567, "hinge_active": 0.0, "stop_prob": 0.9999754577875137, "sampled_number_rate": 1.0, "kl": 5.3661015435598545, "kl_coef": 0.04966023222016657}
A decoder-only architecture is being used, but right-padding was detected! For correct generation results, please set `padding_side='left'` when initializing the tokenizer.
{"step": 133, "epoch": 1, "rows": 8, "skipped": 0, "answer_accuracy": 0.5, "updates": 8, "seconds": 10.57529592514038, "time": 1790894594.4167695, "loss": -9.761322515089716, "confidence": 0.5941773262184898, "mass": 0.9999994052686425, "hinge_active": 0.0, "stop_prob": 0.9999697059392929, "sampled_number_rate": 1.0, "kl": 6.324824509817752, "kl_coef": 0.049656034947559796}
A decoder-only architecture is being used, but right-padding was detected! For correct generation results, please set `padding_side='left'` when initializing the tokenizer.
{"step": 134, "epoch": 1, "rows": 8, "skipped": 0, "answer_accuracy": 0.625, "updates": 8, "seconds": 10.061745405197144, "time": 1790894604.4802978, "loss": -9.931507296613235, "confidence": 0.5197706990579132, "mass": 0.9999992736985088, "hinge_active": 0.0, "stop_prob": 0.9999738410115242, "sampled_number_rate": 1.0, "kl": 8.964695788518599, "kl_coef": 0.049658185547187976}
A decoder-only architecture is being used, but right-padding was detected! For correct generation results, please set `padding_side='left'` when initializing the tokenizer.
{"step": 135, "epoch": 1, "rows": 8, "skipped": 0, "answer_accuracy": 0.375, "updates": 8, "seconds": 10.019517660140991, "time": 1790894614.500788, "loss": -9.374637848610355, "confidence": 0.5343375985289436, "mass": 0.9999980646839709, "hinge_active": 0.0, "stop_prob": 0.9999398440122604, "sampled_number_rate": 1.0, "kl": 6.292901060456853, "kl_coef": 0.049666130856875525}
A decoder-only architecture is being used, but right-padding was detected! For correct generation results, please set `padding_side='left'` when initializing the tokenizer.
{"step": 136, "epoch": 1, "rows": 8, "skipped": 0, "answer_accuracy": 0.5, "updates": 8, "seconds": 9.592182874679565, "time": 1790894624.0942922, "loss": -9.396456708353687, "confidence": 0.6286143689871442, "mass": 0.9999991093609983, "hinge_active": 0.0, "stop_prob": 0.9999736845493317, "sampled_number_rate": 1.0, "kl": 5.612553995021969, "kl_coef": 0.04966807049186176}
A decoder-only architecture is being used, but right-padding was detected! For correct generation results, please set `padding_side='left'` when initializing the tokenizer.
{"step": 137, "epoch": 1, "rows": 8, "skipped": 0, "answer_accuracy": 0.625, "updates": 8, "seconds": 9.781906843185425, "time": 1790894633.8773978, "loss": -9.928074390904104, "confidence": 0.629221941459514, "mass": 0.9999969790708191, "hinge_active": 0.0, "stop_prob": 0.9999728128314018, "sampled_number_rate": 1.0, "kl": 6.8048485482517185, "kl_coef": 0.04966550466579682}
A decoder-only architecture is being used, but right-padding was detected! For correct generation results, please set `padding_side='left'` when initializing the tokenizer.
{"step": 138, "epoch": 1, "rows": 8, "skipped": 0, "answer_accuracy": 0.5, "updates": 8, "seconds": 9.715742826461792, "time": 1790894643.5942173, "loss": -9.212775088664994, "confidence": 0.5337618816233914, "mass": 0.9999987081759533, "hinge_active": 0.0, "stop_prob": 0.9999017342925072, "sampled_number_rate": 1.0, "kl": 6.4186970153596326, "kl_coef": 0.049670834427040615}
A decoder-only architecture is being used, but right-padding was detected! For correct generation results, please set `padding_side='left'` when initializing the tokenizer.
{"step": 139, "epoch": 1, "rows": 8, "skipped": 0, "answer_accuracy": 0.75, "updates": 8, "seconds": 9.665580749511719, "time": 1790894653.2606823, "loss": -9.676460904179427, "confidence": 0.6520100982100799, "mass": 0.9999996119733207, "hinge_active": 0.0, "stop_prob": 0.9999755471944809, "sampled_number_rate": 1.0, "kl": 6.070357662415211, "kl_coef": 0.04967360736439062}
A decoder-only architecture is being used, but right-padding was detected! For correct generation results, please set `padding_side='left'` when initializing the tokenizer.
{"step": 140, "epoch": 1, "rows": 8, "skipped": 0, "answer_accuracy": 0.25, "updates": 8, "seconds": 9.839108943939209, "time": 1790894663.1009488, "loss": -8.469220077565618, "confidence": 0.5282161541882968, "mass": 0.9999955733296539, "hinge_active": 0.0, "stop_prob": 0.9999526143074036, "sampled_number_rate": 1.0, "kl": 6.886165683266807, "kl_coef": 0.04967407335357701}
A decoder-only architecture is being used, but right-padding was detected! For correct generation results, please set `padding_side='left'` when initializing the tokenizer.
{"step": 141, "epoch": 1, "rows": 8, "skipped": 0, "answer_accuracy": 0.625, "updates": 8, "seconds": 9.905972719192505, "time": 1790894673.0079713, "loss": -10.360133139631232, "confidence": 0.6150244479293876, "mass": 0.9999993946840818, "hinge_active": 0.0, "stop_prob": 0.999972827732563, "sampled_number_rate": 1.0, "kl": 6.596792942887862, "kl_coef": 0.049679942614797544}
A decoder-only architecture is being used, but right-padding was detected! For correct generation results, please set `padding_side='left'` when initializing the tokenizer.
{"step": 142, "epoch": 1, "rows": 8, "skipped": 0, "answer_accuracy": 0.375, "updates": 8, "seconds": 9.578726530075073, "time": 1790894682.5880213, "loss": -8.598024113768815, "confidence": 0.5944557558564284, "mass": 0.9999990393668897, "hinge_active": 0.0, "stop_prob": 0.9999521002173424, "sampled_number_rate": 1.0, "kl": 5.8426168867851365, "kl_coef": 0.04968389576668495}
A decoder-only architecture is being used, but right-padding was detected! For correct generation results, please set `padding_side='left'` when initializing the tokenizer.
{"step": 143, "epoch": 1, "rows": 8, "skipped": 0, "answer_accuracy": 0.375, "updates": 8, "seconds": 15.027910709381104, "time": 1790894697.617038, "loss": 0.22509300484685046, "confidence": 0.6378730591181353, "mass": 0.7499994381260542, "hinge_active": 0.25, "stop_prob": 0.999977727731069, "sampled_number_rate": 0.75, "kl": 4.536173867469612, "kl_coef": 0.049682853179192625}
A decoder-only architecture is being used, but right-padding was detected! For correct generation results, please set `padding_side='left'` when initializing the tokenizer.
{"step": 144, "epoch": 1, "rows": 8, "skipped": 0, "answer_accuracy": 0.375, "updates": 8, "seconds": 15.156591653823853, "time": 1790894712.774535, "loss": -4.153693798346945, "confidence": 0.34409129223600804, "mass": 0.8749985927073594, "hinge_active": 0.125, "stop_prob": 0.9999670812061855, "sampled_number_rate": 0.875, "kl": 9.96037176141684, "kl_coef": 0.04967490392268395}
A decoder-only architecture is being used, but right-padding was detected! For correct generation results, please set `padding_side='left'` when initializing the tokenizer.
{"step": 145, "epoch": 1, "rows": 8, "skipped": 0, "answer_accuracy": 0.375, "updates": 8, "seconds": 14.949580907821655, "time": 1790894727.7249207, "loss": 0.6369797512836417, "confidence": 0.5529620470697751, "mass": 0.7499997810773766, "hinge_active": 0.25, "stop_prob": 0.9999786118666331, "sampled_number_rate": 0.75, "kl": 6.115295020912792, "kl_coef": 0.04968285190731157}
A decoder-only architecture is being used, but right-padding was detected! For correct generation results, please set `padding_side='left'` when initializing the tokenizer.
{"step": 146, "epoch": 1, "rows": 8, "skipped": 0, "answer_accuracy": 0.5, "updates": 8, "seconds": 10.59111738204956, "time": 1790894738.3170042, "loss": -8.776117676813323, "confidence": 0.5962699690494011, "mass": 0.9999986773768995, "hinge_active": 0.0, "stop_prob": 0.9999747052788734, "sampled_number_rate": 1.0, "kl": 7.189513489623907, "kl_coef": 0.04968361566537152}
A decoder-only architecture is being used, but right-padding was detected! For correct generation results, please set `padding_side='left'` when initializing the tokenizer.
{"step": 147, "epoch": 1, "rows": 8, "skipped": 0, "answer_accuracy": 0.375, "updates": 8, "seconds": 9.996931076049805, "time": 1790894748.314779, "loss": -8.824341301370183, "confidence": 0.4325682420134932, "mass": 0.9999956047797357, "hinge_active": 0.0, "stop_prob": 0.9999396800994873, "sampled_number_rate": 1.0, "kl": 7.588106595802359, "kl_coef": 0.04969149557617782}
A decoder-only architecture is being used, but right-padding was detected! For correct generation results, please set `padding_side='left'` when initializing the tokenizer.
{"step": 148, "epoch": 1, "rows": 8, "skipped": 0, "answer_accuracy": 0.5, "updates": 8, "seconds": 9.666188955307007, "time": 1790894757.981977, "loss": -10.102602686913821, "confidence": 0.5282570541622444, "mass": 0.9999890631438257, "hinge_active": 0.0, "stop_prob": 0.9999545514583588, "sampled_number_rate": 1.0, "kl": 4.605359147049299, "kl_coef": 0.04969944621547001}
A decoder-only architecture is being used, but right-padding was detected! For correct generation results, please set `padding_side='left'` when initializing the tokenizer.
{"step": 149, "epoch": 1, "rows": 8, "skipped": 0, "answer_accuracy": 0.625, "updates": 8, "seconds": 9.67509388923645, "time": 1790894767.658115, "loss": -9.807387692146941, "confidence": 0.5114190083465769, "mass": 0.9999976896641498, "hinge_active": 0.0, "stop_prob": 0.9999379217624664, "sampled_number_rate": 1.0, "kl": 4.024904640786879, "kl_coef": 0.04969149430407553}
A decoder-only architecture is being used, but right-padding was detected! For correct generation results, please set `padding_side='left'` when initializing the tokenizer.
{"step": 150, "epoch": 1, "rows": 8, "skipped": 0, "answer_accuracy": 0.5, "updates": 8, "seconds": 9.531520128250122, "time": 1790894777.19059, "loss": -9.715505295131898, "confidence": 0.480833756309637, "mass": 0.9999902228956689, "hinge_active": 0.0, "stop_prob": 0.9999251663684845, "sampled_number_rate": 1.0, "kl": 7.18138168298416, "kl_coef": 0.049683543664986875}
A decoder-only architecture is being used, but right-padding was detected! For correct generation results, please set `padding_side='left'` when initializing the tokenizer.
{"step": 151, "epoch": 1, "rows": 8, "skipped": 0, "answer_accuracy": 0.625, "updates": 8, "seconds": 9.713834762573242, "time": 1790894786.9052162, "loss": -10.281559955003132, "confidence": 0.6337860221431508, "mass": 0.9999982298874006, "hinge_active": 0.0, "stop_prob": 0.9999716430902481, "sampled_number_rate": 1.0, "kl": 4.380308174693461, "kl_coef": 0.04969136969544442}
A decoder-only architecture is being used, but right-padding was detected! For correct generation results, please set `padding_side='left'` when initializing the tokenizer.
{"step": 152, "epoch": 1, "rows": 8, "skipped": 0, "answer_accuracy": 0.375, "updates": 8, "seconds": 9.628548383712769, "time": 1790894796.5345259, "loss": -8.711489518344191, "confidence": 0.6148139712130053, "mass": 0.9999968045504815, "hinge_active": 0.0, "stop_prob": 0.9999761506915092, "sampled_number_rate": 1.0, "kl": 5.414537519228201, "kl_coef": 0.04968341907629315}
A decoder-only architecture is being used, but right-padding was detected! For correct generation results, please set `padding_side='left'` when initializing the tokenizer.
{"step": 153, "epoch": 1, "rows": 8, "skipped": 0, "answer_accuracy": 0.625, "updates": 8, "seconds": 10.173837423324585, "time": 1790894806.7095778, "loss": -9.651098840511002, "confidence": 0.7424159628957809, "mass": 0.9999991686691863, "hinge_active": 0.0, "stop_prob": 0.9999779090285301, "sampled_number_rate": 1.0, "kl": 4.5582361945872565, "kl_coef": 0.04967954070592173}
A decoder-only architecture is being used, but right-padding was detected! For correct generation results, please set `padding_side='left'` when initializing the tokenizer.
{"step": 154, "epoch": 1, "rows": 8, "skipped": 0, "answer_accuracy": 0.375, "updates": 8, "seconds": 9.726608514785767, "time": 1790894816.436839, "loss": -8.52015881267688, "confidence": 0.6743128205590191, "mass": 0.9999990841896891, "hinge_active": 0.0, "stop_prob": 0.9999791607260704, "sampled_number_rate": 1.0, "kl": 5.230347172574189, "kl_coef": 0.049671591979408784}
A decoder-only architecture is being used, but right-padding was detected! For correct generation results, please set `padding_side='left'` when initializing the tokenizer.
{"step": 155, "epoch": 1, "rows": 8, "skipped": 0, "answer_accuracy": 0.5, "updates": 8, "seconds": 9.888537168502808, "time": 1790894826.3268862, "loss": -9.605004571940404, "confidence": 0.6111592361338982, "mass": 0.9999991613736285, "hinge_active": 0.0, "stop_prob": 0.9999741688370705, "sampled_number_rate": 1.0, "kl": 6.362382014585414, "kl_coef": 0.049666494661914154}
A decoder-only architecture is being used, but right-padding was detected! For correct generation results, please set `padding_side='left'` when initializing the tokenizer.
{"step": 156, "epoch": 1, "rows": 8, "skipped": 0, "answer_accuracy": 0.75, "updates": 8, "seconds": 9.748825073242188, "time": 1790894836.0763726, "loss": -10.209160594324015, "confidence": 0.6967336659784564, "mass": 0.9999989145719768, "hinge_active": 0.0, "stop_prob": 0.9999764785170555, "sampled_number_rate": 1.0, "kl": 6.153462982697671, "kl_coef": 0.04966889442783322}
A decoder-only architecture is being used, but right-padding was detected! For correct generation results, please set `padding_side='left'` when initializing the tokenizer.
{"step": 157, "epoch": 1, "rows": 8, "skipped": 0, "answer_accuracy": 0.375, "updates": 8, "seconds": 15.10265851020813, "time": 1790894851.1799107, "loss": -4.135237887724358, "confidence": 0.570957124172414, "mass": 0.8749995084556588, "hinge_active": 0.125, "stop_prob": 0.9999764391354152, "sampled_number_rate": 0.875, "kl": 6.937374422422336, "kl_coef": 0.04966991073939138}
A decoder-only architecture is being used, but right-padding was detected! For correct generation results, please set `padding_side='left'` when initializing the tokenizer.
{"step": 158, "epoch": 1, "rows": 7, "skipped": 1, "answer_accuracy": 0.5714285714285714, "updates": 8, "seconds": 14.029057264328003, "time": 1790894865.2099473, "loss": 3.747971976732311, "confidence": 0.5764085749483788, "mass": 0.7142830963030747, "hinge_active": 0.2857142857142857, "stop_prob": 0.9999637484550477, "sampled_number_rate": 0.7142857142857142, "kl": 3.374617051118289, "kl_coef": 0.04967611864657686}
A decoder-only architecture is being used, but right-padding was detected! For correct generation results, please set `padding_side='left'` when initializing the tokenizer.
{"step": 159, "epoch": 1, "rows": 8, "skipped": 0, "answer_accuracy": 0.5, "updates": 8, "seconds": 9.691656351089478, "time": 1790894874.9025927, "loss": -9.373932006848408, "confidence": 0.5927091197654887, "mass": 0.9999993228681839, "hinge_active": 0.0, "stop_prob": 0.999978668987751, "sampled_number_rate": 1.0, "kl": 6.65225270717559, "kl_coef": 0.049668170467593406}
A decoder-only architecture is being used, but right-padding was detected! For correct generation results, please set `padding_side='left'` when initializing the tokenizer.
{"step": 160, "epoch": 1, "rows": 8, "skipped": 0, "answer_accuracy": 0.5, "updates": 8, "seconds": 9.569901704788208, "time": 1790894884.4730985, "loss": -7.509908208459802, "confidence": 0.5539919205636767, "mass": 0.9999990925716008, "hinge_active": 0.0, "stop_prob": 0.9999692663550377, "sampled_number_rate": 1.0, "kl": 6.791648606795597, "kl_coef": 0.04967248996074646}
A decoder-only architecture is being used, but right-padding was detected! For correct generation results, please set `padding_side='left'` when initializing the tokenizer.
{"step": 161, "epoch": 1, "rows": 8, "skipped": 0, "answer_accuracy": 0.5, "updates": 8, "seconds": 9.951321125030518, "time": 1790894894.4253116, "loss": -9.250000517122185, "confidence": 0.5978308880172859, "mass": 0.9999996180540214, "hinge_active": 0.0, "stop_prob": 0.999976858496666, "sampled_number_rate": 1.0, "kl": 6.404014508504186, "kl_coef": 0.04967773304840959}
A decoder-only architecture is being used, but right-padding was detected! For correct generation results, please set `padding_side='left'` when initializing the tokenizer.
{"step": 162, "epoch": 1, "rows": 8, "skipped": 0, "answer_accuracy": 0.625, "updates": 8, "seconds": 9.63979434967041, "time": 1790894904.0661266, "loss": -8.943511905283135, "confidence": 0.6430803205368848, "mass": 0.9999996975639005, "hinge_active": 0.0, "stop_prob": 0.9999771863222122, "sampled_number_rate": 1.0, "kl": 5.306077261950389, "kl_coef": 0.04968040911839642}
A decoder-only architecture is being used, but right-padding was detected! For correct generation results, please set `padding_side='left'` when initializing the tokenizer.
{"step": 163, "epoch": 1, "rows": 8, "skipped": 0, "answer_accuracy": 0.5, "updates": 8, "seconds": 10.182164430618286, "time": 1790894914.2491379, "loss": -8.816676699525498, "confidence": 0.6498183618169796, "mass": 0.9999997277937759, "hinge_active": 0.0, "stop_prob": 0.9999754875898361, "sampled_number_rate": 1.0, "kl": 6.5178366782620785, "kl_coef": 0.049675812536326705}
A decoder-only architecture is being used, but right-padding was detected! For correct generation results, please set `padding_side='left'` when initializing the tokenizer.
{"step": 164, "epoch": 1, "rows": 8, "skipped": 0, "answer_accuracy": 0.625, "updates": 8, "seconds": 10.353067874908447, "time": 1790894924.6032581, "loss": -10.126109597204024, "confidence": 0.6758669628464566, "mass": 0.9999996539530043, "hinge_active": 0.0, "stop_prob": 0.9999787956476212, "sampled_number_rate": 1.0, "kl": 5.768940321948404, "kl_coef": 0.049679242397360546}
A decoder-only architecture is being used, but right-padding was detected! For correct generation results, please set `padding_side='left'` when initializing the tokenizer.
{"step": 165, "epoch": 1, "rows": 8, "skipped": 0, "answer_accuracy": 0.625, "updates": 8, "seconds": 15.509957790374756, "time": 1790894940.1140523, "loss": -5.2396491173300745, "confidence": 0.580381191728765, "mass": 0.874999473525611, "hinge_active": 0.125, "stop_prob": 0.9999709640230451, "sampled_number_rate": 0.875, "kl": 4.231582084836566, "kl_coef": 0.04967771188139332}
A decoder-only architecture is being used, but right-padding was detected! For correct generation results, please set `padding_side='left'` when initializing the tokenizer.
{"step": 166, "epoch": 1, "rows": 8, "skipped": 0, "answer_accuracy": 0.75, "updates": 8, "seconds": 9.627558946609497, "time": 1790894949.742403, "loss": -10.197803588356035, "confidence": 0.6243234302342812, "mass": 0.9999994715743248, "hinge_active": 0.0, "stop_prob": 0.9999749138951302, "sampled_number_rate": 1.0, "kl": 6.620917491008175, "kl_coef": 0.04966976344749229}
A decoder-only architecture is being used, but right-padding was detected! For correct generation results, please set `padding_side='left'` when initializing the tokenizer.
{"step": 167, "epoch": 1, "rows": 8, "skipped": 0, "answer_accuracy": 0.75, "updates": 8, "seconds": 9.826764345169067, "time": 1790894959.5701158, "loss": -9.958941183566736, "confidence": 0.6361169454999562, "mass": 0.9999997060554697, "hinge_active": 0.0, "stop_prob": 0.9999780282378197, "sampled_number_rate": 1.0, "kl": 6.120847562467647, "kl_coef": 0.0496738755574788}
A decoder-only architecture is being used, but right-padding was detected! For correct generation results, please set `padding_side='left'` when initializing the tokenizer.
{"step": 168, "epoch": 1, "rows": 8, "skipped": 0, "answer_accuracy": 0.625, "updates": 8, "seconds": 9.654995441436768, "time": 1790894969.2259789, "loss": -10.139373939509092, "confidence": 0.5851128477394635, "mass": 0.9999995293590629, "hinge_active": 0.0, "stop_prob": 0.9999787956476212, "sampled_number_rate": 1.0, "kl": 5.894744580645606, "kl_coef": 0.049674675953049384}
A decoder-only architecture is being used, but right-padding was detected! For correct generation results, please set `padding_side='left'` when initializing the tokenizer.
{"step": 169, "epoch": 1, "rows": 8, "skipped": 0, "answer_accuracy": 0.375, "updates": 8, "seconds": 15.076014280319214, "time": 1790894984.302962, "loss": 0.29358822167269083, "confidence": 0.6868463293436129, "mass": 0.7499991770740164, "hinge_active": 0.25, "stop_prob": 0.9999721348285675, "sampled_number_rate": 0.75, "kl": 2.361707085287367, "kl_coef": 0.04967397881586955}
A decoder-only architecture is being used, but right-padding was detected! For correct generation results, please set `padding_side='left'` when initializing the tokenizer.
{"step": 170, "epoch": 1, "rows": 8, "skipped": 0, "answer_accuracy": 0.625, "updates": 8, "seconds": 14.955560445785522, "time": 1790894999.259348, "loss": -5.464315143227046, "confidence": 0.6705107184354097, "mass": 0.8749993586002351, "hinge_active": 0.125, "stop_prob": 0.999979955809457, "sampled_number_rate": 0.875, "kl": 4.627490447756999, "kl_coef": 0.049666030979259014}
A decoder-only architecture is being used, but right-padding was detected! For correct generation results, please set `padding_side='left'` when initializing the tokenizer.
{"step": 171, "epoch": 1, "rows": 8, "skipped": 0, "answer_accuracy": 0.625, "updates": 8, "seconds": 9.690516710281372, "time": 1790895008.9509106, "loss": -10.005087767823255, "confidence": 0.7448943853549612, "mass": 0.9999996254886876, "hinge_active": 0.0, "stop_prob": 0.9999754205346107, "sampled_number_rate": 1.0, "kl": 4.38612937742106, "kl_coef": 0.04965808441430233}
A decoder-only architecture is being used, but right-padding was detected! For correct generation results, please set `padding_side='left'` when initializing the tokenizer.
{"step": 172, "epoch": 1, "rows": 8, "skipped": 0, "answer_accuracy": 0.5, "updates": 8, "seconds": 9.941746711730957, "time": 1790895018.8935337, "loss": -9.373769579952315, "confidence": 0.6942392719021848, "mass": 0.9999994571335901, "hinge_active": 0.0, "stop_prob": 0.9999764487147331, "sampled_number_rate": 1.0, "kl": 5.099450391198503, "kl_coef": 0.049650139120796036}
A decoder-only architecture is being used, but right-padding was detected! For correct generation results, please set `padding_side='left'` when initializing the tokenizer.
{"step": 173, "epoch": 1, "rows": 8, "skipped": 0, "answer_accuracy": 0.75, "updates": 8, "seconds": 9.719627618789673, "time": 1790895028.6138477, "loss": -10.818743243697677, "confidence": 0.6736214989988627, "mass": 0.9999994990733125, "hinge_active": 0.0, "stop_prob": 0.999977596104145, "sampled_number_rate": 1.0, "kl": 5.979519605741995, "kl_coef": 0.049644177465681075}
A decoder-only architecture is being used, but right-padding was detected! For correct generation results, please set `padding_side='left'` when initializing the tokenizer.
{"step": 174, "epoch": 1, "rows": 8, "skipped": 0, "answer_accuracy": 0.125, "updates": 8, "seconds": 10.13353180885315, "time": 1790895038.7481742, "loss": -6.81332866886509, "confidence": 0.6274527864851988, "mass": 0.9999983523765361, "hinge_active": 0.0, "stop_prob": 0.999975249171257, "sampled_number_rate": 1.0, "kl": 5.440339291728065, "kl_coef": 0.04964404190137079}
A decoder-only architecture is being used, but right-padding was detected! For correct generation results, please set `padding_side='left'` when initializing the tokenizer.
{"step": 175, "epoch": 1, "rows": 8, "skipped": 0, "answer_accuracy": 0.25, "updates": 8, "seconds": 15.55742073059082, "time": 1790895054.3064322, "loss": -4.416980404568232, "confidence": 0.36027095612750415, "mass": 0.8749980605808593, "hinge_active": 0.125, "stop_prob": 0.9999598094395229, "sampled_number_rate": 0.875, "kl": 7.2589971661888715, "kl_coef": 0.04964033739208386}
A decoder-only architecture is being used, but right-padding was detected! For correct generation results, please set `padding_side='left'` when initializing the tokenizer.
{"step": 176, "epoch": 1, "rows": 8, "skipped": 0, "answer_accuracy": 0.625, "updates": 8, "seconds": 9.627553701400757, "time": 1790895063.93476, "loss": -9.86430565665857, "confidence": 0.612267931330282, "mass": 0.9999995177409496, "hinge_active": 0.0, "stop_prob": 0.9999797865748405, "sampled_number_rate": 1.0, "kl": 7.952700192514317, "kl_coef": 0.04964827984606659}
A decoder-only architecture is being used, but right-padding was detected! For correct generation results, please set `padding_side='left'` when initializing the tokenizer.
{"step": 177, "epoch": 1, "rows": 8, "skipped": 0, "answer_accuracy": 0.5, "updates": 8, "seconds": 10.00938081741333, "time": 1790895073.9449577, "loss": -9.326179899652717, "confidence": 0.49155159186127395, "mass": 0.9999995745682828, "hinge_active": 0.0, "stop_prob": 0.9999779909849167, "sampled_number_rate": 1.0, "kl": 8.805886886639986, "kl_coef": 0.049656223570841956}
A decoder-only architecture is being used, but right-padding was detected! For correct generation results, please set `padding_side='left'` when initializing the tokenizer.
{"step": 178, "epoch": 1, "rows": 8, "skipped": 0, "answer_accuracy": 0.625, "updates": 8, "seconds": 9.763867855072021, "time": 1790895083.709833, "loss": -9.839161065691048, "confidence": 0.6221008973971475, "mass": 0.9999993167243566, "hinge_active": 0.0, "stop_prob": 0.9999756217002869, "sampled_number_rate": 1.0, "kl": 7.252394192216277, "kl_coef": 0.049664168566613286}
A decoder-only architecture is being used, but right-padding was detected! For correct generation results, please set `padding_side='left'` when initializing the tokenizer.
{"step": 179, "epoch": 1, "rows": 8, "skipped": 0, "answer_accuracy": 0.375, "updates": 8, "seconds": 9.605090379714966, "time": 1790895093.3163567, "loss": -9.002269804550009, "confidence": 0.48667659997245394, "mass": 0.9999990078595479, "hinge_active": 0.0, "stop_prob": 0.999977320432663, "sampled_number_rate": 1.0, "kl": 8.003237462850837, "kl_coef": 0.04967211483358394}
A decoder-only architecture is being used, but right-padding was detected! For correct generation results, please set `padding_side='left'` when initializing the tokenizer.
{"step": 180, "epoch": 1, "rows": 8, "skipped": 0, "answer_accuracy": 0.5, "updates": 8, "seconds": 15.192083358764648, "time": 1790895108.5094206, "loss": -4.838381435902488, "confidence": 0.6364290115228726, "mass": 0.874999750600989, "hinge_active": 0.125, "stop_prob": 0.9999794619424003, "sampled_number_rate": 0.875, "kl": 4.9866861741105115, "kl_coef": 0.04968006237195731}
A decoder-only architecture is being used, but right-padding was detected! For correct generation results, please set `padding_side='left'` when initializing the tokenizer.
{"step": 181, "epoch": 1, "rows": 8, "skipped": 0, "answer_accuracy": 0.75, "updates": 8, "seconds": 9.74304747581482, "time": 1790895118.253379, "loss": -10.142778985794541, "confidence": 0.6700975815719117, "mass": 0.999999395453864, "hinge_active": 0.0, "stop_prob": 0.9999760463833809, "sampled_number_rate": 1.0, "kl": 5.2167409897322825, "kl_coef": 0.04967335017274764}
A decoder-only architecture is being used, but right-padding was detected! For correct generation results, please set `padding_side='left'` when initializing the tokenizer.
{"step": 182, "epoch": 1, "rows": 8, "skipped": 0, "answer_accuracy": 0.625, "updates": 8, "seconds": 14.969446420669556, "time": 1790895133.2237813, "loss": -5.910167957229117, "confidence": 0.6241986397324136, "mass": 0.8749988450075429, "hinge_active": 0.125, "stop_prob": 0.9999460407665798, "sampled_number_rate": 0.875, "kl": 3.9721947364527086, "kl_coef": 0.049668162559535246}
A decoder-only architecture is being used, but right-padding was detected! For correct generation results, please set `padding_side='left'` when initializing the tokenizer.
{"step": 183, "epoch": 1, "rows": 8, "skipped": 0, "answer_accuracy": 0.125, "updates": 8, "seconds": 9.762739419937134, "time": 1790895142.9872649, "loss": -8.291904766683631, "confidence": 0.4179171192216957, "mass": 0.9999987028135815, "hinge_active": 0.0, "stop_prob": 0.9999299421906471, "sampled_number_rate": 1.0, "kl": 7.561900858176353, "kl_coef": 0.04966021565352572}
A decoder-only architecture is being used, but right-padding was detected! For correct generation results, please set `padding_side='left'` when initializing the tokenizer.
{"step": 184, "epoch": 1, "rows": 8, "skipped": 0, "answer_accuracy": 0.375, "updates": 8, "seconds": 9.683002471923828, "time": 1790895152.6717014, "loss": -9.370283106959466, "confidence": 0.5494670555627775, "mass": 0.9999993784177467, "hinge_active": 0.0, "stop_prob": 0.9999749585986137, "sampled_number_rate": 1.0, "kl": 7.863518403281276, "kl_coef": 0.04966816128803028}
A decoder-only architecture is being used, but right-padding was detected! For correct generation results, please set `padding_side='left'` when initializing the tokenizer.
{"step": 185, "epoch": 1, "rows": 6, "skipped": 2, "answer_accuracy": 0.5, "updates": 8, "seconds": 10.027828454971313, "time": 1790895162.700894, "loss": -7.884098096645216, "confidence": 0.783292029980656, "mass": 0.9999749671480817, "hinge_active": 0.0, "stop_prob": 0.9999643564224243, "sampled_number_rate": 0.9999999999999999, "kl": 3.3596698706564876, "kl_coef": 0.04967610819383637}
A decoder-only architecture is being used, but right-padding was detected! For correct generation results, please set `padding_side='left'` when initializing the tokenizer.
{"step": 186, "epoch": 1, "rows": 8, "skipped": 0, "answer_accuracy": 0.75, "updates": 8, "seconds": 9.592037916183472, "time": 1790895172.2941039, "loss": -10.078686429877111, "confidence": 0.750518145444305, "mass": 0.9999986887924753, "hinge_active": 0.0, "stop_prob": 0.9999776855111122, "sampled_number_rate": 1.0, "kl": 4.316666133779964, "kl_coef": 0.04966816001652535}
A decoder-only architecture is being used, but right-padding was detected! For correct generation results, please set `padding_side='left'` when initializing the tokenizer.
{"step": 187, "epoch": 1, "rows": 8, "skipped": 0, "answer_accuracy": 0.5, "updates": 8, "seconds": 9.95326018333435, "time": 1790895182.2482977, "loss": -9.978589012577611, "confidence": 0.47281860875398735, "mass": 0.9999907895863231, "hinge_active": 0.0, "stop_prob": 0.9999777674674988, "sampled_number_rate": 1.0, "kl": 7.584413201145029, "kl_coef": 0.04966021311092271}
A decoder-only architecture is being used, but right-padding was detected! For correct generation results, please set `padding_side='left'` when initializing the tokenizer.
{"step": 188, "epoch": 1, "rows": 8, "skipped": 0, "answer_accuracy": 0.5, "updates": 8, "seconds": 9.642697095870972, "time": 1790895191.892135, "loss": -9.871431530721487, "confidence": 0.6167886769627197, "mass": 0.9999981479392722, "hinge_active": 0.0, "stop_prob": 0.9999775812029839, "sampled_number_rate": 1.0, "kl": 5.407921166978738, "kl_coef": 0.04966815874502045}
A decoder-only architecture is being used, but right-padding was detected! For correct generation results, please set `padding_side='left'` when initializing the tokenizer.
{"step": 189, "epoch": 1, "rows": 8, "skipped": 0, "answer_accuracy": 0.125, "updates": 8, "seconds": 15.175741195678711, "time": 1790895207.068858, "loss": -3.115497152632879, "confidence": 0.47702737041231064, "mass": 0.8749992823096051, "hinge_active": 0.125, "stop_prob": 0.999978244304657, "sampled_number_rate": 0.875, "kl": 8.918255663795572, "kl_coef": 0.04966423774962471}
A decoder-only architecture is being used, but right-padding was detected! For correct generation results, please set `padding_side='left'` when initializing the tokenizer.
{"step": 190, "epoch": 1, "rows": 8, "skipped": 0, "answer_accuracy": 0.125, "updates": 8, "seconds": 15.182245016098022, "time": 1790895222.2522855, "loss": -4.206651484074456, "confidence": 0.27276723486978466, "mass": 0.874997056784467, "hinge_active": 0.125, "stop_prob": 0.9999634282929557, "sampled_number_rate": 0.875, "kl": 9.123947907255763, "kl_coef": 0.04967218402766465}
A decoder-only architecture is being used, but right-padding was detected! For correct generation results, please set `padding_side='left'` when initializing the tokenizer.
{"step": 191, "epoch": 1, "rows": 8, "skipped": 0, "answer_accuracy": 0.625, "updates": 8, "seconds": 10.076977729797363, "time": 1790895232.330243, "loss": -9.756106807600846, "confidence": 0.3944008472786634, "mass": 0.9999967393353125, "hinge_active": 0.0, "stop_prob": 0.9999622851610184, "sampled_number_rate": 1.0, "kl": 9.680918928558068, "kl_coef": 0.04968013157710907}
A decoder-only architecture is being used, but right-padding was detected! For correct generation results, please set `padding_side='left'` when initializing the tokenizer.
{"step": 192, "epoch": 1, "rows": 8, "skipped": 0, "answer_accuracy": 0.375, "updates": 8, "seconds": 9.918905973434448, "time": 1790895242.2500367, "loss": -8.711586928728853, "confidence": 0.35993203651965244, "mass": 0.9999996295850502, "hinge_active": 0.0, "stop_prob": 0.9999775215983391, "sampled_number_rate": 1.0, "kl": 12.57943956833456, "kl_coef": 0.0496880803981614, "save_seconds": 0.435380220413208}
A decoder-only architecture is being used, but right-padding was detected! For correct generation results, please set `padding_side='left'` when initializing the tokenizer.
{"step": 193, "epoch": 1, "rows": 8, "skipped": 0, "answer_accuracy": 0.375, "updates": 8, "seconds": 15.217120885848999, "time": 1790895257.903214, "loss": 0.8052643245203537, "confidence": 0.45457585612291446, "mass": 0.7499959494641456, "hinge_active": 0.25, "stop_prob": 0.9999537467956543, "sampled_number_rate": 0.75, "kl": 5.20616166129843, "kl_coef": 0.049696030491025105}
A decoder-only architecture is being used, but right-padding was detected! For correct generation results, please set `padding_side='left'` when initializing the tokenizer.
{"step": 194, "epoch": 1, "rows": 8, "skipped": 0, "answer_accuracy": 0.375, "updates": 8, "seconds": 10.141235589981079, "time": 1790895268.0458455, "loss": -8.574785792016607, "confidence": 0.6500439083344646, "mass": 0.9999992803543866, "hinge_active": 0.0, "stop_prob": 0.9999779760837555, "sampled_number_rate": 1.0, "kl": 6.833054103383875, "kl_coef": 0.04969077040912043}
A decoder-only architecture is being used, but right-padding was detected! For correct generation results, please set `padding_side='left'` when initializing the tokenizer.
{"step": 195, "epoch": 1, "rows": 8, "skipped": 0, "answer_accuracy": 0.5, "updates": 8, "seconds": 9.651061773300171, "time": 1790895277.6978722, "loss": -9.77474904283773, "confidence": 0.5315669145113608, "mass": 0.9999975875940127, "hinge_active": 0.0, "stop_prob": 0.9999411106109619, "sampled_number_rate": 1.0, "kl": 4.425846700983193, "kl_coef": 0.04969628975581238}
A decoder-only architecture is being used, but right-padding was detected! For correct generation results, please set `padding_side='left'` when initializing the tokenizer.
{"step": 196, "epoch": 1, "rows": 8, "skipped": 0, "answer_accuracy": 0.25, "updates": 8, "seconds": 9.894531488418579, "time": 1790895287.5935497, "loss": -7.702050051238425, "confidence": 0.6016113420634182, "mass": 0.9999991716274366, "hinge_active": 0.0, "stop_prob": 0.9999780282378197, "sampled_number_rate": 1.0, "kl": 7.3725620358608985, "kl_coef": 0.04968833834945145}
A decoder-only architecture is being used, but right-padding was detected! For correct generation results, please set `padding_side='left'` when initializing the tokenizer.
{"step": 197, "epoch": 1, "rows": 8, "skipped": 0, "answer_accuracy": 0.375, "updates": 8, "seconds": 10.036619424819946, "time": 1790895297.630999, "loss": -8.833895106034005, "confidence": 0.3942474189401609, "mass": 0.9999983640049055, "hinge_active": 0.0, "stop_prob": 0.999973826110363, "sampled_number_rate": 1.0, "kl": 7.131524002530943, "kl_coef": 0.04969628848358736}
A decoder-only architecture is being used, but right-padding was detected! For correct generation results, please set `padding_side='left'` when initializing the tokenizer.
{"step": 198, "epoch": 1, "rows": 8, "skipped": 0, "answer_accuracy": 0.625, "updates": 8, "seconds": 15.694146871566772, "time": 1790895313.3259518, "loss": -5.468264770535045, "confidence": 0.5467800591678884, "mass": 0.8749976520870605, "hinge_active": 0.125, "stop_prob": 0.999962934425899, "sampled_number_rate": 0.875, "kl": 4.439264914332101, "kl_coef": 0.04970378615602148}
A decoder-only architecture is being used, but right-padding was detected! For correct generation results, please set `padding_side='left'` when initializing the tokenizer.
{"step": 199, "epoch": 1, "rows": 8, "skipped": 0, "answer_accuracy": 0.625, "updates": 8, "seconds": 10.580784797668457, "time": 1790895323.9075942, "loss": -10.771661912642159, "confidence": 0.5764992933024128, "mass": 0.9999980605911156, "hinge_active": 0.0, "stop_prob": 0.9999470114707947, "sampled_number_rate": 1.0, "kl": 5.38451562711883, "kl_coef": 0.04969583355023652}
A decoder-only architecture is being used, but right-padding was detected! For correct generation results, please set `padding_side='left'` when initializing the tokenizer.
{"step": 200, "epoch": 1, "rows": 8, "skipped": 0, "answer_accuracy": 0.875, "updates": 8, "seconds": 11.419580698013306, "time": 1790895335.3281538, "loss": -10.986863843370484, "confidence": 0.6801006455920807, "mass": 0.9999993604125488, "hinge_active": 0.0, "stop_prob": 0.9999767914414406, "sampled_number_rate": 1.0, "kl": 5.742611485624922, "kl_coef": 0.049691755282376855}
A decoder-only architecture is being used, but right-padding was detected! For correct generation results, please set `padding_side='left'` when initializing the tokenizer.
{"step": 201, "epoch": 1, "rows": 8, "skipped": 0, "answer_accuracy": 0.75, "updates": 8, "seconds": 10.083977699279785, "time": 1790895345.4130206, "loss": -10.103063371847785, "confidence": 0.7467076757593393, "mass": 0.9999989624291763, "hinge_active": 0.0, "stop_prob": 0.9999745637178421, "sampled_number_rate": 1.0, "kl": 4.424243436403758, "kl_coef": 0.049690049937434345}
A decoder-only architecture is being used, but right-padding was detected! For correct generation results, please set `padding_side='left'` when initializing the tokenizer.
{"step": 202, "epoch": 1, "rows": 7, "skipped": 1, "answer_accuracy": 0.42857142857142855, "updates": 8, "seconds": 9.692680358886719, "time": 1790895355.1066906, "loss": -8.65793626455899, "confidence": 0.7249120454312586, "mass": 0.9999923351326755, "hinge_active": 0.0, "stop_prob": 0.9999595284461975, "sampled_number_rate": 0.9999999999999998, "kl": 5.542502411532588, "kl_coef": 0.04968209952944436}
A decoder-only architecture is being used, but right-padding was detected! For correct generation results, please set `padding_side='left'` when initializing the tokenizer.
{"step": 203, "epoch": 1, "rows": 8, "skipped": 0, "answer_accuracy": 0.375, "updates": 8, "seconds": 9.663373470306396, "time": 1790895364.7707949, "loss": -9.634193370348145, "confidence": 0.5204689993405183, "mass": 0.9999958806707546, "hinge_active": 0.0, "stop_prob": 0.9999650046229362, "sampled_number_rate": 1.0, "kl": 5.852386646277029, "kl_coef": 0.04967906893734773}
A decoder-only architecture is being used, but right-padding was detected! For correct generation results, please set `padding_side='left'` when initializing the tokenizer.
{"step": 204, "epoch": 1, "rows": 8, "skipped": 0, "answer_accuracy": 0.625, "updates": 8, "seconds": 9.567260026931763, "time": 1790895374.3391237, "loss": -9.33866769028693, "confidence": 0.79920759399055, "mass": 0.9999968582993157, "hinge_active": 0.0, "stop_prob": 0.9999752342700958, "sampled_number_rate": 1.0, "kl": 3.946729228073913, "kl_coef": 0.04967809116481764}
A decoder-only architecture is being used, but right-padding was detected! For correct generation results, please set `padding_side='left'` when initializing the tokenizer.
{"step": 205, "epoch": 1, "rows": 8, "skipped": 0, "answer_accuracy": 0.75, "updates": 8, "seconds": 9.821630716323853, "time": 1790895384.1614726, "loss": -9.732473912604522, "confidence": 0.4517118842750558, "mass": 0.9999987773705382, "hinge_active": 0.0, "stop_prob": 0.9999730661511421, "sampled_number_rate": 1.0, "kl": 9.430823181280322, "kl_coef": 0.04967014267023127}
A decoder-only architecture is being used, but right-padding was detected! For correct generation results, please set `padding_side='left'` when initializing the tokenizer.
{"step": 206, "epoch": 1, "rows": 8, "skipped": 0, "answer_accuracy": 0.375, "updates": 8, "seconds": 14.889543533325195, "time": 1790895399.0519266, "loss": -4.759432203477267, "confidence": 0.47266019625398265, "mass": 0.8749971633181561, "hinge_active": 0.125, "stop_prob": 0.9999609930174691, "sampled_number_rate": 0.875, "kl": 8.058616946638455, "kl_coef": 0.049678089893058504}
A decoder-only architecture is being used, but right-padding was detected! For correct generation results, please set `padding_side='left'` when initializing the tokenizer.
{"step": 207, "epoch": 1, "rows": 8, "skipped": 0, "answer_accuracy": 0.625, "updates": 8, "seconds": 9.784452199935913, "time": 1790895408.8379798, "loss": -9.382013570996463, "confidence": 0.6757804214131351, "mass": 0.9999987945793508, "hinge_active": 0.0, "stop_prob": 0.9999780878424644, "sampled_number_rate": 1.0, "kl": 5.1753192746029875, "kl_coef": 0.04968603838744139}
A decoder-only architecture is being used, but right-padding was detected! For correct generation results, please set `padding_side='left'` when initializing the tokenizer.
{"step": 208, "epoch": 1, "rows": 8, "skipped": 0, "answer_accuracy": 0.625, "updates": 8, "seconds": 14.952673196792603, "time": 1790895423.7918901, "loss": -5.269609951779062, "confidence": 0.6091691925517484, "mass": 0.8749988701877784, "hinge_active": 0.125, "stop_prob": 0.9999722412654332, "sampled_number_rate": 0.875, "kl": 3.8066540290447533, "kl_coef": 0.0496805750383508}
A decoder-only architecture is being used, but right-padding was detected! For correct generation results, please set `padding_side='left'` when initializing the tokenizer.
{"step": 209, "epoch": 1, "rows": 8, "skipped": 0, "answer_accuracy": 0.375, "updates": 8, "seconds": 15.011466264724731, "time": 1790895438.8047464, "loss": -4.530069473125056, "confidence": 0.6038654776977236, "mass": 0.8749918861056998, "hinge_active": 0.125, "stop_prob": 0.9999733056340899, "sampled_number_rate": 0.875, "kl": 5.6688177549663985, "kl_coef": 0.04967262614634466}
A decoder-only architecture is being used, but right-padding was detected! For correct generation results, please set `padding_side='left'` when initializing the tokenizer.
{"step": 210, "epoch": 1, "rows": 8, "skipped": 0, "answer_accuracy": 0.625, "updates": 8, "seconds": 9.780203819274902, "time": 1790895448.5858684, "loss": -10.13572914673252, "confidence": 0.68588187511717, "mass": 0.999992117428803, "hinge_active": 0.0, "stop_prob": 0.9999759867787361, "sampled_number_rate": 1.0, "kl": 5.078751009692749, "kl_coef": 0.04967043272076548}
A decoder-only architecture is being used, but right-padding was detected! For correct generation results, please set `padding_side='left'` when initializing the tokenizer.
{"step": 211, "epoch": 1, "rows": 8, "skipped": 0, "answer_accuracy": 0.375, "updates": 8, "seconds": 9.59480619430542, "time": 1790895458.181686, "loss": -8.667452595878192, "confidence": 0.46479870397211454, "mass": 0.9999981394451943, "hinge_active": 0.0, "stop_prob": 0.9999727457761765, "sampled_number_rate": 1.0, "kl": 6.284235048892295, "kl_coef": 0.049664331542633194}
A decoder-only architecture is being used, but right-padding was detected! For correct generation results, please set `padding_side='left'` when initializing the tokenizer.
{"step": 212, "epoch": 1, "rows": 8, "skipped": 0, "answer_accuracy": 0.375, "updates": 8, "seconds": 9.79388165473938, "time": 1790895467.9764874, "loss": -9.177888232365298, "confidence": 0.5708143878581871, "mass": 0.9999981442991491, "hinge_active": 0.0, "stop_prob": 0.9999659657478333, "sampled_number_rate": 1.0, "kl": 4.67289033583077, "kl_coef": 0.04966621372179376}
A decoder-only architecture is being used, but right-padding was detected! For correct generation results, please set `padding_side='left'` when initializing the tokenizer.
{"step": 213, "epoch": 1, "rows": 8, "skipped": 0, "answer_accuracy": 0.75, "updates": 8, "seconds": 9.526516437530518, "time": 1790895477.504123, "loss": -10.576425504105867, "confidence": 0.6220955380240452, "mass": 0.9999965306250044, "hinge_active": 0.0, "stop_prob": 0.9999664798378944, "sampled_number_rate": 1.0, "kl": 3.5415679821711126, "kl_coef": 0.04965826712759827}
A decoder-only architecture is being used, but right-padding was detected! For correct generation results, please set `padding_side='left'` when initializing the tokenizer.
{"step": 214, "epoch": 1, "rows": 8, "skipped": 0, "answer_accuracy": 0.375, "updates": 8, "seconds": 9.629677057266235, "time": 1790895487.1349666, "loss": -10.043274674383364, "confidence": 0.43893301262219137, "mass": 0.9999958188559188, "hinge_active": 0.0, "stop_prob": 0.999913401901722, "sampled_number_rate": 1.0, "kl": 5.829837728885261, "kl_coef": 0.04965032180485785}
A decoder-only architecture is being used, but right-padding was detected! For correct generation results, please set `padding_side='left'` when initializing the tokenizer.
{"step": 215, "epoch": 1, "rows": 8, "skipped": 0, "answer_accuracy": 0.5, "updates": 8, "seconds": 14.904562711715698, "time": 1790895502.040547, "loss": -4.785801746228869, "confidence": 0.6576664978356044, "mass": 0.874997655582802, "hinge_active": 0.125, "stop_prob": 0.9999529463904244, "sampled_number_rate": 0.875, "kl": 3.4977111476799476, "kl_coef": 0.04964919532332187}
A decoder-only architecture is being used, but right-padding was detected! For correct generation results, please set `padding_side='left'` when initializing the tokenizer.
{"step": 216, "epoch": 1, "rows": 8, "skipped": 0, "answer_accuracy": 0.625, "updates": 8, "seconds": 9.746819019317627, "time": 1790895511.7884781, "loss": -10.512335957763892, "confidence": 0.6249816534160052, "mass": 0.9999968418097213, "hinge_active": 0.0, "stop_prob": 0.9993161931633949, "sampled_number_rate": 1.0, "kl": 4.785318244748626, "kl_coef": 0.049641251452070136}
A decoder-only architecture is being used, but right-padding was detected! For correct generation results, please set `padding_side='left'` when initializing the tokenizer.
{"step": 217, "epoch": 1, "rows": 8, "skipped": 0, "answer_accuracy": 0.5, "updates": 8, "seconds": 14.892724752426147, "time": 1790895526.6823068, "loss": -4.641544994673075, "confidence": 0.7021619484573757, "mass": 0.8749952786900395, "hinge_active": 0.125, "stop_prob": 0.9999700273786273, "sampled_number_rate": 0.875, "kl": 4.810340506922882, "kl_coef": 0.0496333088518378}
A decoder-only architecture is being used, but right-padding was detected! For correct generation results, please set `padding_side='left'` when initializing the tokenizer.
{"step": 218, "epoch": 1, "rows": 8, "skipped": 0, "answer_accuracy": 0.375, "updates": 8, "seconds": 14.87901782989502, "time": 1790895541.5627487, "loss": -4.39125907223917, "confidence": 0.465496775446879, "mass": 0.8749068006938994, "hinge_active": 0.125, "stop_prob": 0.9999692525182452, "sampled_number_rate": 0.875, "kl": 6.249413109244254, "kl_coef": 0.04962543595356468}
A decoder-only architecture is being used, but right-padding was detected! For correct generation results, please set `padding_side='left'` when initializing the tokenizer.
{"step": 219, "epoch": 1, "rows": 8, "skipped": 0, "answer_accuracy": 0.625, "updates": 8, "seconds": 9.523449420928955, "time": 1790895551.0872238, "loss": -9.901705928400087, "confidence": 0.5604584459067357, "mass": 0.9999992923989502, "hinge_active": 0.0, "stop_prob": 0.99997878074646, "sampled_number_rate": 1.0, "kl": 8.481591571909538, "kl_coef": 0.049627086251468513}
A decoder-only architecture is being used, but right-padding was detected! For correct generation results, please set `padding_side='left'` when initializing the tokenizer.
{"step": 220, "epoch": 1, "rows": 8, "skipped": 0, "answer_accuracy": 0.375, "updates": 8, "seconds": 9.809284448623657, "time": 1790895560.8974893, "loss": -8.178664100112966, "confidence": 0.40340744393839234, "mass": 0.9999919101757535, "hinge_active": 0.0, "stop_prob": 0.9999755918979645, "sampled_number_rate": 1.0, "kl": 9.44980931575624, "kl_coef": 0.04963502658526874}
A decoder-only architecture is being used, but right-padding was detected! For correct generation results, please set `padding_side='left'` when initializing the tokenizer.
{"step": 221, "epoch": 1, "rows": 8, "skipped": 0, "answer_accuracy": 0.75, "updates": 8, "seconds": 15.044043064117432, "time": 1790895575.9428017, "loss": -3.454750292929854, "confidence": 0.6014909115730502, "mass": 0.8749786389080533, "hinge_active": 0.125, "stop_prob": 0.9999760048730033, "sampled_number_rate": 0.875, "kl": 5.333021337266808, "kl_coef": 0.04964296818952238}
A decoder-only architecture is being used, but right-padding was detected! For correct generation results, please set `padding_side='left'` when initializing the tokenizer.
{"step": 222, "epoch": 1, "rows": 8, "skipped": 0, "answer_accuracy": 0.5, "updates": 8, "seconds": 9.96636962890625, "time": 1790895585.9100595, "loss": -8.071621607498809, "confidence": 0.6653229473934105, "mass": 0.9999986965427232, "hinge_active": 0.0, "stop_prob": 0.9999786913394928, "sampled_number_rate": 1.0, "kl": 5.463707086307709, "kl_coef": 0.04963855341611743}
A decoder-only architecture is being used, but right-padding was detected! For correct generation results, please set `padding_side='left'` when initializing the tokenizer.
{"step": 223, "epoch": 1, "rows": 8, "skipped": 0, "answer_accuracy": 0.375, "updates": 8, "seconds": 15.885767221450806, "time": 1790895601.797069, "loss": -3.780467767230543, "confidence": 0.6560991683699433, "mass": 0.8749991236163334, "hinge_active": 0.125, "stop_prob": 0.9999745573316302, "sampled_number_rate": 0.875, "kl": 5.8127693277324886, "kl_coef": 0.049635003975525026}
A decoder-only architecture is being used, but right-padding was detected! For correct generation results, please set `padding_side='left'` when initializing the tokenizer.
{"step": 224, "epoch": 1, "rows": 8, "skipped": 0, "answer_accuracy": 0.375, "updates": 8, "seconds": 10.318833827972412, "time": 1790895612.1170278, "loss": -8.806945129888575, "confidence": 0.6219197324808933, "mass": 0.9999988088322659, "hinge_active": 0.0, "stop_prob": 0.9999772310256958, "sampled_number_rate": 1.0, "kl": 5.684115312897333, "kl_coef": 0.04963376488283671}
A decoder-only architecture is being used, but right-padding was detected! For correct generation results, please set `padding_side='left'` when initializing the tokenizer.
{"step": 225, "epoch": 1, "rows": 8, "skipped": 0, "answer_accuracy": 0.625, "updates": 8, "seconds": 15.015926122665405, "time": 1790895627.1340203, "loss": -5.169072999018534, "confidence": 0.5103087304771038, "mass": 0.8749996285966612, "hinge_active": 0.125, "stop_prob": 0.9999683243887765, "sampled_number_rate": 0.875, "kl": 6.976108339569199, "kl_coef": 0.04963167440999808}
A decoder-only architecture is being used, but right-padding was detected! For correct generation results, please set `padding_side='left'` when initializing the tokenizer.
{"step": 226, "epoch": 1, "rows": 8, "skipped": 0, "answer_accuracy": 0.625, "updates": 8, "seconds": 9.475574493408203, "time": 1790895636.6104772, "loss": -10.171157035518558, "confidence": 0.6099030987622607, "mass": 0.9999995128489596, "hinge_active": 0.0, "stop_prob": 0.9999693036079407, "sampled_number_rate": 1.0, "kl": 4.2410790476015885, "kl_coef": 0.049638133862171196}
A decoder-only architecture is being used, but right-padding was detected! For correct generation results, please set `padding_side='left'` when initializing the tokenizer.
{"step": 227, "epoch": 1, "rows": 8, "skipped": 0, "answer_accuracy": 0.625, "updates": 8, "seconds": 9.617600917816162, "time": 1790895646.228918, "loss": -10.117192745193506, "confidence": 0.7125013334943233, "mass": 0.999999550065498, "hinge_active": 0.0, "stop_prob": 0.9999774172902107, "sampled_number_rate": 1.0, "kl": 4.814758692554476, "kl_coef": 0.04963019176075325}
A decoder-only architecture is being used, but right-padding was detected! For correct generation results, please set `padding_side='left'` when initializing the tokenizer.
{"step": 228, "epoch": 1, "rows": 8, "skipped": 0, "answer_accuracy": 0.75, "updates": 8, "seconds": 9.5271635055542, "time": 1790895655.756838, "loss": -10.529783680458584, "confidence": 0.7405598240676525, "mass": 0.9999993267545231, "hinge_active": 0.0, "stop_prob": 0.9999768063426018, "sampled_number_rate": 1.0, "kl": 4.137825654637143, "kl_coef": 0.049622348593637074}
A decoder-only architecture is being used, but right-padding was detected! For correct generation results, please set `padding_side='left'` when initializing the tokenizer.
{"step": 229, "epoch": 1, "rows": 8, "skipped": 0, "answer_accuracy": 0.25, "updates": 8, "seconds": 12.154433012008667, "time": 1790895667.912352, "loss": -9.715849273879018, "confidence": 0.32221672386311073, "mass": 0.9999920650477848, "hinge_active": 0.0, "stop_prob": 0.9998064488172531, "sampled_number_rate": 1.0, "kl": 6.757260794731106, "kl_coef": 0.04961440901786209}
A decoder-only architecture is being used, but right-padding was detected! For correct generation results, please set `padding_side='left'` when initializing the tokenizer.
{"step": 230, "epoch": 1, "rows": 8, "skipped": 0, "answer_accuracy": 0.5, "updates": 8, "seconds": 9.630667924880981, "time": 1790895677.5438118, "loss": -8.665006905864121, "confidence": 0.7327996424777145, "mass": 0.9999993856841579, "hinge_active": 0.0, "stop_prob": 0.9999780505895615, "sampled_number_rate": 1.0, "kl": 3.721760887695361, "kl_coef": 0.04961941849076915}
A decoder-only architecture is being used, but right-padding was detected! For correct generation results, please set `padding_side='left'` when initializing the tokenizer.
{"step": 231, "epoch": 1, "rows": 8, "skipped": 0, "answer_accuracy": 0.5, "updates": 8, "seconds": 9.661930799484253, "time": 1790895687.2064033, "loss": -8.964436228286633, "confidence": 0.6186039277791938, "mass": 0.9999992500280912, "hinge_active": 0.0, "stop_prob": 0.9999795258045197, "sampled_number_rate": 1.0, "kl": 6.256627230063311, "kl_coef": 0.04961147938381063}
A decoder-only architecture is being used, but right-padding was detected! For correct generation results, please set `padding_side='left'` when initializing the tokenizer.
{"step": 232, "epoch": 1, "rows": 8, "skipped": 0, "answer_accuracy": 0.375, "updates": 8, "seconds": 9.682732582092285, "time": 1790895696.8899326, "loss": -9.145961821034202, "confidence": 0.5694129401049894, "mass": 0.9999995588960604, "hinge_active": 0.0, "stop_prob": 0.9999777898192406, "sampled_number_rate": 1.0, "kl": 6.102440219703405, "kl_coef": 0.04961317693801511}
A decoder-only architecture is being used, but right-padding was detected! For correct generation results, please set `padding_side='left'` when initializing the tokenizer.
{"step": 233, "epoch": 1, "rows": 8, "skipped": 0, "answer_accuracy": 0.5, "updates": 8, "seconds": 15.947997808456421, "time": 1790895712.8390265, "loss": -5.055240640095018, "confidence": 0.5940281763811023, "mass": 0.8749988384701696, "hinge_active": 0.125, "stop_prob": 0.9999782528196063, "sampled_number_rate": 0.875, "kl": 6.2853152714959, "kl_coef": 0.04961385458931454}
A decoder-only architecture is being used, but right-padding was detected! For correct generation results, please set `padding_side='left'` when initializing the tokenizer.
{"step": 234, "epoch": 1, "rows": 8, "skipped": 0, "answer_accuracy": 0.25, "updates": 8, "seconds": 15.066961526870728, "time": 1790895727.9068391, "loss": -4.480632846237006, "confidence": 0.43531220706074697, "mass": 0.8749995967828218, "hinge_active": 0.125, "stop_prob": 0.999977707862854, "sampled_number_rate": 0.875, "kl": 5.270744188123359, "kl_coef": 0.04961574200136682}
A decoder-only architecture is being used, but right-padding was detected! For correct generation results, please set `padding_side='left'` when initializing the tokenizer.
{"step": 235, "epoch": 1, "rows": 8, "skipped": 0, "answer_accuracy": 0.375, "updates": 8, "seconds": 15.022594928741455, "time": 1790895742.9311297, "loss": 0.3014190561859553, "confidence": 0.5793059243843424, "mass": 0.7499998041040716, "hinge_active": 0.25, "stop_prob": 0.9999759395917257, "sampled_number_rate": 0.75, "kl": 4.513544240486283, "kl_coef": 0.049610917658938145}
A decoder-only architecture is being used, but right-padding was detected! For correct generation results, please set `padding_side='left'` when initializing the tokenizer.
{"step": 236, "epoch": 1, "rows": 8, "skipped": 0, "answer_accuracy": 0.25, "updates": 8, "seconds": 9.652594566345215, "time": 1790895752.5845325, "loss": -8.212063249129436, "confidence": 0.5437411800759069, "mass": 0.9999992304008345, "hinge_active": 0.0, "stop_prob": 0.99997728317976, "sampled_number_rate": 1.0, "kl": 8.574751516035866, "kl_coef": 0.04960297991211271}
A decoder-only architecture is being used, but right-padding was detected! For correct generation results, please set `padding_side='left'` when initializing the tokenizer.
{"step": 237, "epoch": 1, "rows": 8, "skipped": 0, "answer_accuracy": 0.625, "updates": 8, "seconds": 15.011908531188965, "time": 1790895767.5972104, "loss": -5.582716358705275, "confidence": 0.5994740008920191, "mass": 0.8749993034516492, "hinge_active": 0.125, "stop_prob": 0.9999748553548541, "sampled_number_rate": 0.875, "kl": 4.630293302282623, "kl_coef": 0.04961091638889865}
A decoder-only architecture is being used, but right-padding was detected! For correct generation results, please set `padding_side='left'` when initializing the tokenizer.
{"step": 238, "epoch": 1, "rows": 8, "skipped": 0, "answer_accuracy": 0.125, "updates": 8, "seconds": 15.045336961746216, "time": 1790895782.6436327, "loss": 1.3930841813256716, "confidence": 0.49949568106710207, "mass": 0.7499996921684078, "hinge_active": 0.25, "stop_prob": 0.9999766647815704, "sampled_number_rate": 0.75, "kl": 6.6897775655357545, "kl_coef": 0.04960297864227642}
A decoder-only architecture is being used, but right-padding was detected! For correct generation results, please set `padding_side='left'` when initializing the tokenizer.
{"step": 239, "epoch": 1, "rows": 8, "skipped": 0, "answer_accuracy": 0.25, "updates": 8, "seconds": 14.997209787368774, "time": 1790895797.6418107, "loss": -4.610563721968681, "confidence": 0.3907808944536957, "mass": 0.8749984453461803, "hinge_active": 0.125, "stop_prob": 0.9999716792787824, "sampled_number_rate": 0.875, "kl": 6.1409099411635335, "kl_coef": 0.04960754064518991}
A decoder-only architecture is being used, but right-padding was detected! For correct generation results, please set `padding_side='left'` when initializing the tokenizer.
{"step": 240, "epoch": 1, "rows": 8, "skipped": 0, "answer_accuracy": 0.375, "updates": 8, "seconds": 9.98938274383545, "time": 1790895807.6320646, "loss": -9.331456513343621, "confidence": 0.4118205824605778, "mass": 0.9999964980997766, "hinge_active": 0.0, "stop_prob": 0.9999795034527779, "sampled_number_rate": 1.0, "kl": 7.6451871676851235, "kl_coef": 0.049608472671274384}
A decoder-only architecture is being used, but right-padding was detected! For correct generation results, please set `padding_side='left'` when initializing the tokenizer.
{"step": 241, "epoch": 1, "rows": 8, "skipped": 0, "answer_accuracy": 0.625, "updates": 8, "seconds": 9.81175184249878, "time": 1790895817.444692, "loss": -10.036857447162749, "confidence": 0.4812794361368957, "mass": 0.9999675051162518, "hinge_active": 0.0, "stop_prob": 0.9999717250466347, "sampled_number_rate": 1.0, "kl": 6.377296150746423, "kl_coef": 0.049616410026901786}
A decoder-only architecture is being used, but right-padding was detected! For correct generation results, please set `padding_side='left'` when initializing the tokenizer.
{"step": 242, "epoch": 1, "rows": 8, "skipped": 0, "answer_accuracy": 0.625, "updates": 8, "seconds": 15.081403017044067, "time": 1790895832.5268662, "loss": -5.188492062156594, "confidence": 0.7079485449920465, "mass": 0.8749988884854252, "hinge_active": 0.125, "stop_prob": 0.9999787381717137, "sampled_number_rate": 0.875, "kl": 4.31837314201403, "kl_coef": 0.04961890603763739}
A decoder-only architecture is being used, but right-padding was detected! For correct generation results, please set `padding_side='left'` when initializing the tokenizer.
{"step": 243, "epoch": 1, "rows": 8, "skipped": 0, "answer_accuracy": 0.5, "updates": 8, "seconds": 9.591133117675781, "time": 1790895842.1188724, "loss": -8.812871729858715, "confidence": 0.430802306050514, "mass": 0.9999995816737377, "hinge_active": 0.0, "stop_prob": 0.9999818727374077, "sampled_number_rate": 1.0, "kl": 10.607091945108508, "kl_coef": 0.04961096701267136}
A decoder-only architecture is being used, but right-padding was detected! For correct generation results, please set `padding_side='left'` when initializing the tokenizer.
{"step": 244, "epoch": 1, "rows": 8, "skipped": 0, "answer_accuracy": 0.5, "updates": 8, "seconds": 15.059997320175171, "time": 1790895857.179785, "loss": -4.416731090928577, "confidence": 0.6726838866121366, "mass": 0.8749993539755903, "hinge_active": 0.125, "stop_prob": 0.9999805092811584, "sampled_number_rate": 0.875, "kl": 4.101696102073064, "kl_coef": 0.04961890476739339}
A decoder-only architecture is being used, but right-padding was detected! For correct generation results, please set `padding_side='left'` when initializing the tokenizer.
{"step": 245, "epoch": 1, "rows": 7, "skipped": 1, "answer_accuracy": 0.2857142857142857, "updates": 8, "seconds": 20.961666584014893, "time": 1790895878.1423721, "loss": -3.5870388268613613, "confidence": 0.4148340498649049, "mass": 0.8571424112083328, "hinge_active": 0.14285714285714285, "stop_prob": 0.9999696513017019, "sampled_number_rate": 0.857142857142857, "kl": 6.423701994983714, "kl_coef": 0.0496109657426306}
A decoder-only architecture is being used, but right-padding was detected! For correct generation results, please set `padding_side='left'` when initializing the tokenizer.
{"step": 246, "epoch": 1, "rows": 8, "skipped": 0, "answer_accuracy": 0.875, "updates": 8, "seconds": 9.564160346984863, "time": 1790895887.707396, "loss": -10.147999994582978, "confidence": 0.6981447695035108, "mass": 0.9999994767179872, "hinge_active": 0.0, "stop_prob": 0.9999797493219376, "sampled_number_rate": 1.0, "kl": 4.764871978646758, "kl_coef": 0.0496137684446517}
A decoder-only architecture is being used, but right-padding was detected! For correct generation results, please set `padding_side='left'` when initializing the tokenizer.
{"step": 247, "epoch": 1, "rows": 7, "skipped": 1, "answer_accuracy": 0.5714285714285714, "updates": 8, "seconds": 9.12150502204895, "time": 1790895896.8297987, "loss": -9.01256599086479, "confidence": 0.8020942000766779, "mass": 0.9999995297457036, "hinge_active": 0.0, "stop_prob": 0.9999807476997375, "sampled_number_rate": 0.9999999999999998, "kl": 3.832263038248301, "kl_coef": 0.04960583024170055}
A decoder-only architecture is being used, but right-padding was detected! For correct generation results, please set `padding_side='left'` when initializing the tokenizer.
{"step": 248, "epoch": 1, "rows": 8, "skipped": 0, "answer_accuracy": 0.5, "updates": 8, "seconds": 11.648327589035034, "time": 1790895908.4788568, "loss": -9.044824371525495, "confidence": 0.6581820061319882, "mass": 0.9999981355677829, "hinge_active": 0.0, "stop_prob": 0.9999759569764137, "sampled_number_rate": 1.0, "kl": 6.128952112770257, "kl_coef": 0.04959789330886188}
A decoder-only architecture is being used, but right-padding was detected! For correct generation results, please set `padding_side='left'` when initializing the tokenizer.
{"step": 249, "epoch": 1, "rows": 8, "skipped": 0, "answer_accuracy": 0.75, "updates": 8, "seconds": 10.003795862197876, "time": 1790895918.483585, "loss": -10.574893597070034, "confidence": 0.7019648883707341, "mass": 0.9999987025254605, "hinge_active": 0.0, "stop_prob": 0.9999629333615303, "sampled_number_rate": 1.0, "kl": 3.2380588492146924, "kl_coef": 0.049598746075946026}
A decoder-only architecture is being used, but right-padding was detected! For correct generation results, please set `padding_side='left'` when initializing the tokenizer.
{"step": 250, "epoch": 1, "rows": 8, "skipped": 0, "answer_accuracy": 0.5, "updates": 8, "seconds": 15.087062120437622, "time": 1790895933.571806, "loss": -5.055443467638357, "confidence": 0.6547787156350442, "mass": 0.874999482252053, "hinge_active": 0.125, "stop_prob": 0.9999783890587943, "sampled_number_rate": 0.875, "kl": 5.331281312645979, "kl_coef": 0.049590810276573874}
A decoder-only architecture is being used, but right-padding was detected! For correct generation results, please set `padding_side='left'` when initializing the tokenizer.
{"step": 251, "epoch": 1, "rows": 8, "skipped": 0, "answer_accuracy": 0.625, "updates": 8, "seconds": 9.75545072555542, "time": 1790895943.328104, "loss": -10.530426978800623, "confidence": 0.5926086290875601, "mass": 0.9999992492359812, "hinge_active": 0.0, "stop_prob": 0.9999782219529152, "sampled_number_rate": 1.0, "kl": 6.849548834946955, "kl_coef": 0.04958638863636681}
A decoder-only architecture is being used, but right-padding was detected! For correct generation results, please set `padding_side='left'` when initializing the tokenizer.
{"step": 252, "epoch": 1, "rows": 8, "skipped": 0, "answer_accuracy": 0.625, "updates": 8, "seconds": 14.984086513519287, "time": 1790895958.313023, "loss": -1.0620920409955499, "confidence": 0.6782342226922298, "mass": 0.7499991958948076, "hinge_active": 0.25, "stop_prob": 0.9999777873357137, "sampled_number_rate": 0.75, "kl": 3.4890991594007295, "kl_coef": 0.049592005444192844}
A decoder-only architecture is being used, but right-padding was detected! For correct generation results, please set `padding_side='left'` when initializing the tokenizer.
{"step": 253, "epoch": 1, "rows": 8, "skipped": 0, "answer_accuracy": 0.375, "updates": 8, "seconds": 9.7614426612854, "time": 1790895968.0753565, "loss": -8.930232969662315, "confidence": 0.6224010161902525, "mass": 0.999996095190819, "hinge_active": 0.0, "stop_prob": 0.9999779760837555, "sampled_number_rate": 1.0, "kl": 6.703635589206278, "kl_coef": 0.04958407072332177}
A decoder-only architecture is being used, but right-padding was detected! For correct generation results, please set `padding_side='left'` when initializing the tokenizer.
{"step": 254, "epoch": 1, "rows": 8, "skipped": 0, "answer_accuracy": 0.875, "updates": 8, "seconds": 9.585478782653809, "time": 1790895977.661728, "loss": -10.473684168154797, "confidence": 0.7348755844485192, "mass": 0.9999992736022071, "hinge_active": 0.0, "stop_prob": 0.9999809563159943, "sampled_number_rate": 1.0, "kl": 3.667396026346407, "kl_coef": 0.04958872260556425}
A decoder-only architecture is being used, but right-padding was detected! For correct generation results, please set `padding_side='left'` when initializing the tokenizer.
{"step": 255, "epoch": 1, "rows": 8, "skipped": 0, "answer_accuracy": 0.5, "updates": 8, "seconds": 15.04965329170227, "time": 1790895992.7121208, "loss": -4.367370438825511, "confidence": 0.8084715984136414, "mass": 0.8749982461960369, "hinge_active": 0.125, "stop_prob": 0.9999779888561794, "sampled_number_rate": 0.875, "kl": 2.784701094725907, "kl_coef": 0.04958078840994736}
A decoder-only architecture is being used, but right-padding was detected! For correct generation results, please set `padding_side='left'` when initializing the tokenizer.
{"step": 256, "epoch": 1, "rows": 8, "skipped": 0, "answer_accuracy": 0.25, "updates": 8, "seconds": 9.700068473815918, "time": 1790896002.4130664, "loss": -7.2859239700093115, "confidence": 0.4591636578996802, "mass": 0.9999989848485854, "hinge_active": 0.0, "stop_prob": 0.9999808967113495, "sampled_number_rate": 1.0, "kl": 8.240418435830962, "kl_coef": 0.04957285548380177, "save_seconds": 0.4001455307006836}
