🦥 Unsloth: Will patch your computer to enable 2x faster free finetuning.
🦥 Unsloth Zoo will now patch everything to make training faster!
==((====))==  Unsloth 2025.1.5: Fast Llama patching. Transformers: 4.48.0.
   \\   /|    GPU: NVIDIA L40S. Max memory: 44.392 GB. Platform: Linux.
O^O/ \_/ \    Torch: 2.5.1+cu124. CUDA: 8.9. CUDA Toolkit: 12.4. Triton: 3.1.0
\        /    Bfloat16 = TRUE. FA [Xformers = 0.0.29.post1. FA2 = False]
 "-____-"     Free Apache license: http://github.com/unslothai/unsloth
Unsloth: Fast downloading is enabled - ignore downloading bars which are red colored!
Unsloth 2025.1.5 patched 32 layers with 32 QKV layers, 32 O layers and 32 MLP layers.
{"step": 1, "epoch": 0, "rows": 8, "skipped": 0, "answer_accuracy": 0.625, "updates": 4, "seconds": 9.456209659576416, "time": 1790931552.5357342, "loss": -0.44969013876964986, "confidence": 0.9441982845726826, "mass": 0.999994520488856, "hinge_active": 0.0, "stop_prob": 0.9997620359063148, "sampled_number_rate": 1.0, "kl": 0.0, "kl_coef": 0.05, "value_loss": 0.0}
A decoder-only architecture is being used, but right-padding was detected! For correct generation results, please set `padding_side='left'` when initializing the tokenizer.
{"step": 2, "epoch": 0, "rows": 8, "skipped": 0, "answer_accuracy": 0.375, "updates": 4, "seconds": 8.568963766098022, "time": 1790931561.1055944, "loss": 1.6364268090876817, "confidence": 0.8978046944031288, "mass": 0.8749981506464929, "hinge_active": 0.125, "stop_prob": 0.9996775388717651, "sampled_number_rate": 0.875, "kl": 0.0, "kl_coef": 0.05, "value_loss": 0.0}
A decoder-only architecture is being used, but right-padding was detected! For correct generation results, please set `padding_side='left'` when initializing the tokenizer.
{"step": 3, "epoch": 0, "rows": 8, "skipped": 0, "answer_accuracy": 0.625, "updates": 4, "seconds": 2.2877728939056396, "time": 1790931563.3942707, "loss": -0.8241082903036804, "confidence": 0.8177730594719868, "mass": 0.9999979657332486, "hinge_active": 0.0, "stop_prob": 0.999356672167778, "sampled_number_rate": 1.0, "kl": 0.0, "kl_coef": 0.05, "value_loss": 0.0}
A decoder-only architecture is being used, but right-padding was detected! For correct generation results, please set `padding_side='left'` when initializing the tokenizer.
{"step": 4, "epoch": 0, "rows": 8, "skipped": 0, "answer_accuracy": 0.125, "updates": 4, "seconds": 2.3487088680267334, "time": 1790931565.7438939, "loss": -0.5034668814745138, "confidence": 0.7630218060004427, "mass": 0.9999974488937758, "hinge_active": 0.0, "stop_prob": 0.9993514195084572, "sampled_number_rate": 1.0, "kl": 0.0, "kl_coef": 0.05, "value_loss": 0.0}
A decoder-only architecture is being used, but right-padding was detected! For correct generation results, please set `padding_side='left'` when initializing the tokenizer.
{"step": 5, "epoch": 0, "rows": 8, "skipped": 0, "answer_accuracy": 0.75, "updates": 4, "seconds": 2.444098472595215, "time": 1790931568.188826, "loss": -0.8520368851723137, "confidence": 0.6394007500706513, "mass": 0.9999978761979385, "hinge_active": 0.0, "stop_prob": 0.9986482486128807, "sampled_number_rate": 1.0, "kl": 0.0, "kl_coef": 0.05, "value_loss": 0.0}
A decoder-only architecture is being used, but right-padding was detected! For correct generation results, please set `padding_side='left'` when initializing the tokenizer.
{"step": 6, "epoch": 0, "rows": 8, "skipped": 0, "answer_accuracy": 0.5, "updates": 4, "seconds": 2.2723729610443115, "time": 1790931570.4621215, "loss": -0.8174107125607427, "confidence": 0.5901562187702524, "mass": 0.9999985576541859, "hinge_active": 0.0, "stop_prob": 0.9994381070137024, "sampled_number_rate": 1.0, "kl": 0.0, "kl_coef": 0.05, "value_loss": 0.0}
A decoder-only architecture is being used, but right-padding was detected! For correct generation results, please set `padding_side='left'` when initializing the tokenizer.
{"step": 7, "epoch": 0, "rows": 8, "skipped": 0, "answer_accuracy": 0.5, "updates": 4, "seconds": 2.451320171356201, "time": 1790931572.9141998, "loss": -0.8177729358521252, "confidence": 0.5712267353637516, "mass": 0.9999983321221595, "hinge_active": 0.0, "stop_prob": 0.9990196004509926, "sampled_number_rate": 1.0, "kl": 0.0, "kl_coef": 0.05, "value_loss": 0.0}
A decoder-only architecture is being used, but right-padding was detected! For correct generation results, please set `padding_side='left'` when initializing the tokenizer.
{"step": 8, "epoch": 0, "rows": 8, "skipped": 0, "answer_accuracy": 0.625, "updates": 4, "seconds": 2.640568256378174, "time": 1790931575.5556843, "loss": -0.8225334636190273, "confidence": 0.4909274989455354, "mass": 0.999998736446268, "hinge_active": 0.0, "stop_prob": 0.9986249133944511, "sampled_number_rate": 1.0, "kl": 0.0, "kl_coef": 0.05, "value_loss": 0.0}
A decoder-only architecture is being used, but right-padding was detected! For correct generation results, please set `padding_side='left'` when initializing the tokenizer.
{"step": 9, "epoch": 0, "rows": 8, "skipped": 0, "answer_accuracy": 0.375, "updates": 4, "seconds": 2.2748336791992188, "time": 1790931577.8313823, "loss": -0.8224729760562032, "confidence": 0.4687611158939194, "mass": 0.9999981280047281, "hinge_active": 0.0, "stop_prob": 0.9975077584385872, "sampled_number_rate": 1.0, "kl": 0.0, "kl_coef": 0.05, "value_loss": 0.0}
A decoder-only architecture is being used, but right-padding was detected! For correct generation results, please set `padding_side='left'` when initializing the tokenizer.
{"step": 10, "epoch": 0, "rows": 8, "skipped": 0, "answer_accuracy": 0.25, "updates": 4, "seconds": 8.160542011260986, "time": 1790931585.9927747, "loss": -0.21960197800299203, "confidence": 0.4758447317129491, "mass": 0.8759456659978953, "hinge_active": 0.125, "stop_prob": 0.9967266236032758, "sampled_number_rate": 0.875, "kl": 0.0, "kl_coef": 0.05, "value_loss": 0.0}
A decoder-only architecture is being used, but right-padding was detected! For correct generation results, please set `padding_side='left'` when initializing the tokenizer.
{"step": 11, "epoch": 0, "rows": 8, "skipped": 0, "answer_accuracy": 0.25, "updates": 4, "seconds": 2.255197525024414, "time": 1790931588.2487216, "loss": -0.8181395033101139, "confidence": 0.41766212129262453, "mass": 0.9999977997881655, "hinge_active": 0.0, "stop_prob": 0.9963156878948212, "sampled_number_rate": 1.0, "kl": 0.0, "kl_coef": 0.05, "value_loss": 0.0}
A decoder-only architecture is being used, but right-padding was detected! For correct generation results, please set `padding_side='left'` when initializing the tokenizer.
{"step": 12, "epoch": 0, "rows": 8, "skipped": 0, "answer_accuracy": 0.625, "updates": 4, "seconds": 2.221897602081299, "time": 1790931590.4713006, "loss": -0.7819326498354358, "confidence": 0.40128302676807237, "mass": 0.9999982634666613, "hinge_active": 0.0, "stop_prob": 0.9981687366962433, "sampled_number_rate": 1.0, "kl": 0.0, "kl_coef": 0.05, "value_loss": 0.0}
A decoder-only architecture is being used, but right-padding was detected! For correct generation results, please set `padding_side='left'` when initializing the tokenizer.
{"step": 13, "epoch": 0, "rows": 8, "skipped": 0, "answer_accuracy": 0.75, "updates": 4, "seconds": 2.2936270236968994, "time": 1790931592.7658887, "loss": -0.7918199361237518, "confidence": 0.41508119711534686, "mass": 0.9999969005131396, "hinge_active": 0.0, "stop_prob": 0.9965906739234924, "sampled_number_rate": 1.0, "kl": 0.0, "kl_coef": 0.05, "value_loss": 0.0}
A decoder-only architecture is being used, but right-padding was detected! For correct generation results, please set `padding_side='left'` when initializing the tokenizer.
{"step": 14, "epoch": 0, "rows": 8, "skipped": 0, "answer_accuracy": 0.625, "updates": 4, "seconds": 2.2460715770721436, "time": 1790931595.0127118, "loss": -0.7997205054346234, "confidence": 0.4172521050310046, "mass": 0.999996928032015, "hinge_active": 0.0, "stop_prob": 0.9882049188017845, "sampled_number_rate": 1.0, "kl": 0.0, "kl_coef": 0.05, "value_loss": 0.0}
A decoder-only architecture is being used, but right-padding was detected! For correct generation results, please set `padding_side='left'` when initializing the tokenizer.
{"step": 15, "epoch": 0, "rows": 8, "skipped": 0, "answer_accuracy": 0.5, "updates": 4, "seconds": 2.2362000942230225, "time": 1790931597.249559, "loss": -0.7884115798664421, "confidence": 0.4590660444547554, "mass": 0.9999977608056039, "hinge_active": 0.0, "stop_prob": 0.9972039461135864, "sampled_number_rate": 1.0, "kl": 0.0, "kl_coef": 0.05, "value_loss": 0.0}
A decoder-only architecture is being used, but right-padding was detected! For correct generation results, please set `padding_side='left'` when initializing the tokenizer.
{"step": 16, "epoch": 0, "rows": 8, "skipped": 0, "answer_accuracy": 0.5, "updates": 4, "seconds": 2.4028689861297607, "time": 1790931599.6534045, "loss": -0.8210393367377528, "confidence": 0.5285320424761043, "mass": 0.9999975503335068, "hinge_active": 0.0, "stop_prob": 0.9968430921435356, "sampled_number_rate": 1.0, "kl": 0.0, "kl_coef": 0.05, "value_loss": 0.0}
A decoder-only architecture is being used, but right-padding was detected! For correct generation results, please set `padding_side='left'` when initializing the tokenizer.
{"step": 17, "epoch": 0, "rows": 8, "skipped": 0, "answer_accuracy": 0.125, "updates": 4, "seconds": 2.4565131664276123, "time": 1790931602.1108046, "loss": -0.8240485703690981, "confidence": 0.4436643148095917, "mass": 0.9999970052258741, "hinge_active": 0.0, "stop_prob": 0.9962963908910751, "sampled_number_rate": 1.0, "kl": 0.0, "kl_coef": 0.05, "value_loss": 0.0}
A decoder-only architecture is being used, but right-padding was detected! For correct generation results, please set `padding_side='left'` when initializing the tokenizer.
{"step": 18, "epoch": 0, "rows": 8, "skipped": 0, "answer_accuracy": 0.5, "updates": 4, "seconds": 2.346435546875, "time": 1790931604.4581108, "loss": -0.8249969706849806, "confidence": 0.5355559902565793, "mass": 0.9999975747516888, "hinge_active": 0.0, "stop_prob": 0.9979779794812202, "sampled_number_rate": 1.0, "kl": 0.0, "kl_coef": 0.05, "value_loss": 0.0}
A decoder-only architecture is being used, but right-padding was detected! For correct generation results, please set `padding_side='left'` when initializing the tokenizer.
{"step": 19, "epoch": 0, "rows": 8, "skipped": 0, "answer_accuracy": 0.625, "updates": 4, "seconds": 2.226724863052368, "time": 1790931606.6855874, "loss": -0.8184928996016859, "confidence": 0.560509692683, "mass": 0.999996893756407, "hinge_active": 0.0, "stop_prob": 0.9988943263888359, "sampled_number_rate": 1.0, "kl": 0.0, "kl_coef": 0.05, "value_loss": 0.0}
A decoder-only architecture is being used, but right-padding was detected! For correct generation results, please set `padding_side='left'` when initializing the tokenizer.
{"step": 20, "epoch": 0, "rows": 8, "skipped": 0, "answer_accuracy": 0.375, "updates": 4, "seconds": 2.745814323425293, "time": 1790931609.4322877, "loss": -0.8549952196921058, "confidence": 0.3903927982714311, "mass": 0.9999960772684791, "hinge_active": 0.0, "stop_prob": 0.9931686818599701, "sampled_number_rate": 1.0, "kl": 0.0, "kl_coef": 0.05, "value_loss": 0.0}
A decoder-only architecture is being used, but right-padding was detected! For correct generation results, please set `padding_side='left'` when initializing the tokenizer.
{"step": 21, "epoch": 0, "rows": 8, "skipped": 0, "answer_accuracy": 0.375, "updates": 4, "seconds": 2.8309919834136963, "time": 1790931612.2639642, "loss": -0.761386509355388, "confidence": 0.45373599100333745, "mass": 0.9999969788473895, "hinge_active": 0.0, "stop_prob": 0.9640885815024376, "sampled_number_rate": 1.0, "kl": 0.0, "kl_coef": 0.05, "value_loss": 0.0}
A decoder-only architecture is being used, but right-padding was detected! For correct generation results, please set `padding_side='left'` when initializing the tokenizer.
{"step": 22, "epoch": 0, "rows": 8, "skipped": 0, "answer_accuracy": 0.875, "updates": 4, "seconds": 2.213646173477173, "time": 1790931614.4783428, "loss": -0.7878410736508792, "confidence": 0.5090557165380207, "mass": 0.9999972930383239, "hinge_active": 0.0, "stop_prob": 0.9992371797561646, "sampled_number_rate": 1.0, "kl": 0.0, "kl_coef": 0.05, "value_loss": 0.0}
A decoder-only architecture is being used, but right-padding was detected! For correct generation results, please set `padding_side='left'` when initializing the tokenizer.
{"step": 23, "epoch": 0, "rows": 8, "skipped": 0, "answer_accuracy": 0.25, "updates": 4, "seconds": 2.495636224746704, "time": 1790931616.9749136, "loss": -0.8700476817656828, "confidence": 0.3249036024406067, "mass": 0.9999907529188428, "hinge_active": 0.0, "stop_prob": 0.9959654733538628, "sampled_number_rate": 1.0, "kl": 0.0, "kl_coef": 0.05, "value_loss": 0.0}
A decoder-only architecture is being used, but right-padding was detected! For correct generation results, please set `padding_side='left'` when initializing the tokenizer.
{"step": 24, "epoch": 0, "rows": 8, "skipped": 0, "answer_accuracy": 0.375, "updates": 4, "seconds": 2.550694465637207, "time": 1790931619.5264614, "loss": -0.7714975346031434, "confidence": 0.498598990518074, "mass": 0.9999970612963149, "hinge_active": 0.0, "stop_prob": 0.9987625777721405, "sampled_number_rate": 1.0, "kl": 0.0, "kl_coef": 0.05, "value_loss": 0.0}
A decoder-only architecture is being used, but right-padding was detected! For correct generation results, please set `padding_side='left'` when initializing the tokenizer.
{"step": 25, "epoch": 0, "rows": 8, "skipped": 0, "answer_accuracy": 0.625, "updates": 4, "seconds": 2.367138624191284, "time": 1790931621.894254, "loss": -0.8280944966977458, "confidence": 0.434910230289967, "mass": 0.9999963107302591, "hinge_active": 0.0, "stop_prob": 0.9982797726988792, "sampled_number_rate": 1.0, "kl": 0.0, "kl_coef": 0.05, "value_loss": 0.0}
A decoder-only architecture is being used, but right-padding was detected! For correct generation results, please set `padding_side='left'` when initializing the tokenizer.
{"step": 26, "epoch": 0, "rows": 8, "skipped": 0, "answer_accuracy": 0.375, "updates": 4, "seconds": 3.548943519592285, "time": 1790931625.444316, "loss": -0.7930898707190994, "confidence": 0.46226341128180726, "mass": 0.9999954161670137, "hinge_active": 0.0, "stop_prob": 0.998469240963459, "sampled_number_rate": 1.0, "kl": 0.0, "kl_coef": 0.05, "value_loss": 0.0}
A decoder-only architecture is being used, but right-padding was detected! For correct generation results, please set `padding_side='left'` when initializing the tokenizer.
{"step": 27, "epoch": 0, "rows": 8, "skipped": 0, "answer_accuracy": 0.375, "updates": 4, "seconds": 2.4419310092926025, "time": 1790931627.8870637, "loss": -0.8112170866012172, "confidence": 0.529869766878615, "mass": 0.9999967503119604, "hinge_active": 0.0, "stop_prob": 0.9983426332473755, "sampled_number_rate": 1.0, "kl": 0.0, "kl_coef": 0.05, "value_loss": 0.0}
A decoder-only architecture is being used, but right-padding was detected! For correct generation results, please set `padding_side='left'` when initializing the tokenizer.
{"step": 28, "epoch": 0, "rows": 8, "skipped": 0, "answer_accuracy": 0.5, "updates": 4, "seconds": 2.4751603603363037, "time": 1790931630.3631258, "loss": -0.7785912010610172, "confidence": 0.5778346197292074, "mass": 0.9999965422424945, "hinge_active": 0.0, "stop_prob": 0.9990891963243484, "sampled_number_rate": 1.0, "kl": 0.0, "kl_coef": 0.05, "value_loss": 0.0}
A decoder-only architecture is being used, but right-padding was detected! For correct generation results, please set `padding_side='left'` when initializing the tokenizer.
{"step": 29, "epoch": 0, "rows": 8, "skipped": 0, "answer_accuracy": 0.5, "updates": 4, "seconds": 2.377357006072998, "time": 1790931632.741543, "loss": -0.8483102091387236, "confidence": 0.4978746120362141, "mass": 0.9999961940715537, "hinge_active": 0.0, "stop_prob": 0.998122826218605, "sampled_number_rate": 1.0, "kl": 0.0, "kl_coef": 0.05, "value_loss": 0.0}
A decoder-only architecture is being used, but right-padding was detected! For correct generation results, please set `padding_side='left'` when initializing the tokenizer.
{"step": 30, "epoch": 0, "rows": 8, "skipped": 0, "answer_accuracy": 0.5, "updates": 4, "seconds": 2.344024181365967, "time": 1790931635.0861979, "loss": -0.8256334623915759, "confidence": 0.5008763984887153, "mass": 0.9999964674102089, "hinge_active": 0.0, "stop_prob": 0.9991199150681496, "sampled_number_rate": 1.0, "kl": 0.0, "kl_coef": 0.05, "value_loss": 0.0}
A decoder-only architecture is being used, but right-padding was detected! For correct generation results, please set `padding_side='left'` when initializing the tokenizer.
{"step": 31, "epoch": 0, "rows": 8, "skipped": 0, "answer_accuracy": 0.375, "updates": 4, "seconds": 2.3417627811431885, "time": 1790931637.4298272, "loss": -0.8653617148347356, "confidence": 0.35906483539679945, "mass": 0.9999957990700132, "hinge_active": 0.0, "stop_prob": 0.9990906566381454, "sampled_number_rate": 1.0, "kl": 0.0, "kl_coef": 0.05, "value_loss": 0.0}
A decoder-only architecture is being used, but right-padding was detected! For correct generation results, please set `padding_side='left'` when initializing the tokenizer.
{"step": 32, "epoch": 0, "rows": 8, "skipped": 0, "answer_accuracy": 0.625, "updates": 4, "seconds": 2.634434700012207, "time": 1790931640.0651217, "loss": -0.7804891223094097, "confidence": 0.3762655063342544, "mass": 0.999991855862633, "hinge_active": 0.0, "stop_prob": 0.9734211266040802, "sampled_number_rate": 1.0, "kl": 0.0, "kl_coef": 0.05, "value_loss": 0.0}
A decoder-only architecture is being used, but right-padding was detected! For correct generation results, please set `padding_side='left'` when initializing the tokenizer.
{"step": 33, "epoch": 0, "rows": 8, "skipped": 0, "answer_accuracy": 0.625, "updates": 4, "seconds": 2.3070669174194336, "time": 1790931642.3730862, "loss": -0.8624455980826127, "confidence": 0.4234902315703661, "mass": 0.9999958255824469, "hinge_active": 0.0, "stop_prob": 0.9993507713079453, "sampled_number_rate": 1.0, "kl": 0.0, "kl_coef": 0.05, "value_loss": 0.0}
A decoder-only architecture is being used, but right-padding was detected! For correct generation results, please set `padding_side='left'` when initializing the tokenizer.
{"step": 34, "epoch": 0, "rows": 8, "skipped": 0, "answer_accuracy": 0.25, "updates": 4, "seconds": 2.330796718597412, "time": 1790931644.7046049, "loss": -0.8194670476945095, "confidence": 0.46830444851190534, "mass": 0.9999967456697568, "hinge_active": 0.0, "stop_prob": 0.999680183827877, "sampled_number_rate": 1.0, "kl": 0.0, "kl_coef": 0.05, "value_loss": 0.0}
A decoder-only architecture is being used, but right-padding was detected! For correct generation results, please set `padding_side='left'` when initializing the tokenizer.
{"step": 35, "epoch": 0, "rows": 8, "skipped": 0, "answer_accuracy": 0.375, "updates": 4, "seconds": 2.3404533863067627, "time": 1790931647.0460236, "loss": -0.8455040878484634, "confidence": 0.5013229463330748, "mass": 0.9999957849996199, "hinge_active": 0.0, "stop_prob": 0.998625136911869, "sampled_number_rate": 1.0, "kl": 0.0, "kl_coef": 0.05, "value_loss": 0.0}
A decoder-only architecture is being used, but right-padding was detected! For correct generation results, please set `padding_side='left'` when initializing the tokenizer.
{"step": 36, "epoch": 0, "rows": 8, "skipped": 0, "answer_accuracy": 0.625, "updates": 4, "seconds": 2.4314839839935303, "time": 1790931649.47869, "loss": -0.8379600813800364, "confidence": 0.6092082084520916, "mass": 0.999997010871544, "hinge_active": 0.0, "stop_prob": 0.99982550740242, "sampled_number_rate": 1.0, "kl": 0.0, "kl_coef": 0.05, "value_loss": 0.0}
A decoder-only architecture is being used, but right-padding was detected! For correct generation results, please set `padding_side='left'` when initializing the tokenizer.
{"step": 37, "epoch": 0, "rows": 8, "skipped": 0, "answer_accuracy": 0.375, "updates": 4, "seconds": 2.645883560180664, "time": 1790931652.1256855, "loss": -0.7875948799354051, "confidence": 0.4597704344635993, "mass": 0.9999952799338141, "hinge_active": 0.0, "stop_prob": 0.9998447820544243, "sampled_number_rate": 1.0, "kl": 0.0, "kl_coef": 0.05, "value_loss": 0.0}
A decoder-only architecture is being used, but right-padding was detected! For correct generation results, please set `padding_side='left'` when initializing the tokenizer.
{"step": 38, "epoch": 0, "rows": 8, "skipped": 0, "answer_accuracy": 0.75, "updates": 4, "seconds": 2.5982022285461426, "time": 1790931654.724736, "loss": -0.7241824833612129, "confidence": 0.39489429658481345, "mass": 0.9999970018770042, "hinge_active": 0.0, "stop_prob": 0.9998955875635147, "sampled_number_rate": 1.0, "kl": 0.0, "kl_coef": 0.05, "value_loss": 0.0}
A decoder-only architecture is being used, but right-padding was detected! For correct generation results, please set `padding_side='left'` when initializing the tokenizer.
{"step": 39, "epoch": 0, "rows": 8, "skipped": 0, "answer_accuracy": 0.75, "updates": 4, "seconds": 2.427560806274414, "time": 1790931657.1533449, "loss": -0.8116018436430548, "confidence": 0.5504285530993397, "mass": 0.9999974029456729, "hinge_active": 0.0, "stop_prob": 0.9998918026685715, "sampled_number_rate": 1.0, "kl": 0.0, "kl_coef": 0.05, "value_loss": 0.0}
A decoder-only architecture is being used, but right-padding was detected! For correct generation results, please set `padding_side='left'` when initializing the tokenizer.
{"step": 40, "epoch": 0, "rows": 8, "skipped": 0, "answer_accuracy": 0.5, "updates": 4, "seconds": 2.4212355613708496, "time": 1790931659.5752945, "loss": -0.7937444124761946, "confidence": 0.5724516383741888, "mass": 0.9999972886630851, "hinge_active": 0.0, "stop_prob": 0.999828040599823, "sampled_number_rate": 1.0, "kl": 0.0, "kl_coef": 0.05, "value_loss": 0.0}
A decoder-only architecture is being used, but right-padding was detected! For correct generation results, please set `padding_side='left'` when initializing the tokenizer.
{"step": 41, "epoch": 0, "rows": 8, "skipped": 0, "answer_accuracy": 0.625, "updates": 4, "seconds": 2.288918972015381, "time": 1790931661.8650188, "loss": -0.844135085722397, "confidence": 0.6173649973456009, "mass": 0.9999968439955902, "hinge_active": 0.0, "stop_prob": 0.9998622387647629, "sampled_number_rate": 1.0, "kl": 0.0, "kl_coef": 0.05, "value_loss": 0.0}
A decoder-only architecture is being used, but right-padding was detected! For correct generation results, please set `padding_side='left'` when initializing the tokenizer.
{"step": 42, "epoch": 0, "rows": 8, "skipped": 0, "answer_accuracy": 0.75, "updates": 4, "seconds": 2.4708986282348633, "time": 1790931664.3366437, "loss": -0.8531984667989596, "confidence": 0.672756589733204, "mass": 0.9999970684617745, "hinge_active": 0.0, "stop_prob": 0.9998419135808945, "sampled_number_rate": 1.0, "kl": 0.0, "kl_coef": 0.05, "value_loss": 0.0}
A decoder-only architecture is being used, but right-padding was detected! For correct generation results, please set `padding_side='left'` when initializing the tokenizer.
{"step": 43, "epoch": 0, "rows": 8, "skipped": 0, "answer_accuracy": 0.75, "updates": 4, "seconds": 2.3234119415283203, "time": 1790931666.6607912, "loss": -0.8642137093804368, "confidence": 0.7102856353704257, "mass": 0.9999979022829294, "hinge_active": 0.0, "stop_prob": 0.9998771697282791, "sampled_number_rate": 1.0, "kl": 0.0, "kl_coef": 0.05, "value_loss": 0.0}
A decoder-only architecture is being used, but right-padding was detected! For correct generation results, please set `padding_side='left'` when initializing the tokenizer.
{"step": 44, "epoch": 0, "rows": 8, "skipped": 0, "answer_accuracy": 0.5, "updates": 4, "seconds": 2.5994420051574707, "time": 1790931669.261583, "loss": -0.7993729719105893, "confidence": 0.5916573037510099, "mass": 0.9999966679756217, "hinge_active": 0.0, "stop_prob": 0.9998712167143822, "sampled_number_rate": 1.0, "kl": 0.0, "kl_coef": 0.05, "value_loss": 0.0}
A decoder-only architecture is being used, but right-padding was detected! For correct generation results, please set `padding_side='left'` when initializing the tokenizer.
{"step": 45, "epoch": 0, "rows": 8, "skipped": 0, "answer_accuracy": 0.625, "updates": 4, "seconds": 2.427630662918091, "time": 1790931671.689912, "loss": -0.8490367000819683, "confidence": 0.6662405120564823, "mass": 0.9999964970399077, "hinge_active": 0.0, "stop_prob": 0.9997632578015327, "sampled_number_rate": 1.0, "kl": 0.0, "kl_coef": 0.05, "value_loss": 0.0}
A decoder-only architecture is being used, but right-padding was detected! For correct generation results, please set `padding_side='left'` when initializing the tokenizer.
{"step": 46, "epoch": 0, "rows": 8, "skipped": 0, "answer_accuracy": 0.5, "updates": 4, "seconds": 2.63228440284729, "time": 1790931674.3237815, "loss": -0.7791067196235194, "confidence": 0.7322196496983792, "mass": 0.9999957666238646, "hinge_active": 0.0, "stop_prob": 0.9997572898864746, "sampled_number_rate": 1.0, "kl": 0.0, "kl_coef": 0.05, "value_loss": 0.0}
A decoder-only architecture is being used, but right-padding was detected! For correct generation results, please set `padding_side='left'` when initializing the tokenizer.
{"step": 47, "epoch": 0, "rows": 8, "skipped": 0, "answer_accuracy": 0.375, "updates": 4, "seconds": 2.323241949081421, "time": 1790931676.6478796, "loss": -0.8185586982014061, "confidence": 0.6158589002913412, "mass": 0.9999971984342739, "hinge_active": 0.0, "stop_prob": 0.9998942762613297, "sampled_number_rate": 1.0, "kl": 0.0, "kl_coef": 0.05, "value_loss": 0.0}
A decoder-only architecture is being used, but right-padding was detected! For correct generation results, please set `padding_side='left'` when initializing the tokenizer.
{"step": 48, "epoch": 0, "rows": 8, "skipped": 0, "answer_accuracy": 0.625, "updates": 4, "seconds": 2.2595484256744385, "time": 1790931678.9082868, "loss": -0.8396931406890481, "confidence": 0.5150247709012719, "mass": 0.9999969798343751, "hinge_active": 0.0, "stop_prob": 0.9997453168034554, "sampled_number_rate": 1.0, "kl": 0.0, "kl_coef": 0.05, "value_loss": 0.0}
A decoder-only architecture is being used, but right-padding was detected! For correct generation results, please set `padding_side='left'` when initializing the tokenizer.
{"step": 49, "epoch": 0, "rows": 8, "skipped": 0, "answer_accuracy": 0.5, "updates": 4, "seconds": 2.3462843894958496, "time": 1790931681.2555513, "loss": -0.8393348724375744, "confidence": 0.5358939948713481, "mass": 0.9999963536750262, "hinge_active": 0.0, "stop_prob": 0.9998550787568092, "sampled_number_rate": 1.0, "kl": 0.0, "kl_coef": 0.05, "value_loss": 0.0}
A decoder-only architecture is being used, but right-padding was detected! For correct generation results, please set `padding_side='left'` when initializing the tokenizer.
{"step": 50, "epoch": 0, "rows": 8, "skipped": 0, "answer_accuracy": 0.625, "updates": 4, "seconds": 2.4681572914123535, "time": 1790931683.7246022, "loss": -0.7863914247334489, "confidence": 0.49277873069612244, "mass": 0.9999973317162586, "hinge_active": 0.0, "stop_prob": 0.99964489787817, "sampled_number_rate": 1.0, "kl": 0.0, "kl_coef": 0.05, "value_loss": 0.0}
A decoder-only architecture is being used, but right-padding was detected! For correct generation results, please set `padding_side='left'` when initializing the tokenizer.
{"step": 51, "epoch": 0, "rows": 8, "skipped": 0, "answer_accuracy": 0.375, "updates": 4, "seconds": 2.330425262451172, "time": 1790931686.055894, "loss": -0.8701978332444208, "confidence": 0.4423737142517129, "mass": 0.9999975674624213, "hinge_active": 0.0, "stop_prob": 0.9998252466320992, "sampled_number_rate": 1.0, "kl": 0.0, "kl_coef": 0.05, "value_loss": 0.0}
A decoder-only architecture is being used, but right-padding was detected! For correct generation results, please set `padding_side='left'` when initializing the tokenizer.
{"step": 52, "epoch": 0, "rows": 8, "skipped": 0, "answer_accuracy": 0.75, "updates": 4, "seconds": 2.395376682281494, "time": 1790931688.4521208, "loss": -0.8327893708057198, "confidence": 0.5540691278689907, "mass": 0.9999979432672376, "hinge_active": 0.0, "stop_prob": 0.9998904690146446, "sampled_number_rate": 1.0, "kl": 0.0, "kl_coef": 0.05, "value_loss": 0.0}
A decoder-only architecture is being used, but right-padding was detected! For correct generation results, please set `padding_side='left'` when initializing the tokenizer.
{"step": 53, "epoch": 0, "rows": 8, "skipped": 0, "answer_accuracy": 0.625, "updates": 4, "seconds": 2.885871171951294, "time": 1790931691.3399565, "loss": -0.8676746901478527, "confidence": 0.5333229719592478, "mass": 0.9999977934296507, "hinge_active": 0.0, "stop_prob": 0.9998946636915207, "sampled_number_rate": 1.0, "kl": 0.0, "kl_coef": 0.05, "value_loss": 0.0}
A decoder-only architecture is being used, but right-padding was detected! For correct generation results, please set `padding_side='left'` when initializing the tokenizer.
{"step": 54, "epoch": 0, "rows": 8, "skipped": 0, "answer_accuracy": 0.75, "updates": 4, "seconds": 2.379307270050049, "time": 1790931693.7200649, "loss": -0.8415195657672925, "confidence": 0.6496525863932554, "mass": 0.9999980449768254, "hinge_active": 0.0, "stop_prob": 0.999862901866436, "sampled_number_rate": 1.0, "kl": 0.0, "kl_coef": 0.05, "value_loss": 0.0}
A decoder-only architecture is being used, but right-padding was detected! For correct generation results, please set `padding_side='left'` when initializing the tokenizer.
{"step": 55, "epoch": 0, "rows": 7, "skipped": 1, "answer_accuracy": 0.42857142857142855, "updates": 4, "seconds": 3.864079236984253, "time": 1790931697.5850487, "loss": -0.8585354471198424, "confidence": 0.43889069474010806, "mass": 0.999996815701063, "hinge_active": 0.0, "stop_prob": 0.9997552122388568, "sampled_number_rate": 0.9999999999999998, "kl": 0.0, "kl_coef": 0.05, "value_loss": 0.0}
A decoder-only architecture is being used, but right-padding was detected! For correct generation results, please set `padding_side='left'` when initializing the tokenizer.
{"step": 56, "epoch": 0, "rows": 8, "skipped": 0, "answer_accuracy": 0.5, "updates": 4, "seconds": 2.4653327465057373, "time": 1790931700.0512102, "loss": -0.8220474974622077, "confidence": 0.6051514811688411, "mass": 0.9999982591427039, "hinge_active": 0.0, "stop_prob": 0.999857135117054, "sampled_number_rate": 1.0, "kl": 0.0, "kl_coef": 0.05, "value_loss": 0.0}
A decoder-only architecture is being used, but right-padding was detected! For correct generation results, please set `padding_side='left'` when initializing the tokenizer.
{"step": 57, "epoch": 0, "rows": 8, "skipped": 0, "answer_accuracy": 0.625, "updates": 4, "seconds": 2.3950858116149902, "time": 1790931702.4478981, "loss": -0.8947075296904267, "confidence": 0.563000761698783, "mass": 0.9999968321314221, "hinge_active": 0.0, "stop_prob": 0.9998719617724419, "sampled_number_rate": 1.0, "kl": 0.0, "kl_coef": 0.05, "value_loss": 0.0}
A decoder-only architecture is being used, but right-padding was detected! For correct generation results, please set `padding_side='left'` when initializing the tokenizer.
{"step": 58, "epoch": 0, "rows": 8, "skipped": 0, "answer_accuracy": 0.5, "updates": 4, "seconds": 2.404059886932373, "time": 1790931704.8527017, "loss": -0.8166003600964702, "confidence": 0.6360018237907804, "mass": 0.9999984577601985, "hinge_active": 0.0, "stop_prob": 0.9998644962906837, "sampled_number_rate": 1.0, "kl": 0.0, "kl_coef": 0.05, "value_loss": 0.0}
A decoder-only architecture is being used, but right-padding was detected! For correct generation results, please set `padding_side='left'` when initializing the tokenizer.
{"step": 59, "epoch": 0, "rows": 8, "skipped": 0, "answer_accuracy": 0.875, "updates": 4, "seconds": 2.3899385929107666, "time": 1790931707.243438, "loss": -0.887849358287753, "confidence": 0.6582964301718922, "mass": 0.999997971483491, "hinge_active": 0.0, "stop_prob": 0.9998976141214371, "sampled_number_rate": 1.0, "kl": 0.0, "kl_coef": 0.05, "value_loss": 0.0}
A decoder-only architecture is being used, but right-padding was detected! For correct generation results, please set `padding_side='left'` when initializing the tokenizer.
{"step": 60, "epoch": 0, "rows": 8, "skipped": 0, "answer_accuracy": 0.875, "updates": 4, "seconds": 2.233727216720581, "time": 1790931709.4779158, "loss": -0.8928775843653197, "confidence": 0.672454717417527, "mass": 0.9999982485138696, "hinge_active": 0.0, "stop_prob": 0.9998989850282669, "sampled_number_rate": 1.0, "kl": 0.0, "kl_coef": 0.05, "value_loss": 0.0}
A decoder-only architecture is being used, but right-padding was detected! For correct generation results, please set `padding_side='left'` when initializing the tokenizer.
{"step": 61, "epoch": 0, "rows": 8, "skipped": 0, "answer_accuracy": 0.625, "updates": 4, "seconds": 2.4178521633148193, "time": 1790931711.8967476, "loss": -0.9192566470631716, "confidence": 0.5148452207371952, "mass": 0.9999974995399515, "hinge_active": 0.0, "stop_prob": 0.9998806864023209, "sampled_number_rate": 1.0, "kl": 0.0, "kl_coef": 0.05, "value_loss": 0.0}
A decoder-only architecture is being used, but right-padding was detected! For correct generation results, please set `padding_side='left'` when initializing the tokenizer.
{"step": 62, "epoch": 0, "rows": 8, "skipped": 0, "answer_accuracy": 0.875, "updates": 4, "seconds": 2.4934511184692383, "time": 1790931714.3910573, "loss": -0.8066999394680001, "confidence": 0.638783623296941, "mass": 0.9999978332665357, "hinge_active": 0.0, "stop_prob": 0.9998506382107735, "sampled_number_rate": 1.0, "kl": 0.0, "kl_coef": 0.05, "value_loss": 0.0}
A decoder-only architecture is being used, but right-padding was detected! For correct generation results, please set `padding_side='left'` when initializing the tokenizer.
{"step": 63, "epoch": 0, "rows": 8, "skipped": 0, "answer_accuracy": 0.375, "updates": 4, "seconds": 2.628655195236206, "time": 1790931717.0204287, "loss": -0.825786832110862, "confidence": 0.4789022115994892, "mass": 0.9999972816841044, "hinge_active": 0.0, "stop_prob": 0.9998254626989365, "sampled_number_rate": 1.0, "kl": 0.0, "kl_coef": 0.05, "value_loss": 0.0}
A decoder-only architecture is being used, but right-padding was detected! For correct generation results, please set `padding_side='left'` when initializing the tokenizer.
{"step": 64, "epoch": 0, "rows": 8, "skipped": 0, "answer_accuracy": 0.75, "updates": 4, "seconds": 2.365509510040283, "time": 1790931719.386623, "loss": -0.8761415083565132, "confidence": 0.6933689480940483, "mass": 0.9999977257886129, "hinge_active": 0.0, "stop_prob": 0.9998469799757004, "sampled_number_rate": 1.0, "kl": 0.0, "kl_coef": 0.05, "value_loss": 0.0}
A decoder-only architecture is being used, but right-padding was detected! For correct generation results, please set `padding_side='left'` when initializing the tokenizer.
{"step": 65, "epoch": 0, "rows": 8, "skipped": 0, "answer_accuracy": 0.375, "updates": 4, "seconds": 2.315110921859741, "time": 1790931721.7027225, "loss": -0.7861037582177154, "confidence": 0.6633552575283637, "mass": 0.9999969346804, "hinge_active": 0.0, "stop_prob": 0.9998804926872253, "sampled_number_rate": 1.0, "kl": 0.0, "kl_coef": 0.05, "value_loss": 0.0}
A decoder-only architecture is being used, but right-padding was detected! For correct generation results, please set `padding_side='left'` when initializing the tokenizer.
{"step": 66, "epoch": 0, "rows": 7, "skipped": 1, "answer_accuracy": 0.42857142857142855, "updates": 4, "seconds": 15.169641017913818, "time": 1790931736.8733385, "loss": -0.8370079511814228, "confidence": 0.6174600860648082, "mass": 0.9999835046737074, "hinge_active": 0.0, "stop_prob": 0.999597328049796, "sampled_number_rate": 0.9999999999999998, "kl": 0.0, "kl_coef": 0.05, "value_loss": 0.0}
A decoder-only architecture is being used, but right-padding was detected! For correct generation results, please set `padding_side='left'` when initializing the tokenizer.
{"step": 67, "epoch": 0, "rows": 8, "skipped": 0, "answer_accuracy": 0.625, "updates": 4, "seconds": 2.5991642475128174, "time": 1790931739.4735425, "loss": -0.8052001604341219, "confidence": 0.6480634075888078, "mass": 0.999996370984018, "hinge_active": 0.0, "stop_prob": 0.9999103546142578, "sampled_number_rate": 1.0, "kl": 0.0, "kl_coef": 0.05, "value_loss": 0.0}
A decoder-only architecture is being used, but right-padding was detected! For correct generation results, please set `padding_side='left'` when initializing the tokenizer.
{"step": 68, "epoch": 0, "rows": 8, "skipped": 0, "answer_accuracy": 0.375, "updates": 4, "seconds": 2.3066208362579346, "time": 1790931741.7811232, "loss": -0.7078410175693897, "confidence": 0.5165833573262275, "mass": 0.9999949589546538, "hinge_active": 0.0, "stop_prob": 0.9998974800109863, "sampled_number_rate": 1.0, "kl": 0.0, "kl_coef": 0.05, "value_loss": 0.0}
A decoder-only architecture is being used, but right-padding was detected! For correct generation results, please set `padding_side='left'` when initializing the tokenizer.
{"step": 69, "epoch": 0, "rows": 8, "skipped": 0, "answer_accuracy": 0.75, "updates": 4, "seconds": 2.384643793106079, "time": 1790931744.1664925, "loss": -0.8740043854811429, "confidence": 0.6906539173107427, "mass": 0.9999970860460612, "hinge_active": 0.0, "stop_prob": 0.999921403825283, "sampled_number_rate": 1.0, "kl": 0.0, "kl_coef": 0.05, "value_loss": 0.0}
A decoder-only architecture is being used, but right-padding was detected! For correct generation results, please set `padding_side='left'` when initializing the tokenizer.
{"step": 70, "epoch": 0, "rows": 8, "skipped": 0, "answer_accuracy": 0.375, "updates": 4, "seconds": 2.3359131813049316, "time": 1790931746.5031075, "loss": -0.8341919013651254, "confidence": 0.45193727414324597, "mass": 0.9999969254283463, "hinge_active": 0.0, "stop_prob": 0.9999163448810577, "sampled_number_rate": 1.0, "kl": 0.0, "kl_coef": 0.05, "value_loss": 0.0}
A decoder-only architecture is being used, but right-padding was detected! For correct generation results, please set `padding_side='left'` when initializing the tokenizer.
{"step": 71, "epoch": 0, "rows": 8, "skipped": 0, "answer_accuracy": 0.625, "updates": 4, "seconds": 2.521385908126831, "time": 1790931749.0253053, "loss": -0.8744922095205685, "confidence": 0.5457193754899391, "mass": 0.9999956798741592, "hinge_active": 0.0, "stop_prob": 0.9998940452933311, "sampled_number_rate": 1.0, "kl": 0.0, "kl_coef": 0.05, "value_loss": 0.0}
A decoder-only architecture is being used, but right-padding was detected! For correct generation results, please set `padding_side='left'` when initializing the tokenizer.
{"step": 72, "epoch": 0, "rows": 8, "skipped": 0, "answer_accuracy": 0.25, "updates": 4, "seconds": 2.7102675437927246, "time": 1790931751.7364295, "loss": -0.9094986163442405, "confidence": 0.3865029861448942, "mass": 0.9999947618666757, "hinge_active": 0.0, "stop_prob": 0.9998944327235222, "sampled_number_rate": 1.0, "kl": 0.0, "kl_coef": 0.05, "value_loss": 0.0}
A decoder-only architecture is being used, but right-padding was detected! For correct generation results, please set `padding_side='left'` when initializing the tokenizer.
{"step": 73, "epoch": 0, "rows": 8, "skipped": 0, "answer_accuracy": 0.375, "updates": 4, "seconds": 2.3257222175598145, "time": 1790931754.0630865, "loss": -0.9135871717625974, "confidence": 0.4417320195314814, "mass": 0.9999963488654233, "hinge_active": 0.0, "stop_prob": 0.9998898804187775, "sampled_number_rate": 1.0, "kl": 0.0, "kl_coef": 0.05, "value_loss": 0.0}
A decoder-only architecture is being used, but right-padding was detected! For correct generation results, please set `padding_side='left'` when initializing the tokenizer.
{"step": 74, "epoch": 0, "rows": 8, "skipped": 0, "answer_accuracy": 0.25, "updates": 4, "seconds": 2.61102557182312, "time": 1790931756.6747684, "loss": -0.8891803137051475, "confidence": 0.3823630894619481, "mass": 0.9999952659219841, "hinge_active": 0.0, "stop_prob": 0.9999274834990501, "sampled_number_rate": 1.0, "kl": 0.0, "kl_coef": 0.05, "value_loss": 0.0}
A decoder-only architecture is being used, but right-padding was detected! For correct generation results, please set `padding_side='left'` when initializing the tokenizer.
{"step": 75, "epoch": 0, "rows": 8, "skipped": 0, "answer_accuracy": 0.375, "updates": 4, "seconds": 2.3752713203430176, "time": 1790931759.0508323, "loss": -0.8126506207471837, "confidence": 0.2123495950383604, "mass": 0.999996405308703, "hinge_active": 0.0, "stop_prob": 0.9999072626233101, "sampled_number_rate": 1.0, "kl": 0.0, "kl_coef": 0.05, "value_loss": 0.0}
A decoder-only architecture is being used, but right-padding was detected! For correct generation results, please set `padding_side='left'` when initializing the tokenizer.
{"step": 76, "epoch": 0, "rows": 8, "skipped": 0, "answer_accuracy": 0.75, "updates": 4, "seconds": 2.405221700668335, "time": 1790931761.457279, "loss": -0.7955652722785296, "confidence": 0.4395678453470035, "mass": 0.9999974252995977, "hinge_active": 0.0, "stop_prob": 0.9999375492334366, "sampled_number_rate": 1.0, "kl": 0.0, "kl_coef": 0.05, "value_loss": 0.0}
A decoder-only architecture is being used, but right-padding was detected! For correct generation results, please set `padding_side='left'` when initializing the tokenizer.
{"step": 77, "epoch": 0, "rows": 8, "skipped": 0, "answer_accuracy": 0.5, "updates": 4, "seconds": 2.431196689605713, "time": 1790931763.8894289, "loss": -0.7936227723203627, "confidence": 0.5332628144334169, "mass": 0.9999965984743692, "hinge_active": 0.0, "stop_prob": 0.9999242126941681, "sampled_number_rate": 1.0, "kl": 0.0, "kl_coef": 0.05, "value_loss": 0.0}
A decoder-only architecture is being used, but right-padding was detected! For correct generation results, please set `padding_side='left'` when initializing the tokenizer.
{"step": 78, "epoch": 0, "rows": 8, "skipped": 0, "answer_accuracy": 0.625, "updates": 4, "seconds": 2.3928091526031494, "time": 1790931766.2829914, "loss": -0.8797230751113052, "confidence": 0.6186116736697239, "mass": 0.9999967572482068, "hinge_active": 0.0, "stop_prob": 0.9999200701713562, "sampled_number_rate": 1.0, "kl": 0.0, "kl_coef": 0.05, "value_loss": 0.0}
A decoder-only architecture is being used, but right-padding was detected! For correct generation results, please set `padding_side='left'` when initializing the tokenizer.
{"step": 79, "epoch": 0, "rows": 8, "skipped": 0, "answer_accuracy": 0.375, "updates": 4, "seconds": 2.541431188583374, "time": 1790931768.825411, "loss": -0.7606422245087654, "confidence": 0.5801106663927735, "mass": 0.9999966984387719, "hinge_active": 0.0, "stop_prob": 0.9998643025755882, "sampled_number_rate": 1.0, "kl": 0.0, "kl_coef": 0.05, "value_loss": 0.0}
A decoder-only architecture is being used, but right-padding was detected! For correct generation results, please set `padding_side='left'` when initializing the tokenizer.
{"step": 80, "epoch": 0, "rows": 7, "skipped": 1, "answer_accuracy": 0.5714285714285714, "updates": 4, "seconds": 3.726872682571411, "time": 1790931772.5532598, "loss": -0.8698010595442068, "confidence": 0.6247026690443241, "mass": 0.999995064014869, "hinge_active": 0.0, "stop_prob": 0.9999164683478219, "sampled_number_rate": 0.9999999999999998, "kl": 0.0, "kl_coef": 0.05, "value_loss": 0.0}
A decoder-only architecture is being used, but right-padding was detected! For correct generation results, please set `padding_side='left'` when initializing the tokenizer.
{"step": 81, "epoch": 0, "rows": 8, "skipped": 0, "answer_accuracy": 0.75, "updates": 4, "seconds": 2.755946159362793, "time": 1790931775.3098643, "loss": -0.8621994634835918, "confidence": 0.6158624007926247, "mass": 0.9999943246498911, "hinge_active": 0.0, "stop_prob": 0.9998408108949661, "sampled_number_rate": 1.0, "kl": 0.0, "kl_coef": 0.05, "value_loss": 0.0}
A decoder-only architecture is being used, but right-padding was detected! For correct generation results, please set `padding_side='left'` when initializing the tokenizer.
{"step": 82, "epoch": 0, "rows": 8, "skipped": 0, "answer_accuracy": 0.375, "updates": 4, "seconds": 2.295264720916748, "time": 1790931777.6057262, "loss": -0.8927078957655135, "confidence": 0.5061086820302438, "mass": 0.9999969774493465, "hinge_active": 0.0, "stop_prob": 0.9999134093523026, "sampled_number_rate": 1.0, "kl": 0.0, "kl_coef": 0.05, "value_loss": 0.0}
A decoder-only architecture is being used, but right-padding was detected! For correct generation results, please set `padding_side='left'` when initializing the tokenizer.
{"step": 83, "epoch": 0, "rows": 8, "skipped": 0, "answer_accuracy": 0.375, "updates": 4, "seconds": 2.268460273742676, "time": 1790931779.87553, "loss": -0.8104330256479194, "confidence": 0.3769775103793133, "mass": 0.9999947016614886, "hinge_active": 0.0, "stop_prob": 0.9998855218291283, "sampled_number_rate": 1.0, "kl": 0.0, "kl_coef": 0.05, "value_loss": 0.0}
A decoder-only architecture is being used, but right-padding was detected! For correct generation results, please set `padding_side='left'` when initializing the tokenizer.
{"step": 84, "epoch": 0, "rows": 8, "skipped": 0, "answer_accuracy": 0.375, "updates": 4, "seconds": 2.366652011871338, "time": 1790931782.243111, "loss": -0.8781126304867076, "confidence": 0.368346768119979, "mass": 0.9999970714158714, "hinge_active": 0.0, "stop_prob": 0.9999286904931068, "sampled_number_rate": 1.0, "kl": 0.0, "kl_coef": 0.05, "value_loss": 0.0}
A decoder-only architecture is being used, but right-padding was detected! For correct generation results, please set `padding_side='left'` when initializing the tokenizer.
{"step": 85, "epoch": 0, "rows": 8, "skipped": 0, "answer_accuracy": 0.125, "updates": 4, "seconds": 2.38002872467041, "time": 1790931784.6239502, "loss": -0.9030317936535734, "confidence": 0.32816519448705134, "mass": 0.9999965958008615, "hinge_active": 0.0, "stop_prob": 0.9999016225337982, "sampled_number_rate": 1.0, "kl": 0.0, "kl_coef": 0.05, "value_loss": 0.0}
A decoder-only architecture is being used, but right-padding was detected! For correct generation results, please set `padding_side='left'` when initializing the tokenizer.
{"step": 86, "epoch": 0, "rows": 8, "skipped": 0, "answer_accuracy": 0.5, "updates": 4, "seconds": 2.292660713195801, "time": 1790931786.9173417, "loss": -0.9171751846708198, "confidence": 0.4739736010486547, "mass": 0.9999973430742514, "hinge_active": 0.0, "stop_prob": 0.9999050572514534, "sampled_number_rate": 1.0, "kl": 0.0, "kl_coef": 0.05, "value_loss": 0.0}
A decoder-only architecture is being used, but right-padding was detected! For correct generation results, please set `padding_side='left'` when initializing the tokenizer.
{"step": 87, "epoch": 0, "rows": 8, "skipped": 0, "answer_accuracy": 0.25, "updates": 4, "seconds": 2.413391351699829, "time": 1790931789.331768, "loss": -0.8477652227241677, "confidence": 0.3071189091330745, "mass": 0.9999973096732466, "hinge_active": 0.0, "stop_prob": 0.9999253302812576, "sampled_number_rate": 1.0, "kl": 0.0, "kl_coef": 0.05, "value_loss": 0.0}
A decoder-only architecture is being used, but right-padding was detected! For correct generation results, please set `padding_side='left'` when initializing the tokenizer.
{"step": 88, "epoch": 0, "rows": 8, "skipped": 0, "answer_accuracy": 0.625, "updates": 4, "seconds": 2.4774279594421387, "time": 1790931791.8099465, "loss": -0.8016027150541043, "confidence": 0.43641596434486585, "mass": 0.9999965649262558, "hinge_active": 0.0, "stop_prob": 0.9999186024069786, "sampled_number_rate": 1.0, "kl": 0.0, "kl_coef": 0.05, "value_loss": 0.0}
A decoder-only architecture is being used, but right-padding was detected! For correct generation results, please set `padding_side='left'` when initializing the tokenizer.
{"step": 89, "epoch": 0, "rows": 8, "skipped": 0, "answer_accuracy": 0.125, "updates": 4, "seconds": 2.682396173477173, "time": 1790931794.4931512, "loss": -0.8050905482316265, "confidence": 0.37843846635429856, "mass": 0.9999957721970213, "hinge_active": 0.0, "stop_prob": 0.9986846223473549, "sampled_number_rate": 1.0, "kl": 0.0, "kl_coef": 0.05, "value_loss": 0.0}
A decoder-only architecture is being used, but right-padding was detected! For correct generation results, please set `padding_side='left'` when initializing the tokenizer.
{"step": 90, "epoch": 0, "rows": 8, "skipped": 0, "answer_accuracy": 0.875, "updates": 4, "seconds": 2.3356685638427734, "time": 1790931796.8297358, "loss": -0.8676662117831928, "confidence": 0.5908712601074537, "mass": 0.9999980274537357, "hinge_active": 0.0, "stop_prob": 0.999925896525383, "sampled_number_rate": 1.0, "kl": 0.0, "kl_coef": 0.05, "value_loss": 0.0}
A decoder-only architecture is being used, but right-padding was detected! For correct generation results, please set `padding_side='left'` when initializing the tokenizer.
{"step": 91, "epoch": 0, "rows": 8, "skipped": 0, "answer_accuracy": 0.625, "updates": 4, "seconds": 2.543649673461914, "time": 1790931799.3743706, "loss": -0.8356673881143876, "confidence": 0.6651073333368476, "mass": 0.9999906446515472, "hinge_active": 0.0, "stop_prob": 0.9999038055539131, "sampled_number_rate": 1.0, "kl": 0.0, "kl_coef": 0.05, "value_loss": 0.0}
A decoder-only architecture is being used, but right-padding was detected! For correct generation results, please set `padding_side='left'` when initializing the tokenizer.
{"step": 92, "epoch": 0, "rows": 8, "skipped": 0, "answer_accuracy": 0.25, "updates": 4, "seconds": 2.4422264099121094, "time": 1790931801.8173184, "loss": -0.8033612828254386, "confidence": 0.537805771736755, "mass": 0.9999873961642357, "hinge_active": 0.0, "stop_prob": 0.9989091902971268, "sampled_number_rate": 1.0, "kl": 0.0, "kl_coef": 0.05, "value_loss": 0.0}
A decoder-only architecture is being used, but right-padding was detected! For correct generation results, please set `padding_side='left'` when initializing the tokenizer.
{"step": 93, "epoch": 0, "rows": 8, "skipped": 0, "answer_accuracy": 0.5, "updates": 4, "seconds": 2.653939962387085, "time": 1790931804.4721231, "loss": -0.8290324102679029, "confidence": 0.4131266495365699, "mass": 0.9999954242064368, "hinge_active": 0.0, "stop_prob": 0.9998656660318375, "sampled_number_rate": 1.0, "kl": 0.0, "kl_coef": 0.05, "value_loss": 0.0}
A decoder-only architecture is being used, but right-padding was detected! For correct generation results, please set `padding_side='left'` when initializing the tokenizer.
{"step": 94, "epoch": 0, "rows": 8, "skipped": 0, "answer_accuracy": 0.625, "updates": 4, "seconds": 2.559359312057495, "time": 1790931807.03229, "loss": -0.8115943192428139, "confidence": 0.31449218509225685, "mass": 0.9999974152304466, "hinge_active": 0.0, "stop_prob": 0.9995855987071991, "sampled_number_rate": 1.0, "kl": 0.0, "kl_coef": 0.05, "value_loss": 0.0}
A decoder-only architecture is being used, but right-padding was detected! For correct generation results, please set `padding_side='left'` when initializing the tokenizer.
{"step": 95, "epoch": 0, "rows": 8, "skipped": 0, "answer_accuracy": 0.5, "updates": 4, "seconds": 3.0663111209869385, "time": 1790931810.0993798, "loss": -0.7664422391795742, "confidence": 0.3441975587707351, "mass": 0.9999974828539309, "hinge_active": 0.0, "stop_prob": 0.9997962415218353, "sampled_number_rate": 1.0, "kl": 0.0, "kl_coef": 0.05, "value_loss": 0.0}
A decoder-only architecture is being used, but right-padding was detected! For correct generation results, please set `padding_side='left'` when initializing the tokenizer.
{"step": 96, "epoch": 0, "rows": 8, "skipped": 0, "answer_accuracy": 0.5, "updates": 4, "seconds": 2.323028326034546, "time": 1790931812.4233205, "loss": -0.8612722702661907, "confidence": 0.42451050706902743, "mass": 0.9999967455930334, "hinge_active": 0.0, "stop_prob": 0.999863475561142, "sampled_number_rate": 1.0, "kl": 0.0, "kl_coef": 0.05, "value_loss": 0.0}
A decoder-only architecture is being used, but right-padding was detected! For correct generation results, please set `padding_side='left'` when initializing the tokenizer.
{"step": 97, "epoch": 0, "rows": 8, "skipped": 0, "answer_accuracy": 0.625, "updates": 4, "seconds": 2.2074105739593506, "time": 1790931814.6315176, "loss": -0.8110920692941952, "confidence": 0.7370415737954793, "mass": 0.9999970728159664, "hinge_active": 0.0, "stop_prob": 0.9998407289385796, "sampled_number_rate": 1.0, "kl": 0.0, "kl_coef": 0.05, "value_loss": 0.0}
A decoder-only architecture is being used, but right-padding was detected! For correct generation results, please set `padding_side='left'` when initializing the tokenizer.
{"step": 98, "epoch": 0, "rows": 8, "skipped": 0, "answer_accuracy": 0.625, "updates": 4, "seconds": 2.330246925354004, "time": 1790931816.9624524, "loss": -0.840666800089284, "confidence": 0.6535120727786751, "mass": 0.9999985362110967, "hinge_active": 0.0, "stop_prob": 0.9998992532491684, "sampled_number_rate": 1.0, "kl": 0.0, "kl_coef": 0.05, "value_loss": 0.0}
A decoder-only architecture is being used, but right-padding was detected! For correct generation results, please set `padding_side='left'` when initializing the tokenizer.
{"step": 99, "epoch": 0, "rows": 8, "skipped": 0, "answer_accuracy": 0.25, "updates": 4, "seconds": 2.970524549484253, "time": 1790931819.9338932, "loss": -0.8122474909885047, "confidence": 0.5177932984626236, "mass": 0.9999969650495392, "hinge_active": 0.0, "stop_prob": 0.9987151101231575, "sampled_number_rate": 1.0, "kl": 0.0, "kl_coef": 0.05, "value_loss": 0.0}
A decoder-only architecture is being used, but right-padding was detected! For correct generation results, please set `padding_side='left'` when initializing the tokenizer.
{"step": 100, "epoch": 0, "rows": 8, "skipped": 0, "answer_accuracy": 0.375, "updates": 4, "seconds": 2.465280294418335, "time": 1790931822.3999376, "loss": -0.8421899977250308, "confidence": 0.5487618820500118, "mass": 0.999996063156943, "hinge_active": 0.0, "stop_prob": 0.9998675584793091, "sampled_number_rate": 1.0, "kl": 0.0, "kl_coef": 0.05, "value_loss": 0.0}
A decoder-only architecture is being used, but right-padding was detected! For correct generation results, please set `padding_side='left'` when initializing the tokenizer.
{"step": 101, "epoch": 0, "rows": 8, "skipped": 0, "answer_accuracy": 0.5, "updates": 4, "seconds": 2.339458703994751, "time": 1790931824.7401404, "loss": -0.8429548829165032, "confidence": 0.5620935945411546, "mass": 0.9999980245032218, "hinge_active": 0.0, "stop_prob": 0.9981085956096649, "sampled_number_rate": 1.0, "kl": 0.0, "kl_coef": 0.05, "value_loss": 0.0}
A decoder-only architecture is being used, but right-padding was detected! For correct generation results, please set `padding_side='left'` when initializing the tokenizer.
{"step": 102, "epoch": 0, "rows": 8, "skipped": 0, "answer_accuracy": 0.75, "updates": 4, "seconds": 2.3497185707092285, "time": 1790931827.0908456, "loss": -0.8109727494194855, "confidence": 0.5342868531319582, "mass": 0.9999987471196726, "hinge_active": 0.0, "stop_prob": 0.9999341070652008, "sampled_number_rate": 1.0, "kl": 0.0, "kl_coef": 0.05, "value_loss": 0.0}
A decoder-only architecture is being used, but right-padding was detected! For correct generation results, please set `padding_side='left'` when initializing the tokenizer.
{"step": 103, "epoch": 0, "rows": 8, "skipped": 0, "answer_accuracy": 0.5, "updates": 4, "seconds": 2.4336659908294678, "time": 1790931829.5253742, "loss": -0.7683863767893575, "confidence": 0.6029484797664783, "mass": 0.999998856097136, "hinge_active": 0.0, "stop_prob": 0.9999154880642891, "sampled_number_rate": 1.0, "kl": 0.0, "kl_coef": 0.05, "value_loss": 0.0}
A decoder-only architecture is being used, but right-padding was detected! For correct generation results, please set `padding_side='left'` when initializing the tokenizer.
{"step": 104, "epoch": 0, "rows": 7, "skipped": 1, "answer_accuracy": 0.2857142857142857, "updates": 4, "seconds": 3.126214027404785, "time": 1790931832.6523623, "loss": -0.9157868201440432, "confidence": 0.3608498358079661, "mass": 0.9999959948622653, "hinge_active": 0.0, "stop_prob": 0.9980534059660775, "sampled_number_rate": 0.9999999999999998, "kl": 0.0, "kl_coef": 0.05, "value_loss": 0.0}
A decoder-only architecture is being used, but right-padding was detected! For correct generation results, please set `padding_side='left'` when initializing the tokenizer.
{"step": 105, "epoch": 0, "rows": 8, "skipped": 0, "answer_accuracy": 0.375, "updates": 4, "seconds": 2.4875917434692383, "time": 1790931835.1406612, "loss": -0.8520448926891383, "confidence": 0.486531489360851, "mass": 0.9999982184610936, "hinge_active": 0.0, "stop_prob": 0.9998938590288162, "sampled_number_rate": 1.0, "kl": 0.0, "kl_coef": 0.05, "value_loss": 0.0}
A decoder-only architecture is being used, but right-padding was detected! For correct generation results, please set `padding_side='left'` when initializing the tokenizer.
{"step": 106, "epoch": 0, "rows": 8, "skipped": 0, "answer_accuracy": 0.625, "updates": 4, "seconds": 2.761439561843872, "time": 1790931837.9032726, "loss": -0.8315422155334936, "confidence": 0.4137255482082771, "mass": 0.9999981267606712, "hinge_active": 0.0, "stop_prob": 0.9997606724500656, "sampled_number_rate": 1.0, "kl": 0.0, "kl_coef": 0.05, "value_loss": 0.0}
A decoder-only architecture is being used, but right-padding was detected! For correct generation results, please set `padding_side='left'` when initializing the tokenizer.
{"step": 107, "epoch": 0, "rows": 8, "skipped": 0, "answer_accuracy": 0.375, "updates": 4, "seconds": 3.2479166984558105, "time": 1790931841.1520298, "loss": -0.8662630107549861, "confidence": 0.3616091220909746, "mass": 0.9999933524145611, "hinge_active": 0.0, "stop_prob": 0.9986807480454445, "sampled_number_rate": 1.0, "kl": 0.0, "kl_coef": 0.05, "value_loss": 0.0}
A decoder-only architecture is being used, but right-padding was detected! For correct generation results, please set `padding_side='left'` when initializing the tokenizer.
{"step": 108, "epoch": 0, "rows": 8, "skipped": 0, "answer_accuracy": 0.75, "updates": 4, "seconds": 2.4324846267700195, "time": 1790931843.5853875, "loss": -0.7980955063751076, "confidence": 0.579946642916184, "mass": 0.9999988825818689, "hinge_active": 0.0, "stop_prob": 0.9999220371246338, "sampled_number_rate": 1.0, "kl": 0.0, "kl_coef": 0.05, "value_loss": 0.0}
A decoder-only architecture is being used, but right-padding was detected! For correct generation results, please set `padding_side='left'` when initializing the tokenizer.
{"step": 109, "epoch": 0, "rows": 8, "skipped": 0, "answer_accuracy": 0.75, "updates": 4, "seconds": 3.0092689990997314, "time": 1790931846.595381, "loss": -0.8397568424414038, "confidence": 0.6299422307502254, "mass": 0.9999972080156316, "hinge_active": 0.0, "stop_prob": 0.9998501837253571, "sampled_number_rate": 1.0, "kl": 0.0, "kl_coef": 0.05, "value_loss": 0.0}
A decoder-only architecture is being used, but right-padding was detected! For correct generation results, please set `padding_side='left'` when initializing the tokenizer.
{"step": 110, "epoch": 0, "rows": 8, "skipped": 0, "answer_accuracy": 0.625, "updates": 4, "seconds": 2.3456389904022217, "time": 1790931848.9418764, "loss": -0.884343871096975, "confidence": 0.5055196353172822, "mass": 0.9999972734848748, "hinge_active": 0.0, "stop_prob": 0.9984966292977333, "sampled_number_rate": 1.0, "kl": 0.0, "kl_coef": 0.05, "value_loss": 0.0}
A decoder-only architecture is being used, but right-padding was detected! For correct generation results, please set `padding_side='left'` when initializing the tokenizer.
{"step": 111, "epoch": 0, "rows": 8, "skipped": 0, "answer_accuracy": 0.5, "updates": 4, "seconds": 2.413130283355713, "time": 1790931851.3558125, "loss": -0.8680933312646711, "confidence": 0.5551488580576053, "mass": 0.9999984038980303, "hinge_active": 0.0, "stop_prob": 0.9999075159430504, "sampled_number_rate": 1.0, "kl": 0.0, "kl_coef": 0.05, "value_loss": 0.0}
A decoder-only architecture is being used, but right-padding was detected! For correct generation results, please set `padding_side='left'` when initializing the tokenizer.
{"step": 112, "epoch": 0, "rows": 8, "skipped": 0, "answer_accuracy": 0.5, "updates": 4, "seconds": 2.5949997901916504, "time": 1790931853.95167, "loss": -0.8785798304716611, "confidence": 0.4257385429295398, "mass": 0.999997383789699, "hinge_active": 0.0, "stop_prob": 0.9994952753186226, "sampled_number_rate": 1.0, "kl": 0.0, "kl_coef": 0.05, "value_loss": 0.0}
A decoder-only architecture is being used, but right-padding was detected! For correct generation results, please set `padding_side='left'` when initializing the tokenizer.
{"step": 113, "epoch": 0, "rows": 8, "skipped": 0, "answer_accuracy": 0.375, "updates": 4, "seconds": 2.592999219894409, "time": 1790931856.5457087, "loss": -0.8028646807357603, "confidence": 0.47673449339999296, "mass": 0.999997168079721, "hinge_active": 0.0, "stop_prob": 0.9995526894927025, "sampled_number_rate": 1.0, "kl": 0.0, "kl_coef": 0.05, "value_loss": 0.0}
A decoder-only architecture is being used, but right-padding was detected! For correct generation results, please set `padding_side='left'` when initializing the tokenizer.
{"step": 114, "epoch": 0, "rows": 8, "skipped": 0, "answer_accuracy": 0.5, "updates": 4, "seconds": 2.324158191680908, "time": 1790931858.8709972, "loss": -0.8316006967373104, "confidence": 0.4185703211178991, "mass": 0.9999960305450768, "hinge_active": 0.0, "stop_prob": 0.9989922493696213, "sampled_number_rate": 1.0, "kl": 0.0, "kl_coef": 0.05, "value_loss": 0.0}
A decoder-only architecture is being used, but right-padding was detected! For correct generation results, please set `padding_side='left'` when initializing the tokenizer.
{"step": 115, "epoch": 0, "rows": 8, "skipped": 0, "answer_accuracy": 0.625, "updates": 4, "seconds": 2.4688823223114014, "time": 1790931861.3405735, "loss": -0.9088085982894705, "confidence": 0.6288339198597442, "mass": 0.9999979358860493, "hinge_active": 0.0, "stop_prob": 0.9998989775776863, "sampled_number_rate": 1.0, "kl": 0.0, "kl_coef": 0.05, "value_loss": 0.0}
A decoder-only architecture is being used, but right-padding was detected! For correct generation results, please set `padding_side='left'` when initializing the tokenizer.
{"step": 116, "epoch": 0, "rows": 8, "skipped": 0, "answer_accuracy": 0.625, "updates": 4, "seconds": 2.359215021133423, "time": 1790931863.7006068, "loss": -0.8497382739529133, "confidence": 0.6880649856888512, "mass": 0.9999985166487959, "hinge_active": 0.0, "stop_prob": 0.9998964294791222, "sampled_number_rate": 1.0, "kl": 0.0, "kl_coef": 0.05, "value_loss": 0.0}
A decoder-only architecture is being used, but right-padding was detected! For correct generation results, please set `padding_side='left'` when initializing the tokenizer.
{"step": 117, "epoch": 0, "rows": 8, "skipped": 0, "answer_accuracy": 0.625, "updates": 4, "seconds": 2.782024621963501, "time": 1790931866.4835446, "loss": -0.8191139728568494, "confidence": 0.532565148901232, "mass": 0.9999963548128538, "hinge_active": 0.0, "stop_prob": 0.99981439858675, "sampled_number_rate": 1.0, "kl": 0.0, "kl_coef": 0.05, "value_loss": 0.0}
A decoder-only architecture is being used, but right-padding was detected! For correct generation results, please set `padding_side='left'` when initializing the tokenizer.
{"step": 118, "epoch": 0, "rows": 8, "skipped": 0, "answer_accuracy": 0.25, "updates": 4, "seconds": 2.4338772296905518, "time": 1790931868.918204, "loss": -0.8148061658484305, "confidence": 0.5207927529707969, "mass": 0.9999964415768858, "hinge_active": 0.0, "stop_prob": 0.9997976720333099, "sampled_number_rate": 1.0, "kl": 0.0, "kl_coef": 0.05, "value_loss": 0.0}
A decoder-only architecture is being used, but right-padding was detected! For correct generation results, please set `padding_side='left'` when initializing the tokenizer.
{"step": 119, "epoch": 0, "rows": 8, "skipped": 0, "answer_accuracy": 0.625, "updates": 4, "seconds": 2.265716791152954, "time": 1790931871.184877, "loss": -0.865606214689575, "confidence": 0.4635722917699302, "mass": 0.9999976373080162, "hinge_active": 0.0, "stop_prob": 0.9998800680041313, "sampled_number_rate": 1.0, "kl": 0.0, "kl_coef": 0.05, "value_loss": 0.0}
A decoder-only architecture is being used, but right-padding was detected! For correct generation results, please set `padding_side='left'` when initializing the tokenizer.
{"step": 120, "epoch": 0, "rows": 8, "skipped": 0, "answer_accuracy": 0.5, "updates": 4, "seconds": 2.370582103729248, "time": 1790931873.5562642, "loss": -0.8519444775316515, "confidence": 0.4833364725952928, "mass": 0.9999959539953285, "hinge_active": 0.0, "stop_prob": 0.9998924657702446, "sampled_number_rate": 1.0, "kl": 0.0, "kl_coef": 0.05, "value_loss": 0.0}
A decoder-only architecture is being used, but right-padding was detected! For correct generation results, please set `padding_side='left'` when initializing the tokenizer.
{"step": 121, "epoch": 0, "rows": 8, "skipped": 0, "answer_accuracy": 0.625, "updates": 4, "seconds": 2.376124620437622, "time": 1790931875.9331286, "loss": -0.8792507889750738, "confidence": 0.5439805769645097, "mass": 0.9999978840618381, "hinge_active": 0.0, "stop_prob": 0.9999202936887741, "sampled_number_rate": 1.0, "kl": 0.0, "kl_coef": 0.05, "value_loss": 0.0}
A decoder-only architecture is being used, but right-padding was detected! For correct generation results, please set `padding_side='left'` when initializing the tokenizer.
{"step": 122, "epoch": 0, "rows": 8, "skipped": 0, "answer_accuracy": 0.625, "updates": 4, "seconds": 2.541628122329712, "time": 1790931878.4757776, "loss": -0.8693907988977829, "confidence": 0.4927403991681805, "mass": 0.9999983120040454, "hinge_active": 0.0, "stop_prob": 0.9999254196882248, "sampled_number_rate": 1.0, "kl": 0.0, "kl_coef": 0.05, "value_loss": 0.0}
A decoder-only architecture is being used, but right-padding was detected! For correct generation results, please set `padding_side='left'` when initializing the tokenizer.
{"step": 123, "epoch": 0, "rows": 8, "skipped": 0, "answer_accuracy": 0.625, "updates": 4, "seconds": 3.109790086746216, "time": 1790931881.5863476, "loss": -0.8328554755095062, "confidence": 0.5792048898617776, "mass": 0.9999982675257315, "hinge_active": 0.0, "stop_prob": 0.9999266862869263, "sampled_number_rate": 1.0, "kl": 0.0, "kl_coef": 0.05, "value_loss": 0.0}
A decoder-only architecture is being used, but right-padding was detected! For correct generation results, please set `padding_side='left'` when initializing the tokenizer.
{"step": 124, "epoch": 0, "rows": 8, "skipped": 0, "answer_accuracy": 0.625, "updates": 4, "seconds": 2.3010361194610596, "time": 1790931883.8883045, "loss": -0.8249333086657493, "confidence": 0.7406000362090022, "mass": 0.9999987054822778, "hinge_active": 0.0, "stop_prob": 0.9999250844120979, "sampled_number_rate": 1.0, "kl": 0.0, "kl_coef": 0.05, "value_loss": 0.0}
A decoder-only architecture is being used, but right-padding was detected! For correct generation results, please set `padding_side='left'` when initializing the tokenizer.
{"step": 125, "epoch": 0, "rows": 8, "skipped": 0, "answer_accuracy": 0.5, "updates": 4, "seconds": 2.363236427307129, "time": 1790931886.2524476, "loss": -0.9168059355500155, "confidence": 0.49387175600513467, "mass": 0.9999975454475196, "hinge_active": 0.0, "stop_prob": 0.9999177902936935, "sampled_number_rate": 1.0, "kl": 0.0, "kl_coef": 0.05, "value_loss": 0.0}
A decoder-only architecture is being used, but right-padding was detected! For correct generation results, please set `padding_side='left'` when initializing the tokenizer.
{"step": 126, "epoch": 0, "rows": 8, "skipped": 0, "answer_accuracy": 0.5, "updates": 4, "seconds": 2.440673828125, "time": 1790931888.6940086, "loss": -0.7317435729174713, "confidence": 0.48165347653305657, "mass": 0.9999952659191151, "hinge_active": 0.0, "stop_prob": 0.9998136758804321, "sampled_number_rate": 1.0, "kl": 0.0, "kl_coef": 0.05, "value_loss": 0.0}
A decoder-only architecture is being used, but right-padding was detected! For correct generation results, please set `padding_side='left'` when initializing the tokenizer.
{"step": 127, "epoch": 0, "rows": 8, "skipped": 0, "answer_accuracy": 0.75, "updates": 4, "seconds": 2.4482643604278564, "time": 1790931891.1434145, "loss": -0.8325934896810042, "confidence": 0.5596618633261139, "mass": 0.9999985905829275, "hinge_active": 0.0, "stop_prob": 0.9999354779720306, "sampled_number_rate": 1.0, "kl": 0.0, "kl_coef": 0.05, "value_loss": 0.0}
A decoder-only architecture is being used, but right-padding was detected! For correct generation results, please set `padding_side='left'` when initializing the tokenizer.
{"step": 128, "epoch": 0, "rows": 8, "skipped": 0, "answer_accuracy": 0.5, "updates": 4, "seconds": 2.7018327713012695, "time": 1790931893.8466482, "loss": -0.8494580822327412, "confidence": 0.5067828697769226, "mass": 0.9999989868551701, "hinge_active": 0.0, "stop_prob": 0.9999245330691338, "sampled_number_rate": 1.0, "kl": 0.0, "kl_coef": 0.05, "value_loss": 0.0, "save_seconds": 0.5595114231109619}
A decoder-only architecture is being used, but right-padding was detected! For correct generation results, please set `padding_side='left'` when initializing the tokenizer.
{"step": 129, "epoch": 1, "rows": 8, "skipped": 0, "answer_accuracy": 0.75, "updates": 4, "seconds": 2.3951995372772217, "time": 1790931897.268114, "loss": -0.8894575858311213, "confidence": 0.5881636671401758, "mass": 0.9999992508992294, "hinge_active": 0.0, "stop_prob": 0.9999217018485069, "sampled_number_rate": 1.0, "kl": 0.0, "kl_coef": 0.05, "value_loss": 0.0}
A decoder-only architecture is being used, but right-padding was detected! For correct generation results, please set `padding_side='left'` when initializing the tokenizer.
{"step": 130, "epoch": 1, "rows": 7, "skipped": 1, "answer_accuracy": 0.14285714285714285, "updates": 4, "seconds": 2.621480703353882, "time": 1790931899.8903968, "loss": -0.8480193163376974, "confidence": 0.4500973340839494, "mass": 0.9999967304286177, "hinge_active": 0.0, "stop_prob": 0.9999024612562997, "sampled_number_rate": 0.9999999999999998, "kl": 0.0, "kl_coef": 0.05, "value_loss": 0.0}
A decoder-only architecture is being used, but right-padding was detected! For correct generation results, please set `padding_side='left'` when initializing the tokenizer.
{"step": 131, "epoch": 1, "rows": 8, "skipped": 0, "answer_accuracy": 0.625, "updates": 4, "seconds": 2.3606269359588623, "time": 1790931902.251783, "loss": -0.8475584683594898, "confidence": 0.522595181678397, "mass": 0.9999989717513698, "hinge_active": 0.0, "stop_prob": 0.9999422207474709, "sampled_number_rate": 1.0, "kl": 0.0, "kl_coef": 0.05, "value_loss": 0.0}
A decoder-only architecture is being used, but right-padding was detected! For correct generation results, please set `padding_side='left'` when initializing the tokenizer.
{"step": 132, "epoch": 1, "rows": 8, "skipped": 0, "answer_accuracy": 0.25, "updates": 4, "seconds": 2.474804401397705, "time": 1790931904.7275317, "loss": -0.9111735865055925, "confidence": 0.28143739125229805, "mass": 0.9999986025189966, "hinge_active": 0.0, "stop_prob": 0.9999286532402039, "sampled_number_rate": 1.0, "kl": 0.0, "kl_coef": 0.05, "value_loss": 0.0}
A decoder-only architecture is being used, but right-padding was detected! For correct generation results, please set `padding_side='left'` when initializing the tokenizer.
{"step": 133, "epoch": 1, "rows": 8, "skipped": 0, "answer_accuracy": 0.5, "updates": 4, "seconds": 3.308215379714966, "time": 1790931908.0381663, "loss": -0.8864460281206636, "confidence": 0.44241225456797895, "mass": 0.9999958986071962, "hinge_active": 0.0, "stop_prob": 0.9998383149504662, "sampled_number_rate": 1.0, "kl": 0.0, "kl_coef": 0.05, "value_loss": 0.0}
A decoder-only architecture is being used, but right-padding was detected! For correct generation results, please set `padding_side='left'` when initializing the tokenizer.
{"step": 134, "epoch": 1, "rows": 8, "skipped": 0, "answer_accuracy": 0.5, "updates": 4, "seconds": 2.3682305812835693, "time": 1790931910.4072034, "loss": -0.8021154771933695, "confidence": 0.37736366720519543, "mass": 0.9999990390361586, "hinge_active": 0.0, "stop_prob": 0.9999466016888618, "sampled_number_rate": 1.0, "kl": 0.0, "kl_coef": 0.05, "value_loss": 0.0}
A decoder-only architecture is being used, but right-padding was detected! For correct generation results, please set `padding_side='left'` when initializing the tokenizer.
{"step": 135, "epoch": 1, "rows": 8, "skipped": 0, "answer_accuracy": 0.375, "updates": 4, "seconds": 2.4482221603393555, "time": 1790931912.8563602, "loss": -0.8823068043100075, "confidence": 0.20405892865198902, "mass": 0.999996164937889, "hinge_active": 0.0, "stop_prob": 0.9999083131551743, "sampled_number_rate": 1.0, "kl": 0.0, "kl_coef": 0.05, "value_loss": 0.0}
A decoder-only architecture is being used, but right-padding was detected! For correct generation results, please set `padding_side='left'` when initializing the tokenizer.
{"step": 136, "epoch": 1, "rows": 8, "skipped": 0, "answer_accuracy": 0.625, "updates": 4, "seconds": 2.3154823780059814, "time": 1790931915.1725762, "loss": -0.8390459074045548, "confidence": 0.5998825571103017, "mass": 0.9999955396950091, "hinge_active": 0.0, "stop_prob": 0.9999211728572845, "sampled_number_rate": 1.0, "kl": 0.0, "kl_coef": 0.05, "value_loss": 0.0}
A decoder-only architecture is being used, but right-padding was detected! For correct generation results, please set `padding_side='left'` when initializing the tokenizer.
{"step": 137, "epoch": 1, "rows": 7, "skipped": 1, "answer_accuracy": 0.2857142857142857, "updates": 4, "seconds": 3.015550136566162, "time": 1790931918.188906, "loss": -0.8644893661896886, "confidence": 0.4680418040626547, "mass": 0.9997332749908767, "hinge_active": 0.0, "stop_prob": 0.9998067958014352, "sampled_number_rate": 0.9999999999999998, "kl": 0.0, "kl_coef": 0.05, "value_loss": 0.0}
A decoder-only architecture is being used, but right-padding was detected! For correct generation results, please set `padding_side='left'` when initializing the tokenizer.
{"step": 138, "epoch": 1, "rows": 8, "skipped": 0, "answer_accuracy": 0.5, "updates": 4, "seconds": 2.528676986694336, "time": 1790931920.7183175, "loss": -0.9626424120526942, "confidence": 0.5069866590303851, "mass": 0.9999948199320028, "hinge_active": 0.0, "stop_prob": 0.9998992308974266, "sampled_number_rate": 1.0, "kl": 0.0, "kl_coef": 0.05, "value_loss": 0.0}
A decoder-only architecture is being used, but right-padding was detected! For correct generation results, please set `padding_side='left'` when initializing the tokenizer.
{"step": 139, "epoch": 1, "rows": 8, "skipped": 0, "answer_accuracy": 0.25, "updates": 4, "seconds": 2.3206868171691895, "time": 1790931923.0397673, "loss": -0.9060307416228345, "confidence": 0.32434979632988614, "mass": 0.9999939288028199, "hinge_active": 0.0, "stop_prob": 0.9997765943408012, "sampled_number_rate": 1.0, "kl": 0.0, "kl_coef": 0.05, "value_loss": 0.0}
A decoder-only architecture is being used, but right-padding was detected! For correct generation results, please set `padding_side='left'` when initializing the tokenizer.
{"step": 140, "epoch": 1, "rows": 8, "skipped": 0, "answer_accuracy": 0.625, "updates": 4, "seconds": 2.320917844772339, "time": 1790931925.3613796, "loss": -0.9060913270017463, "confidence": 0.4515973877995857, "mass": 0.999984616153317, "hinge_active": 0.0, "stop_prob": 0.9998729005455971, "sampled_number_rate": 1.0, "kl": 0.0, "kl_coef": 0.05, "value_loss": 0.0}
A decoder-only architecture is being used, but right-padding was detected! For correct generation results, please set `padding_side='left'` when initializing the tokenizer.
{"step": 141, "epoch": 1, "rows": 8, "skipped": 0, "answer_accuracy": 0.5, "updates": 4, "seconds": 2.2609493732452393, "time": 1790931927.6231139, "loss": -0.7047824234900593, "confidence": 0.2630686218188495, "mass": 0.9999624041981514, "hinge_active": 0.0, "stop_prob": 0.9998356476426125, "sampled_number_rate": 1.0, "kl": 0.0, "kl_coef": 0.05, "value_loss": 0.0}
A decoder-only architecture is being used, but right-padding was detected! For correct generation results, please set `padding_side='left'` when initializing the tokenizer.
{"step": 142, "epoch": 1, "rows": 8, "skipped": 0, "answer_accuracy": 0.375, "updates": 4, "seconds": 2.320155620574951, "time": 1790931929.9440944, "loss": -0.9021546289045081, "confidence": 0.29713133207888015, "mass": 0.999995412688841, "hinge_active": 0.0, "stop_prob": 0.9998208582401276, "sampled_number_rate": 1.0, "kl": 0.0, "kl_coef": 0.05, "value_loss": 0.0}
A decoder-only architecture is being used, but right-padding was detected! For correct generation results, please set `padding_side='left'` when initializing the tokenizer.
{"step": 143, "epoch": 1, "rows": 8, "skipped": 0, "answer_accuracy": 0.25, "updates": 4, "seconds": 2.3821053504943848, "time": 1790931932.3271093, "loss": -0.8547155060998258, "confidence": 0.43211320820595867, "mass": 0.9999966241537477, "hinge_active": 0.0, "stop_prob": 0.9992836490273476, "sampled_number_rate": 1.0, "kl": 0.0, "kl_coef": 0.05, "value_loss": 0.0}
A decoder-only architecture is being used, but right-padding was detected! For correct generation results, please set `padding_side='left'` when initializing the tokenizer.
{"step": 144, "epoch": 1, "rows": 8, "skipped": 0, "answer_accuracy": 0.75, "updates": 4, "seconds": 2.417555093765259, "time": 1790931934.745783, "loss": -0.9097296847708141, "confidence": 0.770193647492283, "mass": 0.9999973901181239, "hinge_active": 0.0, "stop_prob": 0.9998713433742523, "sampled_number_rate": 1.0, "kl": 0.0, "kl_coef": 0.05, "value_loss": 0.0}
A decoder-only architecture is being used, but right-padding was detected! For correct generation results, please set `padding_side='left'` when initializing the tokenizer.
{"step": 145, "epoch": 1, "rows": 8, "skipped": 0, "answer_accuracy": 0.375, "updates": 4, "seconds": 2.4257848262786865, "time": 1790931937.1724274, "loss": -0.6614410574765005, "confidence": 0.8055888725864434, "mass": 0.9999983359637227, "hinge_active": 0.0, "stop_prob": 0.9999171048402786, "sampled_number_rate": 1.0, "kl": 0.0, "kl_coef": 0.05, "value_loss": 0.0}
A decoder-only architecture is being used, but right-padding was detected! For correct generation results, please set `padding_side='left'` when initializing the tokenizer.
{"step": 146, "epoch": 1, "rows": 8, "skipped": 0, "answer_accuracy": 0.75, "updates": 4, "seconds": 2.398768424987793, "time": 1790931939.5721197, "loss": -0.9517673489080626, "confidence": 0.6707646722061428, "mass": 0.9999955586283664, "hinge_active": 0.0, "stop_prob": 0.9997066482901573, "sampled_number_rate": 1.0, "kl": 0.0, "kl_coef": 0.05, "value_loss": 0.0}
A decoder-only architecture is being used, but right-padding was detected! For correct generation results, please set `padding_side='left'` when initializing the tokenizer.
{"step": 147, "epoch": 1, "rows": 8, "skipped": 0, "answer_accuracy": 0.5, "updates": 4, "seconds": 2.702723264694214, "time": 1790931942.2755888, "loss": -0.8639148005919051, "confidence": 0.5232609344521146, "mass": 0.9999979511545631, "hinge_active": 0.0, "stop_prob": 0.9999280273914337, "sampled_number_rate": 1.0, "kl": 0.0, "kl_coef": 0.05, "value_loss": 0.0}
A decoder-only architecture is being used, but right-padding was detected! For correct generation results, please set `padding_side='left'` when initializing the tokenizer.
{"step": 148, "epoch": 1, "rows": 8, "skipped": 0, "answer_accuracy": 0.5, "updates": 4, "seconds": 2.4550766944885254, "time": 1790931944.7315316, "loss": -0.9172194229701965, "confidence": 0.4154054066277663, "mass": 0.9999978520350365, "hinge_active": 0.0, "stop_prob": 0.9999099969863892, "sampled_number_rate": 1.0, "kl": 0.0, "kl_coef": 0.05, "value_loss": 0.0}
A decoder-only architecture is being used, but right-padding was detected! For correct generation results, please set `padding_side='left'` when initializing the tokenizer.
{"step": 149, "epoch": 1, "rows": 8, "skipped": 0, "answer_accuracy": 0.25, "updates": 4, "seconds": 2.3323535919189453, "time": 1790931947.0646489, "loss": -0.894473478339603, "confidence": 0.3877398699210855, "mass": 0.9999979887650471, "hinge_active": 0.0, "stop_prob": 0.9998937398195267, "sampled_number_rate": 1.0, "kl": 0.0, "kl_coef": 0.05, "value_loss": 0.0}
A decoder-only architecture is being used, but right-padding was detected! For correct generation results, please set `padding_side='left'` when initializing the tokenizer.
{"step": 150, "epoch": 1, "rows": 8, "skipped": 0, "answer_accuracy": 0.625, "updates": 4, "seconds": 2.3412654399871826, "time": 1790931949.4067748, "loss": -0.8612135618882917, "confidence": 0.5121887840373394, "mass": 0.9999987499966392, "hinge_active": 0.0, "stop_prob": 0.9998893514275551, "sampled_number_rate": 1.0, "kl": 0.0, "kl_coef": 0.05, "value_loss": 0.0}
A decoder-only architecture is being used, but right-padding was detected! For correct generation results, please set `padding_side='left'` when initializing the tokenizer.
{"step": 151, "epoch": 1, "rows": 8, "skipped": 0, "answer_accuracy": 0.75, "updates": 4, "seconds": 2.4386024475097656, "time": 1790931951.8463721, "loss": -0.7406633777184003, "confidence": 0.6053643017092653, "mass": 0.9999988267196962, "hinge_active": 0.0, "stop_prob": 0.9999374002218246, "sampled_number_rate": 1.0, "kl": 0.0, "kl_coef": 0.05, "value_loss": 0.0}
A decoder-only architecture is being used, but right-padding was detected! For correct generation results, please set `padding_side='left'` when initializing the tokenizer.
{"step": 152, "epoch": 1, "rows": 7, "skipped": 1, "answer_accuracy": 0.42857142857142855, "updates": 4, "seconds": 3.680335283279419, "time": 1790931955.5275378, "loss": -0.7422020004208196, "confidence": 0.4969514082524488, "mass": 0.999998172923956, "hinge_active": 0.0, "stop_prob": 0.9995823928288051, "sampled_number_rate": 0.9999999999999998, "kl": 0.0, "kl_coef": 0.05, "value_loss": 0.0}
A decoder-only architecture is being used, but right-padding was detected! For correct generation results, please set `padding_side='left'` when initializing the tokenizer.
{"step": 153, "epoch": 1, "rows": 8, "skipped": 0, "answer_accuracy": 0.5, "updates": 4, "seconds": 2.4960899353027344, "time": 1790931958.024339, "loss": -0.9188522323564967, "confidence": 0.44660097925854214, "mass": 0.9999980447988628, "hinge_active": 0.0, "stop_prob": 0.9998747855424881, "sampled_number_rate": 1.0, "kl": 0.0, "kl_coef": 0.05, "value_loss": 0.0}
A decoder-only architecture is being used, but right-padding was detected! For correct generation results, please set `padding_side='left'` when initializing the tokenizer.
{"step": 154, "epoch": 1, "rows": 8, "skipped": 0, "answer_accuracy": 0.5, "updates": 4, "seconds": 2.728884696960449, "time": 1790931960.7539413, "loss": -0.8935249182840491, "confidence": 0.430810232084712, "mass": 0.9999971076492193, "hinge_active": 0.0, "stop_prob": 0.9997536018490791, "sampled_number_rate": 1.0, "kl": 0.0, "kl_coef": 0.05, "value_loss": 0.0}
A decoder-only architecture is being used, but right-padding was detected! For correct generation results, please set `padding_side='left'` when initializing the tokenizer.
{"step": 155, "epoch": 1, "rows": 8, "skipped": 0, "answer_accuracy": 0.25, "updates": 4, "seconds": 2.4472568035125732, "time": 1790931963.2022622, "loss": -0.9571960379963543, "confidence": 0.32699696706832465, "mass": 0.999997925411467, "hinge_active": 0.0, "stop_prob": 0.9997224286198616, "sampled_number_rate": 1.0, "kl": 0.0, "kl_coef": 0.05, "value_loss": 0.0}
A decoder-only architecture is being used, but right-padding was detected! For correct generation results, please set `padding_side='left'` when initializing the tokenizer.
{"step": 156, "epoch": 1, "rows": 8, "skipped": 0, "answer_accuracy": 0.625, "updates": 4, "seconds": 2.3529562950134277, "time": 1790931965.5559971, "loss": -0.899669456568832, "confidence": 0.6979590853297831, "mass": 0.9999973981933715, "hinge_active": 0.0, "stop_prob": 0.9998764842748642, "sampled_number_rate": 1.0, "kl": 0.0, "kl_coef": 0.05, "value_loss": 0.0}
A decoder-only architecture is being used, but right-padding was detected! For correct generation results, please set `padding_side='left'` when initializing the tokenizer.
{"step": 157, "epoch": 1, "rows": 8, "skipped": 0, "answer_accuracy": 0.5, "updates": 4, "seconds": 2.3976876735687256, "time": 1790931967.9555292, "loss": -0.8259838934532022, "confidence": 0.49382926132114924, "mass": 0.9999977167201373, "hinge_active": 0.0, "stop_prob": 0.9999164119362831, "sampled_number_rate": 1.0, "kl": 0.0, "kl_coef": 0.05, "value_loss": 0.0}
A decoder-only architecture is being used, but right-padding was detected! For correct generation results, please set `padding_side='left'` when initializing the tokenizer.
{"step": 158, "epoch": 1, "rows": 8, "skipped": 0, "answer_accuracy": 0.5, "updates": 4, "seconds": 2.333711862564087, "time": 1790931970.2899494, "loss": -0.8762630043182436, "confidence": 0.5820155155944032, "mass": 0.9999976413356507, "hinge_active": 0.0, "stop_prob": 0.9998154565691948, "sampled_number_rate": 1.0, "kl": 0.0, "kl_coef": 0.05, "value_loss": 0.0}
A decoder-only architecture is being used, but right-padding was detected! For correct generation results, please set `padding_side='left'` when initializing the tokenizer.
{"step": 159, "epoch": 1, "rows": 8, "skipped": 0, "answer_accuracy": 0.625, "updates": 4, "seconds": 2.323716640472412, "time": 1790931972.6145818, "loss": -0.8854329227658271, "confidence": 0.4175090663251736, "mass": 0.9999972859736734, "hinge_active": 0.0, "stop_prob": 0.9997327029705048, "sampled_number_rate": 1.0, "kl": 0.0, "kl_coef": 0.05, "value_loss": 0.0}
A decoder-only architecture is being used, but right-padding was detected! For correct generation results, please set `padding_side='left'` when initializing the tokenizer.
{"step": 160, "epoch": 1, "rows": 8, "skipped": 0, "answer_accuracy": 0.5, "updates": 4, "seconds": 2.340341806411743, "time": 1790931974.9558206, "loss": -0.8632636564572856, "confidence": 0.5475801213338682, "mass": 0.999997191221955, "hinge_active": 0.0, "stop_prob": 0.9997407495975494, "sampled_number_rate": 1.0, "kl": 0.0, "kl_coef": 0.05, "value_loss": 0.0}
A decoder-only architecture is being used, but right-padding was detected! For correct generation results, please set `padding_side='left'` when initializing the tokenizer.
{"step": 161, "epoch": 1, "rows": 8, "skipped": 0, "answer_accuracy": 0.625, "updates": 4, "seconds": 2.3077051639556885, "time": 1790931977.2643838, "loss": -0.8923030964294629, "confidence": 0.6010392284689966, "mass": 0.999997972825604, "hinge_active": 0.0, "stop_prob": 0.9994786307215691, "sampled_number_rate": 1.0, "kl": 0.0, "kl_coef": 0.05, "value_loss": 0.0}
A decoder-only architecture is being used, but right-padding was detected! For correct generation results, please set `padding_side='left'` when initializing the tokenizer.
{"step": 162, "epoch": 1, "rows": 8, "skipped": 0, "answer_accuracy": 0.25, "updates": 4, "seconds": 2.51139235496521, "time": 1790931979.7765212, "loss": -0.9011354794470532, "confidence": 0.46097007382032856, "mass": 0.9999987632510039, "hinge_active": 0.0, "stop_prob": 0.999908022582531, "sampled_number_rate": 1.0, "kl": 0.0, "kl_coef": 0.05, "value_loss": 0.0}
A decoder-only architecture is being used, but right-padding was detected! For correct generation results, please set `padding_side='left'` when initializing the tokenizer.
{"step": 163, "epoch": 1, "rows": 8, "skipped": 0, "answer_accuracy": 0.25, "updates": 4, "seconds": 2.2912063598632812, "time": 1790931982.0685334, "loss": -0.8963299874506516, "confidence": 0.4509420498070395, "mass": 0.9999971815695564, "hinge_active": 0.0, "stop_prob": 0.9991809278726578, "sampled_number_rate": 1.0, "kl": 0.0, "kl_coef": 0.05, "value_loss": 0.0}
A decoder-only architecture is being used, but right-padding was detected! For correct generation results, please set `padding_side='left'` when initializing the tokenizer.
{"step": 164, "epoch": 1, "rows": 8, "skipped": 0, "answer_accuracy": 0.875, "updates": 4, "seconds": 2.353241443634033, "time": 1790931984.4225981, "loss": -0.9238492017071998, "confidence": 0.8090200275473207, "mass": 0.9999985212326796, "hinge_active": 0.0, "stop_prob": 0.9998952299356461, "sampled_number_rate": 1.0, "kl": 0.0, "kl_coef": 0.05, "value_loss": 0.0}
A decoder-only architecture is being used, but right-padding was detected! For correct generation results, please set `padding_side='left'` when initializing the tokenizer.
{"step": 165, "epoch": 1, "rows": 8, "skipped": 0, "answer_accuracy": 0.625, "updates": 4, "seconds": 2.3317904472351074, "time": 1790931986.7551332, "loss": -0.90684589810107, "confidence": 0.4419069440254786, "mass": 0.9999979837463076, "hinge_active": 0.0, "stop_prob": 0.9998874589800835, "sampled_number_rate": 1.0, "kl": 0.0, "kl_coef": 0.05, "value_loss": 0.0}
A decoder-only architecture is being used, but right-padding was detected! For correct generation results, please set `padding_side='left'` when initializing the tokenizer.
{"step": 166, "epoch": 1, "rows": 8, "skipped": 0, "answer_accuracy": 0.625, "updates": 4, "seconds": 2.2726376056671143, "time": 1790931989.0284846, "loss": -0.8758960462168991, "confidence": 0.5316707257647433, "mass": 0.9999946197128119, "hinge_active": 0.0, "stop_prob": 0.9998953863978386, "sampled_number_rate": 1.0, "kl": 0.0, "kl_coef": 0.05, "value_loss": 0.0}
A decoder-only architecture is being used, but right-padding was detected! For correct generation results, please set `padding_side='left'` when initializing the tokenizer.
{"step": 167, "epoch": 1, "rows": 8, "skipped": 0, "answer_accuracy": 0.625, "updates": 4, "seconds": 2.6103081703186035, "time": 1790931991.6397238, "loss": -0.9610144856944971, "confidence": 0.5337461850030875, "mass": 0.9999979914676844, "hinge_active": 0.0, "stop_prob": 0.9998729079961777, "sampled_number_rate": 1.0, "kl": 0.0, "kl_coef": 0.05, "value_loss": 0.0}
A decoder-only architecture is being used, but right-padding was detected! For correct generation results, please set `padding_side='left'` when initializing the tokenizer.
{"step": 168, "epoch": 1, "rows": 8, "skipped": 0, "answer_accuracy": 0.375, "updates": 4, "seconds": 2.2351229190826416, "time": 1790931993.8756697, "loss": -0.8750277718286477, "confidence": 0.5337402891321662, "mass": 0.9999981655070721, "hinge_active": 0.0, "stop_prob": 0.9998720437288284, "sampled_number_rate": 1.0, "kl": 0.0, "kl_coef": 0.05, "value_loss": 0.0}
A decoder-only architecture is being used, but right-padding was detected! For correct generation results, please set `padding_side='left'` when initializing the tokenizer.
{"step": 169, "epoch": 1, "rows": 8, "skipped": 0, "answer_accuracy": 0.625, "updates": 4, "seconds": 2.2788405418395996, "time": 1790931996.1553838, "loss": -0.8666351331381594, "confidence": 0.5964755819644667, "mass": 0.9999967199762665, "hinge_active": 0.0, "stop_prob": 0.9998574033379555, "sampled_number_rate": 1.0, "kl": 0.0, "kl_coef": 0.05, "value_loss": 0.0}
A decoder-only architecture is being used, but right-padding was detected! For correct generation results, please set `padding_side='left'` when initializing the tokenizer.
{"step": 170, "epoch": 1, "rows": 8, "skipped": 0, "answer_accuracy": 0.625, "updates": 4, "seconds": 2.1689648628234863, "time": 1790931998.3250651, "loss": -0.8507561151294583, "confidence": 0.659719634019202, "mass": 0.9999868740296158, "hinge_active": 0.0, "stop_prob": 0.9998478814959526, "sampled_number_rate": 1.0, "kl": 0.0, "kl_coef": 0.05, "value_loss": 0.0}
A decoder-only architecture is being used, but right-padding was detected! For correct generation results, please set `padding_side='left'` when initializing the tokenizer.
{"step": 171, "epoch": 1, "rows": 8, "skipped": 0, "answer_accuracy": 0.625, "updates": 4, "seconds": 2.327281951904297, "time": 1790932000.653145, "loss": -0.9067883474178714, "confidence": 0.6228786773076215, "mass": 0.9999401994692019, "hinge_active": 0.0, "stop_prob": 0.999614030122757, "sampled_number_rate": 1.0, "kl": 0.0, "kl_coef": 0.05, "value_loss": 0.0}
A decoder-only architecture is being used, but right-padding was detected! For correct generation results, please set `padding_side='left'` when initializing the tokenizer.
{"step": 172, "epoch": 1, "rows": 8, "skipped": 0, "answer_accuracy": 0.5, "updates": 4, "seconds": 2.2824862003326416, "time": 1790932002.936488, "loss": -0.5127623485233862, "confidence": 0.3389085442605387, "mass": 0.999994816912413, "hinge_active": 0.0, "stop_prob": 0.9994755759835243, "sampled_number_rate": 1.0, "kl": 0.0, "kl_coef": 0.05, "value_loss": 0.0}
A decoder-only architecture is being used, but right-padding was detected! For correct generation results, please set `padding_side='left'` when initializing the tokenizer.
{"step": 173, "epoch": 1, "rows": 8, "skipped": 0, "answer_accuracy": 0.625, "updates": 4, "seconds": 2.2854256629943848, "time": 1790932005.2225723, "loss": -0.9085335474393776, "confidence": 0.7118748048562832, "mass": 0.9999395950555349, "hinge_active": 0.0, "stop_prob": 0.9995858818292618, "sampled_number_rate": 1.0, "kl": 0.0, "kl_coef": 0.05, "value_loss": 0.0}
A decoder-only architecture is being used, but right-padding was detected! For correct generation results, please set `padding_side='left'` when initializing the tokenizer.
{"step": 174, "epoch": 1, "rows": 8, "skipped": 0, "answer_accuracy": 0.5, "updates": 4, "seconds": 2.4127273559570312, "time": 1790932007.6364105, "loss": -0.8580651262047335, "confidence": 0.661307344425649, "mass": 0.9999697170371727, "hinge_active": 0.0, "stop_prob": 0.9996844530105591, "sampled_number_rate": 1.0, "kl": 0.0, "kl_coef": 0.05, "value_loss": 0.0}
A decoder-only architecture is being used, but right-padding was detected! For correct generation results, please set `padding_side='left'` when initializing the tokenizer.
{"step": 175, "epoch": 1, "rows": 8, "skipped": 0, "answer_accuracy": 0.5, "updates": 4, "seconds": 2.703526258468628, "time": 1790932010.3408298, "loss": -0.8655177780165465, "confidence": 0.7029823256085687, "mass": 0.9999891115191847, "hinge_active": 0.0, "stop_prob": 0.9997190907597542, "sampled_number_rate": 1.0, "kl": 0.0, "kl_coef": 0.05, "value_loss": 0.0}
A decoder-only architecture is being used, but right-padding was detected! For correct generation results, please set `padding_side='left'` when initializing the tokenizer.
{"step": 176, "epoch": 1, "rows": 8, "skipped": 0, "answer_accuracy": 0.375, "updates": 4, "seconds": 2.2757718563079834, "time": 1790932012.6174545, "loss": -0.8672933269793217, "confidence": 0.6051706289512179, "mass": 0.99994859554723, "hinge_active": 0.0, "stop_prob": 0.9997432008385658, "sampled_number_rate": 1.0, "kl": 0.0, "kl_coef": 0.05, "value_loss": 0.0}
A decoder-only architecture is being used, but right-padding was detected! For correct generation results, please set `padding_side='left'` when initializing the tokenizer.
{"step": 177, "epoch": 1, "rows": 8, "skipped": 0, "answer_accuracy": 0.5, "updates": 4, "seconds": 2.4898858070373535, "time": 1790932015.1081698, "loss": -0.7942775668056964, "confidence": 0.7293936533920078, "mass": 0.9999983130138198, "hinge_active": 0.0, "stop_prob": 0.9999047294259071, "sampled_number_rate": 1.0, "kl": 0.0, "kl_coef": 0.05, "value_loss": 0.0}
A decoder-only architecture is being used, but right-padding was detected! For correct generation results, please set `padding_side='left'` when initializing the tokenizer.
{"step": 178, "epoch": 1, "rows": 8, "skipped": 0, "answer_accuracy": 0.25, "updates": 4, "seconds": 2.2401976585388184, "time": 1790932017.3490977, "loss": -0.8117554362133015, "confidence": 0.5842332598276728, "mass": 0.9999979912858336, "hinge_active": 0.0, "stop_prob": 0.9997948482632637, "sampled_number_rate": 1.0, "kl": 0.0, "kl_coef": 0.05, "value_loss": 0.0}
A decoder-only architecture is being used, but right-padding was detected! For correct generation results, please set `padding_side='left'` when initializing the tokenizer.
{"step": 179, "epoch": 1, "rows": 8, "skipped": 0, "answer_accuracy": 0.75, "updates": 4, "seconds": 2.2753705978393555, "time": 1790932019.6253667, "loss": -0.9333852636484938, "confidence": 0.7261511147516186, "mass": 0.999989775376423, "hinge_active": 0.0, "stop_prob": 0.9996193274855614, "sampled_number_rate": 1.0, "kl": 0.0, "kl_coef": 0.05, "value_loss": 0.0}
A decoder-only architecture is being used, but right-padding was detected! For correct generation results, please set `padding_side='left'` when initializing the tokenizer.
{"step": 180, "epoch": 1, "rows": 8, "skipped": 0, "answer_accuracy": 0.5, "updates": 4, "seconds": 2.2793850898742676, "time": 1790932021.9055104, "loss": -0.8776210926943007, "confidence": 0.4335941284641974, "mass": 0.9999979754958556, "hinge_active": 0.0, "stop_prob": 0.9999030455946922, "sampled_number_rate": 1.0, "kl": 0.0, "kl_coef": 0.05, "value_loss": 0.0}
A decoder-only architecture is being used, but right-padding was detected! For correct generation results, please set `padding_side='left'` when initializing the tokenizer.
{"step": 181, "epoch": 1, "rows": 8, "skipped": 0, "answer_accuracy": 0.75, "updates": 4, "seconds": 2.553701400756836, "time": 1790932024.459906, "loss": -0.8851421915285176, "confidence": 0.5236391810494171, "mass": 0.9999968072225907, "hinge_active": 0.0, "stop_prob": 0.9998282790184021, "sampled_number_rate": 1.0, "kl": 0.0, "kl_coef": 0.05, "value_loss": 0.0}
A decoder-only architecture is being used, but right-padding was detected! For correct generation results, please set `padding_side='left'` when initializing the tokenizer.
{"step": 182, "epoch": 1, "rows": 8, "skipped": 0, "answer_accuracy": 0.625, "updates": 4, "seconds": 2.2333037853240967, "time": 1790932026.6944818, "loss": -0.8895686229094638, "confidence": 0.5270725289262428, "mass": 0.9999990746467927, "hinge_active": 0.0, "stop_prob": 0.999925047159195, "sampled_number_rate": 1.0, "kl": 0.0, "kl_coef": 0.05, "value_loss": 0.0}
A decoder-only architecture is being used, but right-padding was detected! For correct generation results, please set `padding_side='left'` when initializing the tokenizer.
{"step": 183, "epoch": 1, "rows": 8, "skipped": 0, "answer_accuracy": 0.625, "updates": 4, "seconds": 2.30641508102417, "time": 1790932029.0015862, "loss": -0.9359062376807461, "confidence": 0.5623982147718309, "mass": 0.9999978700526155, "hinge_active": 0.0, "stop_prob": 0.9997876882553101, "sampled_number_rate": 1.0, "kl": 0.0, "kl_coef": 0.05, "value_loss": 0.0}
A decoder-only architecture is being used, but right-padding was detected! For correct generation results, please set `padding_side='left'` when initializing the tokenizer.
{"step": 184, "epoch": 1, "rows": 8, "skipped": 0, "answer_accuracy": 0.5, "updates": 4, "seconds": 2.2439968585968018, "time": 1790932031.246331, "loss": -0.936229960182004, "confidence": 0.49612752386712955, "mass": 0.9996116355250607, "hinge_active": 0.0, "stop_prob": 0.9997355416417122, "sampled_number_rate": 1.0, "kl": 0.0, "kl_coef": 0.05, "value_loss": 0.0}
A decoder-only architecture is being used, but right-padding was detected! For correct generation results, please set `padding_side='left'` when initializing the tokenizer.
{"step": 185, "epoch": 1, "rows": 8, "skipped": 0, "answer_accuracy": 0.5, "updates": 4, "seconds": 2.4271819591522217, "time": 1790932033.6741834, "loss": -0.7067538702074804, "confidence": 0.7244461617014295, "mass": 0.9959866906828719, "hinge_active": 0.0, "stop_prob": 0.9998847469687462, "sampled_number_rate": 1.0, "kl": 0.0, "kl_coef": 0.05, "value_loss": 0.0}
A decoder-only architecture is being used, but right-padding was detected! For correct generation results, please set `padding_side='left'` when initializing the tokenizer.
{"step": 186, "epoch": 1, "rows": 8, "skipped": 0, "answer_accuracy": 0.5, "updates": 4, "seconds": 2.396333932876587, "time": 1790932036.071267, "loss": -0.8883790156988007, "confidence": 0.6080398532987854, "mass": 0.9981922055983372, "hinge_active": 0.0, "stop_prob": 0.9998292997479439, "sampled_number_rate": 1.0, "kl": 0.0, "kl_coef": 0.05, "value_loss": 0.0}
A decoder-only architecture is being used, but right-padding was detected! For correct generation results, please set `padding_side='left'` when initializing the tokenizer.
{"step": 187, "epoch": 1, "rows": 8, "skipped": 0, "answer_accuracy": 0.375, "updates": 4, "seconds": 2.447477102279663, "time": 1790932038.5195436, "loss": -0.7612130516350117, "confidence": 0.650703765210769, "mass": 0.9999974995919085, "hinge_active": 0.0, "stop_prob": 0.9998996779322624, "sampled_number_rate": 1.0, "kl": 0.0, "kl_coef": 0.05, "value_loss": 0.0}
A decoder-only architecture is being used, but right-padding was detected! For correct generation results, please set `padding_side='left'` when initializing the tokenizer.
{"step": 188, "epoch": 1, "rows": 8, "skipped": 0, "answer_accuracy": 0.625, "updates": 4, "seconds": 2.3601765632629395, "time": 1790932040.8803496, "loss": -0.9346839621898597, "confidence": 0.5495720837974784, "mass": 0.99999549286462, "hinge_active": 0.0, "stop_prob": 0.9997835978865623, "sampled_number_rate": 1.0, "kl": 0.0, "kl_coef": 0.05, "value_loss": 0.0}
A decoder-only architecture is being used, but right-padding was detected! For correct generation results, please set `padding_side='left'` when initializing the tokenizer.
{"step": 189, "epoch": 1, "rows": 8, "skipped": 0, "answer_accuracy": 0.5, "updates": 4, "seconds": 2.320192813873291, "time": 1790932043.2015328, "loss": -0.9265728923867335, "confidence": 0.5747612716966614, "mass": 0.9999812009256104, "hinge_active": 0.0, "stop_prob": 0.9998190253973007, "sampled_number_rate": 1.0, "kl": 0.0, "kl_coef": 0.05, "value_loss": 0.0}
A decoder-only architecture is being used, but right-padding was detected! For correct generation results, please set `padding_side='left'` when initializing the tokenizer.
{"step": 190, "epoch": 1, "rows": 8, "skipped": 0, "answer_accuracy": 0.5, "updates": 4, "seconds": 2.2915148735046387, "time": 1790932045.4939644, "loss": -0.9571890655524289, "confidence": 0.5251839896892341, "mass": 0.9999912476650729, "hinge_active": 0.0, "stop_prob": 0.9996564760804176, "sampled_number_rate": 1.0, "kl": 0.0, "kl_coef": 0.05, "value_loss": 0.0}
A decoder-only architecture is being used, but right-padding was detected! For correct generation results, please set `padding_side='left'` when initializing the tokenizer.
{"step": 191, "epoch": 1, "rows": 8, "skipped": 0, "answer_accuracy": 0.375, "updates": 4, "seconds": 2.4013748168945312, "time": 1790932047.8960671, "loss": -0.9657442863650666, "confidence": 0.3499162326384907, "mass": 0.9999884199773058, "hinge_active": 0.0, "stop_prob": 0.9986500963568687, "sampled_number_rate": 1.0, "kl": 0.0, "kl_coef": 0.05, "value_loss": 0.0}
A decoder-only architecture is being used, but right-padding was detected! For correct generation results, please set `padding_side='left'` when initializing the tokenizer.
{"step": 192, "epoch": 1, "rows": 8, "skipped": 0, "answer_accuracy": 0.625, "updates": 4, "seconds": 2.343139410018921, "time": 1790932050.239948, "loss": -0.8656802333423541, "confidence": 0.4436767612235349, "mass": 0.9999592054568791, "hinge_active": 0.0, "stop_prob": 0.9993781745433807, "sampled_number_rate": 1.0, "kl": 0.0, "kl_coef": 0.05, "value_loss": 0.0}
A decoder-only architecture is being used, but right-padding was detected! For correct generation results, please set `padding_side='left'` when initializing the tokenizer.
{"step": 193, "epoch": 1, "rows": 8, "skipped": 0, "answer_accuracy": 0.25, "updates": 4, "seconds": 2.33176326751709, "time": 1790932052.572522, "loss": -0.8918058524670456, "confidence": 0.4362351504942147, "mass": 0.9999978073381088, "hinge_active": 0.0, "stop_prob": 0.9995672255754471, "sampled_number_rate": 1.0, "kl": 0.0, "kl_coef": 0.05, "value_loss": 0.0}
A decoder-only architecture is being used, but right-padding was detected! For correct generation results, please set `padding_side='left'` when initializing the tokenizer.
{"step": 194, "epoch": 1, "rows": 7, "skipped": 1, "answer_accuracy": 0.7142857142857143, "updates": 4, "seconds": 3.5014054775238037, "time": 1790932056.074847, "loss": -0.8569781995060075, "confidence": 0.7393270633108974, "mass": 0.9997772441438015, "hinge_active": 0.0, "stop_prob": 0.9998005373137338, "sampled_number_rate": 0.9999999999999998, "kl": 0.0, "kl_coef": 0.05, "value_loss": 0.0}
A decoder-only architecture is being used, but right-padding was detected! For correct generation results, please set `padding_side='left'` when initializing the tokenizer.
{"step": 195, "epoch": 1, "rows": 8, "skipped": 0, "answer_accuracy": 0.5, "updates": 4, "seconds": 2.3809666633605957, "time": 1790932058.4564805, "loss": -0.6497890197549876, "confidence": 0.6796503249968352, "mass": 0.9976351698941818, "hinge_active": 0.0, "stop_prob": 0.9960981532931328, "sampled_number_rate": 1.0, "kl": 0.0, "kl_coef": 0.05, "value_loss": 0.0}
A decoder-only architecture is being used, but right-padding was detected! For correct generation results, please set `padding_side='left'` when initializing the tokenizer.
{"step": 196, "epoch": 1, "rows": 8, "skipped": 0, "answer_accuracy": 0.375, "updates": 4, "seconds": 2.2787489891052246, "time": 1790932060.7359376, "loss": -0.9422277789198975, "confidence": 0.26410509823711553, "mass": 0.999961754747522, "hinge_active": 0.0, "stop_prob": 0.9981641694903374, "sampled_number_rate": 1.0, "kl": 0.0, "kl_coef": 0.05, "value_loss": 0.0}
A decoder-only architecture is being used, but right-padding was detected! For correct generation results, please set `padding_side='left'` when initializing the tokenizer.
{"step": 197, "epoch": 1, "rows": 8, "skipped": 0, "answer_accuracy": 0.625, "updates": 4, "seconds": 2.4498238563537598, "time": 1790932063.1865969, "loss": -0.7998012823986269, "confidence": 0.41959003495114894, "mass": 0.9999935405450775, "hinge_active": 0.0, "stop_prob": 0.9995221868157387, "sampled_number_rate": 1.0, "kl": 0.0, "kl_coef": 0.05, "value_loss": 0.0}
A decoder-only architecture is being used, but right-padding was detected! For correct generation results, please set `padding_side='left'` when initializing the tokenizer.
{"step": 198, "epoch": 1, "rows": 8, "skipped": 0, "answer_accuracy": 0.75, "updates": 4, "seconds": 2.274266004562378, "time": 1790932065.4616785, "loss": -0.9808964632718772, "confidence": 0.709805443838599, "mass": 0.9952268567622471, "hinge_active": 0.0, "stop_prob": 0.9997250437736511, "sampled_number_rate": 1.0, "kl": 0.0, "kl_coef": 0.05, "value_loss": 0.0}
A decoder-only architecture is being used, but right-padding was detected! For correct generation results, please set `padding_side='left'` when initializing the tokenizer.
{"step": 199, "epoch": 1, "rows": 8, "skipped": 0, "answer_accuracy": 0.5, "updates": 4, "seconds": 2.2838282585144043, "time": 1790932067.7463055, "loss": -0.6114990037207394, "confidence": 0.8146439382312921, "mass": 0.999771405542745, "hinge_active": 0.0, "stop_prob": 0.9997629001736641, "sampled_number_rate": 1.0, "kl": 0.0, "kl_coef": 0.05, "value_loss": 0.0}
A decoder-only architecture is being used, but right-padding was detected! For correct generation results, please set `padding_side='left'` when initializing the tokenizer.
{"step": 200, "epoch": 1, "rows": 8, "skipped": 0, "answer_accuracy": 0.375, "updates": 4, "seconds": 2.5554871559143066, "time": 1790932070.3024168, "loss": -0.9069072187950546, "confidence": 0.4855110199058785, "mass": 0.9998783391496135, "hinge_active": 0.0, "stop_prob": 0.9995195791125298, "sampled_number_rate": 1.0, "kl": 0.0, "kl_coef": 0.05, "value_loss": 0.0}
A decoder-only architecture is being used, but right-padding was detected! For correct generation results, please set `padding_side='left'` when initializing the tokenizer.
{"step": 201, "epoch": 1, "rows": 8, "skipped": 0, "answer_accuracy": 0.25, "updates": 4, "seconds": 2.3074898719787598, "time": 1790932072.6109645, "loss": -0.7224125887783428, "confidence": 0.6670186509526193, "mass": 0.9999967753906662, "hinge_active": 0.0, "stop_prob": 0.9997445195913315, "sampled_number_rate": 1.0, "kl": 0.0, "kl_coef": 0.05, "value_loss": 0.0}
A decoder-only architecture is being used, but right-padding was detected! For correct generation results, please set `padding_side='left'` when initializing the tokenizer.
{"step": 202, "epoch": 1, "rows": 8, "skipped": 0, "answer_accuracy": 0.75, "updates": 4, "seconds": 2.3505783081054688, "time": 1790932074.962338, "loss": -0.8654443002298237, "confidence": 0.5456968743091606, "mass": 0.9999980687358432, "hinge_active": 0.0, "stop_prob": 0.9998088032007217, "sampled_number_rate": 1.0, "kl": 0.0, "kl_coef": 0.05, "value_loss": 0.0}
A decoder-only architecture is being used, but right-padding was detected! For correct generation results, please set `padding_side='left'` when initializing the tokenizer.
{"step": 203, "epoch": 1, "rows": 8, "skipped": 0, "answer_accuracy": 0.625, "updates": 4, "seconds": 2.293022871017456, "time": 1790932077.2561498, "loss": -0.7609500262025537, "confidence": 0.4310723564532825, "mass": 0.9999953615836785, "hinge_active": 0.0, "stop_prob": 0.9992129728198051, "sampled_number_rate": 1.0, "kl": 0.0, "kl_coef": 0.05, "value_loss": 0.0}
A decoder-only architecture is being used, but right-padding was detected! For correct generation results, please set `padding_side='left'` when initializing the tokenizer.
{"step": 204, "epoch": 1, "rows": 8, "skipped": 0, "answer_accuracy": 0.625, "updates": 4, "seconds": 2.270646810531616, "time": 1790932079.5277324, "loss": -0.8782525435643784, "confidence": 0.5235220259759915, "mass": 0.9999964641467507, "hinge_active": 0.0, "stop_prob": 0.9973839968442917, "sampled_number_rate": 1.0, "kl": 0.0, "kl_coef": 0.05, "value_loss": 0.0}
A decoder-only architecture is being used, but right-padding was detected! For correct generation results, please set `padding_side='left'` when initializing the tokenizer.
{"step": 205, "epoch": 1, "rows": 8, "skipped": 0, "answer_accuracy": 0.5, "updates": 4, "seconds": 2.2906618118286133, "time": 1790932081.8192885, "loss": -0.9378999137066938, "confidence": 0.41950817921699024, "mass": 0.9999970610270223, "hinge_active": 0.0, "stop_prob": 0.9978697970509529, "sampled_number_rate": 1.0, "kl": 0.0, "kl_coef": 0.05, "value_loss": 0.0}
A decoder-only architecture is being used, but right-padding was detected! For correct generation results, please set `padding_side='left'` when initializing the tokenizer.
{"step": 206, "epoch": 1, "rows": 8, "skipped": 0, "answer_accuracy": 0.75, "updates": 4, "seconds": 2.297924280166626, "time": 1790932084.1179986, "loss": -0.9121285379070485, "confidence": 0.6286900208405729, "mass": 0.9999989318063077, "hinge_active": 0.0, "stop_prob": 0.9998958483338356, "sampled_number_rate": 1.0, "kl": 0.0, "kl_coef": 0.05, "value_loss": 0.0}
A decoder-only architecture is being used, but right-padding was detected! For correct generation results, please set `padding_side='left'` when initializing the tokenizer.
{"step": 207, "epoch": 1, "rows": 8, "skipped": 0, "answer_accuracy": 0.625, "updates": 4, "seconds": 2.4086596965789795, "time": 1790932086.5275269, "loss": -0.9245708006731616, "confidence": 0.6086363157296293, "mass": 0.9999964917188333, "hinge_active": 0.0, "stop_prob": 0.9994625598192215, "sampled_number_rate": 1.0, "kl": 0.0, "kl_coef": 0.05, "value_loss": 0.0}
A decoder-only architecture is being used, but right-padding was detected! For correct generation results, please set `padding_side='left'` when initializing the tokenizer.
{"step": 208, "epoch": 1, "rows": 8, "skipped": 0, "answer_accuracy": 0.25, "updates": 4, "seconds": 2.9059386253356934, "time": 1790932089.4343035, "loss": -0.9122896875449963, "confidence": 0.3622811668597928, "mass": 0.9999973620531517, "hinge_active": 0.0, "stop_prob": 0.9992034807801247, "sampled_number_rate": 1.0, "kl": 0.0, "kl_coef": 0.05, "value_loss": 0.0}
A decoder-only architecture is being used, but right-padding was detected! For correct generation results, please set `padding_side='left'` when initializing the tokenizer.
{"step": 209, "epoch": 1, "rows": 8, "skipped": 0, "answer_accuracy": 0.375, "updates": 4, "seconds": 2.2285046577453613, "time": 1790932091.6636832, "loss": -0.8263065428347839, "confidence": 0.5572249224196332, "mass": 0.999996927172835, "hinge_active": 0.0, "stop_prob": 0.9994763880968094, "sampled_number_rate": 1.0, "kl": 0.0, "kl_coef": 0.05, "value_loss": 0.0}
A decoder-only architecture is being used, but right-padding was detected! For correct generation results, please set `padding_side='left'` when initializing the tokenizer.
{"step": 210, "epoch": 1, "rows": 8, "skipped": 0, "answer_accuracy": 0.625, "updates": 4, "seconds": 2.338963270187378, "time": 1790932094.0033538, "loss": -0.9108069988302464, "confidence": 0.5959756466883142, "mass": 0.9999984212350943, "hinge_active": 0.0, "stop_prob": 0.9998231753706932, "sampled_number_rate": 1.0, "kl": 0.0, "kl_coef": 0.05, "value_loss": 0.0}
A decoder-only architecture is being used, but right-padding was detected! For correct generation results, please set `padding_side='left'` when initializing the tokenizer.
{"step": 211, "epoch": 1, "rows": 8, "skipped": 0, "answer_accuracy": 0.5, "updates": 4, "seconds": 2.3965954780578613, "time": 1790932096.4007516, "loss": -0.9039573042643209, "confidence": 0.5393171540246896, "mass": 0.9999977518854821, "hinge_active": 0.0, "stop_prob": 0.9988305643200874, "sampled_number_rate": 1.0, "kl": 0.0, "kl_coef": 0.05, "value_loss": 0.0}
A decoder-only architecture is being used, but right-padding was detected! For correct generation results, please set `padding_side='left'` when initializing the tokenizer.
{"step": 212, "epoch": 1, "rows": 8, "skipped": 0, "answer_accuracy": 0.625, "updates": 4, "seconds": 2.36921763420105, "time": 1790932098.7808514, "loss": -0.9394438972855909, "confidence": 0.5278727022336824, "mass": 0.9999985639871575, "hinge_active": 0.0, "stop_prob": 0.9993574470281601, "sampled_number_rate": 1.0, "kl": 0.0, "kl_coef": 0.05, "value_loss": 0.0}
A decoder-only architecture is being used, but right-padding was detected! For correct generation results, please set `padding_side='left'` when initializing the tokenizer.
{"step": 213, "epoch": 1, "rows": 8, "skipped": 0, "answer_accuracy": 0.5, "updates": 4, "seconds": 3.1477549076080322, "time": 1790932101.9299948, "loss": -0.7986583587394237, "confidence": 0.7210918461400244, "mass": 0.9999973779951563, "hinge_active": 0.0, "stop_prob": 0.9996571093797684, "sampled_number_rate": 1.0, "kl": 0.0, "kl_coef": 0.05, "value_loss": 0.0}
A decoder-only architecture is being used, but right-padding was detected! For correct generation results, please set `padding_side='left'` when initializing the tokenizer.
{"step": 214, "epoch": 1, "rows": 8, "skipped": 0, "answer_accuracy": 0.5, "updates": 4, "seconds": 2.356593370437622, "time": 1790932104.2891893, "loss": -0.9529143375334879, "confidence": 0.41777546243749836, "mass": 0.9999956566002131, "hinge_active": 0.0, "stop_prob": 0.9969189316034317, "sampled_number_rate": 1.0, "kl": 0.0, "kl_coef": 0.05, "value_loss": 0.0}
A decoder-only architecture is being used, but right-padding was detected! For correct generation results, please set `padding_side='left'` when initializing the tokenizer.
{"step": 215, "epoch": 1, "rows": 8, "skipped": 0, "answer_accuracy": 0.375, "updates": 4, "seconds": 2.3821825981140137, "time": 1790932106.6729262, "loss": -0.7661413323905439, "confidence": 0.3457853937233236, "mass": 0.9999986819782116, "hinge_active": 0.0, "stop_prob": 0.9998446404933929, "sampled_number_rate": 1.0, "kl": 0.0, "kl_coef": 0.05, "value_loss": 0.0}
A decoder-only architecture is being used, but right-padding was detected! For correct generation results, please set `padding_side='left'` when initializing the tokenizer.
{"step": 216, "epoch": 1, "rows": 8, "skipped": 0, "answer_accuracy": 0.5, "updates": 4, "seconds": 2.327594518661499, "time": 1790932109.0014374, "loss": -0.9268542517506371, "confidence": 0.4827560261923779, "mass": 0.9999976402488524, "hinge_active": 0.0, "stop_prob": 0.9994241893291473, "sampled_number_rate": 1.0, "kl": 0.0, "kl_coef": 0.05, "value_loss": 0.0}
A decoder-only architecture is being used, but right-padding was detected! For correct generation results, please set `padding_side='left'` when initializing the tokenizer.
{"step": 217, "epoch": 1, "rows": 8, "skipped": 0, "answer_accuracy": 0.375, "updates": 4, "seconds": 2.4380476474761963, "time": 1790932111.4416535, "loss": -0.8718345259873317, "confidence": 0.5403222312389695, "mass": 0.9999989602278354, "hinge_active": 0.0, "stop_prob": 0.999915137887001, "sampled_number_rate": 1.0, "kl": 0.0, "kl_coef": 0.05, "value_loss": 0.0}
A decoder-only architecture is being used, but right-padding was detected! For correct generation results, please set `padding_side='left'` when initializing the tokenizer.
{"step": 218, "epoch": 1, "rows": 8, "skipped": 0, "answer_accuracy": 0.5, "updates": 4, "seconds": 2.766495704650879, "time": 1790932114.210564, "loss": -0.8561676387281807, "confidence": 0.36884602379017967, "mass": 0.9999976437672173, "hinge_active": 0.0, "stop_prob": 0.9993835240602493, "sampled_number_rate": 1.0, "kl": 0.0, "kl_coef": 0.05, "value_loss": 0.0}
A decoder-only architecture is being used, but right-padding was detected! For correct generation results, please set `padding_side='left'` when initializing the tokenizer.
{"step": 219, "epoch": 1, "rows": 8, "skipped": 0, "answer_accuracy": 0.625, "updates": 4, "seconds": 2.2571847438812256, "time": 1790932116.471595, "loss": -0.8743647426522384, "confidence": 0.4147409358842479, "mass": 0.9999962361820943, "hinge_active": 0.0, "stop_prob": 0.9942194446921349, "sampled_number_rate": 1.0, "kl": 0.0, "kl_coef": 0.05, "value_loss": 0.0}
A decoder-only architecture is being used, but right-padding was detected! For correct generation results, please set `padding_side='left'` when initializing the tokenizer.
{"step": 220, "epoch": 1, "rows": 8, "skipped": 0, "answer_accuracy": 0.5, "updates": 4, "seconds": 2.5457379817962646, "time": 1790932119.0182426, "loss": -0.7643535593101849, "confidence": 0.36065312684153267, "mass": 0.9999988558744966, "hinge_active": 0.0, "stop_prob": 0.999617449939251, "sampled_number_rate": 1.0, "kl": 0.0, "kl_coef": 0.05, "value_loss": 0.0}
A decoder-only architecture is being used, but right-padding was detected! For correct generation results, please set `padding_side='left'` when initializing the tokenizer.
{"step": 221, "epoch": 1, "rows": 8, "skipped": 0, "answer_accuracy": 0.25, "updates": 4, "seconds": 2.4392380714416504, "time": 1790932121.4582615, "loss": -0.8560191815016286, "confidence": 0.48569687710067944, "mass": 0.9999973715321503, "hinge_active": 0.0, "stop_prob": 0.9987834692001343, "sampled_number_rate": 1.0, "kl": 0.0, "kl_coef": 0.05, "value_loss": 0.0}
A decoder-only architecture is being used, but right-padding was detected! For correct generation results, please set `padding_side='left'` when initializing the tokenizer.
{"step": 222, "epoch": 1, "rows": 8, "skipped": 0, "answer_accuracy": 0.375, "updates": 4, "seconds": 2.387932777404785, "time": 1790932123.8470223, "loss": -0.8805887820695063, "confidence": 0.4458359689510553, "mass": 0.9999974950554554, "hinge_active": 0.0, "stop_prob": 0.9991616159677505, "sampled_number_rate": 1.0, "kl": 0.0, "kl_coef": 0.05, "value_loss": 0.0}
A decoder-only architecture is being used, but right-padding was detected! For correct generation results, please set `padding_side='left'` when initializing the tokenizer.
{"step": 223, "epoch": 1, "rows": 8, "skipped": 0, "answer_accuracy": 0.375, "updates": 4, "seconds": 2.811028003692627, "time": 1790932126.6605346, "loss": -0.8599065421816398, "confidence": 0.3373636395664575, "mass": 0.999998639816428, "hinge_active": 0.0, "stop_prob": 0.9998044371604919, "sampled_number_rate": 1.0, "kl": 0.0, "kl_coef": 0.05, "value_loss": 0.0}
A decoder-only architecture is being used, but right-padding was detected! For correct generation results, please set `padding_side='left'` when initializing the tokenizer.
{"step": 224, "epoch": 1, "rows": 8, "skipped": 0, "answer_accuracy": 0.5, "updates": 4, "seconds": 2.5424587726593018, "time": 1790932129.2038445, "loss": -0.9587577833320292, "confidence": 0.3787509631836779, "mass": 0.9999966942668047, "hinge_active": 0.0, "stop_prob": 0.9968922212719917, "sampled_number_rate": 1.0, "kl": 0.0, "kl_coef": 0.05, "value_loss": 0.0}
A decoder-only architecture is being used, but right-padding was detected! For correct generation results, please set `padding_side='left'` when initializing the tokenizer.
{"step": 225, "epoch": 1, "rows": 8, "skipped": 0, "answer_accuracy": 0.5, "updates": 4, "seconds": 2.4564173221588135, "time": 1790932131.662418, "loss": -0.9381785778858818, "confidence": 0.45813786943361534, "mass": 0.9999967364113567, "hinge_active": 0.0, "stop_prob": 0.9996262192726135, "sampled_number_rate": 1.0, "kl": 0.0, "kl_coef": 0.05, "value_loss": 0.0}
A decoder-only architecture is being used, but right-padding was detected! For correct generation results, please set `padding_side='left'` when initializing the tokenizer.
{"step": 226, "epoch": 1, "rows": 8, "skipped": 0, "answer_accuracy": 0.625, "updates": 4, "seconds": 2.389288902282715, "time": 1790932134.052559, "loss": -0.8567929222158157, "confidence": 0.5111619064526476, "mass": 0.9999964655242208, "hinge_active": 0.0, "stop_prob": 0.9983829408884048, "sampled_number_rate": 1.0, "kl": 0.0, "kl_coef": 0.05, "value_loss": 0.0}
A decoder-only architecture is being used, but right-padding was detected! For correct generation results, please set `padding_side='left'` when initializing the tokenizer.
{"step": 227, "epoch": 1, "rows": 8, "skipped": 0, "answer_accuracy": 0.625, "updates": 4, "seconds": 2.376852512359619, "time": 1790932136.4304752, "loss": -0.908726399714798, "confidence": 0.5583132253406412, "mass": 0.9999984036563858, "hinge_active": 0.0, "stop_prob": 0.9998917356133461, "sampled_number_rate": 1.0, "kl": 0.0, "kl_coef": 0.05, "value_loss": 0.0}
A decoder-only architecture is being used, but right-padding was detected! For correct generation results, please set `padding_side='left'` when initializing the tokenizer.
{"step": 228, "epoch": 1, "rows": 8, "skipped": 0, "answer_accuracy": 0.375, "updates": 4, "seconds": 2.3363051414489746, "time": 1790932138.7681637, "loss": -0.973001965079684, "confidence": 0.3622344569165517, "mass": 0.9999924788543711, "hinge_active": 0.0, "stop_prob": 0.9971198737621307, "sampled_number_rate": 1.0, "kl": 0.0, "kl_coef": 0.05, "value_loss": 0.0}
A decoder-only architecture is being used, but right-padding was detected! For correct generation results, please set `padding_side='left'` when initializing the tokenizer.
{"step": 229, "epoch": 1, "rows": 8, "skipped": 0, "answer_accuracy": 0.5, "updates": 4, "seconds": 2.2435765266418457, "time": 1790932141.0125597, "loss": -0.8832845760930821, "confidence": 0.4861633315481519, "mass": 0.9999973924839611, "hinge_active": 0.0, "stop_prob": 0.9987683743238449, "sampled_number_rate": 1.0, "kl": 0.0, "kl_coef": 0.05, "value_loss": 0.0}
A decoder-only architecture is being used, but right-padding was detected! For correct generation results, please set `padding_side='left'` when initializing the tokenizer.
{"step": 230, "epoch": 1, "rows": 8, "skipped": 0, "answer_accuracy": 0.5, "updates": 4, "seconds": 2.474677324295044, "time": 1790932143.4881015, "loss": -0.9144121771717615, "confidence": 0.49613208210672993, "mass": 0.9999991974760034, "hinge_active": 0.0, "stop_prob": 0.9997866824269295, "sampled_number_rate": 1.0, "kl": 0.0, "kl_coef": 0.05, "value_loss": 0.0}
A decoder-only architecture is being used, but right-padding was detected! For correct generation results, please set `padding_side='left'` when initializing the tokenizer.
{"step": 231, "epoch": 1, "rows": 8, "skipped": 0, "answer_accuracy": 0.5, "updates": 4, "seconds": 2.230389356613159, "time": 1790932145.7250004, "loss": -0.8633250763351026, "confidence": 0.5386384256695987, "mass": 0.9999982361003528, "hinge_active": 0.0, "stop_prob": 0.9993003234267235, "sampled_number_rate": 1.0, "kl": 0.0, "kl_coef": 0.05, "value_loss": 0.0}
A decoder-only architecture is being used, but right-padding was detected! For correct generation results, please set `padding_side='left'` when initializing the tokenizer.
{"step": 232, "epoch": 1, "rows": 8, "skipped": 0, "answer_accuracy": 0.875, "updates": 4, "seconds": 2.289330005645752, "time": 1790932148.014938, "loss": -0.8539406862907883, "confidence": 0.594701410007641, "mass": 0.9999979747648557, "hinge_active": 0.0, "stop_prob": 0.9995892196893692, "sampled_number_rate": 1.0, "kl": 0.0, "kl_coef": 0.05, "value_loss": 0.0}
A decoder-only architecture is being used, but right-padding was detected! For correct generation results, please set `padding_side='left'` when initializing the tokenizer.
{"step": 233, "epoch": 1, "rows": 8, "skipped": 0, "answer_accuracy": 0.25, "updates": 4, "seconds": 2.3861465454101562, "time": 1790932150.4018307, "loss": -0.8648164699153628, "confidence": 0.47708968685705716, "mass": 0.9999979980961943, "hinge_active": 0.0, "stop_prob": 0.9993234872817993, "sampled_number_rate": 1.0, "kl": 0.0, "kl_coef": 0.05, "value_loss": 0.0}
A decoder-only architecture is being used, but right-padding was detected! For correct generation results, please set `padding_side='left'` when initializing the tokenizer.
{"step": 234, "epoch": 1, "rows": 8, "skipped": 0, "answer_accuracy": 0.5, "updates": 4, "seconds": 2.3296031951904297, "time": 1790932152.732245, "loss": -0.6483502629175478, "confidence": 0.27317720822326896, "mass": 0.999997794891177, "hinge_active": 0.0, "stop_prob": 0.9994053915143013, "sampled_number_rate": 1.0, "kl": 0.0, "kl_coef": 0.05, "value_loss": 0.0}
A decoder-only architecture is being used, but right-padding was detected! For correct generation results, please set `padding_side='left'` when initializing the tokenizer.
{"step": 235, "epoch": 1, "rows": 8, "skipped": 0, "answer_accuracy": 0.375, "updates": 4, "seconds": 2.56168270111084, "time": 1790932155.3160264, "loss": -0.8194673232998086, "confidence": 0.5339612280693217, "mass": 0.9999972153982992, "hinge_active": 0.0, "stop_prob": 0.998516209423542, "sampled_number_rate": 1.0, "kl": 0.0, "kl_coef": 0.05, "value_loss": 0.0}
A decoder-only architecture is being used, but right-padding was detected! For correct generation results, please set `padding_side='left'` when initializing the tokenizer.
{"step": 236, "epoch": 1, "rows": 8, "skipped": 0, "answer_accuracy": 0.25, "updates": 4, "seconds": 5.235792636871338, "time": 1790932160.552671, "loss": -0.9286779740163089, "confidence": 0.2998066445191122, "mass": 0.9999979138035039, "hinge_active": 0.0, "stop_prob": 0.9997930452227592, "sampled_number_rate": 1.0, "kl": 0.0, "kl_coef": 0.05, "value_loss": 0.0}
A decoder-only architecture is being used, but right-padding was detected! For correct generation results, please set `padding_side='left'` when initializing the tokenizer.
{"step": 237, "epoch": 1, "rows": 8, "skipped": 0, "answer_accuracy": 0.125, "updates": 4, "seconds": 2.502035617828369, "time": 1790932163.0560234, "loss": -0.9337188505604225, "confidence": 0.26968633860250907, "mass": 0.9999948520585058, "hinge_active": 0.0, "stop_prob": 0.9994633868336678, "sampled_number_rate": 1.0, "kl": 0.0, "kl_coef": 0.05, "value_loss": 0.0}
A decoder-only architecture is being used, but right-padding was detected! For correct generation results, please set `padding_side='left'` when initializing the tokenizer.
{"step": 238, "epoch": 1, "rows": 8, "skipped": 0, "answer_accuracy": 0.5, "updates": 4, "seconds": 2.122138023376465, "time": 1790932165.1790695, "loss": -0.8974620644874215, "confidence": 0.47741117870924693, "mass": 0.9999987895918088, "hinge_active": 0.0, "stop_prob": 0.9999593868851662, "sampled_number_rate": 1.0, "kl": 0.0, "kl_coef": 0.05, "value_loss": 0.0}
A decoder-only architecture is being used, but right-padding was detected! For correct generation results, please set `padding_side='left'` when initializing the tokenizer.
{"step": 239, "epoch": 1, "rows": 8, "skipped": 0, "answer_accuracy": 0.5, "updates": 4, "seconds": 2.6088242530822754, "time": 1790932167.7889304, "loss": -0.8467922074741231, "confidence": 0.2960350280939532, "mass": 0.9999984295294673, "hinge_active": 0.0, "stop_prob": 0.9998082667589188, "sampled_number_rate": 1.0, "kl": 0.0, "kl_coef": 0.05, "value_loss": 0.0}
A decoder-only architecture is being used, but right-padding was detected! For correct generation results, please set `padding_side='left'` when initializing the tokenizer.
{"step": 240, "epoch": 1, "rows": 8, "skipped": 0, "answer_accuracy": 0.75, "updates": 4, "seconds": 2.3563766479492188, "time": 1790932170.1461802, "loss": -0.6688071624334573, "confidence": 0.430860743639273, "mass": 0.9999977204350934, "hinge_active": 0.0, "stop_prob": 0.999825157225132, "sampled_number_rate": 1.0, "kl": 0.0, "kl_coef": 0.05, "value_loss": 0.0}
A decoder-only architecture is being used, but right-padding was detected! For correct generation results, please set `padding_side='left'` when initializing the tokenizer.
{"step": 241, "epoch": 1, "rows": 8, "skipped": 0, "answer_accuracy": 0.5, "updates": 4, "seconds": 2.394716501235962, "time": 1790932172.5438776, "loss": -0.9214707310994977, "confidence": 0.41488513598855237, "mass": 0.9999982880824901, "hinge_active": 0.0, "stop_prob": 0.9997429698705673, "sampled_number_rate": 1.0, "kl": 0.0, "kl_coef": 0.05, "value_loss": 0.0}
A decoder-only architecture is being used, but right-padding was detected! For correct generation results, please set `padding_side='left'` when initializing the tokenizer.
{"step": 242, "epoch": 1, "rows": 8, "skipped": 0, "answer_accuracy": 0.5, "updates": 4, "seconds": 2.8119025230407715, "time": 1790932175.3572705, "loss": -0.9294280882142988, "confidence": 0.5367564968874168, "mass": 0.9999927620692388, "hinge_active": 0.0, "stop_prob": 0.9987865164875984, "sampled_number_rate": 1.0, "kl": 0.0, "kl_coef": 0.05, "value_loss": 0.0}
A decoder-only architecture is being used, but right-padding was detected! For correct generation results, please set `padding_side='left'` when initializing the tokenizer.
{"step": 243, "epoch": 1, "rows": 8, "skipped": 0, "answer_accuracy": 0.375, "updates": 4, "seconds": 2.5125272274017334, "time": 1790932177.8705301, "loss": -0.8185278026407237, "confidence": 0.4535836032440807, "mass": 0.9999957640783985, "hinge_active": 0.0, "stop_prob": 0.9996371641755104, "sampled_number_rate": 1.0, "kl": 0.0, "kl_coef": 0.05, "value_loss": 0.0}
A decoder-only architecture is being used, but right-padding was detected! For correct generation results, please set `padding_side='left'` when initializing the tokenizer.
{"step": 244, "epoch": 1, "rows": 8, "skipped": 0, "answer_accuracy": 0.5, "updates": 4, "seconds": 2.4931092262268066, "time": 1790932180.3670795, "loss": -0.8568327304832951, "confidence": 0.6062392026695651, "mass": 0.9999964846573954, "hinge_active": 0.0, "stop_prob": 0.9998182281851768, "sampled_number_rate": 1.0, "kl": 0.0, "kl_coef": 0.05, "value_loss": 0.0}
A decoder-only architecture is being used, but right-padding was detected! For correct generation results, please set `padding_side='left'` when initializing the tokenizer.
{"step": 245, "epoch": 1, "rows": 8, "skipped": 0, "answer_accuracy": 0.25, "updates": 4, "seconds": 2.4259653091430664, "time": 1790932182.7941382, "loss": -0.923399900601433, "confidence": 0.36640252257766964, "mass": 0.9999970690650613, "hinge_active": 0.0, "stop_prob": 0.9995331093668938, "sampled_number_rate": 1.0, "kl": 0.0, "kl_coef": 0.05, "value_loss": 0.0}
A decoder-only architecture is being used, but right-padding was detected! For correct generation results, please set `padding_side='left'` when initializing the tokenizer.
{"step": 246, "epoch": 1, "rows": 8, "skipped": 0, "answer_accuracy": 0.5, "updates": 4, "seconds": 2.3910746574401855, "time": 1790932185.186089, "loss": -0.8348346310217059, "confidence": 0.5061820272340052, "mass": 0.9999977360442543, "hinge_active": 0.0, "stop_prob": 0.9998664408922195, "sampled_number_rate": 1.0, "kl": 0.0, "kl_coef": 0.05, "value_loss": 0.0}
A decoder-only architecture is being used, but right-padding was detected! For correct generation results, please set `padding_side='left'` when initializing the tokenizer.
{"step": 247, "epoch": 1, "rows": 8, "skipped": 0, "answer_accuracy": 0.625, "updates": 4, "seconds": 2.6280415058135986, "time": 1790932187.8148997, "loss": -0.8634360149610434, "confidence": 0.5189466940590315, "mass": 0.9999983069671818, "hinge_active": 0.0, "stop_prob": 0.9996575117111206, "sampled_number_rate": 1.0, "kl": 0.0, "kl_coef": 0.05, "value_loss": 0.0}
A decoder-only architecture is being used, but right-padding was detected! For correct generation results, please set `padding_side='left'` when initializing the tokenizer.
{"step": 248, "epoch": 1, "rows": 8, "skipped": 0, "answer_accuracy": 0.5, "updates": 4, "seconds": 2.3393118381500244, "time": 1790932190.1551554, "loss": -0.8016902049633474, "confidence": 0.5345868061796969, "mass": 0.9999974741591102, "hinge_active": 0.0, "stop_prob": 0.9998869746923447, "sampled_number_rate": 1.0, "kl": 0.0, "kl_coef": 0.05, "value_loss": 0.0}
A decoder-only architecture is being used, but right-padding was detected! For correct generation results, please set `padding_side='left'` when initializing the tokenizer.
{"step": 249, "epoch": 1, "rows": 8, "skipped": 0, "answer_accuracy": 0.5, "updates": 4, "seconds": 2.6229584217071533, "time": 1790932192.7801585, "loss": -0.9227495002596229, "confidence": 0.4304344168889354, "mass": 0.9999977019781543, "hinge_active": 0.0, "stop_prob": 0.9999324381351471, "sampled_number_rate": 1.0, "kl": 0.0, "kl_coef": 0.05, "value_loss": 0.0}
A decoder-only architecture is being used, but right-padding was detected! For correct generation results, please set `padding_side='left'` when initializing the tokenizer.
{"step": 250, "epoch": 1, "rows": 8, "skipped": 0, "answer_accuracy": 0.25, "updates": 4, "seconds": 2.3784565925598145, "time": 1790932195.1596136, "loss": -0.9098689545069902, "confidence": 0.42311187995072563, "mass": 0.9999975605198128, "hinge_active": 0.0, "stop_prob": 0.9998785555362701, "sampled_number_rate": 1.0, "kl": 0.0, "kl_coef": 0.05, "value_loss": 0.0}
A decoder-only architecture is being used, but right-padding was detected! For correct generation results, please set `padding_side='left'` when initializing the tokenizer.
{"step": 251, "epoch": 1, "rows": 8, "skipped": 0, "answer_accuracy": 0.375, "updates": 4, "seconds": 2.390258550643921, "time": 1790932197.5507882, "loss": -0.8374605812635079, "confidence": 0.5264893243963463, "mass": 0.9999968810778754, "hinge_active": 0.0, "stop_prob": 0.9998831823468208, "sampled_number_rate": 1.0, "kl": 0.0, "kl_coef": 0.05, "value_loss": 0.0}
A decoder-only architecture is being used, but right-padding was detected! For correct generation results, please set `padding_side='left'` when initializing the tokenizer.
{"step": 252, "epoch": 1, "rows": 8, "skipped": 0, "answer_accuracy": 0.5, "updates": 4, "seconds": 2.5401782989501953, "time": 1790932200.096007, "loss": -0.8538832910534421, "confidence": 0.558275259586168, "mass": 0.9999946618338128, "hinge_active": 0.0, "stop_prob": 0.9999014213681221, "sampled_number_rate": 1.0, "kl": 0.0, "kl_coef": 0.05, "value_loss": 0.0}
A decoder-only architecture is being used, but right-padding was detected! For correct generation results, please set `padding_side='left'` when initializing the tokenizer.
{"step": 253, "epoch": 1, "rows": 8, "skipped": 0, "answer_accuracy": 0.125, "updates": 4, "seconds": 2.511640787124634, "time": 1790932202.608542, "loss": -0.8986562062457627, "confidence": 0.34836433718996185, "mass": 0.9999935460536412, "hinge_active": 0.0, "stop_prob": 0.9996952041983604, "sampled_number_rate": 1.0, "kl": 0.0, "kl_coef": 0.05, "value_loss": 0.0}
A decoder-only architecture is being used, but right-padding was detected! For correct generation results, please set `padding_side='left'` when initializing the tokenizer.
{"step": 254, "epoch": 1, "rows": 8, "skipped": 0, "answer_accuracy": 0.75, "updates": 4, "seconds": 2.564281702041626, "time": 1790932205.1735826, "loss": -0.7279347891405006, "confidence": 0.34554660903166057, "mass": 0.9999925741867441, "hinge_active": 0.0, "stop_prob": 0.99979168176651, "sampled_number_rate": 1.0, "kl": 0.0, "kl_coef": 0.05, "value_loss": 0.0}
A decoder-only architecture is being used, but right-padding was detected! For correct generation results, please set `padding_side='left'` when initializing the tokenizer.
{"step": 255, "epoch": 1, "rows": 8, "skipped": 0, "answer_accuracy": 0.75, "updates": 4, "seconds": 2.3991711139678955, "time": 1790932207.5741007, "loss": -0.7802344253732653, "confidence": 0.3738022315636831, "mass": 0.9999963830574343, "hinge_active": 0.0, "stop_prob": 0.9999461695551872, "sampled_number_rate": 1.0, "kl": 0.0, "kl_coef": 0.05, "value_loss": 0.0}
A decoder-only architecture is being used, but right-padding was detected! For correct generation results, please set `padding_side='left'` when initializing the tokenizer.
{"step": 256, "epoch": 1, "rows": 8, "skipped": 0, "answer_accuracy": 0.375, "updates": 4, "seconds": 2.3480355739593506, "time": 1790932209.9236257, "loss": -0.9431170421634792, "confidence": 0.32287445268792603, "mass": 0.9999954038832386, "hinge_active": 0.0, "stop_prob": 0.9998539611697197, "sampled_number_rate": 1.0, "kl": 0.0, "kl_coef": 0.05, "value_loss": 0.0, "save_seconds": 0.5714633464813232}
