🦥 Unsloth: Will patch your computer to enable 2x faster free finetuning.
🦥 Unsloth Zoo will now patch everything to make training faster!
==((====))==  Unsloth 2025.1.5: Fast Llama patching. Transformers: 4.48.0.
   \\   /|    GPU: NVIDIA L40S. Max memory: 44.392 GB. Platform: Linux.
O^O/ \_/ \    Torch: 2.5.1+cu124. CUDA: 8.9. CUDA Toolkit: 12.4. Triton: 3.1.0
\        /    Bfloat16 = TRUE. FA [Xformers = 0.0.29.post1. FA2 = False]
 "-____-"     Free Apache license: http://github.com/unslothai/unsloth
Unsloth: Fast downloading is enabled - ignore downloading bars which are red colored!
Unsloth 2025.1.5 patched 32 layers with 32 QKV layers, 32 O layers and 32 MLP layers.
{"step": 1, "epoch": 0, "rows": 8, "skipped": 0, "answer_accuracy": 0.875, "updates": 8, "seconds": 14.818876504898071, "time": 1790893120.2023358, "loss": -10.949182212046136, "confidence": 0.9310069467392588, "mass": 0.999996978084483, "hinge_active": 0.0, "stop_prob": 0.9998186603188515, "sampled_number_rate": 1.0, "kl": 0.00014631931709196868, "kl_coef": 0.05}
A decoder-only architecture is being used, but right-padding was detected! For correct generation results, please set `padding_side='left'` when initializing the tokenizer.
{"step": 2, "epoch": 0, "rows": 8, "skipped": 0, "answer_accuracy": 0.625, "updates": 8, "seconds": 10.329705715179443, "time": 1790893130.5331163, "loss": -7.809125491066466, "confidence": 0.8539815731677525, "mass": 0.999987973491637, "hinge_active": 0.0, "stop_prob": 0.9957726523280144, "sampled_number_rate": 1.0, "kl": 0.0027538012728244333, "kl_coef": 0.049992}
A decoder-only architecture is being used, but right-padding was detected! For correct generation results, please set `padding_side='left'` when initializing the tokenizer.
{"step": 3, "epoch": 0, "rows": 8, "skipped": 0, "answer_accuracy": 0.625, "updates": 8, "seconds": 10.056900978088379, "time": 1790893140.5909631, "loss": -6.6829512438217815, "confidence": 0.9651034287450521, "mass": 0.9999955840850376, "hinge_active": 0.0, "stop_prob": 0.9997957274317741, "sampled_number_rate": 1.0, "kl": 0.04869409047052999, "kl_coef": 0.04998400128}
A decoder-only architecture is being used, but right-padding was detected! For correct generation results, please set `padding_side='left'` when initializing the tokenizer.
{"step": 4, "epoch": 0, "rows": 8, "skipped": 0, "answer_accuracy": 0.5, "updates": 8, "seconds": 16.025942087173462, "time": 1790893156.6176674, "loss": -2.208694710735633, "confidence": 0.8965143915205538, "mass": 0.8749978852784401, "hinge_active": 0.125, "stop_prob": 0.9998142208371844, "sampled_number_rate": 0.875, "kl": 0.43180907546667047, "kl_coef": 0.0499760038397952}
A decoder-only architecture is being used, but right-padding was detected! For correct generation results, please set `padding_side='left'` when initializing the tokenizer.
{"step": 5, "epoch": 0, "rows": 8, "skipped": 0, "answer_accuracy": 0.375, "updates": 8, "seconds": 15.71368670463562, "time": 1790893172.3324535, "loss": -2.8969904670053723, "confidence": 0.8353918330075505, "mass": 0.8749986152222977, "hinge_active": 0.125, "stop_prob": 0.9997778875487191, "sampled_number_rate": 0.875, "kl": 1.343598255670982, "kl_coef": 0.049968007679180824}
A decoder-only architecture is being used, but right-padding was detected! For correct generation results, please set `padding_side='left'` when initializing the tokenizer.
{"step": 6, "epoch": 0, "rows": 8, "skipped": 0, "answer_accuracy": 0.75, "updates": 8, "seconds": 9.818770408630371, "time": 1790893182.1520836, "loss": -9.898124311823162, "confidence": 0.8200157027709575, "mass": 0.9999988321815432, "hinge_active": 0.0, "stop_prob": 0.9998603835701942, "sampled_number_rate": 1.0, "kl": 1.9193907505176702, "kl_coef": 0.049960012797952154}
A decoder-only architecture is being used, but right-padding was detected! For correct generation results, please set `padding_side='left'` when initializing the tokenizer.
{"step": 7, "epoch": 0, "rows": 8, "skipped": 0, "answer_accuracy": 0.25, "updates": 8, "seconds": 15.495197057723999, "time": 1790893197.6481082, "loss": 2.1984751279544548, "confidence": 0.8066389070931932, "mass": 0.7499991595598241, "hinge_active": 0.25, "stop_prob": 0.9995135466257731, "sampled_number_rate": 0.75, "kl": 1.9473798375083136, "kl_coef": 0.04995201919590448}
A decoder-only architecture is being used, but right-padding was detected! For correct generation results, please set `padding_side='left'` when initializing the tokenizer.
{"step": 8, "epoch": 0, "rows": 8, "skipped": 0, "answer_accuracy": 0.75, "updates": 8, "seconds": 9.625371217727661, "time": 1790893207.274594, "loss": -10.201530561526747, "confidence": 0.7991291225793637, "mass": 0.9999987964196945, "hinge_active": 0.0, "stop_prob": 0.9996800497174263, "sampled_number_rate": 1.0, "kl": 3.4267812236583532, "kl_coef": 0.049944026872833135}
A decoder-only architecture is being used, but right-padding was detected! For correct generation results, please set `padding_side='left'` when initializing the tokenizer.
{"step": 9, "epoch": 0, "rows": 8, "skipped": 0, "answer_accuracy": 0.375, "updates": 8, "seconds": 15.522227048873901, "time": 1790893222.797614, "loss": 1.1296558716971943, "confidence": 0.7800689321457701, "mass": 0.7499994838098399, "hinge_active": 0.25, "stop_prob": 0.9998884399731954, "sampled_number_rate": 0.75, "kl": 2.2398513781544707, "kl_coef": 0.04993603582853348}
A decoder-only architecture is being used, but right-padding was detected! For correct generation results, please set `padding_side='left'` when initializing the tokenizer.
{"step": 10, "epoch": 0, "rows": 8, "skipped": 0, "answer_accuracy": 0.25, "updates": 8, "seconds": 15.643086194992065, "time": 1790893238.441472, "loss": -2.695301858342034, "confidence": 0.7728909730929612, "mass": 0.8749990448898638, "hinge_active": 0.125, "stop_prob": 0.9997847505978176, "sampled_number_rate": 0.875, "kl": 2.7077374466250843, "kl_coef": 0.049928046062800914}
A decoder-only architecture is being used, but right-padding was detected! For correct generation results, please set `padding_side='left'` when initializing the tokenizer.
{"step": 11, "epoch": 0, "rows": 8, "skipped": 0, "answer_accuracy": 0.125, "updates": 8, "seconds": 9.671367168426514, "time": 1790893248.1136534, "loss": -6.488763145452538, "confidence": 0.749276023216952, "mass": 0.999998932937192, "hinge_active": 0.0, "stop_prob": 0.9998963996767998, "sampled_number_rate": 1.0, "kl": 3.765910799423819, "kl_coef": 0.049920057575430866}
A decoder-only architecture is being used, but right-padding was detected! For correct generation results, please set `padding_side='left'` when initializing the tokenizer.
{"step": 12, "epoch": 0, "rows": 8, "skipped": 0, "answer_accuracy": 0.875, "updates": 8, "seconds": 9.759997844696045, "time": 1790893257.8746946, "loss": -10.825675569128945, "confidence": 0.7338532389557031, "mass": 0.9999993884347788, "hinge_active": 0.0, "stop_prob": 0.9999077022075653, "sampled_number_rate": 1.0, "kl": 4.735044379612064, "kl_coef": 0.049912070366218794}
A decoder-only architecture is being used, but right-padding was detected! For correct generation results, please set `padding_side='left'` when initializing the tokenizer.
{"step": 13, "epoch": 0, "rows": 8, "skipped": 0, "answer_accuracy": 0.375, "updates": 8, "seconds": 10.099381923675537, "time": 1790893267.9747353, "loss": -8.208977463100995, "confidence": 0.7069582472357285, "mass": 0.9999988582074703, "hinge_active": 0.0, "stop_prob": 0.9996585175395012, "sampled_number_rate": 1.0, "kl": 4.769458703422756, "kl_coef": 0.049904084434960194}
A decoder-only architecture is being used, but right-padding was detected! For correct generation results, please set `padding_side='left'` when initializing the tokenizer.
{"step": 14, "epoch": 0, "rows": 8, "skipped": 0, "answer_accuracy": 0.5, "updates": 8, "seconds": 10.916200160980225, "time": 1790893278.8917127, "loss": -8.978834261780477, "confidence": 0.6899439437870633, "mass": 0.999999241803563, "hinge_active": 0.0, "stop_prob": 0.9997693672776222, "sampled_number_rate": 1.0, "kl": 5.2644979699339425, "kl_coef": 0.0498960997814506}
A decoder-only architecture is being used, but right-padding was detected! For correct generation results, please set `padding_side='left'` when initializing the tokenizer.
{"step": 15, "epoch": 0, "rows": 8, "skipped": 0, "answer_accuracy": 0.5, "updates": 8, "seconds": 10.694310903549194, "time": 1790893289.587121, "loss": -9.2379423553736, "confidence": 0.6158910193523162, "mass": 0.999998620671128, "hinge_active": 0.0, "stop_prob": 0.9994121789932251, "sampled_number_rate": 1.0, "kl": 5.8162028553254554, "kl_coef": 0.04989120662375971}
A decoder-only architecture is being used, but right-padding was detected! For correct generation results, please set `padding_side='left'` when initializing the tokenizer.
{"step": 16, "epoch": 0, "rows": 8, "skipped": 0, "answer_accuracy": 0.875, "updates": 8, "seconds": 9.717968463897705, "time": 1790893299.3057992, "loss": -10.712138397107335, "confidence": 0.6672508165175829, "mass": 0.9999994119242603, "hinge_active": 0.0, "stop_prob": 0.9999270290136337, "sampled_number_rate": 1.0, "kl": 5.8193403367884375, "kl_coef": 0.04988998397558347}
A decoder-only architecture is being used, but right-padding was detected! For correct generation results, please set `padding_side='left'` when initializing the tokenizer.
{"step": 17, "epoch": 0, "rows": 8, "skipped": 0, "answer_accuracy": 0.25, "updates": 8, "seconds": 15.45914888381958, "time": 1790893314.7657466, "loss": -3.6584889219034973, "confidence": 0.6216986900836886, "mass": 0.8749985153830245, "hinge_active": 0.125, "stop_prob": 0.9996511084692818, "sampled_number_rate": 0.875, "kl": 4.261997216586879, "kl_coef": 0.049888782227889776}
A decoder-only architecture is being used, but right-padding was detected! For correct generation results, please set `padding_side='left'` when initializing the tokenizer.
{"step": 18, "epoch": 0, "rows": 8, "skipped": 0, "answer_accuracy": 0.375, "updates": 8, "seconds": 10.343128442764282, "time": 1790893325.109583, "loss": -8.561670311417785, "confidence": 0.6446034578992395, "mass": 0.9999993218486718, "hinge_active": 0.0, "stop_prob": 0.9998700022697449, "sampled_number_rate": 1.0, "kl": 5.849567318063996, "kl_coef": 0.04988080002273331}
A decoder-only architecture is being used, but right-padding was detected! For correct generation results, please set `padding_side='left'` when initializing the tokenizer.
{"step": 19, "epoch": 0, "rows": 8, "skipped": 0, "answer_accuracy": 0.5, "updates": 8, "seconds": 9.98762822151184, "time": 1790893335.0980606, "loss": -8.732725564426785, "confidence": 0.6523477275710742, "mass": 0.9999992982765147, "hinge_active": 0.0, "stop_prob": 0.9999381527304649, "sampled_number_rate": 1.0, "kl": 6.1798213430487445, "kl_coef": 0.04987979952906337}
A decoder-only architecture is being used, but right-padding was detected! For correct generation results, please set `padding_side='left'` when initializing the tokenizer.
{"step": 20, "epoch": 0, "rows": 8, "skipped": 0, "answer_accuracy": 0.625, "updates": 8, "seconds": 9.781217575073242, "time": 1790893344.879975, "loss": -9.3572949252582, "confidence": 0.6574965290044568, "mass": 0.9999994828064427, "hinge_active": 0.0, "stop_prob": 0.999933160841465, "sampled_number_rate": 1.0, "kl": 6.773415697847785, "kl_coef": 0.04988099545606902}
A decoder-only architecture is being used, but right-padding was detected! For correct generation results, please set `padding_side='left'` when initializing the tokenizer.
{"step": 21, "epoch": 0, "rows": 8, "skipped": 0, "answer_accuracy": 0.5, "updates": 8, "seconds": 9.810383081436157, "time": 1790893354.691175, "loss": -9.093283802215288, "confidence": 0.5932571060373021, "mass": 0.9999994835510779, "hinge_active": 0.0, "stop_prob": 0.9999301806092262, "sampled_number_rate": 1.0, "kl": 6.994297444474059, "kl_coef": 0.04988613928872368}
A decoder-only architecture is being used, but right-padding was detected! For correct generation results, please set `padding_side='left'` when initializing the tokenizer.
{"step": 22, "epoch": 0, "rows": 8, "skipped": 0, "answer_accuracy": 0.5, "updates": 8, "seconds": 9.860928297042847, "time": 1790893364.552639, "loss": -9.228759119351523, "confidence": 0.5433216185731029, "mass": 0.9999994148290905, "hinge_active": 0.0, "stop_prob": 0.9999364390969276, "sampled_number_rate": 1.0, "kl": 7.844525188799736, "kl_coef": 0.04989275284349827}
A decoder-only architecture is being used, but right-padding was detected! For correct generation results, please set `padding_side='left'` when initializing the tokenizer.
{"step": 23, "epoch": 0, "rows": 8, "skipped": 0, "answer_accuracy": 0.5, "updates": 8, "seconds": 15.523354530334473, "time": 1790893380.0771482, "loss": -4.6686124729232485, "confidence": 0.5991065733701622, "mass": 0.8749993469663407, "hinge_active": 0.125, "stop_prob": 0.9999486974307469, "sampled_number_rate": 0.875, "kl": 6.970426505474784, "kl_coef": 0.04990073568395323}
A decoder-only architecture is being used, but right-padding was detected! For correct generation results, please set `padding_side='left'` when initializing the tokenizer.
{"step": 24, "epoch": 0, "rows": 8, "skipped": 0, "answer_accuracy": 0.25, "updates": 8, "seconds": 15.319621324539185, "time": 1790893395.3974664, "loss": 0.9156373183209849, "confidence": 0.5659895674642568, "mass": 0.749999457992981, "hinge_active": 0.25, "stop_prob": 0.9999296764532725, "sampled_number_rate": 0.75, "kl": 5.716235034513636, "kl_coef": 0.04990719235015995}
A decoder-only architecture is being used, but right-padding was detected! For correct generation results, please set `padding_side='left'` when initializing the tokenizer.
{"step": 25, "epoch": 0, "rows": 8, "skipped": 0, "answer_accuracy": 0.5, "updates": 8, "seconds": 9.717238187789917, "time": 1790893405.1155543, "loss": -9.367335223673031, "confidence": 0.5352708504645856, "mass": 0.999999385208702, "hinge_active": 0.0, "stop_prob": 0.9999310448765755, "sampled_number_rate": 1.0, "kl": 8.072579687218521, "kl_coef": 0.04990530409513132}
A decoder-only architecture is being used, but right-padding was detected! For correct generation results, please set `padding_side='left'` when initializing the tokenizer.
{"step": 26, "epoch": 0, "rows": 8, "skipped": 0, "answer_accuracy": 0.125, "updates": 8, "seconds": 9.947307109832764, "time": 1790893415.0635684, "loss": -7.830033545123705, "confidence": 0.5022506673982735, "mass": 0.999999297740632, "hinge_active": 0.0, "stop_prob": 0.9999360144138336, "sampled_number_rate": 1.0, "kl": 8.572523518859999, "kl_coef": 0.049913288943786535}
A decoder-only architecture is being used, but right-padding was detected! For correct generation results, please set `padding_side='left'` when initializing the tokenizer.
{"step": 27, "epoch": 0, "rows": 8, "skipped": 0, "answer_accuracy": 0.75, "updates": 8, "seconds": 9.84438180923462, "time": 1790893424.9087996, "loss": -10.078714121005302, "confidence": 0.5400390141235981, "mass": 0.9999994894244871, "hinge_active": 0.0, "stop_prob": 0.9999553859233856, "sampled_number_rate": 1.0, "kl": 8.319956287610411, "kl_coef": 0.049921275070017535}
A decoder-only architecture is being used, but right-padding was detected! For correct generation results, please set `padding_side='left'` when initializing the tokenizer.
{"step": 28, "epoch": 0, "rows": 8, "skipped": 0, "answer_accuracy": 0.375, "updates": 8, "seconds": 9.839127540588379, "time": 1790893434.7487602, "loss": -8.061728791846734, "confidence": 0.6362799235685356, "mass": 0.9999990672455834, "hinge_active": 0.0, "stop_prob": 0.9999073520302773, "sampled_number_rate": 1.0, "kl": 7.504377568631788, "kl_coef": 0.049929262474028735}
A decoder-only architecture is being used, but right-padding was detected! For correct generation results, please set `padding_side='left'` when initializing the tokenizer.
{"step": 29, "epoch": 0, "rows": 8, "skipped": 0, "answer_accuracy": 0.625, "updates": 8, "seconds": 9.875088214874268, "time": 1790893444.6245267, "loss": -9.710988991114156, "confidence": 0.6147008918438754, "mass": 0.9999993542537715, "hinge_active": 0.0, "stop_prob": 0.9999480322003365, "sampled_number_rate": 1.0, "kl": 6.420796852103209, "kl_coef": 0.04993725115602458}
A decoder-only architecture is being used, but right-padding was detected! For correct generation results, please set `padding_side='left'` when initializing the tokenizer.
{"step": 30, "epoch": 0, "rows": 8, "skipped": 0, "answer_accuracy": 0.375, "updates": 8, "seconds": 9.785972833633423, "time": 1790893454.4113882, "loss": -8.739771504384402, "confidence": 0.5925626452791736, "mass": 0.9999992804680039, "hinge_active": 0.0, "stop_prob": 0.9999431297183037, "sampled_number_rate": 1.0, "kl": 7.045248151779825, "kl_coef": 0.04994005294776979}
A decoder-only architecture is being used, but right-padding was detected! For correct generation results, please set `padding_side='left'` when initializing the tokenizer.
{"step": 31, "epoch": 0, "rows": 8, "skipped": 0, "answer_accuracy": 0.75, "updates": 8, "seconds": 15.641582012176514, "time": 1790893470.0539155, "loss": -5.49753595980246, "confidence": 0.6525681224888402, "mass": 0.8749994064696108, "hinge_active": 0.125, "stop_prob": 0.9999506218092782, "sampled_number_rate": 0.875, "kl": 6.115368558091352, "kl_coef": 0.04994701291417559}
A decoder-only architecture is being used, but right-padding was detected! For correct generation results, please set `padding_side='left'` when initializing the tokenizer.
{"step": 32, "epoch": 0, "rows": 8, "skipped": 0, "answer_accuracy": 0.5, "updates": 8, "seconds": 10.231959819793701, "time": 1790893480.2865736, "loss": -9.295888614722504, "confidence": 0.5811007997713806, "mass": 0.9999991257780356, "hinge_active": 0.0, "stop_prob": 0.9999323785305023, "sampled_number_rate": 1.0, "kl": 6.154398198078212, "kl_coef": 0.04994778122282371}
A decoder-only architecture is being used, but right-padding was detected! For correct generation results, please set `padding_side='left'` when initializing the tokenizer.
{"step": 33, "epoch": 0, "rows": 8, "skipped": 0, "answer_accuracy": 0.5, "updates": 8, "seconds": 9.98747968673706, "time": 1790893490.275032, "loss": -9.76930585400238, "confidence": 0.593419392646183, "mass": 0.9999732702288284, "hinge_active": 0.0, "stop_prob": 0.9995808899402618, "sampled_number_rate": 1.0, "kl": 4.461544959772192, "kl_coef": 0.04994880946914622}
A decoder-only architecture is being used, but right-padding was detected! For correct generation results, please set `padding_side='left'` when initializing the tokenizer.
{"step": 34, "epoch": 0, "rows": 7, "skipped": 1, "answer_accuracy": 0.7142857142857143, "updates": 8, "seconds": 9.903757333755493, "time": 1790893500.1797159, "loss": -9.633684804209791, "confidence": 0.7205844945789968, "mass": 0.9999993513033113, "hinge_active": 0.0, "stop_prob": 0.9999562501907349, "sampled_number_rate": 0.9999999999999998, "kl": 5.190853533795304, "kl_coef": 0.049940817659631154}
A decoder-only architecture is being used, but right-padding was detected! For correct generation results, please set `padding_side='left'` when initializing the tokenizer.
{"step": 35, "epoch": 0, "rows": 8, "skipped": 0, "answer_accuracy": 0.375, "updates": 8, "seconds": 9.825048923492432, "time": 1790893510.0055518, "loss": -8.830517602647369, "confidence": 0.5936079696748288, "mass": 0.999999493827227, "hinge_active": 0.0, "stop_prob": 0.999951995909214, "sampled_number_rate": 1.0, "kl": 6.512619111443475, "kl_coef": 0.049935429734814}
A decoder-only architecture is being used, but right-padding was detected! For correct generation results, please set `padding_side='left'` when initializing the tokenizer.
{"step": 36, "epoch": 0, "rows": 8, "skipped": 0, "answer_accuracy": 0.375, "updates": 8, "seconds": 15.40943431854248, "time": 1790893525.415815, "loss": 1.455923680986081, "confidence": 0.6676165188473988, "mass": 0.7499994514831998, "hinge_active": 0.25, "stop_prob": 0.9999545514583588, "sampled_number_rate": 0.75, "kl": 4.651373067737785, "kl_coef": 0.04993884278223003}
A decoder-only architecture is being used, but right-padding was detected! For correct generation results, please set `padding_side='left'` when initializing the tokenizer.
{"step": 37, "epoch": 0, "rows": 8, "skipped": 0, "answer_accuracy": 0.5, "updates": 8, "seconds": 9.789940595626831, "time": 1790893535.2064383, "loss": -9.17359137173493, "confidence": 0.6065079715323528, "mass": 0.9999985091602455, "hinge_active": 0.0, "stop_prob": 0.9999508038163185, "sampled_number_rate": 1.0, "kl": 7.3035557679439815, "kl_coef": 0.049930852567384866}
A decoder-only architecture is being used, but right-padding was detected! For correct generation results, please set `padding_side='left'` when initializing the tokenizer.
{"step": 38, "epoch": 0, "rows": 8, "skipped": 0, "answer_accuracy": 0.0, "updates": 8, "seconds": 11.476210355758667, "time": 1790893546.6834655, "loss": -7.552339875685444, "confidence": 0.4568570878495274, "mass": 0.9999950006350172, "hinge_active": 0.0, "stop_prob": 0.9997214078903198, "sampled_number_rate": 1.0, "kl": 7.598886802460472, "kl_coef": 0.04993884150379564}
A decoder-only architecture is being used, but right-padding was detected! For correct generation results, please set `padding_side='left'` when initializing the tokenizer.
{"step": 39, "epoch": 0, "rows": 8, "skipped": 0, "answer_accuracy": 0.5, "updates": 8, "seconds": 10.173337697982788, "time": 1790893556.857602, "loss": -9.25907054683614, "confidence": 0.46932930650411503, "mass": 0.999999497579906, "hinge_active": 0.0, "stop_prob": 0.9999598413705826, "sampled_number_rate": 1.0, "kl": 11.692473454830074, "kl_coef": 0.049946831718436245}
A decoder-only architecture is being used, but right-padding was detected! For correct generation results, please set `padding_side='left'` when initializing the tokenizer.
{"step": 40, "epoch": 0, "rows": 8, "skipped": 0, "answer_accuracy": 0.375, "updates": 8, "seconds": 15.600272178649902, "time": 1790893572.4587936, "loss": -3.5086846962179177, "confidence": 0.3883844210823653, "mass": 0.8749995594959334, "hinge_active": 0.125, "stop_prob": 0.9999486207962036, "sampled_number_rate": 0.875, "kl": 11.724857033492057, "kl_coef": 0.04995482321151119}
A decoder-only architecture is being used, but right-padding was detected! For correct generation results, please set `padding_side='left'` when initializing the tokenizer.
{"step": 41, "epoch": 0, "rows": 8, "skipped": 0, "answer_accuracy": 0.875, "updates": 8, "seconds": 15.38684368133545, "time": 1790893587.846331, "loss": -3.9311997081057655, "confidence": 0.4077517894469899, "mass": 0.8749996305430748, "hinge_active": 0.125, "stop_prob": 0.9999660338674273, "sampled_number_rate": 0.875, "kl": 11.506077562630585, "kl_coef": 0.04996281598322503}
A decoder-only architecture is being used, but right-padding was detected! For correct generation results, please set `padding_side='left'` when initializing the tokenizer.
{"step": 42, "epoch": 0, "rows": 8, "skipped": 0, "answer_accuracy": 0.625, "updates": 8, "seconds": 15.491944789886475, "time": 1790893603.3390687, "loss": -5.074567718723502, "confidence": 0.6299907750162629, "mass": 0.8749995142517119, "hinge_active": 0.125, "stop_prob": 0.999961359160287, "sampled_number_rate": 0.875, "kl": 5.968067546422736, "kl_coef": 0.04997081003378234}
A decoder-only architecture is being used, but right-padding was detected! For correct generation results, please set `padding_side='left'` when initializing the tokenizer.
{"step": 43, "epoch": 0, "rows": 8, "skipped": 0, "answer_accuracy": 0.5, "updates": 8, "seconds": 15.37006950378418, "time": 1790893618.7098038, "loss": -4.251765646773382, "confidence": 0.7009551030782428, "mass": 0.8749991870742966, "hinge_active": 0.125, "stop_prob": 0.9999564375196185, "sampled_number_rate": 0.875, "kl": 3.8485270138003775, "kl_coef": 0.04997059727503946}
A decoder-only architecture is being used, but right-padding was detected! For correct generation results, please set `padding_side='left'` when initializing the tokenizer.
{"step": 44, "epoch": 0, "rows": 8, "skipped": 0, "answer_accuracy": 0.5, "updates": 8, "seconds": 15.455688238143921, "time": 1790893634.1663988, "loss": -4.282165994745858, "confidence": 0.7410198267177834, "mass": 0.8749993476749925, "hinge_active": 0.125, "stop_prob": 0.9999445932252067, "sampled_number_rate": 0.875, "kl": 2.8660001030852347, "kl_coef": 0.049962601979475454}
A decoder-only architecture is being used, but right-padding was detected! For correct generation results, please set `padding_side='left'` when initializing the tokenizer.
{"step": 45, "epoch": 0, "rows": 8, "skipped": 0, "answer_accuracy": 0.625, "updates": 8, "seconds": 9.734681606292725, "time": 1790893643.9023237, "loss": -9.597542048234867, "confidence": 0.7193929974252418, "mass": 0.9999993590773681, "hinge_active": 0.0, "stop_prob": 0.9999594017863274, "sampled_number_rate": 1.0, "kl": 3.7173300372783493, "kl_coef": 0.04995460796315874}
A decoder-only architecture is being used, but right-padding was detected! For correct generation results, please set `padding_side='left'` when initializing the tokenizer.
{"step": 46, "epoch": 0, "rows": 8, "skipped": 0, "answer_accuracy": 0.375, "updates": 8, "seconds": 9.882974624633789, "time": 1790893653.786249, "loss": -7.972575341849719, "confidence": 0.758208291978334, "mass": 0.9999994049918254, "hinge_active": 0.0, "stop_prob": 0.9999588057398796, "sampled_number_rate": 1.0, "kl": 3.4016962456451836, "kl_coef": 0.04994661522588463}
A decoder-only architecture is being used, but right-padding was detected! For correct generation results, please set `padding_side='left'` when initializing the tokenizer.
{"step": 47, "epoch": 0, "rows": 8, "skipped": 0, "answer_accuracy": 0.5, "updates": 8, "seconds": 10.032447814941406, "time": 1790893663.8195143, "loss": -9.085636324773395, "confidence": 0.703760813511235, "mass": 0.9999994302413125, "hinge_active": 0.0, "stop_prob": 0.99996218085289, "sampled_number_rate": 1.0, "kl": 4.285210837546587, "kl_coef": 0.04993862376744849}
A decoder-only architecture is being used, but right-padding was detected! For correct generation results, please set `padding_side='left'` when initializing the tokenizer.
{"step": 48, "epoch": 0, "rows": 8, "skipped": 0, "answer_accuracy": 0.375, "updates": 8, "seconds": 10.044081687927246, "time": 1790893673.8643148, "loss": -8.577646515182584, "confidence": 0.5916689505029414, "mass": 0.9999918314798414, "hinge_active": 0.0, "stop_prob": 0.9976725801825523, "sampled_number_rate": 1.0, "kl": 4.802116094204982, "kl_coef": 0.04993063358764569}
A decoder-only architecture is being used, but right-padding was detected! For correct generation results, please set `padding_side='left'` when initializing the tokenizer.
{"step": 49, "epoch": 0, "rows": 8, "skipped": 0, "answer_accuracy": 0.375, "updates": 8, "seconds": 15.329789876937866, "time": 1790893689.1948035, "loss": -3.850526923386552, "confidence": 0.6019291283156427, "mass": 0.8749985031864471, "hinge_active": 0.125, "stop_prob": 0.999709597655705, "sampled_number_rate": 0.875, "kl": 3.886694321082214, "kl_coef": 0.04992265877399492}
A decoder-only architecture is being used, but right-padding was detected! For correct generation results, please set `padding_side='left'` when initializing the tokenizer.
{"step": 50, "epoch": 0, "rows": 8, "skipped": 0, "answer_accuracy": 0.375, "updates": 8, "seconds": 9.832954168319702, "time": 1790893699.0284567, "loss": -8.05660426140071, "confidence": 0.6916656583199335, "mass": 0.999999398392869, "hinge_active": 0.0, "stop_prob": 0.9999681487679482, "sampled_number_rate": 1.0, "kl": 5.617929892586391, "kl_coef": 0.04991467114859108}
A decoder-only architecture is being used, but right-padding was detected! For correct generation results, please set `padding_side='left'` when initializing the tokenizer.
{"step": 51, "epoch": 0, "rows": 7, "skipped": 1, "answer_accuracy": 0.5714285714285714, "updates": 8, "seconds": 10.196874618530273, "time": 1790893709.22597, "loss": -9.1276607750013, "confidence": 0.6590831978251982, "mass": 0.9999995464600597, "hinge_active": 0.0, "stop_prob": 0.9999693376677377, "sampled_number_rate": 0.9999999999999998, "kl": 5.85611609254011, "kl_coef": 0.04991212836142211}
A decoder-only architecture is being used, but right-padding was detected! For correct generation results, please set `padding_side='left'` when initializing the tokenizer.
{"step": 52, "epoch": 0, "rows": 8, "skipped": 0, "answer_accuracy": 0.375, "updates": 8, "seconds": 9.829428434371948, "time": 1790893719.0561063, "loss": -8.851495010209756, "confidence": 0.554052463344072, "mass": 0.9988805998252346, "hinge_active": 0.0, "stop_prob": 0.9994784072041512, "sampled_number_rate": 1.0, "kl": 6.989573679277121, "kl_coef": 0.04991117082114767}
A decoder-only architecture is being used, but right-padding was detected! For correct generation results, please set `padding_side='left'` when initializing the tokenizer.
{"step": 53, "epoch": 0, "rows": 8, "skipped": 0, "answer_accuracy": 0.5, "updates": 8, "seconds": 15.18028211593628, "time": 1790893734.2371943, "loss": -3.9447706764231114, "confidence": 0.5297903403815167, "mass": 0.8749995565749494, "hinge_active": 0.125, "stop_prob": 0.9999758516039167, "sampled_number_rate": 0.875, "kl": 8.111630587048023, "kl_coef": 0.0499177562586072}
A decoder-only architecture is being used, but right-padding was detected! For correct generation results, please set `padding_side='left'` when initializing the tokenizer.
{"step": 54, "epoch": 0, "rows": 8, "skipped": 0, "answer_accuracy": 0.75, "updates": 8, "seconds": 9.807429313659668, "time": 1790893744.045414, "loss": -9.821247897679767, "confidence": 0.5613615708292683, "mass": 0.9999996634011649, "hinge_active": 0.0, "stop_prob": 0.999973475933075, "sampled_number_rate": 1.0, "kl": 8.976033879449407, "kl_coef": 0.04992574309960857}
A decoder-only architecture is being used, but right-padding was detected! For correct generation results, please set `padding_side='left'` when initializing the tokenizer.
{"step": 55, "epoch": 0, "rows": 8, "skipped": 0, "answer_accuracy": 0.625, "updates": 8, "seconds": 15.338929176330566, "time": 1790893759.385064, "loss": -4.89782764374873, "confidence": 0.5490985303960613, "mass": 0.8749997310439708, "hinge_active": 0.125, "stop_prob": 0.9999754088265556, "sampled_number_rate": 0.875, "kl": 7.641675912408549, "kl_coef": 0.04993373121850451}
A decoder-only architecture is being used, but right-padding was detected! For correct generation results, please set `padding_side='left'` when initializing the tokenizer.
{"step": 56, "epoch": 0, "rows": 8, "skipped": 0, "answer_accuracy": 0.625, "updates": 8, "seconds": 9.99362325668335, "time": 1790893769.3795693, "loss": -9.948435772397486, "confidence": 0.5891170387620484, "mass": 0.999999506080735, "hinge_active": 0.0, "stop_prob": 0.9999696165323257, "sampled_number_rate": 1.0, "kl": 7.451007999508643, "kl_coef": 0.049941720615499466}
A decoder-only architecture is being used, but right-padding was detected! For correct generation results, please set `padding_side='left'` when initializing the tokenizer.
{"step": 57, "epoch": 0, "rows": 8, "skipped": 0, "answer_accuracy": 0.375, "updates": 8, "seconds": 9.69757890701294, "time": 1790893779.0781739, "loss": -9.0605100536138, "confidence": 0.5820572825174907, "mass": 0.9999996582972931, "hinge_active": 0.0, "stop_prob": 0.9999738037586212, "sampled_number_rate": 1.0, "kl": 6.0938543853577345, "kl_coef": 0.04994971129079794}
A decoder-only architecture is being used, but right-padding was detected! For correct generation results, please set `padding_side='left'` when initializing the tokenizer.
{"step": 58, "epoch": 0, "rows": 8, "skipped": 0, "answer_accuracy": 0.375, "updates": 8, "seconds": 15.295194387435913, "time": 1790893794.3740077, "loss": -4.431203828797139, "confidence": 0.5304631285528906, "mass": 0.8749994914047697, "hinge_active": 0.125, "stop_prob": 0.9999668598175049, "sampled_number_rate": 0.875, "kl": 5.060363683833762, "kl_coef": 0.049950336357391545}
A decoder-only architecture is being used, but right-padding was detected! For correct generation results, please set `padding_side='left'` when initializing the tokenizer.
{"step": 59, "epoch": 0, "rows": 8, "skipped": 0, "answer_accuracy": 0.625, "updates": 8, "seconds": 9.92263150215149, "time": 1790893804.2976134, "loss": -9.280975367132193, "confidence": 0.6649706282227162, "mass": 0.9999996028442215, "hinge_active": 0.0, "stop_prob": 0.9999270662665367, "sampled_number_rate": 1.0, "kl": 6.023112759181485, "kl_coef": 0.0499440783373854}
A decoder-only architecture is being used, but right-padding was detected! For correct generation results, please set `padding_side='left'` when initializing the tokenizer.
{"step": 60, "epoch": 0, "rows": 8, "skipped": 0, "answer_accuracy": 0.5, "updates": 8, "seconds": 9.606752872467041, "time": 1790893813.9054368, "loss": -9.096107786878196, "confidence": 0.6398792776350546, "mass": 0.9999995623407818, "hinge_active": 0.0, "stop_prob": 0.9999739229679108, "sampled_number_rate": 1.0, "kl": 6.197107302013905, "kl_coef": 0.049944232250112755}
A decoder-only architecture is being used, but right-padding was detected! For correct generation results, please set `padding_side='left'` when initializing the tokenizer.
{"step": 61, "epoch": 0, "rows": 8, "skipped": 0, "answer_accuracy": 0.5, "updates": 8, "seconds": 9.602143287658691, "time": 1790893823.5083797, "loss": -9.48147180715088, "confidence": 0.5216423975296022, "mass": 0.9999985576609036, "hinge_active": 0.0, "stop_prob": 0.999966211616993, "sampled_number_rate": 1.0, "kl": 6.411450431307567, "kl_coef": 0.04994554483316208}
A decoder-only architecture is being used, but right-padding was detected! For correct generation results, please set `padding_side='left'` when initializing the tokenizer.
{"step": 62, "epoch": 0, "rows": 8, "skipped": 0, "answer_accuracy": 0.625, "updates": 8, "seconds": 15.49579644203186, "time": 1790893839.0049503, "loss": -4.294099625993684, "confidence": 0.5603658191393768, "mass": 0.8749996533888905, "hinge_active": 0.125, "stop_prob": 0.9999745317867824, "sampled_number_rate": 0.875, "kl": 7.050102269847894, "kl_coef": 0.04994828484862388}
A decoder-only architecture is being used, but right-padding was detected! For correct generation results, please set `padding_side='left'` when initializing the tokenizer.
{"step": 63, "epoch": 0, "rows": 8, "skipped": 0, "answer_accuracy": 0.625, "updates": 8, "seconds": 9.894645690917969, "time": 1790893848.9004204, "loss": -10.081509318852612, "confidence": 0.5594849784128363, "mass": 0.9999995323237004, "hinge_active": 0.0, "stop_prob": 0.9999726936221123, "sampled_number_rate": 1.0, "kl": 6.26516789592837, "kl_coef": 0.04995527828959649}
A decoder-only architecture is being used, but right-padding was detected! For correct generation results, please set `padding_side='left'` when initializing the tokenizer.
{"step": 64, "epoch": 0, "rows": 8, "skipped": 0, "answer_accuracy": 0.75, "updates": 8, "seconds": 9.84644603729248, "time": 1790893858.747676, "loss": -10.245876148847184, "confidence": 0.6398692576457272, "mass": 0.9999994983617901, "hinge_active": 0.0, "stop_prob": 0.9999755397439003, "sampled_number_rate": 1.0, "kl": 5.647763447000688, "kl_coef": 0.049957044494401096, "save_seconds": 0.496626615524292}
A decoder-only architecture is being used, but right-padding was detected! For correct generation results, please set `padding_side='left'` when initializing the tokenizer.
{"step": 65, "epoch": 0, "rows": 8, "skipped": 0, "answer_accuracy": 0.5, "updates": 8, "seconds": 15.439376592636108, "time": 1790893874.6841161, "loss": -4.384160024943183, "confidence": 0.6475286099372479, "mass": 0.8749996253964452, "hinge_active": 0.125, "stop_prob": 0.999974250793457, "sampled_number_rate": 0.875, "kl": 4.254702920068807, "kl_coef": 0.04995469826811433}
A decoder-only architecture is being used, but right-padding was detected! For correct generation results, please set `padding_side='left'` when initializing the tokenizer.
{"step": 66, "epoch": 0, "rows": 8, "skipped": 0, "answer_accuracy": 0.375, "updates": 8, "seconds": 11.544281244277954, "time": 1790893886.2292159, "loss": -8.429072808175906, "confidence": 0.7085887719922075, "mass": 0.9999990581683154, "hinge_active": 0.0, "stop_prob": 0.999912366271019, "sampled_number_rate": 1.0, "kl": 4.538496147554144, "kl_coef": 0.04994670551639143}
A decoder-only architecture is being used, but right-padding was detected! For correct generation results, please set `padding_side='left'` when initializing the tokenizer.
{"step": 67, "epoch": 0, "rows": 8, "skipped": 0, "answer_accuracy": 0.75, "updates": 8, "seconds": 10.046510934829712, "time": 1790893896.2766514, "loss": -10.030693237796939, "confidence": 0.7840330294904142, "mass": 0.9999995719118101, "hinge_active": 0.0, "stop_prob": 0.9999746903777122, "sampled_number_rate": 1.0, "kl": 3.8717824892110895, "kl_coef": 0.0499387140435088}
A decoder-only architecture is being used, but right-padding was detected! For correct generation results, please set `padding_side='left'` when initializing the tokenizer.
{"step": 68, "epoch": 0, "rows": 8, "skipped": 0, "answer_accuracy": 0.5, "updates": 8, "seconds": 9.89413046836853, "time": 1790893906.171586, "loss": -9.635655155226829, "confidence": 0.5783365838936456, "mass": 0.9999994978711756, "hinge_active": 0.0, "stop_prob": 0.999946191906929, "sampled_number_rate": 1.0, "kl": 5.468471376610871, "kl_coef": 0.04993072384926184}
A decoder-only architecture is being used, but right-padding was detected! For correct generation results, please set `padding_side='left'` when initializing the tokenizer.
{"step": 69, "epoch": 0, "rows": 8, "skipped": 0, "answer_accuracy": 0.5, "updates": 8, "seconds": 9.620916366577148, "time": 1790893915.7933059, "loss": -7.296018650995862, "confidence": 0.7129218239778923, "mass": 0.9999988845867409, "hinge_active": 0.0, "stop_prob": 0.9999092817306519, "sampled_number_rate": 1.0, "kl": 5.02809547436, "kl_coef": 0.04992718523474018}
A decoder-only architecture is being used, but right-padding was detected! For correct generation results, please set `padding_side='left'` when initializing the tokenizer.
{"step": 70, "epoch": 0, "rows": 8, "skipped": 0, "answer_accuracy": 0.75, "updates": 8, "seconds": 9.921061992645264, "time": 1790893925.7158337, "loss": -9.40600414212461, "confidence": 0.682944052177328, "mass": 0.9999994968572354, "hinge_active": 0.0, "stop_prob": 0.9999758154153824, "sampled_number_rate": 1.0, "kl": 7.60335159502589, "kl_coef": 0.04992071530710256}
A decoder-only architecture is being used, but right-padding was detected! For correct generation results, please set `padding_side='left'` when initializing the tokenizer.
{"step": 71, "epoch": 0, "rows": 8, "skipped": 0, "answer_accuracy": 0.5, "updates": 8, "seconds": 9.982407808303833, "time": 1790893935.6990361, "loss": -9.251926046360229, "confidence": 0.5615693806034421, "mass": 0.9999997334254945, "hinge_active": 0.0, "stop_prob": 0.999976709485054, "sampled_number_rate": 1.0, "kl": 8.906746240760976, "kl_coef": 0.0499287026215517}
A decoder-only architecture is being used, but right-padding was detected! For correct generation results, please set `padding_side='left'` when initializing the tokenizer.
{"step": 72, "epoch": 0, "rows": 8, "skipped": 0, "answer_accuracy": 0.75, "updates": 8, "seconds": 9.929220199584961, "time": 1790893945.6290286, "loss": -10.342928599965923, "confidence": 0.5369699796210415, "mass": 0.9999995149831247, "hinge_active": 0.0, "stop_prob": 0.9999759793281555, "sampled_number_rate": 1.0, "kl": 6.984680541725862, "kl_coef": 0.049936691213971145}
A decoder-only architecture is being used, but right-padding was detected! For correct generation results, please set `padding_side='left'` when initializing the tokenizer.
{"step": 73, "epoch": 0, "rows": 8, "skipped": 0, "answer_accuracy": 0.625, "updates": 8, "seconds": 15.490833759307861, "time": 1790893961.1205282, "loss": -5.021367499326431, "confidence": 0.6714549198546519, "mass": 0.8749997158556078, "hinge_active": 0.125, "stop_prob": 0.9999772480555943, "sampled_number_rate": 0.875, "kl": 6.224813201957566, "kl_coef": 0.04994324743905869}
A decoder-only architecture is being used, but right-padding was detected! For correct generation results, please set `padding_side='left'` when initializing the tokenizer.
{"step": 74, "epoch": 0, "rows": 8, "skipped": 0, "answer_accuracy": 0.125, "updates": 8, "seconds": 15.538282871246338, "time": 1790893976.659605, "loss": -3.464090920363094, "confidence": 0.49074812121278616, "mass": 0.8749997456668838, "hinge_active": 0.125, "stop_prob": 0.9999747446605137, "sampled_number_rate": 0.875, "kl": 7.64468343226926, "kl_coef": 0.049944744492575084}
A decoder-only architecture is being used, but right-padding was detected! For correct generation results, please set `padding_side='left'` when initializing the tokenizer.
{"step": 75, "epoch": 0, "rows": 8, "skipped": 0, "answer_accuracy": 0.5, "updates": 8, "seconds": 10.141193389892578, "time": 1790893986.8018916, "loss": -9.423665867308069, "confidence": 0.437679827899316, "mass": 0.9999993401191974, "hinge_active": 0.0, "stop_prob": 0.9999283328652382, "sampled_number_rate": 1.0, "kl": 9.182995610537368, "kl_coef": 0.04995273565169389}
A decoder-only architecture is being used, but right-padding was detected! For correct generation results, please set `padding_side='left'` when initializing the tokenizer.
{"step": 76, "epoch": 0, "rows": 8, "skipped": 0, "answer_accuracy": 0.375, "updates": 8, "seconds": 10.1986563205719, "time": 1790893997.0014338, "loss": -9.572324027387724, "confidence": 0.4596231477415136, "mass": 0.9999947107589132, "hinge_active": 0.0, "stop_prob": 0.9997085556387901, "sampled_number_rate": 1.0, "kl": 5.295639625614629, "kl_coef": 0.04996072808939816}
A decoder-only architecture is being used, but right-padding was detected! For correct generation results, please set `padding_side='left'` when initializing the tokenizer.
{"step": 77, "epoch": 0, "rows": 8, "skipped": 0, "answer_accuracy": 0.625, "updates": 8, "seconds": 10.202227115631104, "time": 1790894007.2047443, "loss": -10.139257576928244, "confidence": 0.6113118480454791, "mass": 0.9999995725480688, "hinge_active": 0.0, "stop_prob": 0.9998883977532387, "sampled_number_rate": 1.0, "kl": 5.148081341891619, "kl_coef": 0.04995603604177928}
A decoder-only architecture is being used, but right-padding was detected! For correct generation results, please set `padding_side='left'` when initializing the tokenizer.
{"step": 78, "epoch": 0, "rows": 8, "skipped": 0, "answer_accuracy": 0.625, "updates": 8, "seconds": 9.789230585098267, "time": 1790894016.9947698, "loss": -10.215070791499073, "confidence": 0.5347599471651225, "mass": 0.9999994652789289, "hinge_active": 0.0, "stop_prob": 0.999972753226757, "sampled_number_rate": 1.0, "kl": 8.099088188611415, "kl_coef": 0.049950361577887396}
A decoder-only architecture is being used, but right-padding was detected! For correct generation results, please set `padding_side='left'` when initializing the tokenizer.
{"step": 79, "epoch": 0, "rows": 8, "skipped": 0, "answer_accuracy": 0.5, "updates": 8, "seconds": 15.848617315292358, "time": 1790894032.8443418, "loss": -4.86349351283096, "confidence": 0.5636992032509054, "mass": 0.8749996356609362, "hinge_active": 0.125, "stop_prob": 0.9999596646853856, "sampled_number_rate": 0.875, "kl": 6.056321578091813, "kl_coef": 0.049958353635739854}
A decoder-only architecture is being used, but right-padding was detected! For correct generation results, please set `padding_side='left'` when initializing the tokenizer.
{"step": 80, "epoch": 0, "rows": 8, "skipped": 0, "answer_accuracy": 0.5, "updates": 8, "seconds": 11.285573720932007, "time": 1790894044.1308923, "loss": -9.672468742878072, "confidence": 0.5681738158248097, "mass": 0.999999293989033, "hinge_active": 0.0, "stop_prob": 0.9999478459358215, "sampled_number_rate": 1.0, "kl": 5.7265156011094565, "kl_coef": 0.049958728800181935}
A decoder-only architecture is being used, but right-padding was detected! For correct generation results, please set `padding_side='left'` when initializing the tokenizer.
{"step": 81, "epoch": 0, "rows": 8, "skipped": 0, "answer_accuracy": 0.625, "updates": 8, "seconds": 16.15340495109558, "time": 1790894060.2850947, "loss": -0.15305275784682526, "confidence": 0.7077312046543311, "mass": 0.7499996063389801, "hinge_active": 0.25, "stop_prob": 0.9999787509441376, "sampled_number_rate": 0.75, "kl": 4.376554998886275, "kl_coef": 0.049956907075793235}
A decoder-only architecture is being used, but right-padding was detected! For correct generation results, please set `padding_side='left'` when initializing the tokenizer.
{"step": 82, "epoch": 0, "rows": 8, "skipped": 0, "answer_accuracy": 0.625, "updates": 8, "seconds": 9.724008798599243, "time": 1790894070.0101278, "loss": -9.572312235986987, "confidence": 0.5573927480767132, "mass": 0.999999305112653, "hinge_active": 0.0, "stop_prob": 0.999970830976963, "sampled_number_rate": 1.0, "kl": 8.32038399707464, "kl_coef": 0.049948913970661105}
A decoder-only architecture is being used, but right-padding was detected! For correct generation results, please set `padding_side='left'` when initializing the tokenizer.
{"step": 83, "epoch": 0, "rows": 8, "skipped": 0, "answer_accuracy": 0.5, "updates": 8, "seconds": 10.322979927062988, "time": 1790894080.3337383, "loss": -10.027205848346238, "confidence": 0.4697271753119767, "mass": 0.9999971571721469, "hinge_active": 0.0, "stop_prob": 0.9998939111828804, "sampled_number_rate": 1.0, "kl": 7.223666682981523, "kl_coef": 0.049956905796896406}
A decoder-only architecture is being used, but right-padding was detected! For correct generation results, please set `padding_side='left'` when initializing the tokenizer.
{"step": 84, "epoch": 0, "rows": 8, "skipped": 0, "answer_accuracy": 0.625, "updates": 8, "seconds": 9.7417471408844, "time": 1790894090.0763395, "loss": -9.11634463195621, "confidence": 0.7315418903989107, "mass": 0.9999993314720121, "hinge_active": 0.0, "stop_prob": 0.9999787658452988, "sampled_number_rate": 1.0, "kl": 4.203655158803796, "kl_coef": 0.04996489890182391}
A decoder-only architecture is being used, but right-padding was detected! For correct generation results, please set `padding_side='left'` when initializing the tokenizer.
{"step": 85, "epoch": 0, "rows": 8, "skipped": 0, "answer_accuracy": 0.375, "updates": 8, "seconds": 14.973729133605957, "time": 1790894105.0507383, "loss": -4.057913241055769, "confidence": 0.6050590133767905, "mass": 0.8749986345105047, "hinge_active": 0.125, "stop_prob": 0.9999743274280003, "sampled_number_rate": 0.875, "kl": 3.841417816793285, "kl_coef": 0.04995690451799961}
A decoder-only architecture is being used, but right-padding was detected! For correct generation results, please set `padding_side='left'` when initializing the tokenizer.
{"step": 86, "epoch": 0, "rows": 8, "skipped": 0, "answer_accuracy": 0.375, "updates": 8, "seconds": 15.339402437210083, "time": 1790894120.3907762, "loss": -4.774143388888758, "confidence": 0.49274685536429463, "mass": 0.8749968893824578, "hinge_active": 0.125, "stop_prob": 0.9999269247055054, "sampled_number_rate": 0.875, "kl": 5.161062883120138, "kl_coef": 0.04994891141327673}
A decoder-only architecture is being used, but right-padding was detected! For correct generation results, please set `padding_side='left'` when initializing the tokenizer.
{"step": 87, "epoch": 0, "rows": 8, "skipped": 0, "answer_accuracy": 0.125, "updates": 8, "seconds": 15.606575965881348, "time": 1790894135.998233, "loss": -3.4704590890817366, "confidence": 0.49780213597239514, "mass": 0.8749921295278508, "hinge_active": 0.125, "stop_prob": 0.999965923173087, "sampled_number_rate": 0.875, "kl": 5.161862972341778, "kl_coef": 0.04994332421384575}
A decoder-only architecture is being used, but right-padding was detected! For correct generation results, please set `padding_side='left'` when initializing the tokenizer.
{"step": 88, "epoch": 0, "rows": 8, "skipped": 0, "answer_accuracy": 0.375, "updates": 8, "seconds": 10.092911720275879, "time": 1790894146.092351, "loss": -9.193314803487612, "confidence": 0.5061559129695894, "mass": 0.9999992634463748, "hinge_active": 0.0, "stop_prob": 0.9999714940786362, "sampled_number_rate": 1.0, "kl": 6.716429727023955, "kl_coef": 0.049937742967271354}
A decoder-only architecture is being used, but right-padding was detected! For correct generation results, please set `padding_side='left'` when initializing the tokenizer.
{"step": 89, "epoch": 0, "rows": 8, "skipped": 0, "answer_accuracy": 0.75, "updates": 8, "seconds": 15.41645336151123, "time": 1790894161.5096626, "loss": -1.880627322502302, "confidence": 0.4528209200188147, "mass": 0.8749994930125146, "hinge_active": 0.125, "stop_prob": 0.9999760559626988, "sampled_number_rate": 0.875, "kl": 9.331591615548872, "kl_coef": 0.04994251321841298}
A decoder-only architecture is being used, but right-padding was detected! For correct generation results, please set `padding_side='left'` when initializing the tokenizer.
{"step": 90, "epoch": 0, "rows": 8, "skipped": 0, "answer_accuracy": 0.375, "updates": 8, "seconds": 9.918770551681519, "time": 1790894171.4290788, "loss": -8.424229233922736, "confidence": 0.479509292796395, "mass": 0.9999995052568281, "hinge_active": 0.0, "stop_prob": 0.9999816194176674, "sampled_number_rate": 1.0, "kl": 9.05599902094323, "kl_coef": 0.049950504020527926}
A decoder-only architecture is being used, but right-padding was detected! For correct generation results, please set `padding_side='left'` when initializing the tokenizer.
{"step": 91, "epoch": 0, "rows": 8, "skipped": 0, "answer_accuracy": 0.5, "updates": 8, "seconds": 9.937267541885376, "time": 1790894181.367267, "loss": -8.721102230621476, "confidence": 0.5407019355034439, "mass": 0.9999997572895349, "hinge_active": 0.0, "stop_prob": 0.9999783486127853, "sampled_number_rate": 1.0, "kl": 7.351434684783209, "kl_coef": 0.04995849610117121}
A decoder-only architecture is being used, but right-padding was detected! For correct generation results, please set `padding_side='left'` when initializing the tokenizer.
{"step": 92, "epoch": 0, "rows": 8, "skipped": 0, "answer_accuracy": 0.625, "updates": 8, "seconds": 9.972007989883423, "time": 1790894191.3400016, "loss": -10.10515740392918, "confidence": 0.674554039741241, "mass": 0.9999996231729846, "hinge_active": 0.0, "stop_prob": 0.9999769553542137, "sampled_number_rate": 1.0, "kl": 5.2128390628960455, "kl_coef": 0.049966489460547395}
A decoder-only architecture is being used, but right-padding was detected! For correct generation results, please set `padding_side='left'` when initializing the tokenizer.
{"step": 93, "epoch": 0, "rows": 8, "skipped": 0, "answer_accuracy": 0.875, "updates": 8, "seconds": 15.591999769210815, "time": 1790894206.9327164, "loss": -6.469366071318081, "confidence": 0.7934681432647418, "mass": 0.8749995346935548, "hinge_active": 0.125, "stop_prob": 0.9999788999557495, "sampled_number_rate": 0.875, "kl": 3.428473388729653, "kl_coef": 0.04996124523805839}
A decoder-only architecture is being used, but right-padding was detected! For correct generation results, please set `padding_side='left'` when initializing the tokenizer.
{"step": 94, "epoch": 0, "rows": 8, "skipped": 0, "answer_accuracy": 0.5, "updates": 8, "seconds": 10.004468441009521, "time": 1790894216.937928, "loss": -9.26854736581763, "confidence": 0.5531327494321954, "mass": 0.9999988605052166, "hinge_active": 0.0, "stop_prob": 0.9999728053808212, "sampled_number_rate": 1.0, "kl": 5.316091676077596, "kl_coef": 0.0499532514388203}
A decoder-only architecture is being used, but right-padding was detected! For correct generation results, please set `padding_side='left'` when initializing the tokenizer.
{"step": 95, "epoch": 0, "rows": 8, "skipped": 0, "answer_accuracy": 0.5, "updates": 8, "seconds": 10.081750631332397, "time": 1790894227.0204985, "loss": -9.17609785259371, "confidence": 0.6243634634737381, "mass": 0.9999993326195941, "hinge_active": 0.0, "stop_prob": 0.999976634979248, "sampled_number_rate": 1.0, "kl": 6.06613243466882, "kl_coef": 0.0499486963128915}
A decoder-only architecture is being used, but right-padding was detected! For correct generation results, please set `padding_side='left'` when initializing the tokenizer.
{"step": 96, "epoch": 0, "rows": 8, "skipped": 0, "answer_accuracy": 0.375, "updates": 8, "seconds": 9.971225500106812, "time": 1790894236.9925117, "loss": -8.608949689551144, "confidence": 0.5272966718525044, "mass": 0.9999992574545367, "hinge_active": 0.0, "stop_prob": 0.9999741092324257, "sampled_number_rate": 1.0, "kl": 5.435774495161823, "kl_coef": 0.04994913674341092}
A decoder-only architecture is being used, but right-padding was detected! For correct generation results, please set `padding_side='left'` when initializing the tokenizer.
{"step": 97, "epoch": 0, "rows": 7, "skipped": 1, "answer_accuracy": 0.5714285714285714, "updates": 8, "seconds": 14.097018003463745, "time": 1790894251.0904741, "loss": -3.8268053428388242, "confidence": 0.5822975656408451, "mass": 0.857142238622502, "hinge_active": 0.14285714285714285, "stop_prob": 0.9999811748663584, "sampled_number_rate": 0.857142857142857, "kl": 5.10803183578295, "kl_coef": 0.049945379066491546}
A decoder-only architecture is being used, but right-padding was detected! For correct generation results, please set `padding_side='left'` when initializing the tokenizer.
{"step": 98, "epoch": 0, "rows": 8, "skipped": 0, "answer_accuracy": 0.75, "updates": 8, "seconds": 9.857400178909302, "time": 1790894260.9486556, "loss": -10.063646924803356, "confidence": 0.7482402514646977, "mass": 0.9999991385388508, "hinge_active": 0.0, "stop_prob": 0.9999776184558868, "sampled_number_rate": 1.0, "kl": 4.327919710731352, "kl_coef": 0.049939439108081275}
A decoder-only architecture is being used, but right-padding was detected! For correct generation results, please set `padding_side='left'` when initializing the tokenizer.
{"step": 99, "epoch": 0, "rows": 8, "skipped": 0, "answer_accuracy": 0.25, "updates": 8, "seconds": 15.771559238433838, "time": 1790894276.7213216, "loss": 1.526863349762225, "confidence": 0.6419670387063567, "mass": 0.7499996323116618, "hinge_active": 0.25, "stop_prob": 0.9999808172384897, "sampled_number_rate": 0.75, "kl": 4.516311428745364, "kl_coef": 0.04993144879782398}
A decoder-only architecture is being used, but right-padding was detected! For correct generation results, please set `padding_side='left'` when initializing the tokenizer.
{"step": 100, "epoch": 0, "rows": 8, "skipped": 0, "answer_accuracy": 0.125, "updates": 8, "seconds": 15.509450912475586, "time": 1790894292.231634, "loss": -2.311957893078371, "confidence": 0.6014004572674818, "mass": 0.8749995965960335, "hinge_active": 0.125, "stop_prob": 0.9999767456735883, "sampled_number_rate": 0.875, "kl": 5.318769534981058, "kl_coef": 0.04992345976601632}
A decoder-only architecture is being used, but right-padding was detected! For correct generation results, please set `padding_side='left'` when initializing the tokenizer.
{"step": 101, "epoch": 0, "rows": 8, "skipped": 0, "answer_accuracy": 0.5, "updates": 8, "seconds": 9.869049310684204, "time": 1790894302.1014004, "loss": -9.09197964011005, "confidence": 0.5868186724982051, "mass": 0.9999977120283763, "hinge_active": 0.0, "stop_prob": 0.9998961910605431, "sampled_number_rate": 1.0, "kl": 6.051617718405316, "kl_coef": 0.04991892518178809}
A decoder-only architecture is being used, but right-padding was detected! For correct generation results, please set `padding_side='left'` when initializing the tokenizer.
{"step": 102, "epoch": 0, "rows": 8, "skipped": 0, "answer_accuracy": 0.875, "updates": 8, "seconds": 10.326858520507812, "time": 1790894312.4291148, "loss": -10.49260780219119, "confidence": 0.6258747322810632, "mass": 0.9999996624702967, "hinge_active": 0.0, "stop_prob": 0.9999803230166435, "sampled_number_rate": 1.0, "kl": 6.692448573330079, "kl_coef": 0.0499192687419245}
A decoder-only architecture is being used, but right-padding was detected! For correct generation results, please set `padding_side='left'` when initializing the tokenizer.
{"step": 103, "epoch": 0, "rows": 8, "skipped": 0, "answer_accuracy": 0.5, "updates": 8, "seconds": 9.907256126403809, "time": 1790894322.3371282, "loss": -9.199430066188716, "confidence": 0.6934752551326766, "mass": 0.9999993154279212, "hinge_active": 0.0, "stop_prob": 0.9999783337116241, "sampled_number_rate": 1.0, "kl": 6.272968505754519, "kl_coef": 0.0499238776121141}
A decoder-only architecture is being used, but right-padding was detected! For correct generation results, please set `padding_side='left'` when initializing the tokenizer.
{"step": 104, "epoch": 0, "rows": 8, "skipped": 0, "answer_accuracy": 0.375, "updates": 8, "seconds": 10.192708253860474, "time": 1790894332.5308368, "loss": -8.990486926221905, "confidence": 0.4353309928929412, "mass": 0.9999996280622969, "hinge_active": 0.0, "stop_prob": 0.999977819621563, "sampled_number_rate": 1.0, "kl": 8.962143858123463, "kl_coef": 0.049925694631617196}
A decoder-only architecture is being used, but right-padding was detected! For correct generation results, please set `padding_side='left'` when initializing the tokenizer.
{"step": 105, "epoch": 0, "rows": 8, "skipped": 0, "answer_accuracy": 0.375, "updates": 8, "seconds": 10.027735233306885, "time": 1790894342.5596867, "loss": -8.7762002096428, "confidence": 0.5343839518015197, "mass": 0.9999973235196554, "hinge_active": 0.0, "stop_prob": 0.9999788478016853, "sampled_number_rate": 1.0, "kl": 7.057518033633235, "kl_coef": 0.04993368274275825}
A decoder-only architecture is being used, but right-padding was detected! For correct generation results, please set `padding_side='left'` when initializing the tokenizer.
{"step": 106, "epoch": 0, "rows": 8, "skipped": 0, "answer_accuracy": 0.625, "updates": 8, "seconds": 9.958542346954346, "time": 1790894352.51905, "loss": -10.175104615224692, "confidence": 0.487929612912325, "mass": 0.9999981897014096, "hinge_active": 0.0, "stop_prob": 0.9999789968132973, "sampled_number_rate": 1.0, "kl": 8.176387716391755, "kl_coef": 0.04994072351208974}
A decoder-only architecture is being used, but right-padding was detected! For correct generation results, please set `padding_side='left'` when initializing the tokenizer.
{"step": 107, "epoch": 0, "rows": 8, "skipped": 0, "answer_accuracy": 0.375, "updates": 8, "seconds": 9.978106498718262, "time": 1790894362.4981291, "loss": -9.008016827774288, "confidence": 0.5182585400325393, "mass": 0.9999997213111197, "hinge_active": 0.0, "stop_prob": 0.9999794289469719, "sampled_number_rate": 1.0, "kl": 9.085847730702499, "kl_coef": 0.04994871402785167}
A decoder-only architecture is being used, but right-padding was detected! For correct generation results, please set `padding_side='left'` when initializing the tokenizer.
{"step": 108, "epoch": 0, "rows": 8, "skipped": 0, "answer_accuracy": 0.625, "updates": 8, "seconds": 9.799753904342651, "time": 1790894372.29865, "loss": -9.446684814249389, "confidence": 0.4997486187815148, "mass": 0.9999985796253489, "hinge_active": 0.0, "stop_prob": 0.999951645731926, "sampled_number_rate": 1.0, "kl": 7.617666617388247, "kl_coef": 0.049956705822096124}
A decoder-only architecture is being used, but right-padding was detected! For correct generation results, please set `padding_side='left'` when initializing the tokenizer.
{"step": 109, "epoch": 0, "rows": 8, "skipped": 0, "answer_accuracy": 0.375, "updates": 8, "seconds": 9.729734659194946, "time": 1790894382.029119, "loss": -9.382483342646328, "confidence": 0.5220006426632575, "mass": 0.9999989984570998, "hinge_active": 0.0, "stop_prob": 0.999959222972393, "sampled_number_rate": 1.0, "kl": 6.094737632255542, "kl_coef": 0.04996469889502766}
A decoder-only architecture is being used, but right-padding was detected! For correct generation results, please set `padding_side='left'` when initializing the tokenizer.
{"step": 110, "epoch": 0, "rows": 8, "skipped": 0, "answer_accuracy": 0.375, "updates": 8, "seconds": 15.297578811645508, "time": 1790894397.3277726, "loss": 0.7249595765387049, "confidence": 0.5504781851063943, "mass": 0.7499997876561275, "hinge_active": 0.25, "stop_prob": 0.9999791781107584, "sampled_number_rate": 0.75, "kl": 6.418718257242435, "kl_coef": 0.049965330033330285}
A decoder-only architecture is being used, but right-padding was detected! For correct generation results, please set `padding_side='left'` when initializing the tokenizer.
{"step": 111, "epoch": 0, "rows": 8, "skipped": 0, "answer_accuracy": 0.625, "updates": 8, "seconds": 15.873147249221802, "time": 1790894413.201616, "loss": -4.994635265266291, "confidence": 0.6259353790261302, "mass": 0.8749994267824245, "hinge_active": 0.125, "stop_prob": 0.9999809605734689, "sampled_number_rate": 0.875, "kl": 6.454778423081493, "kl_coef": 0.049968119552785496}
A decoder-only architecture is being used, but right-padding was detected! For correct generation results, please set `padding_side='left'` when initializing the tokenizer.
{"step": 112, "epoch": 0, "rows": 8, "skipped": 0, "answer_accuracy": 0.125, "updates": 8, "seconds": 15.445621013641357, "time": 1790894428.6480033, "loss": -3.4539978431600797, "confidence": 0.48986903098086687, "mass": 0.8749994773370758, "hinge_active": 0.125, "stop_prob": 0.9999810116631644, "sampled_number_rate": 0.875, "kl": 8.02407203379454, "kl_coef": 0.04997114947580077}
A decoder-only architecture is being used, but right-padding was detected! For correct generation results, please set `padding_side='left'` when initializing the tokenizer.
{"step": 113, "epoch": 0, "rows": 8, "skipped": 0, "answer_accuracy": 0.375, "updates": 8, "seconds": 9.98621916770935, "time": 1790894438.635083, "loss": -8.929332585859333, "confidence": 0.47617435611247977, "mass": 0.9999993419223824, "hinge_active": 0.0, "stop_prob": 0.9999769106507301, "sampled_number_rate": 1.0, "kl": 9.748182339364774, "kl_coef": 0.0499791448597169}
A decoder-only architecture is being used, but right-padding was detected! For correct generation results, please set `padding_side='left'` when initializing the tokenizer.
{"step": 114, "epoch": 0, "rows": 8, "skipped": 0, "answer_accuracy": 0.5, "updates": 8, "seconds": 9.825662612915039, "time": 1790894448.461973, "loss": -9.498945227941807, "confidence": 0.34180696269301253, "mass": 0.999995015387275, "hinge_active": 0.0, "stop_prob": 0.9999411478638649, "sampled_number_rate": 1.0, "kl": 8.565237253228325, "kl_coef": 0.04998714152289445}
A decoder-only architecture is being used, but right-padding was detected! For correct generation results, please set `padding_side='left'` when initializing the tokenizer.
{"step": 115, "epoch": 0, "rows": 8, "skipped": 0, "answer_accuracy": 0.0, "updates": 8, "seconds": 10.012569427490234, "time": 1790894458.4751668, "loss": -8.887298689188967, "confidence": 0.18682660930167683, "mass": 0.9999857156218542, "hinge_active": 0.0, "stop_prob": 0.9993839338421822, "sampled_number_rate": 1.0, "kl": 7.909583884147008, "kl_coef": 0.04999513946553811}
A decoder-only architecture is being used, but right-padding was detected! For correct generation results, please set `padding_side='left'` when initializing the tokenizer.
{"step": 116, "epoch": 0, "rows": 8, "skipped": 0, "answer_accuracy": 0.625, "updates": 8, "seconds": 9.904658794403076, "time": 1790894468.380689, "loss": -9.676307911853364, "confidence": 0.5306123068582546, "mass": 0.9999995545862986, "hinge_active": 0.0, "stop_prob": 0.9999795407056808, "sampled_number_rate": 1.0, "kl": 9.146139308888356, "kl_coef": 0.05000313868785259}
A decoder-only architecture is being used, but right-padding was detected! For correct generation results, please set `padding_side='left'` when initializing the tokenizer.
{"step": 117, "epoch": 0, "rows": 8, "skipped": 0, "answer_accuracy": 0.625, "updates": 8, "seconds": 9.996400594711304, "time": 1790894478.3778644, "loss": -9.664694902017754, "confidence": 0.5679975188474218, "mass": 0.9999955556424247, "hinge_active": 0.0, "stop_prob": 0.9999736547470093, "sampled_number_rate": 1.0, "kl": 6.821190425127988, "kl_coef": 0.050011139190042644}
A decoder-only architecture is being used, but right-padding was detected! For correct generation results, please set `padding_side='left'` when initializing the tokenizer.
{"step": 118, "epoch": 0, "rows": 8, "skipped": 0, "answer_accuracy": 0.625, "updates": 8, "seconds": 10.137819290161133, "time": 1790894488.5164676, "loss": -9.43632747790534, "confidence": 0.4438593118429476, "mass": 0.999999311290394, "hinge_active": 0.0, "stop_prob": 0.9999369457364082, "sampled_number_rate": 1.0, "kl": 6.984286024821927, "kl_coef": 0.05001661501252966}
A decoder-only architecture is being used, but right-padding was detected! For correct generation results, please set `padding_side='left'` when initializing the tokenizer.
{"step": 119, "epoch": 0, "rows": 8, "skipped": 0, "answer_accuracy": 0.625, "updates": 8, "seconds": 10.241986513137817, "time": 1790894498.7592747, "loss": -9.469983922802019, "confidence": 0.7299542997316117, "mass": 0.9999955265593953, "hinge_active": 0.0, "stop_prob": 0.9999714866280556, "sampled_number_rate": 1.0, "kl": 4.443372087975132, "kl_coef": 0.05002317909988509}
A decoder-only architecture is being used, but right-padding was detected! For correct generation results, please set `padding_side='left'` when initializing the tokenizer.
{"step": 120, "epoch": 0, "rows": 8, "skipped": 0, "answer_accuracy": 0.625, "updates": 8, "seconds": 10.039080381393433, "time": 1790894508.7993028, "loss": -9.555464299995123, "confidence": 0.7411835309690653, "mass": 0.9999989880997675, "hinge_active": 0.0, "stop_prob": 0.9999796748161316, "sampled_number_rate": 1.0, "kl": 3.6608726503306324, "kl_coef": 0.05001517539122911}
A decoder-only architecture is being used, but right-padding was detected! For correct generation results, please set `padding_side='left'` when initializing the tokenizer.
{"step": 121, "epoch": 0, "rows": 8, "skipped": 0, "answer_accuracy": 0.5, "updates": 8, "seconds": 9.963509559631348, "time": 1790894518.7638667, "loss": -8.918895611373925, "confidence": 0.7480291284199048, "mass": 0.9999995091353382, "hinge_active": 0.0, "stop_prob": 0.9999745190143585, "sampled_number_rate": 1.0, "kl": 3.607885938935932, "kl_coef": 0.05000717296316651}
A decoder-only architecture is being used, but right-padding was detected! For correct generation results, please set `padding_side='left'` when initializing the tokenizer.
{"step": 122, "epoch": 0, "rows": 8, "skipped": 0, "answer_accuracy": 0.875, "updates": 8, "seconds": 10.070467710494995, "time": 1790894528.835224, "loss": -11.246197606226216, "confidence": 0.6989204051314734, "mass": 0.999998740762701, "hinge_active": 0.0, "stop_prob": 0.9999796524643898, "sampled_number_rate": 1.0, "kl": 4.377792202063658, "kl_coef": 0.0499991718154924}
A decoder-only architecture is being used, but right-padding was detected! For correct generation results, please set `padding_side='left'` when initializing the tokenizer.
{"step": 123, "epoch": 0, "rows": 8, "skipped": 0, "answer_accuracy": 0.75, "updates": 8, "seconds": 15.550073623657227, "time": 1790894544.3863196, "loss": -5.3614276826459655, "confidence": 0.6701133665740566, "mass": 0.8749994797029454, "hinge_active": 0.125, "stop_prob": 0.9999837534768241, "sampled_number_rate": 0.875, "kl": 5.404560638870514, "kl_coef": 0.049991171948001914}
A decoder-only architecture is being used, but right-padding was detected! For correct generation results, please set `padding_side='left'` when initializing the tokenizer.
{"step": 124, "epoch": 0, "rows": 8, "skipped": 0, "answer_accuracy": 0.5, "updates": 8, "seconds": 9.848037719726562, "time": 1790894554.2351766, "loss": -9.060240235564601, "confidence": 0.70413630666501, "mass": 0.9999994498568086, "hinge_active": 0.0, "stop_prob": 0.9999822378158569, "sampled_number_rate": 1.0, "kl": 5.123380105152991, "kl_coef": 0.049987203053137}
A decoder-only architecture is being used, but right-padding was detected! For correct generation results, please set `padding_side='left'` when initializing the tokenizer.
{"step": 125, "epoch": 0, "rows": 8, "skipped": 0, "answer_accuracy": 0.5, "updates": 8, "seconds": 9.788475513458252, "time": 1790894564.024535, "loss": -8.977744477296714, "confidence": 0.76439047547295, "mass": 0.9999994005699453, "hinge_active": 0.0, "stop_prob": 0.9999801740050316, "sampled_number_rate": 1.0, "kl": 4.569510848963613, "kl_coef": 0.04998136041624578}
A decoder-only architecture is being used, but right-padding was detected! For correct generation results, please set `padding_side='left'` when initializing the tokenizer.
{"step": 126, "epoch": 0, "rows": 8, "skipped": 0, "answer_accuracy": 0.5, "updates": 8, "seconds": 15.25834035873413, "time": 1790894579.2838407, "loss": -4.642033727584702, "confidence": 0.6771885457637377, "mass": 0.8749992322050382, "hinge_active": 0.125, "stop_prob": 0.9999798451151166, "sampled_number_rate": 0.875, "kl": 4.452400667158841, "kl_coef": 0.04997336339857918}
A decoder-only architecture is being used, but right-padding was detected! For correct generation results, please set `padding_side='left'` when initializing the tokenizer.
{"step": 127, "epoch": 0, "rows": 8, "skipped": 0, "answer_accuracy": 0.75, "updates": 8, "seconds": 15.47171139717102, "time": 1790894594.7565207, "loss": -5.543522449761266, "confidence": 0.59143289593107, "mass": 0.8749994747881146, "hinge_active": 0.125, "stop_prob": 0.9999793512480599, "sampled_number_rate": 0.875, "kl": 6.071347249302451, "kl_coef": 0.04996536766043541}
A decoder-only architecture is being used, but right-padding was detected! For correct generation results, please set `padding_side='left'` when initializing the tokenizer.
{"step": 128, "epoch": 0, "rows": 8, "skipped": 0, "answer_accuracy": 0.625, "updates": 8, "seconds": 9.883887529373169, "time": 1790894604.6413739, "loss": -9.699620238428988, "confidence": 0.6767632819286793, "mass": 0.9999993547881132, "hinge_active": 0.0, "stop_prob": 0.9999813809990883, "sampled_number_rate": 1.0, "kl": 6.050064017345935, "kl_coef": 0.049965842979307805, "save_seconds": 0.43825674057006836}
A decoder-only architecture is being used, but right-padding was detected! For correct generation results, please set `padding_side='left'` when initializing the tokenizer.
{"step": 129, "epoch": 1, "rows": 8, "skipped": 0, "answer_accuracy": 0.625, "updates": 8, "seconds": 9.728869199752808, "time": 1790894615.238598, "loss": -10.32376847911664, "confidence": 0.6189550182371883, "mass": 0.9999994203193743, "hinge_active": 0.0, "stop_prob": 0.9999819025397301, "sampled_number_rate": 1.0, "kl": 5.401855647265898, "kl_coef": 0.04996617651141843}
A decoder-only architecture is being used, but right-padding was detected! For correct generation results, please set `padding_side='left'` when initializing the tokenizer.
{"step": 130, "epoch": 1, "rows": 8, "skipped": 0, "answer_accuracy": 0.75, "updates": 8, "seconds": 10.11081576347351, "time": 1790894625.3501978, "loss": -10.590127741225446, "confidence": 0.5937280738566137, "mass": 0.9999378361644728, "hinge_active": 0.0, "stop_prob": 0.99991325289011, "sampled_number_rate": 1.0, "kl": 4.063645560424163, "kl_coef": 0.04996219157991069}
A decoder-only architecture is being used, but right-padding was detected! For correct generation results, please set `padding_side='left'` when initializing the tokenizer.
{"step": 131, "epoch": 1, "rows": 8, "skipped": 0, "answer_accuracy": 0.625, "updates": 8, "seconds": 10.559136152267456, "time": 1790894635.9105313, "loss": -9.875159077507115, "confidence": 0.5638966524200596, "mass": 0.9999994265555872, "hinge_active": 0.0, "stop_prob": 0.9999821707606316, "sampled_number_rate": 1.0, "kl": 6.533694251904291, "kl_coef": 0.0499541976292579}
A decoder-only architecture is being used, but right-padding was detected! For correct generation results, please set `padding_side='left'` when initializing the tokenizer.
{"step": 132, "epoch": 1, "rows": 8, "skipped": 0, "answer_accuracy": 0.375, "updates": 8, "seconds": 10.619542598724365, "time": 1790894646.5319378, "loss": -9.175177652103377, "confidence": 0.5369434492884297, "mass": 0.999998824673417, "hinge_active": 0.0, "stop_prob": 0.9999792873859406, "sampled_number_rate": 1.0, "kl": 5.3677417411972455, "kl_coef": 0.04995775233167566}
A decoder-only architecture is being used, but right-padding was detected! For correct generation results, please set `padding_side='left'` when initializing the tokenizer.
{"step": 133, "epoch": 1, "rows": 8, "skipped": 0, "answer_accuracy": 0.25, "updates": 8, "seconds": 16.254426956176758, "time": 1790894662.7877634, "loss": -4.249710446520183, "confidence": 0.5326270551207123, "mass": 0.8749968191083929, "hinge_active": 0.125, "stop_prob": 0.9999458874974932, "sampled_number_rate": 0.875, "kl": 4.573182836314747, "kl_coef": 0.049953540838141935}
A decoder-only architecture is being used, but right-padding was detected! For correct generation results, please set `padding_side='left'` when initializing the tokenizer.
{"step": 134, "epoch": 1, "rows": 8, "skipped": 0, "answer_accuracy": 0.625, "updates": 8, "seconds": 10.107155561447144, "time": 1790894672.8969347, "loss": -10.389035122302232, "confidence": 0.6345355713044524, "mass": 0.9999990796142839, "hinge_active": 0.0, "stop_prob": 0.999981477856636, "sampled_number_rate": 1.0, "kl": 3.967579183027391, "kl_coef": 0.04994554827160783}
A decoder-only architecture is being used, but right-padding was detected! For correct generation results, please set `padding_side='left'` when initializing the tokenizer.
{"step": 135, "epoch": 1, "rows": 8, "skipped": 0, "answer_accuracy": 0.5, "updates": 8, "seconds": 10.927567958831787, "time": 1790894683.8254108, "loss": -8.355967552359738, "confidence": 0.5135247349020152, "mass": 0.9826021322341243, "hinge_active": 0.125, "stop_prob": 0.9987380877137184, "sampled_number_rate": 1.0, "kl": 4.47464184899536, "kl_coef": 0.04993755698388437}
A decoder-only architecture is being used, but right-padding was detected! For correct generation results, please set `padding_side='left'` when initializing the tokenizer.
{"step": 136, "epoch": 1, "rows": 8, "skipped": 0, "answer_accuracy": 0.125, "updates": 8, "seconds": 10.526658058166504, "time": 1790894694.3537993, "loss": -7.371306593879003, "confidence": 0.5369276598763566, "mass": 0.9999986542056268, "hinge_active": 0.0, "stop_prob": 0.9999796897172928, "sampled_number_rate": 1.0, "kl": 7.667873037081035, "kl_coef": 0.04992956697476695}
A decoder-only architecture is being used, but right-padding was detected! For correct generation results, please set `padding_side='left'` when initializing the tokenizer.
{"step": 137, "epoch": 1, "rows": 8, "skipped": 0, "answer_accuracy": 0.5, "updates": 8, "seconds": 10.440997123718262, "time": 1790894704.7961245, "loss": -10.481005292040807, "confidence": 0.5164799723973139, "mass": 0.9999996252786287, "hinge_active": 0.0, "stop_prob": 0.9999742433428764, "sampled_number_rate": 1.0, "kl": 4.888143410132578, "kl_coef": 0.04993755570548291}
A decoder-only architecture is being used, but right-padding was detected! For correct generation results, please set `padding_side='left'` when initializing the tokenizer.
{"step": 138, "epoch": 1, "rows": 8, "skipped": 0, "answer_accuracy": 0.625, "updates": 8, "seconds": 10.241291999816895, "time": 1790894715.0387561, "loss": -10.010601710867308, "confidence": 0.5436702172225382, "mass": 0.9999985322027418, "hinge_active": 0.0, "stop_prob": 0.9999572485685349, "sampled_number_rate": 1.0, "kl": 6.164096061048161, "kl_coef": 0.04993015258543051}
A decoder-only architecture is being used, but right-padding was detected! For correct generation results, please set `padding_side='left'` when initializing the tokenizer.
{"step": 139, "epoch": 1, "rows": 8, "skipped": 0, "answer_accuracy": 0.5, "updates": 8, "seconds": 10.569072484970093, "time": 1790894725.60945, "loss": -8.989343568793938, "confidence": 0.467774194004684, "mass": 0.9999992048541702, "hinge_active": 0.0, "stop_prob": 0.9999796226620674, "sampled_number_rate": 1.0, "kl": 10.29099224769221, "kl_coef": 0.04993124503094608}
A decoder-only architecture is being used, but right-padding was detected! For correct generation results, please set `padding_side='left'` when initializing the tokenizer.
{"step": 140, "epoch": 1, "rows": 8, "skipped": 0, "answer_accuracy": 0.75, "updates": 8, "seconds": 10.106520652770996, "time": 1790894735.716931, "loss": -10.192170237061678, "confidence": 0.5216345449064281, "mass": 0.9999996831765773, "hinge_active": 0.0, "stop_prob": 0.9999704211950302, "sampled_number_rate": 1.0, "kl": 6.824688657413334, "kl_coef": 0.049939234030151027}
A decoder-only architecture is being used, but right-padding was detected! For correct generation results, please set `padding_side='left'` when initializing the tokenizer.
{"step": 141, "epoch": 1, "rows": 8, "skipped": 0, "answer_accuracy": 0.375, "updates": 8, "seconds": 16.389738082885742, "time": 1790894752.1081443, "loss": -4.345525423881547, "confidence": 0.5789308148468548, "mass": 0.8749995512348879, "hinge_active": 0.125, "stop_prob": 0.9999645863260541, "sampled_number_rate": 0.875, "kl": 2.806297433701391, "kl_coef": 0.04994472527279964}
A decoder-only architecture is being used, but right-padding was detected! For correct generation results, please set `padding_side='left'` when initializing the tokenizer.
{"step": 142, "epoch": 1, "rows": 8, "skipped": 0, "answer_accuracy": 0.5, "updates": 8, "seconds": 9.952209711074829, "time": 1790894762.0621207, "loss": -8.076499208032798, "confidence": 0.6702564526269752, "mass": 0.9999985170595967, "hinge_active": 0.0, "stop_prob": 0.9999771490693092, "sampled_number_rate": 1.0, "kl": 5.663260856381093, "kl_coef": 0.04993673411675599}
A decoder-only architecture is being used, but right-padding was detected! For correct generation results, please set `padding_side='left'` when initializing the tokenizer.
{"step": 143, "epoch": 1, "rows": 8, "skipped": 0, "answer_accuracy": 0.375, "updates": 8, "seconds": 16.236222505569458, "time": 1790894778.299138, "loss": -4.454945464344346, "confidence": 0.6077952076743514, "mass": 0.8749986485956425, "hinge_active": 0.125, "stop_prob": 0.9999649098941258, "sampled_number_rate": 0.875, "kl": 5.028452818229009, "kl_coef": 0.04993449202967844}
A decoder-only architecture is being used, but right-padding was detected! For correct generation results, please set `padding_side='left'` when initializing the tokenizer.
{"step": 144, "epoch": 1, "rows": 8, "skipped": 0, "answer_accuracy": 0.625, "updates": 8, "seconds": 10.396752834320068, "time": 1790894788.7004104, "loss": -9.62091614792713, "confidence": 0.6900106863042008, "mass": 0.9999993667007251, "hinge_active": 0.0, "stop_prob": 0.9999697804450989, "sampled_number_rate": 1.0, "kl": 2.9948550213791516, "kl_coef": 0.049928023534344494}
A decoder-only architecture is being used, but right-padding was detected! For correct generation results, please set `padding_side='left'` when initializing the tokenizer.
{"step": 145, "epoch": 1, "rows": 8, "skipped": 0, "answer_accuracy": 0.125, "updates": 8, "seconds": 10.50473427772522, "time": 1790894799.2064517, "loss": -7.984011160399553, "confidence": 0.5195919901944899, "mass": 0.9999997404537273, "hinge_active": 0.0, "stop_prob": 0.9999621510505676, "sampled_number_rate": 1.0, "kl": 5.983616838118532, "kl_coef": 0.049920035050578994}
A decoder-only architecture is being used, but right-padding was detected! For correct generation results, please set `padding_side='left'` when initializing the tokenizer.
{"step": 146, "epoch": 1, "rows": 8, "skipped": 0, "answer_accuracy": 0.625, "updates": 8, "seconds": 10.277022361755371, "time": 1790894809.4847057, "loss": -10.723217986739321, "confidence": 0.6045804451004052, "mass": 0.9999992641758984, "hinge_active": 0.0, "stop_prob": 0.9999538436532021, "sampled_number_rate": 1.0, "kl": 5.789249155000103, "kl_coef": 0.04991992600417695}
A decoder-only architecture is being used, but right-padding was detected! For correct generation results, please set `padding_side='left'` when initializing the tokenizer.
{"step": 147, "epoch": 1, "rows": 8, "skipped": 0, "answer_accuracy": 0.375, "updates": 8, "seconds": 10.371908903121948, "time": 1790894819.8580272, "loss": -8.713501444990202, "confidence": 0.5792687239792363, "mass": 0.9999988762844857, "hinge_active": 0.0, "stop_prob": 0.999932236969471, "sampled_number_rate": 1.0, "kl": 6.862684796048526, "kl_coef": 0.04991852324863192}
A decoder-only architecture is being used, but right-padding was detected! For correct generation results, please set `padding_side='left'` when initializing the tokenizer.
{"step": 148, "epoch": 1, "rows": 8, "skipped": 0, "answer_accuracy": 0.125, "updates": 8, "seconds": 10.518127202987671, "time": 1790894830.3775716, "loss": -8.551440654119084, "confidence": 0.30018424108267167, "mass": 0.9999994918839247, "hinge_active": 0.0, "stop_prob": 0.999966062605381, "sampled_number_rate": 1.0, "kl": 8.270273819273928, "kl_coef": 0.049924265108771626}
A decoder-only architecture is being used, but right-padding was detected! For correct generation results, please set `padding_side='left'` when initializing the tokenizer.
{"step": 149, "epoch": 1, "rows": 8, "skipped": 0, "answer_accuracy": 0.875, "updates": 8, "seconds": 16.24314522743225, "time": 1790894846.6222346, "loss": -5.876131897709779, "confidence": 0.660061420086779, "mass": 0.8749997153851866, "hinge_active": 0.125, "stop_prob": 0.9999777759824481, "sampled_number_rate": 0.875, "kl": 3.957338864384137, "kl_coef": 0.04993225299118902}
A decoder-only architecture is being used, but right-padding was detected! For correct generation results, please set `padding_side='left'` when initializing the tokenizer.
{"step": 150, "epoch": 1, "rows": 8, "skipped": 0, "answer_accuracy": 0.5, "updates": 8, "seconds": 16.142575979232788, "time": 1790894862.7662492, "loss": -0.17710277480764391, "confidence": 0.48897857654896215, "mass": 0.7499997231201941, "hinge_active": 0.25, "stop_prob": 0.9999029636383057, "sampled_number_rate": 0.75, "kl": 4.393807351175234, "kl_coef": 0.04992426383071043}
A decoder-only architecture is being used, but right-padding was detected! For correct generation results, please set `padding_side='left'` when initializing the tokenizer.
{"step": 151, "epoch": 1, "rows": 8, "skipped": 0, "answer_accuracy": 0.5, "updates": 8, "seconds": 10.2272629737854, "time": 1790894872.994851, "loss": -8.875851319445966, "confidence": 0.4512936668110316, "mass": 0.9999997436991358, "hinge_active": 0.0, "stop_prob": 0.9999753385782242, "sampled_number_rate": 1.0, "kl": 8.634008922460023, "kl_coef": 0.04991627594849751}
A decoder-only architecture is being used, but right-padding was detected! For correct generation results, please set `padding_side='left'` when initializing the tokenizer.
{"step": 152, "epoch": 1, "rows": 8, "skipped": 0, "answer_accuracy": 0.875, "updates": 8, "seconds": 10.352977275848389, "time": 1790894883.3492594, "loss": -10.814913253030776, "confidence": 0.687609511682063, "mass": 0.9999989458339035, "hinge_active": 0.0, "stop_prob": 0.9999796599149704, "sampled_number_rate": 1.0, "kl": 4.577501419184117, "kl_coef": 0.04992426255264927}
A decoder-only architecture is being used, but right-padding was detected! For correct generation results, please set `padding_side='left'` when initializing the tokenizer.
{"step": 153, "epoch": 1, "rows": 8, "skipped": 0, "answer_accuracy": 0.75, "updates": 8, "seconds": 10.200839757919312, "time": 1790894893.551552, "loss": -9.697958734601052, "confidence": 0.6186165607242429, "mass": 0.9999981690657836, "hinge_active": 0.0, "stop_prob": 0.9999567270278931, "sampled_number_rate": 1.0, "kl": 5.419200533194384, "kl_coef": 0.049916274670640845}
A decoder-only architecture is being used, but right-padding was detected! For correct generation results, please set `padding_side='left'` when initializing the tokenizer.
{"step": 154, "epoch": 1, "rows": 8, "skipped": 0, "answer_accuracy": 0.5, "updates": 8, "seconds": 10.485244035720825, "time": 1790894904.0382519, "loss": -10.278261688680365, "confidence": 0.5154644154940404, "mass": 0.9999979924448935, "hinge_active": 0.0, "stop_prob": 0.9999784082174301, "sampled_number_rate": 1.0, "kl": 8.002668826173792, "kl_coef": 0.04991240915787903}
A decoder-only architecture is being used, but right-padding was detected! For correct generation results, please set `padding_side='left'` when initializing the tokenizer.
{"step": 155, "epoch": 1, "rows": 8, "skipped": 0, "answer_accuracy": 0.5, "updates": 8, "seconds": 10.320408582687378, "time": 1790894914.359987, "loss": -9.64134261906751, "confidence": 0.6117188499840089, "mass": 0.9999994083581565, "hinge_active": 0.0, "stop_prob": 0.9999760314822197, "sampled_number_rate": 1.0, "kl": 4.4451073016970515, "kl_coef": 0.04992039514334429}
A decoder-only architecture is being used, but right-padding was detected! For correct generation results, please set `padding_side='left'` when initializing the tokenizer.
{"step": 156, "epoch": 1, "rows": 7, "skipped": 1, "answer_accuracy": 0.42857142857142855, "updates": 8, "seconds": 22.4820556640625, "time": 1790894936.8435788, "loss": -8.529665238824649, "confidence": 0.7844955638201054, "mass": 0.9999987414927882, "hinge_active": 0.0, "stop_prob": 0.9999768563679287, "sampled_number_rate": 0.9999999999999998, "kl": 3.9530257141556495, "kl_coef": 0.04991240788012135}
A decoder-only architecture is being used, but right-padding was detected! For correct generation results, please set `padding_side='left'` when initializing the tokenizer.
{"step": 157, "epoch": 1, "rows": 8, "skipped": 0, "answer_accuracy": 0.5, "updates": 8, "seconds": 10.391870021820068, "time": 1790894947.2369173, "loss": -9.174029673089446, "confidence": 0.6998090734401775, "mass": 0.999999406387817, "hinge_active": 0.0, "stop_prob": 0.9999803677201271, "sampled_number_rate": 1.0, "kl": 5.081325801177516, "kl_coef": 0.04990442189486053}
A decoder-only architecture is being used, but right-padding was detected! For correct generation results, please set `padding_side='left'` when initializing the tokenizer.
{"step": 158, "epoch": 1, "rows": 8, "skipped": 0, "answer_accuracy": 0.5, "updates": 8, "seconds": 10.284279584884644, "time": 1790894957.5228536, "loss": -9.0501829173489, "confidence": 0.7489380079988772, "mass": 0.999999008932779, "hinge_active": 0.0, "stop_prob": 0.999978557229042, "sampled_number_rate": 1.0, "kl": 4.493752059332959, "kl_coef": 0.0498983091075536}
A decoder-only architecture is being used, but right-padding was detected! For correct generation results, please set `padding_side='left'` when initializing the tokenizer.
{"step": 159, "epoch": 1, "rows": 8, "skipped": 0, "answer_accuracy": 0.5, "updates": 8, "seconds": 10.34892725944519, "time": 1790894967.8727286, "loss": -9.08308286729093, "confidence": 0.6840174294696104, "mass": 0.9999993864715149, "hinge_active": 0.0, "stop_prob": 0.999972864985466, "sampled_number_rate": 1.0, "kl": 4.391084834570977, "kl_coef": 0.04989032537809639}
A decoder-only architecture is being used, but right-padding was detected! For correct generation results, please set `padding_side='left'` when initializing the tokenizer.
{"step": 160, "epoch": 1, "rows": 8, "skipped": 0, "answer_accuracy": 0.5, "updates": 8, "seconds": 15.962382555007935, "time": 1790894983.8367043, "loss": -4.549802443752403, "confidence": 0.6910823801029771, "mass": 0.8749995412634654, "hinge_active": 0.125, "stop_prob": 0.999979283128466, "sampled_number_rate": 0.875, "kl": 4.511295453891291, "kl_coef": 0.04988234292603589}
A decoder-only architecture is being used, but right-padding was detected! For correct generation results, please set `padding_side='left'` when initializing the tokenizer.
{"step": 161, "epoch": 1, "rows": 8, "skipped": 0, "answer_accuracy": 0.625, "updates": 8, "seconds": 11.361271142959595, "time": 1790894995.1993306, "loss": -9.066014073744768, "confidence": 0.5735672262707712, "mass": 0.9999994794980722, "hinge_active": 0.0, "stop_prob": 0.9999793469905853, "sampled_number_rate": 1.0, "kl": 7.779268593339936, "kl_coef": 0.049874361751167724}
A decoder-only architecture is being used, but right-padding was detected! For correct generation results, please set `padding_side='left'` when initializing the tokenizer.
{"step": 162, "epoch": 1, "rows": 8, "skipped": 0, "answer_accuracy": 0.75, "updates": 8, "seconds": 15.923046112060547, "time": 1790895011.12376, "loss": -5.351232914332502, "confidence": 0.6304467741161628, "mass": 0.874999762335309, "hinge_active": 0.125, "stop_prob": 0.999979487487248, "sampled_number_rate": 0.875, "kl": 5.9903150270126355, "kl_coef": 0.04988234164904791}
A decoder-only architecture is being used, but right-padding was detected! For correct generation results, please set `padding_side='left'` when initializing the tokenizer.
{"step": 163, "epoch": 1, "rows": 8, "skipped": 0, "answer_accuracy": 0.625, "updates": 8, "seconds": 10.32179307937622, "time": 1790895021.4471517, "loss": -10.00929444940831, "confidence": 0.6368544259006397, "mass": 0.9999991109954911, "hinge_active": 0.0, "stop_prob": 0.9999798834323883, "sampled_number_rate": 1.0, "kl": 6.231114437291891, "kl_coef": 0.04988227723449705}
A decoder-only architecture is being used, but right-padding was detected! For correct generation results, please set `padding_side='left'` when initializing the tokenizer.
{"step": 164, "epoch": 1, "rows": 8, "skipped": 0, "answer_accuracy": 0.5, "updates": 8, "seconds": 15.73492169380188, "time": 1790895037.183701, "loss": -5.526408316590577, "confidence": 0.5546296444698204, "mass": 0.8749992145569022, "hinge_active": 0.125, "stop_prob": 0.9999799983842033, "sampled_number_rate": 0.875, "kl": 5.678745446589785, "kl_coef": 0.0498838143697549}
A decoder-only architecture is being used, but right-padding was detected! For correct generation results, please set `padding_side='left'` when initializing the tokenizer.
{"step": 165, "epoch": 1, "rows": 8, "skipped": 0, "answer_accuracy": 0.75, "updates": 8, "seconds": 10.209754705429077, "time": 1790895047.3952, "loss": -9.951117515715925, "confidence": 0.590243980157595, "mass": 0.9999995226589729, "hinge_active": 0.0, "stop_prob": 0.9999807327985764, "sampled_number_rate": 1.0, "kl": 7.638611738387511, "kl_coef": 0.04988167764942053}
A decoder-only architecture is being used, but right-padding was detected! For correct generation results, please set `padding_side='left'` when initializing the tokenizer.
{"step": 166, "epoch": 1, "rows": 8, "skipped": 0, "answer_accuracy": 0.25, "updates": 8, "seconds": 10.690049648284912, "time": 1790895058.0862699, "loss": -7.283807047072521, "confidence": 0.7112293423354423, "mass": 0.9999987593635334, "hinge_active": 0.0, "stop_prob": 0.9999769255518913, "sampled_number_rate": 1.0, "kl": 5.876328322826055, "kl_coef": 0.04988965871784443}
A decoder-only architecture is being used, but right-padding was detected! For correct generation results, please set `padding_side='left'` when initializing the tokenizer.
{"step": 167, "epoch": 1, "rows": 8, "skipped": 0, "answer_accuracy": 0.375, "updates": 8, "seconds": 16.34076428413391, "time": 1790895074.428432, "loss": -0.24516836282529275, "confidence": 0.5198262244721331, "mass": 0.74999949166333, "hinge_active": 0.25, "stop_prob": 0.9999678730964661, "sampled_number_rate": 0.75, "kl": 5.423619027870711, "kl_coef": 0.049888836059475465}
A decoder-only architecture is being used, but right-padding was detected! For correct generation results, please set `padding_side='left'` when initializing the tokenizer.
{"step": 168, "epoch": 1, "rows": 8, "skipped": 0, "answer_accuracy": 0.75, "updates": 8, "seconds": 10.265956163406372, "time": 1790895084.6957605, "loss": -10.13717962391865, "confidence": 0.8119269865105729, "mass": 0.9999993978265431, "hinge_active": 0.0, "stop_prob": 0.9999772235751152, "sampled_number_rate": 1.0, "kl": 3.393931824652266, "kl_coef": 0.049885002062698615}
A decoder-only architecture is being used, but right-padding was detected! For correct generation results, please set `padding_side='left'` when initializing the tokenizer.
{"step": 169, "epoch": 1, "rows": 8, "skipped": 0, "answer_accuracy": 0.625, "updates": 8, "seconds": 10.144157409667969, "time": 1790895094.8412604, "loss": -10.386383212938263, "confidence": 0.7132759532156672, "mass": 0.9999984576809188, "hinge_active": 0.0, "stop_prob": 0.999978095293045, "sampled_number_rate": 1.0, "kl": 5.870365143506758, "kl_coef": 0.04987702046236858}
A decoder-only architecture is being used, but right-padding was detected! For correct generation results, please set `padding_side='left'` when initializing the tokenizer.
{"step": 170, "epoch": 1, "rows": 8, "skipped": 0, "answer_accuracy": 0.875, "updates": 8, "seconds": 16.248337984085083, "time": 1790895111.090858, "loss": -6.439572243737024, "confidence": 0.786184445727871, "mass": 0.8749989614380281, "hinge_active": 0.125, "stop_prob": 0.9999776908329555, "sampled_number_rate": 0.875, "kl": 2.9762120413389654, "kl_coef": 0.04987615835564992}
A decoder-only architecture is being used, but right-padding was detected! For correct generation results, please set `padding_side='left'` when initializing the tokenizer.
{"step": 171, "epoch": 1, "rows": 8, "skipped": 0, "answer_accuracy": 0.25, "updates": 8, "seconds": 10.291339635848999, "time": 1790895121.383942, "loss": -8.576784841067877, "confidence": 0.5389564359821354, "mass": 0.999999508774189, "hinge_active": 0.0, "stop_prob": 0.99997977912426, "sampled_number_rate": 1.0, "kl": 8.31966481483564, "kl_coef": 0.04986817817031302}
A decoder-only architecture is being used, but right-padding was detected! For correct generation results, please set `padding_side='left'` when initializing the tokenizer.
{"step": 172, "epoch": 1, "rows": 8, "skipped": 0, "answer_accuracy": 0.375, "updates": 8, "seconds": 16.33813738822937, "time": 1790895137.7234752, "loss": -4.743109975355198, "confidence": 0.549693818135735, "mass": 0.8749990310765855, "hinge_active": 0.125, "stop_prob": 0.9999800494738987, "sampled_number_rate": 0.875, "kl": 5.988855765881841, "kl_coef": 0.04987615707882027}
A decoder-only architecture is being used, but right-padding was detected! For correct generation results, please set `padding_side='left'` when initializing the tokenizer.
{"step": 173, "epoch": 1, "rows": 8, "skipped": 0, "answer_accuracy": 0.375, "updates": 8, "seconds": 15.92052412033081, "time": 1790895153.6454337, "loss": -4.397299094422774, "confidence": 0.5735996092563623, "mass": 0.8749993143012286, "hinge_active": 0.125, "stop_prob": 0.9996592572757176, "sampled_number_rate": 0.875, "kl": 4.10666413443885, "kl_coef": 0.04987608296794408}
A decoder-only architecture is being used, but right-padding was detected! For correct generation results, please set `padding_side='left'` when initializing the tokenizer.
{"step": 174, "epoch": 1, "rows": 8, "skipped": 0, "answer_accuracy": 0.375, "updates": 8, "seconds": 10.247953414916992, "time": 1790895163.8947356, "loss": -9.228741029420725, "confidence": 0.46100464229653665, "mass": 0.9999989037696182, "hinge_active": 0.0, "stop_prob": 0.999978743493557, "sampled_number_rate": 1.0, "kl": 7.671801433155265, "kl_coef": 0.04986810279466921}
A decoder-only architecture is being used, but right-padding was detected! For correct generation results, please set `padding_side='left'` when initializing the tokenizer.
{"step": 175, "epoch": 1, "rows": 8, "skipped": 0, "answer_accuracy": 0.5, "updates": 8, "seconds": 10.322722434997559, "time": 1790895174.219062, "loss": -9.043568510889962, "confidence": 0.49395034408647237, "mass": 0.9999991215392662, "hinge_active": 0.0, "stop_prob": 0.999979592859745, "sampled_number_rate": 1.0, "kl": 8.340122404607213, "kl_coef": 0.049876081691116354}
A decoder-only architecture is being used, but right-padding was detected! For correct generation results, please set `padding_side='left'` when initializing the tokenizer.
{"step": 176, "epoch": 1, "rows": 8, "skipped": 0, "answer_accuracy": 0.375, "updates": 8, "seconds": 15.923238277435303, "time": 1790895190.1435883, "loss": -4.2670901067927804, "confidence": 0.6079804412830768, "mass": 0.874999383674091, "hinge_active": 0.125, "stop_prob": 0.9999792490686689, "sampled_number_rate": 0.875, "kl": 4.033275691416525, "kl_coef": 0.04988406186418693}
A decoder-only architecture is being used, but right-padding was detected! For correct generation results, please set `padding_side='left'` when initializing the tokenizer.
{"step": 177, "epoch": 1, "rows": 8, "skipped": 0, "answer_accuracy": 0.375, "updates": 8, "seconds": 16.471802949905396, "time": 1790895206.6167247, "loss": -4.74904576913576, "confidence": 0.45167090955823563, "mass": 0.8749983867617295, "hinge_active": 0.125, "stop_prob": 0.9999544535364423, "sampled_number_rate": 0.875, "kl": 6.9347273853261715, "kl_coef": 0.049876080414288655}
A decoder-only architecture is being used, but right-padding was detected! For correct generation results, please set `padding_side='left'` when initializing the tokenizer.
{"step": 178, "epoch": 1, "rows": 8, "skipped": 0, "answer_accuracy": 0.25, "updates": 8, "seconds": 16.2042019367218, "time": 1790895222.8224988, "loss": -3.757941325963288, "confidence": 0.5161278497399541, "mass": 0.8749996595171105, "hinge_active": 0.125, "stop_prob": 0.9999762432915824, "sampled_number_rate": 0.875, "kl": 6.102195949703133, "kl_coef": 0.049882296486053454}
A decoder-only architecture is being used, but right-padding was detected! For correct generation results, please set `padding_side='left'` when initializing the tokenizer.
{"step": 179, "epoch": 1, "rows": 8, "skipped": 0, "answer_accuracy": 0.5, "updates": 8, "seconds": 10.292238473892212, "time": 1790895233.116366, "loss": -9.762659620910863, "confidence": 0.615870762410913, "mass": 0.9999995146714629, "hinge_active": 0.0, "stop_prob": 0.9999784976243973, "sampled_number_rate": 1.0, "kl": 6.2190042170112445, "kl_coef": 0.049882976188541824}
A decoder-only architecture is being used, but right-padding was detected! For correct generation results, please set `padding_side='left'` when initializing the tokenizer.
{"step": 180, "epoch": 1, "rows": 8, "skipped": 0, "answer_accuracy": 0.5, "updates": 8, "seconds": 10.025064945220947, "time": 1790895243.1427882, "loss": -10.175368702725486, "confidence": 0.5595142577416502, "mass": 0.9999989389678035, "hinge_active": 0.0, "stop_prob": 0.9999804794788361, "sampled_number_rate": 1.0, "kl": 4.393113448784678, "kl_coef": 0.04988443279949414}
A decoder-only architecture is being used, but right-padding was detected! For correct generation results, please set `padding_side='left'` when initializing the tokenizer.
{"step": 181, "epoch": 1, "rows": 8, "skipped": 0, "answer_accuracy": 0.0, "updates": 8, "seconds": 16.218194484710693, "time": 1790895259.3625402, "loss": -2.7804558069143965, "confidence": 0.38921586924806323, "mass": 0.8749948648835519, "hinge_active": 0.125, "stop_prob": 0.9999386242457798, "sampled_number_rate": 0.875, "kl": 7.729816047575037, "kl_coef": 0.04987645129024622}
A decoder-only architecture is being used, but right-padding was detected! For correct generation results, please set `padding_side='left'` when initializing the tokenizer.
{"step": 182, "epoch": 1, "rows": 8, "skipped": 0, "answer_accuracy": 0.375, "updates": 8, "seconds": 10.057800531387329, "time": 1790895269.4218688, "loss": -9.940286219154595, "confidence": 0.37623080839688583, "mass": 0.9999982783035245, "hinge_active": 0.0, "stop_prob": 0.9999720081686974, "sampled_number_rate": 1.0, "kl": 7.7087313266827655, "kl_coef": 0.04988443152245266}
A decoder-only architecture is being used, but right-padding was detected! For correct generation results, please set `padding_side='left'` when initializing the tokenizer.
{"step": 183, "epoch": 1, "rows": 8, "skipped": 0, "answer_accuracy": 0.5, "updates": 8, "seconds": 10.0463285446167, "time": 1790895279.469611, "loss": -7.550786855227537, "confidence": 0.3572986385297124, "mass": 0.9999993175702192, "hinge_active": 0.0, "stop_prob": 0.9999751821160316, "sampled_number_rate": 1.0, "kl": 10.417271216038243, "kl_coef": 0.04989241303149625}
A decoder-only architecture is being used, but right-padding was detected! For correct generation results, please set `padding_side='left'` when initializing the tokenizer.
{"step": 184, "epoch": 1, "rows": 8, "skipped": 0, "answer_accuracy": 0.375, "updates": 8, "seconds": 10.297186136245728, "time": 1790895289.7680297, "loss": -9.214709100752032, "confidence": 0.5551186692635341, "mass": 0.999999413277483, "hinge_active": 0.0, "stop_prob": 0.999980203807354, "sampled_number_rate": 1.0, "kl": 8.394725400124605, "kl_coef": 0.04990039581758128}
A decoder-only architecture is being used, but right-padding was detected! For correct generation results, please set `padding_side='left'` when initializing the tokenizer.
{"step": 185, "epoch": 1, "rows": 8, "skipped": 0, "answer_accuracy": 0.25, "updates": 8, "seconds": 10.191434144973755, "time": 1790895299.9612494, "loss": -8.32983862311693, "confidence": 0.4833761861355243, "mass": 0.9999993114099903, "hinge_active": 0.0, "stop_prob": 0.9999824240803719, "sampled_number_rate": 1.0, "kl": 9.317318895478909, "kl_coef": 0.04990837988091209}
A decoder-only architecture is being used, but right-padding was detected! For correct generation results, please set `padding_side='left'` when initializing the tokenizer.
{"step": 186, "epoch": 1, "rows": 8, "skipped": 0, "answer_accuracy": 0.5, "updates": 8, "seconds": 10.386706113815308, "time": 1790895310.34934, "loss": -7.948383919362757, "confidence": 0.39857780971221163, "mass": 0.9999993700204499, "hinge_active": 0.0, "stop_prob": 0.9999836832284927, "sampled_number_rate": 1.0, "kl": 9.683541563407848, "kl_coef": 0.04991636522169303}
A decoder-only architecture is being used, but right-padding was detected! For correct generation results, please set `padding_side='left'` when initializing the tokenizer.
{"step": 187, "epoch": 1, "rows": 8, "skipped": 0, "answer_accuracy": 0.75, "updates": 8, "seconds": 10.291363716125488, "time": 1790895320.642235, "loss": -10.521048640195808, "confidence": 0.6463428464543565, "mass": 0.9999994568388707, "hinge_active": 0.0, "stop_prob": 0.9999792128801346, "sampled_number_rate": 1.0, "kl": 6.221301985641118, "kl_coef": 0.0499243518401285}
A decoder-only architecture is being used, but right-padding was detected! For correct generation results, please set `padding_side='left'` when initializing the tokenizer.
{"step": 188, "epoch": 1, "rows": 8, "skipped": 0, "answer_accuracy": 0.375, "updates": 8, "seconds": 10.338437557220459, "time": 1790895330.982212, "loss": -8.985107040394684, "confidence": 0.6280246479850172, "mass": 0.9999993392267964, "hinge_active": 0.0, "stop_prob": 0.9999789744615555, "sampled_number_rate": 1.0, "kl": 7.319776131564474, "kl_coef": 0.04992582495455438}
A decoder-only architecture is being used, but right-padding was detected! For correct generation results, please set `padding_side='left'` when initializing the tokenizer.
{"step": 189, "epoch": 1, "rows": 8, "skipped": 0, "answer_accuracy": 0.375, "updates": 8, "seconds": 10.476076602935791, "time": 1790895341.4596815, "loss": -8.476074930208323, "confidence": 0.40243118262513966, "mass": 0.9999997877749673, "hinge_active": 0.0, "stop_prob": 0.9999813362956047, "sampled_number_rate": 1.0, "kl": 9.393192957503354, "kl_coef": 0.0499338130865471}
A decoder-only architecture is being used, but right-padding was detected! For correct generation results, please set `padding_side='left'` when initializing the tokenizer.
{"step": 190, "epoch": 1, "rows": 8, "skipped": 0, "answer_accuracy": 0.5, "updates": 8, "seconds": 10.313566207885742, "time": 1790895351.7747738, "loss": -10.252453962308602, "confidence": 0.5164767567907975, "mass": 0.9999997072203513, "hinge_active": 0.0, "stop_prob": 0.9999808743596077, "sampled_number_rate": 1.0, "kl": 7.178193428361593, "kl_coef": 0.04994180249664095}
A decoder-only architecture is being used, but right-padding was detected! For correct generation results, please set `padding_side='left'` when initializing the tokenizer.
{"step": 191, "epoch": 1, "rows": 8, "skipped": 0, "answer_accuracy": 0.25, "updates": 8, "seconds": 10.366869926452637, "time": 1790895362.1429846, "loss": -8.027587455115947, "confidence": 0.36740442694995085, "mass": 0.9999998956264949, "hinge_active": 0.0, "stop_prob": 0.999980054795742, "sampled_number_rate": 1.0, "kl": 12.246376360272137, "kl_coef": 0.049949647977107894}
A decoder-only architecture is being used, but right-padding was detected! For correct generation results, please set `padding_side='left'` when initializing the tokenizer.
{"step": 192, "epoch": 1, "rows": 8, "skipped": 0, "answer_accuracy": 0.5, "updates": 8, "seconds": 10.334037780761719, "time": 1790895372.478629, "loss": -9.700470980571168, "confidence": 0.44622188547988123, "mass": 0.9999998010931035, "hinge_active": 0.0, "stop_prob": 0.9999808296561241, "sampled_number_rate": 1.0, "kl": 7.938570314265714, "kl_coef": 0.04995763992078423, "save_seconds": 0.4397003650665283}
A decoder-only architecture is being used, but right-padding was detected! For correct generation results, please set `padding_side='left'` when initializing the tokenizer.
{"step": 193, "epoch": 1, "rows": 8, "skipped": 0, "answer_accuracy": 0.25, "updates": 8, "seconds": 11.19306206703186, "time": 1790895384.1121743, "loss": -9.569594925574673, "confidence": 0.34351554788461697, "mass": 0.9999990017015634, "hinge_active": 0.0, "stop_prob": 0.9999725893139839, "sampled_number_rate": 1.0, "kl": 10.8527992489115, "kl_coef": 0.04996563314317155}
A decoder-only architecture is being used, but right-padding was detected! For correct generation results, please set `padding_side='left'` when initializing the tokenizer.
{"step": 194, "epoch": 1, "rows": 8, "skipped": 0, "answer_accuracy": 0.125, "updates": 8, "seconds": 16.14881205558777, "time": 1790895400.2621646, "loss": -3.7784812734461166, "confidence": 0.30679621218888237, "mass": 0.8749997152338167, "hinge_active": 0.125, "stop_prob": 0.9999822633607047, "sampled_number_rate": 0.875, "kl": 10.35471226269019, "kl_coef": 0.04997362764447446}
A decoder-only architecture is being used, but right-padding was detected! For correct generation results, please set `padding_side='left'` when initializing the tokenizer.
{"step": 195, "epoch": 1, "rows": 8, "skipped": 0, "answer_accuracy": 0.625, "updates": 8, "seconds": 11.310011625289917, "time": 1790895411.5734334, "loss": -9.881762735024427, "confidence": 0.4469524220899004, "mass": 0.9999989364857838, "hinge_active": 0.0, "stop_prob": 0.9999692216515541, "sampled_number_rate": 1.0, "kl": 7.934382305178338, "kl_coef": 0.04998162342489757}
A decoder-only architecture is being used, but right-padding was detected! For correct generation results, please set `padding_side='left'` when initializing the tokenizer.
{"step": 196, "epoch": 1, "rows": 8, "skipped": 0, "answer_accuracy": 0.75, "updates": 8, "seconds": 10.284681797027588, "time": 1790895421.8596587, "loss": -10.836746994996393, "confidence": 0.6572852486463147, "mass": 0.9999994277719321, "hinge_active": 0.0, "stop_prob": 0.9999788999557495, "sampled_number_rate": 1.0, "kl": 6.49877385790633, "kl_coef": 0.04998962048464555}
A decoder-only architecture is being used, but right-padding was detected! For correct generation results, please set `padding_side='left'` when initializing the tokenizer.
{"step": 197, "epoch": 1, "rows": 8, "skipped": 0, "answer_accuracy": 0.625, "updates": 8, "seconds": 10.372241020202637, "time": 1790895432.2333188, "loss": -10.523669443140705, "confidence": 0.6670076420363362, "mass": 0.9999991993541905, "hinge_active": 0.0, "stop_prob": 0.9999618679285049, "sampled_number_rate": 1.0, "kl": 5.392090596509237, "kl_coef": 0.04999294495342747}
A decoder-only architecture is being used, but right-padding was detected! For correct generation results, please set `padding_side='left'` when initializing the tokenizer.
{"step": 198, "epoch": 1, "rows": 8, "skipped": 0, "answer_accuracy": 0.625, "updates": 8, "seconds": 10.398128747940063, "time": 1790895442.6329417, "loss": -9.891741888934005, "confidence": 0.7215919172793929, "mass": 0.9999985815076577, "hinge_active": 0.0, "stop_prob": 0.9999792352318764, "sampled_number_rate": 1.0, "kl": 5.133120447627045, "kl_coef": 0.04998889279591475}
A decoder-only architecture is being used, but right-padding was detected! For correct generation results, please set `padding_side='left'` when initializing the tokenizer.
{"step": 199, "epoch": 1, "rows": 8, "skipped": 0, "answer_accuracy": 0.25, "updates": 8, "seconds": 10.165453433990479, "time": 1790895452.7998872, "loss": -8.348410644127076, "confidence": 0.5687507103975273, "mass": 0.9999992462674528, "hinge_active": 0.0, "stop_prob": 0.9999799132347107, "sampled_number_rate": 1.0, "kl": 6.695657632199889, "kl_coef": 0.04998311488271334}
A decoder-only architecture is being used, but right-padding was detected! For correct generation results, please set `padding_side='left'` when initializing the tokenizer.
{"step": 200, "epoch": 1, "rows": 8, "skipped": 0, "answer_accuracy": 0.625, "updates": 8, "seconds": 10.183786630630493, "time": 1790895462.9850383, "loss": -10.256236865670905, "confidence": 0.5518816242435882, "mass": 0.9999995467318086, "hinge_active": 0.0, "stop_prob": 0.9999796524643898, "sampled_number_rate": 1.0, "kl": 7.906733247422687, "kl_coef": 0.04998775103409324}
A decoder-only architecture is being used, but right-padding was detected! For correct generation results, please set `padding_side='left'` when initializing the tokenizer.
{"step": 201, "epoch": 1, "rows": 8, "skipped": 0, "answer_accuracy": 0.625, "updates": 8, "seconds": 10.105352401733398, "time": 1790895473.0917854, "loss": -9.450395381361039, "confidence": 0.7003130233318111, "mass": 0.9999993410877089, "hinge_active": 0.0, "stop_prob": 0.9999793916940689, "sampled_number_rate": 1.0, "kl": 5.421424577604958, "kl_coef": 0.04999574907425869}
A decoder-only architecture is being used, but right-padding was detected! For correct generation results, please set `padding_side='left'` when initializing the tokenizer.
{"step": 202, "epoch": 1, "rows": 8, "skipped": 0, "answer_accuracy": 0.625, "updates": 8, "seconds": 16.379186630249023, "time": 1790895489.4726534, "loss": -4.0462211504550725, "confidence": 0.5190070653638583, "mass": 0.8749984896848828, "hinge_active": 0.125, "stop_prob": 0.9999788999557495, "sampled_number_rate": 0.875, "kl": 7.269902351315706, "kl_coef": 0.04999189223270688}
A decoder-only architecture is being used, but right-padding was detected! For correct generation results, please set `padding_side='left'` when initializing the tokenizer.
{"step": 203, "epoch": 1, "rows": 8, "skipped": 0, "answer_accuracy": 0.25, "updates": 8, "seconds": 10.245237350463867, "time": 1790895499.7193837, "loss": -8.688404421398571, "confidence": 0.470451303528962, "mass": 0.9999996011160225, "hinge_active": 0.0, "stop_prob": 0.9999675452709198, "sampled_number_rate": 1.0, "kl": 8.464554335788769, "kl_coef": 0.04999989093546411}
A decoder-only architecture is being used, but right-padding was detected! For correct generation results, please set `padding_side='left'` when initializing the tokenizer.
{"step": 204, "epoch": 1, "rows": 8, "skipped": 0, "answer_accuracy": 0.625, "updates": 8, "seconds": 10.220632791519165, "time": 1790895509.9415383, "loss": -10.714401218910558, "confidence": 0.5693726101080928, "mass": 0.9999999126149856, "hinge_active": 0.0, "stop_prob": 0.9999802112579346, "sampled_number_rate": 1.0, "kl": 5.368715920927291, "kl_coef": 0.050007890918013775}
A decoder-only architecture is being used, but right-padding was detected! For correct generation results, please set `padding_side='left'` when initializing the tokenizer.
{"step": 205, "epoch": 1, "rows": 7, "skipped": 1, "answer_accuracy": 0.42857142857142855, "updates": 8, "seconds": 22.68846893310547, "time": 1790895532.6315262, "loss": -9.497203052560605, "confidence": 0.3864956460199903, "mass": 0.9999989947005028, "hinge_active": 0.0, "stop_prob": 0.9999541214534214, "sampled_number_rate": 0.9999999999999998, "kl": 9.804417948925074, "kl_coef": 0.0500036816932985}
A decoder-only architecture is being used, but right-padding was detected! For correct generation results, please set `padding_side='left'` when initializing the tokenizer.
{"step": 206, "epoch": 1, "rows": 8, "skipped": 0, "answer_accuracy": 0.625, "updates": 8, "seconds": 10.370001077651978, "time": 1790895543.0030596, "loss": -9.75236220068669, "confidence": 0.5601270061805381, "mass": 0.999999574477836, "hinge_active": 0.0, "stop_prob": 0.9999798983335495, "sampled_number_rate": 1.0, "kl": 7.848203555087301, "kl_coef": 0.05001168228236943}
A decoder-only architecture is being used, but right-padding was detected! For correct generation results, please set `padding_side='left'` when initializing the tokenizer.
{"step": 207, "epoch": 1, "rows": 8, "skipped": 0, "answer_accuracy": 0.625, "updates": 8, "seconds": 10.188992977142334, "time": 1790895553.1935475, "loss": -10.370023535597266, "confidence": 0.5267474721706541, "mass": 0.9999992409733689, "hinge_active": 0.0, "stop_prob": 0.9999807626008987, "sampled_number_rate": 1.0, "kl": 5.772750493932126, "kl_coef": 0.050019684151534606}
A decoder-only architecture is being used, but right-padding was detected! For correct generation results, please set `padding_side='left'` when initializing the tokenizer.
{"step": 208, "epoch": 1, "rows": 8, "skipped": 0, "answer_accuracy": 0.375, "updates": 8, "seconds": 10.59014630317688, "time": 1790895563.7851813, "loss": -7.607213674448864, "confidence": 0.5588880259734306, "mass": 0.999998766782976, "hinge_active": 0.0, "stop_prob": 0.9999775663018227, "sampled_number_rate": 1.0, "kl": 7.338078653925807, "kl_coef": 0.05001816855839899}
A decoder-only architecture is being used, but right-padding was detected! For correct generation results, please set `padding_side='left'` when initializing the tokenizer.
{"step": 209, "epoch": 1, "rows": 8, "skipped": 0, "answer_accuracy": 0.25, "updates": 8, "seconds": 10.47758436203003, "time": 1790895574.2641504, "loss": -8.260409255591796, "confidence": 0.5654441511030627, "mass": 0.9999998973505516, "hinge_active": 0.0, "stop_prob": 0.9999798983335495, "sampled_number_rate": 1.0, "kl": 8.006060205937672, "kl_coef": 0.05002617146536833}
A decoder-only architecture is being used, but right-padding was detected! For correct generation results, please set `padding_side='left'` when initializing the tokenizer.
{"step": 210, "epoch": 1, "rows": 7, "skipped": 1, "answer_accuracy": 0.5714285714285714, "updates": 8, "seconds": 9.876841306686401, "time": 1790895584.142355, "loss": -8.624515048340962, "confidence": 0.447953172932664, "mass": 0.9999998131735458, "hinge_active": 0.0, "stop_prob": 0.9999832255499703, "sampled_number_rate": 0.9999999999999998, "kl": 9.542328055598471, "kl_coef": 0.050034175652802784}
A decoder-only architecture is being used, but right-padding was detected! For correct generation results, please set `padding_side='left'` when initializing the tokenizer.
{"step": 211, "epoch": 1, "rows": 8, "skipped": 0, "answer_accuracy": 0.5, "updates": 8, "seconds": 10.49930453300476, "time": 1790895594.6429949, "loss": -9.76959777125735, "confidence": 0.6114504873943649, "mass": 0.9999998140270487, "hinge_active": 0.0, "stop_prob": 0.9999806955456734, "sampled_number_rate": 1.0, "kl": 7.799158523125719, "kl_coef": 0.05004218112090723}
A decoder-only architecture is being used, but right-padding was detected! For correct generation results, please set `padding_side='left'` when initializing the tokenizer.
{"step": 212, "epoch": 1, "rows": 8, "skipped": 0, "answer_accuracy": 0.25, "updates": 8, "seconds": 16.14857816696167, "time": 1790895610.7930026, "loss": -4.17278114491486, "confidence": 0.4113418219063371, "mass": 0.8749998458373325, "hinge_active": 0.125, "stop_prob": 0.999981301171439, "sampled_number_rate": 0.875, "kl": 9.097031654575552, "kl_coef": 0.05005018786988657}
A decoder-only architecture is being used, but right-padding was detected! For correct generation results, please set `padding_side='left'` when initializing the tokenizer.
{"step": 213, "epoch": 1, "rows": 8, "skipped": 0, "answer_accuracy": 0.875, "updates": 8, "seconds": 10.201085329055786, "time": 1790895620.9953942, "loss": -10.277377425027348, "confidence": 0.5924371611354442, "mass": 0.9999998675872129, "hinge_active": 0.0, "stop_prob": 0.999979242682457, "sampled_number_rate": 1.0, "kl": 7.7904472407031005, "kl_coef": 0.05005819589994575}
A decoder-only architecture is being used, but right-padding was detected! For correct generation results, please set `padding_side='left'` when initializing the tokenizer.
{"step": 214, "epoch": 1, "rows": 8, "skipped": 0, "answer_accuracy": 0.375, "updates": 8, "seconds": 16.019307136535645, "time": 1790895637.0162468, "loss": -4.084121638487403, "confidence": 0.5155296414289217, "mass": 0.8749998888737524, "hinge_active": 0.125, "stop_prob": 0.9999797173908779, "sampled_number_rate": 0.875, "kl": 6.180299122815371, "kl_coef": 0.05006620521128974}
A decoder-only architecture is being used, but right-padding was detected! For correct generation results, please set `padding_side='left'` when initializing the tokenizer.
{"step": 215, "epoch": 1, "rows": 8, "skipped": 0, "answer_accuracy": 0.375, "updates": 8, "seconds": 10.241220235824585, "time": 1790895647.2589903, "loss": -9.4531902154042, "confidence": 0.4970938810135169, "mass": 0.9999996959479097, "hinge_active": 0.0, "stop_prob": 0.9999811947345734, "sampled_number_rate": 1.0, "kl": 5.558465426473376, "kl_coef": 0.05006740879700738}
A decoder-only architecture is being used, but right-padding was detected! For correct generation results, please set `padding_side='left'` when initializing the tokenizer.
{"step": 216, "epoch": 1, "rows": 8, "skipped": 0, "answer_accuracy": 0.375, "updates": 8, "seconds": 10.04620885848999, "time": 1790895657.3067784, "loss": -9.015248757172627, "confidence": 0.5484330623397928, "mass": 0.999999932727526, "hinge_active": 0.0, "stop_prob": 0.999979741871357, "sampled_number_rate": 1.0, "kl": 7.535740445525082, "kl_coef": 0.05006446126474194}
A decoder-only architecture is being used, but right-padding was detected! For correct generation results, please set `padding_side='left'` when initializing the tokenizer.
{"step": 217, "epoch": 1, "rows": 8, "skipped": 0, "answer_accuracy": 0.375, "updates": 8, "seconds": 16.208657026290894, "time": 1790895673.5169008, "loss": 5.253431369697911, "confidence": 0.5022425221331297, "mass": 0.6249998974477703, "hinge_active": 0.375, "stop_prob": 0.9999780297279358, "sampled_number_rate": 0.625, "kl": 6.442708982436892, "kl_coef": 0.050072471578544296}
A decoder-only architecture is being used, but right-padding was detected! For correct generation results, please set `padding_side='left'` when initializing the tokenizer.
{"step": 218, "epoch": 1, "rows": 8, "skipped": 0, "answer_accuracy": 0.25, "updates": 8, "seconds": 16.03411102294922, "time": 1790895689.552522, "loss": -3.268287841084493, "confidence": 0.6155048250975572, "mass": 0.8749996874758807, "hinge_active": 0.125, "stop_prob": 0.9999801857130868, "sampled_number_rate": 0.875, "kl": 5.096488258895838, "kl_coef": 0.050075427249603045}
A decoder-only architecture is being used, but right-padding was detected! For correct generation results, please set `padding_side='left'` when initializing the tokenizer.
{"step": 219, "epoch": 1, "rows": 8, "skipped": 0, "answer_accuracy": 0.5, "updates": 8, "seconds": 10.129926204681396, "time": 1790895699.6837993, "loss": -9.265035610510841, "confidence": 0.4582566888722765, "mass": 0.9999997815268227, "hinge_active": 0.0, "stop_prob": 0.9999817386269569, "sampled_number_rate": 1.0, "kl": 10.21287187171687, "kl_coef": 0.05006939475140827}
A decoder-only architecture is being used, but right-padding was detected! For correct generation results, please set `padding_side='left'` when initializing the tokenizer.
{"step": 220, "epoch": 1, "rows": 8, "skipped": 0, "answer_accuracy": 0.75, "updates": 8, "seconds": 16.28659963607788, "time": 1790895715.971753, "loss": -5.05790887846724, "confidence": 0.5210269255786095, "mass": 0.8749998290792149, "hinge_active": 0.125, "stop_prob": 0.9999798962048122, "sampled_number_rate": 0.875, "kl": 7.972275521266495, "kl_coef": 0.0500774058545685}
A decoder-only architecture is being used, but right-padding was detected! For correct generation results, please set `padding_side='left'` when initializing the tokenizer.
{"step": 221, "epoch": 1, "rows": 8, "skipped": 0, "answer_accuracy": 0.5, "updates": 8, "seconds": 10.440840005874634, "time": 1790895726.414307, "loss": -9.876589133114159, "confidence": 0.523766760354884, "mass": 0.9999996786748119, "hinge_active": 0.0, "stop_prob": 0.9999785497784615, "sampled_number_rate": 1.0, "kl": 6.883948124174333, "kl_coef": 0.05008541823950523}
A decoder-only architecture is being used, but right-padding was detected! For correct generation results, please set `padding_side='left'` when initializing the tokenizer.
{"step": 222, "epoch": 1, "rows": 8, "skipped": 0, "answer_accuracy": 0.375, "updates": 8, "seconds": 11.095014810562134, "time": 1790895737.510748, "loss": -9.142763818550081, "confidence": 0.444620847773587, "mass": 0.9999998132660177, "hinge_active": 0.0, "stop_prob": 0.9999807178974152, "sampled_number_rate": 1.0, "kl": 7.302899006349868, "kl_coef": 0.05009132129437206}
A decoder-only architecture is being used, but right-padding was detected! For correct generation results, please set `padding_side='left'` when initializing the tokenizer.
{"step": 223, "epoch": 1, "rows": 8, "skipped": 0, "answer_accuracy": 0.75, "updates": 8, "seconds": 15.97977352142334, "time": 1790895753.4921324, "loss": -0.5289998468634982, "confidence": 0.6463276544482669, "mass": 0.7499997346159191, "hinge_active": 0.25, "stop_prob": 0.9999400476614634, "sampled_number_rate": 0.75, "kl": 4.276296249638905, "kl_coef": 0.05009933590577916}
A decoder-only architecture is being used, but right-padding was detected! For correct generation results, please set `padding_side='left'` when initializing the tokenizer.
{"step": 224, "epoch": 1, "rows": 8, "skipped": 0, "answer_accuracy": 0.5, "updates": 8, "seconds": 10.084323644638062, "time": 1790895763.5779963, "loss": -9.618796189888597, "confidence": 0.6441603802683006, "mass": 0.9999997114463122, "hinge_active": 0.0, "stop_prob": 0.999981127679348, "sampled_number_rate": 1.0, "kl": 5.406483755527545, "kl_coef": 0.050091320012034236}
A decoder-only architecture is being used, but right-padding was detected! For correct generation results, please set `padding_side='left'` when initializing the tokenizer.
{"step": 225, "epoch": 1, "rows": 8, "skipped": 0, "answer_accuracy": 0.625, "updates": 8, "seconds": 16.495965003967285, "time": 1790895780.0754335, "loss": -4.184057031891278, "confidence": 0.7349567302090808, "mass": 0.8749998249820058, "hinge_active": 0.125, "stop_prob": 0.9999790787696838, "sampled_number_rate": 0.875, "kl": 5.133151055762272, "kl_coef": 0.05008735601041634}
A decoder-only architecture is being used, but right-padding was detected! For correct generation results, please set `padding_side='left'` when initializing the tokenizer.
{"step": 226, "epoch": 1, "rows": 8, "skipped": 0, "answer_accuracy": 0.75, "updates": 8, "seconds": 15.986032485961914, "time": 1790895796.062968, "loss": -6.15137949471528, "confidence": 0.6858475161296677, "mass": 0.8749998677012494, "hinge_active": 0.125, "stop_prob": 0.9999675495283944, "sampled_number_rate": 0.875, "kl": 3.054548684573201, "kl_coef": 0.05008156692085937}
A decoder-only architecture is being used, but right-padding was detected! For correct generation results, please set `padding_side='left'` when initializing the tokenizer.
{"step": 227, "epoch": 1, "rows": 8, "skipped": 0, "answer_accuracy": 0.625, "updates": 8, "seconds": 10.23720932006836, "time": 1790895806.3015645, "loss": -9.728255481045819, "confidence": 0.6862395699559737, "mass": 0.9999995037478742, "hinge_active": 0.0, "stop_prob": 0.9999554231762886, "sampled_number_rate": 1.0, "kl": 5.979668035997236, "kl_coef": 0.05007355387015203}
A decoder-only architecture is being used, but right-padding was detected! For correct generation results, please set `padding_side='left'` when initializing the tokenizer.
{"step": 228, "epoch": 1, "rows": 8, "skipped": 0, "answer_accuracy": 0.5, "updates": 8, "seconds": 10.571519136428833, "time": 1790895816.8746367, "loss": -9.38760787394398, "confidence": 0.6100897322385425, "mass": 0.9999994466657629, "hinge_active": 0.0, "stop_prob": 0.9999825283885002, "sampled_number_rate": 1.0, "kl": 7.052114789693097, "kl_coef": 0.05007341812432606}
A decoder-only architecture is being used, but right-padding was detected! For correct generation results, please set `padding_side='left'` when initializing the tokenizer.
{"step": 229, "epoch": 1, "rows": 8, "skipped": 0, "answer_accuracy": 0.75, "updates": 8, "seconds": 16.170835733413696, "time": 1790895833.0473068, "loss": -5.615794582553442, "confidence": 0.6947781120614677, "mass": 0.8749996497369704, "hinge_active": 0.125, "stop_prob": 0.9999823314802987, "sampled_number_rate": 0.875, "kl": 4.3772748635116825, "kl_coef": 0.050080442522163274}
A decoder-only architecture is being used, but right-padding was detected! For correct generation results, please set `padding_side='left'` when initializing the tokenizer.
{"step": 230, "epoch": 1, "rows": 8, "skipped": 0, "answer_accuracy": 0.375, "updates": 8, "seconds": 10.140279769897461, "time": 1790895843.189005, "loss": -8.741672097130184, "confidence": 0.6242622201306605, "mass": 0.9999996717469766, "hinge_active": 0.0, "stop_prob": 0.9999788776040077, "sampled_number_rate": 1.0, "kl": 4.6798340507915785, "kl_coef": 0.050072429651359725}
A decoder-only architecture is being used, but right-padding was detected! For correct generation results, please set `padding_side='left'` when initializing the tokenizer.
{"step": 231, "epoch": 1, "rows": 8, "skipped": 0, "answer_accuracy": 0.625, "updates": 8, "seconds": 10.416317701339722, "time": 1790895853.6064603, "loss": -9.934041936237625, "confidence": 0.7005467418682381, "mass": 0.999999510576105, "hinge_active": 0.0, "stop_prob": 0.9999816343188286, "sampled_number_rate": 1.0, "kl": 4.454151027828306, "kl_coef": 0.0500644180626155}
A decoder-only architecture is being used, but right-padding was detected! For correct generation results, please set `padding_side='left'` when initializing the tokenizer.
{"step": 232, "epoch": 1, "rows": 8, "skipped": 0, "answer_accuracy": 0.5, "updates": 8, "seconds": 10.358376502990723, "time": 1790895863.9662285, "loss": -9.224603990927971, "confidence": 0.623231994439209, "mass": 0.9999995853276462, "hinge_active": 0.0, "stop_prob": 0.9999808743596077, "sampled_number_rate": 1.0, "kl": 5.283841615647187, "kl_coef": 0.05005640775572548}
A decoder-only architecture is being used, but right-padding was detected! For correct generation results, please set `padding_side='left'` when initializing the tokenizer.
{"step": 233, "epoch": 1, "rows": 8, "skipped": 0, "answer_accuracy": 0.25, "updates": 8, "seconds": 16.217663526535034, "time": 1790895880.1853306, "loss": 1.0576357843607718, "confidence": 0.5785430816243882, "mass": 0.7499997943954154, "hinge_active": 0.25, "stop_prob": 0.9999687075614929, "sampled_number_rate": 0.75, "kl": 4.5074994473949666, "kl_coef": 0.05005162798024483}
A decoder-only architecture is being used, but right-padding was detected! For correct generation results, please set `padding_side='left'` when initializing the tokenizer.
{"step": 234, "epoch": 1, "rows": 8, "skipped": 0, "answer_accuracy": 0.625, "updates": 8, "seconds": 15.91686224937439, "time": 1790895896.1038532, "loss": -5.258549858010528, "confidence": 0.7558103312497549, "mass": 0.8749997809080955, "hinge_active": 0.125, "stop_prob": 0.9999715770993914, "sampled_number_rate": 0.875, "kl": 2.815422960555128, "kl_coef": 0.05004361971976799}
A decoder-only architecture is being used, but right-padding was detected! For correct generation results, please set `padding_side='left'` when initializing the tokenizer.
{"step": 235, "epoch": 1, "rows": 8, "skipped": 0, "answer_accuracy": 0.5, "updates": 8, "seconds": 10.23811388015747, "time": 1790895906.343428, "loss": -9.64004848972823, "confidence": 0.6501084243432581, "mass": 0.9999994639610769, "hinge_active": 0.0, "stop_prob": 0.9999808594584465, "sampled_number_rate": 1.0, "kl": 6.078037402591417, "kl_coef": 0.05003561274061283}
A decoder-only architecture is being used, but right-padding was detected! For correct generation results, please set `padding_side='left'` when initializing the tokenizer.
{"step": 236, "epoch": 1, "rows": 8, "skipped": 0, "answer_accuracy": 0.5, "updates": 8, "seconds": 16.37613534927368, "time": 1790895922.7209039, "loss": -0.7484978340660122, "confidence": 0.5872396383548956, "mass": 0.7499998914795993, "hinge_active": 0.25, "stop_prob": 0.999981145064036, "sampled_number_rate": 0.75, "kl": 3.2559504084992863, "kl_coef": 0.05003613336051354}
A decoder-only architecture is being used, but right-padding was detected! For correct generation results, please set `padding_side='left'` when initializing the tokenizer.
{"step": 237, "epoch": 1, "rows": 8, "skipped": 0, "answer_accuracy": 0.5, "updates": 8, "seconds": 10.057679176330566, "time": 1790895932.780096, "loss": -9.867948020003084, "confidence": 0.5533977329686083, "mass": 0.9999997821746772, "hinge_active": 0.0, "stop_prob": 0.9999807998538017, "sampled_number_rate": 1.0, "kl": 5.8390107650623735, "kl_coef": 0.05002812757917585}
A decoder-only architecture is being used, but right-padding was detected! For correct generation results, please set `padding_side='left'` when initializing the tokenizer.
{"step": 238, "epoch": 1, "rows": 8, "skipped": 0, "answer_accuracy": 0.625, "updates": 8, "seconds": 10.274469137191772, "time": 1790895943.0559654, "loss": -9.342214190596032, "confidence": 0.6008689754456344, "mass": 0.999999757395759, "hinge_active": 0.0, "stop_prob": 0.9999426454305649, "sampled_number_rate": 1.0, "kl": 7.015741507318324, "kl_coef": 0.0500270537138446}
A decoder-only architecture is being used, but right-padding was detected! For correct generation results, please set `padding_side='left'` when initializing the tokenizer.
{"step": 239, "epoch": 1, "rows": 8, "skipped": 0, "answer_accuracy": 0.375, "updates": 8, "seconds": 10.317465782165527, "time": 1790895953.3749723, "loss": -8.744588241308756, "confidence": 0.5548037164491013, "mass": 0.9999995084700855, "hinge_active": 0.0, "stop_prob": 0.9999815672636032, "sampled_number_rate": 1.0, "kl": 8.44109642396383, "kl_coef": 0.0500338289878374}
A decoder-only architecture is being used, but right-padding was detected! For correct generation results, please set `padding_side='left'` when initializing the tokenizer.
{"step": 240, "epoch": 1, "rows": 8, "skipped": 0, "answer_accuracy": 0.375, "updates": 8, "seconds": 10.096394300460815, "time": 1790895963.4727414, "loss": -9.24212139921021, "confidence": 0.48917140330104714, "mass": 0.9999965132135691, "hinge_active": 0.0, "stop_prob": 0.999971829354763, "sampled_number_rate": 1.0, "kl": 6.14428952144964, "kl_coef": 0.05004183440047545}
A decoder-only architecture is being used, but right-padding was detected! For correct generation results, please set `padding_side='left'` when initializing the tokenizer.
{"step": 241, "epoch": 1, "rows": 8, "skipped": 0, "answer_accuracy": 0.625, "updates": 8, "seconds": 10.179218292236328, "time": 1790895973.6533144, "loss": -10.236794738063757, "confidence": 0.6681475388619875, "mass": 0.9999999257026454, "hinge_active": 0.0, "stop_prob": 0.9999794363975525, "sampled_number_rate": 1.0, "kl": 7.112229908711499, "kl_coef": 0.05004279713545386}
A decoder-only architecture is being used, but right-padding was detected! For correct generation results, please set `padding_side='left'` when initializing the tokenizer.
{"step": 242, "epoch": 1, "rows": 8, "skipped": 0, "answer_accuracy": 0.5, "updates": 8, "seconds": 10.536231517791748, "time": 1790895984.1909719, "loss": -10.074984119823213, "confidence": 0.4153464233489102, "mass": 0.9999997745824794, "hinge_active": 0.0, "stop_prob": 0.9999817088246346, "sampled_number_rate": 1.0, "kl": 6.801524551733567, "kl_coef": 0.05005021834821248}
A decoder-only architecture is being used, but right-padding was detected! For correct generation results, please set `padding_side='left'` when initializing the tokenizer.
{"step": 243, "epoch": 1, "rows": 8, "skipped": 0, "answer_accuracy": 0.5, "updates": 8, "seconds": 10.383083581924438, "time": 1790895994.5754282, "loss": -9.922211692114578, "confidence": 0.4219869713614151, "mass": 0.9999998107210931, "hinge_active": 0.0, "stop_prob": 0.9999824836850166, "sampled_number_rate": 1.0, "kl": 8.954523487726789, "kl_coef": 0.05005556721205591}
A decoder-only architecture is being used, but right-padding was detected! For correct generation results, please set `padding_side='left'` when initializing the tokenizer.
{"step": 244, "epoch": 1, "rows": 8, "skipped": 0, "answer_accuracy": 0.75, "updates": 8, "seconds": 10.234572887420654, "time": 1790896004.8114102, "loss": -9.802776952358522, "confidence": 0.6169438299679623, "mass": 0.9999997869086906, "hinge_active": 0.0, "stop_prob": 0.9999812468886375, "sampled_number_rate": 1.0, "kl": 6.500622100050993, "kl_coef": 0.050063576102809836}
A decoder-only architecture is being used, but right-padding was detected! For correct generation results, please set `padding_side='left'` when initializing the tokenizer.
{"step": 245, "epoch": 1, "rows": 8, "skipped": 0, "answer_accuracy": 0.875, "updates": 8, "seconds": 10.445939540863037, "time": 1790896015.258862, "loss": -10.763445227093266, "confidence": 0.8497235988219402, "mass": 0.9999997384071966, "hinge_active": 0.0, "stop_prob": 0.9999776035547256, "sampled_number_rate": 1.0, "kl": 3.161918788030344, "kl_coef": 0.05006691782715712}
A decoder-only architecture is being used, but right-padding was detected! For correct generation results, please set `padding_side='left'` when initializing the tokenizer.
{"step": 246, "epoch": 1, "rows": 8, "skipped": 0, "answer_accuracy": 0.625, "updates": 8, "seconds": 10.293217420578003, "time": 1790896025.553545, "loss": -9.612499058069504, "confidence": 0.7681732859408378, "mass": 0.9999997374870435, "hinge_active": 0.0, "stop_prob": 0.9999736398458481, "sampled_number_rate": 1.0, "kl": 3.6652690720896737, "kl_coef": 0.05005890712030477}
A decoder-only architecture is being used, but right-padding was detected! For correct generation results, please set `padding_side='left'` when initializing the tokenizer.
{"step": 247, "epoch": 1, "rows": 8, "skipped": 0, "answer_accuracy": 0.25, "updates": 8, "seconds": 15.91401720046997, "time": 1790896041.4687684, "loss": 1.2989862090731688, "confidence": 0.5086195104622492, "mass": 0.7499999581392538, "hinge_active": 0.25, "stop_prob": 0.9999705453713735, "sampled_number_rate": 0.75, "kl": 6.071469292907462, "kl_coef": 0.05005089769516552}
A decoder-only architecture is being used, but right-padding was detected! For correct generation results, please set `padding_side='left'` when initializing the tokenizer.
{"step": 248, "epoch": 1, "rows": 8, "skipped": 0, "answer_accuracy": 0.5, "updates": 8, "seconds": 15.9894380569458, "time": 1790896057.4596224, "loss": -4.892746229501542, "confidence": 0.6015408513405425, "mass": 0.8749999073900592, "hinge_active": 0.125, "stop_prob": 0.999981301171439, "sampled_number_rate": 0.875, "kl": 5.2889640499600405, "kl_coef": 0.050051374642134536}
A decoder-only architecture is being used, but right-padding was detected! For correct generation results, please set `padding_side='left'` when initializing the tokenizer.
{"step": 249, "epoch": 1, "rows": 8, "skipped": 0, "answer_accuracy": 0.5, "updates": 8, "seconds": 10.117942094802856, "time": 1790896067.579012, "loss": -9.228331699146551, "confidence": 0.710725885802609, "mass": 0.9999994979938474, "hinge_active": 0.0, "stop_prob": 0.9999763444066048, "sampled_number_rate": 1.0, "kl": 5.822266140406695, "kl_coef": 0.05004662953190527}
A decoder-only architecture is being used, but right-padding was detected! For correct generation results, please set `padding_side='left'` when initializing the tokenizer.
{"step": 250, "epoch": 1, "rows": 8, "skipped": 0, "answer_accuracy": 0.625, "updates": 8, "seconds": 10.367023944854736, "time": 1790896077.947586, "loss": -10.57025449305214, "confidence": 0.6311888311072287, "mass": 0.9999997981636841, "hinge_active": 0.0, "stop_prob": 0.9999813511967659, "sampled_number_rate": 1.0, "kl": 6.521997969588799, "kl_coef": 0.05004544353448843}
A decoder-only architecture is being used, but right-padding was detected! For correct generation results, please set `padding_side='left'` when initializing the tokenizer.
{"step": 251, "epoch": 1, "rows": 8, "skipped": 0, "answer_accuracy": 0.625, "updates": 8, "seconds": 10.621006727218628, "time": 1790896088.5700376, "loss": -10.135111070510208, "confidence": 0.5963658824132584, "mass": 0.9999997736586598, "hinge_active": 0.0, "stop_prob": 0.9999808743596077, "sampled_number_rate": 1.0, "kl": 6.856450947332368, "kl_coef": 0.05004892668381005}
A decoder-only architecture is being used, but right-padding was detected! For correct generation results, please set `padding_side='left'` when initializing the tokenizer.
{"step": 252, "epoch": 1, "rows": 8, "skipped": 0, "answer_accuracy": 0.625, "updates": 8, "seconds": 10.239032983779907, "time": 1790896098.8101501, "loss": -9.738928437733811, "confidence": 0.6612978459712682, "mass": 0.9999994226523917, "hinge_active": 0.0, "stop_prob": 0.9999803379178047, "sampled_number_rate": 1.0, "kl": 5.699585514491368, "kl_coef": 0.05005464194389956}
A decoder-only architecture is being used, but right-padding was detected! For correct generation results, please set `padding_side='left'` when initializing the tokenizer.
{"step": 253, "epoch": 1, "rows": 8, "skipped": 0, "answer_accuracy": 0.625, "updates": 8, "seconds": 10.386394739151001, "time": 1790896109.1980894, "loss": -10.250716983600729, "confidence": 0.7110507068345508, "mass": 0.9999995804833297, "hinge_active": 0.0, "stop_prob": 0.9999791160225868, "sampled_number_rate": 1.0, "kl": 5.771542358244986, "kl_coef": 0.050052636991965306}
A decoder-only architecture is being used, but right-padding was detected! For correct generation results, please set `padding_side='left'` when initializing the tokenizer.
{"step": 254, "epoch": 1, "rows": 8, "skipped": 0, "answer_accuracy": 0.375, "updates": 8, "seconds": 16.272579669952393, "time": 1790896125.4719849, "loss": -4.870960993210867, "confidence": 0.4999722664276317, "mass": 0.874999690182243, "hinge_active": 0.125, "stop_prob": 0.9999797173908779, "sampled_number_rate": 0.875, "kl": 4.380002703877376, "kl_coef": 0.050051112337643866}
A decoder-only architecture is being used, but right-padding was detected! For correct generation results, please set `padding_side='left'` when initializing the tokenizer.
{"step": 255, "epoch": 1, "rows": 8, "skipped": 0, "answer_accuracy": 0.5, "updates": 8, "seconds": 15.891258001327515, "time": 1790896141.3646314, "loss": -4.965094496175036, "confidence": 0.562136370123659, "mass": 0.8749966271550951, "hinge_active": 0.125, "stop_prob": 0.9999510390417916, "sampled_number_rate": 0.875, "kl": 4.602978953211784, "kl_coef": 0.05004310415966984}
A decoder-only architecture is being used, but right-padding was detected! For correct generation results, please set `padding_side='left'` when initializing the tokenizer.
{"step": 256, "epoch": 1, "rows": 8, "skipped": 0, "answer_accuracy": 0.375, "updates": 8, "seconds": 10.579946756362915, "time": 1790896151.946095, "loss": -9.228292528356782, "confidence": 0.5740273343754224, "mass": 0.9999995067204375, "hinge_active": 0.0, "stop_prob": 0.9999812096357346, "sampled_number_rate": 1.0, "kl": 5.377077811436207, "kl_coef": 0.050035097263004286, "save_seconds": 0.47011351585388184}
