🦥 Unsloth: Will patch your computer to enable 2x faster free finetuning.
🦥 Unsloth Zoo will now patch everything to make training faster!
==((====))==  Unsloth 2025.1.5: Fast Llama patching. Transformers: 4.48.0.
   \\   /|    GPU: NVIDIA L40S. Max memory: 44.392 GB. Platform: Linux.
O^O/ \_/ \    Torch: 2.5.1+cu124. CUDA: 8.9. CUDA Toolkit: 12.4. Triton: 3.1.0
\        /    Bfloat16 = TRUE. FA [Xformers = 0.0.29.post1. FA2 = False]
 "-____-"     Free Apache license: http://github.com/unslothai/unsloth
Unsloth: Fast downloading is enabled - ignore downloading bars which are red colored!
Unsloth 2025.1.5 patched 32 layers with 32 QKV layers, 32 O layers and 32 MLP layers.
{"step": 1, "epoch": 0, "rows": 8, "skipped": 0, "answer_accuracy": 0.25, "updates": 8, "seconds": 13.716665267944336, "time": 1790899431.2299798, "loss": 0.053511328949307616, "confidence": 0.8955659694722304, "mass": 0.9999919350013979, "hinge_active": 0.0, "stop_prob": 0.9982912763953209, "sampled_number_rate": 1.0, "kl": 0.0, "kl_coef": 0.05, "value_loss": 0.0}
A decoder-only architecture is being used, but right-padding was detected! For correct generation results, please set `padding_side='left'` when initializing the tokenizer.
{"step": 2, "epoch": 0, "rows": 8, "skipped": 0, "answer_accuracy": 0.375, "updates": 8, "seconds": 10.644490957260132, "time": 1790899441.8755503, "loss": -0.24404744506881382, "confidence": 0.8208208152075911, "mass": 0.9999700700514695, "hinge_active": 0.0, "stop_prob": 0.9944117739796638, "sampled_number_rate": 1.0, "kl": 0.0, "kl_coef": 0.05, "value_loss": 0.0}
A decoder-only architecture is being used, but right-padding was detected! For correct generation results, please set `padding_side='left'` when initializing the tokenizer.
{"step": 3, "epoch": 0, "rows": 8, "skipped": 0, "answer_accuracy": 0.25, "updates": 8, "seconds": 14.652665138244629, "time": 1790899456.5290706, "loss": 1.8362630205932653, "confidence": 0.9125820064865797, "mass": 0.8749978576724391, "hinge_active": 0.125, "stop_prob": 0.9991274050303868, "sampled_number_rate": 0.875, "kl": 0.0, "kl_coef": 0.05, "value_loss": 0.0}
A decoder-only architecture is being used, but right-padding was detected! For correct generation results, please set `padding_side='left'` when initializing the tokenizer.
{"step": 4, "epoch": 0, "rows": 8, "skipped": 0, "answer_accuracy": 0.75, "updates": 8, "seconds": 9.074912309646606, "time": 1790899465.604924, "loss": -0.7091929772253467, "confidence": 0.8924888209171836, "mass": 0.9999963397313753, "hinge_active": 0.0, "stop_prob": 0.9965190142393112, "sampled_number_rate": 1.0, "kl": 0.0, "kl_coef": 0.05, "value_loss": 0.0}
A decoder-only architecture is being used, but right-padding was detected! For correct generation results, please set `padding_side='left'` when initializing the tokenizer.
{"step": 5, "epoch": 0, "rows": 8, "skipped": 0, "answer_accuracy": 0.75, "updates": 8, "seconds": 9.109651565551758, "time": 1790899474.71548, "loss": -0.8102547537933773, "confidence": 0.8554468014280132, "mass": 0.9999987764610256, "hinge_active": 0.0, "stop_prob": 0.999712347984314, "sampled_number_rate": 1.0, "kl": 0.0, "kl_coef": 0.05, "value_loss": 0.0}
A decoder-only architecture is being used, but right-padding was detected! For correct generation results, please set `padding_side='left'` when initializing the tokenizer.
{"step": 6, "epoch": 0, "rows": 8, "skipped": 0, "answer_accuracy": 0.625, "updates": 8, "seconds": 9.693482637405396, "time": 1790899484.409791, "loss": -0.8065325579108547, "confidence": 0.7934234846469033, "mass": 0.9999968377587366, "hinge_active": 0.0, "stop_prob": 0.9984371289610863, "sampled_number_rate": 1.0, "kl": 0.0, "kl_coef": 0.05, "value_loss": 0.0}
A decoder-only architecture is being used, but right-padding was detected! For correct generation results, please set `padding_side='left'` when initializing the tokenizer.
{"step": 7, "epoch": 0, "rows": 8, "skipped": 0, "answer_accuracy": 0.5, "updates": 8, "seconds": 14.688191652297974, "time": 1790899499.0987742, "loss": 1.0077989612569505, "confidence": 0.801201991435345, "mass": 0.8749990735185923, "hinge_active": 0.125, "stop_prob": 0.999482946736472, "sampled_number_rate": 0.875, "kl": 0.0, "kl_coef": 0.05, "value_loss": 0.0}
A decoder-only architecture is being used, but right-padding was detected! For correct generation results, please set `padding_side='left'` when initializing the tokenizer.
{"step": 8, "epoch": 0, "rows": 8, "skipped": 0, "answer_accuracy": 0.375, "updates": 8, "seconds": 9.404756307601929, "time": 1790899508.5046682, "loss": -0.6500764333596887, "confidence": 0.8378802203039327, "mass": 0.9999978103809165, "hinge_active": 0.0, "stop_prob": 0.9981723874807358, "sampled_number_rate": 1.0, "kl": 0.0, "kl_coef": 0.05, "value_loss": 0.0}
A decoder-only architecture is being used, but right-padding was detected! For correct generation results, please set `padding_side='left'` when initializing the tokenizer.
{"step": 9, "epoch": 0, "rows": 8, "skipped": 0, "answer_accuracy": 0.75, "updates": 8, "seconds": 11.181524276733398, "time": 1790899519.6869717, "loss": -0.8483129968441806, "confidence": 0.8116131484152717, "mass": 0.9999970567035789, "hinge_active": 0.0, "stop_prob": 0.9973895251750946, "sampled_number_rate": 1.0, "kl": 0.0, "kl_coef": 0.05, "value_loss": 0.0}
A decoder-only architecture is being used, but right-padding was detected! For correct generation results, please set `padding_side='left'` when initializing the tokenizer.
{"step": 10, "epoch": 0, "rows": 8, "skipped": 0, "answer_accuracy": 0.5, "updates": 8, "seconds": 14.553745746612549, "time": 1790899534.2416115, "loss": 0.7466059180519968, "confidence": 0.7848492548995085, "mass": 0.874999172374211, "hinge_active": 0.125, "stop_prob": 0.9988639439855304, "sampled_number_rate": 0.875, "kl": 0.0, "kl_coef": 0.05, "value_loss": 0.0}
A decoder-only architecture is being used, but right-padding was detected! For correct generation results, please set `padding_side='left'` when initializing the tokenizer.
{"step": 11, "epoch": 0, "rows": 8, "skipped": 0, "answer_accuracy": 0.125, "updates": 8, "seconds": 14.646826028823853, "time": 1790899548.8892612, "loss": 1.7366676347721086, "confidence": 0.7543346194571905, "mass": 0.7500186905943693, "hinge_active": 0.25, "stop_prob": 0.9991870820522308, "sampled_number_rate": 0.75, "kl": 0.0, "kl_coef": 0.05, "value_loss": 0.0}
A decoder-only architecture is being used, but right-padding was detected! For correct generation results, please set `padding_side='left'` when initializing the tokenizer.
{"step": 12, "epoch": 0, "rows": 8, "skipped": 0, "answer_accuracy": 0.5, "updates": 8, "seconds": 14.65206003189087, "time": 1790899563.5421767, "loss": 0.20915753625442068, "confidence": 0.7871381703216651, "mass": 0.9814901440816076, "hinge_active": 0.125, "stop_prob": 0.8744691775209503, "sampled_number_rate": 1.0, "kl": 0.0, "kl_coef": 0.05, "value_loss": 0.0}
A decoder-only architecture is being used, but right-padding was detected! For correct generation results, please set `padding_side='left'` when initializing the tokenizer.
{"step": 13, "epoch": 0, "rows": 8, "skipped": 0, "answer_accuracy": 0.625, "updates": 8, "seconds": 9.198213815689087, "time": 1790899572.7416258, "loss": -0.8004341351336842, "confidence": 0.7815473375926092, "mass": 0.9999981551051154, "hinge_active": 0.0, "stop_prob": 0.9992853403091431, "sampled_number_rate": 1.0, "kl": 0.0, "kl_coef": 0.05, "value_loss": 0.0}
A decoder-only architecture is being used, but right-padding was detected! For correct generation results, please set `padding_side='left'` when initializing the tokenizer.
{"step": 14, "epoch": 0, "rows": 8, "skipped": 0, "answer_accuracy": 0.625, "updates": 8, "seconds": 9.083142042160034, "time": 1790899581.825502, "loss": -0.7917678518997231, "confidence": 0.7870740235448386, "mass": 0.9999975365469608, "hinge_active": 0.0, "stop_prob": 0.9992999285459518, "sampled_number_rate": 1.0, "kl": 0.0, "kl_coef": 0.05, "value_loss": 0.0}
A decoder-only architecture is being used, but right-padding was detected! For correct generation results, please set `padding_side='left'` when initializing the tokenizer.
{"step": 15, "epoch": 0, "rows": 7, "skipped": 1, "answer_accuracy": 0.2857142857142857, "updates": 8, "seconds": 9.339742183685303, "time": 1790899591.166043, "loss": -0.673035085333082, "confidence": 0.7636145026905691, "mass": 0.9999970917355523, "hinge_active": 0.0, "stop_prob": 0.9984682372638157, "sampled_number_rate": 0.9999999999999998, "kl": 0.0, "kl_coef": 0.05, "value_loss": 0.0}
A decoder-only architecture is being used, but right-padding was detected! For correct generation results, please set `padding_side='left'` when initializing the tokenizer.
{"step": 16, "epoch": 0, "rows": 8, "skipped": 0, "answer_accuracy": 0.375, "updates": 8, "seconds": 14.75110125541687, "time": 1790899605.9179013, "loss": -0.6874991324157276, "confidence": 0.7730965446795036, "mass": 0.9999969173620817, "hinge_active": 0.0, "stop_prob": 0.9760740548372269, "sampled_number_rate": 1.0, "kl": 0.0, "kl_coef": 0.05, "value_loss": 0.0}
A decoder-only architecture is being used, but right-padding was detected! For correct generation results, please set `padding_side='left'` when initializing the tokenizer.
{"step": 17, "epoch": 0, "rows": 8, "skipped": 0, "answer_accuracy": 0.625, "updates": 8, "seconds": 9.317641973495483, "time": 1790899615.2363586, "loss": -0.8235944676991787, "confidence": 0.6417861207144832, "mass": 0.9999940076817164, "hinge_active": 0.0, "stop_prob": 0.9873191192746162, "sampled_number_rate": 1.0, "kl": 0.0, "kl_coef": 0.05, "value_loss": 0.0}
A decoder-only architecture is being used, but right-padding was detected! For correct generation results, please set `padding_side='left'` when initializing the tokenizer.
{"step": 18, "epoch": 0, "rows": 8, "skipped": 0, "answer_accuracy": 0.5, "updates": 8, "seconds": 9.245851278305054, "time": 1790899624.4831018, "loss": -0.7239128485920165, "confidence": 0.7064684927471566, "mass": 0.9999966561079615, "hinge_active": 0.0, "stop_prob": 0.9479797035455704, "sampled_number_rate": 1.0, "kl": 0.0, "kl_coef": 0.05, "value_loss": 0.0}
A decoder-only architecture is being used, but right-padding was detected! For correct generation results, please set `padding_side='left'` when initializing the tokenizer.
{"step": 19, "epoch": 0, "rows": 8, "skipped": 0, "answer_accuracy": 0.5, "updates": 8, "seconds": 14.683993101119995, "time": 1790899639.167965, "loss": -0.8112642748714356, "confidence": 0.6665541557886626, "mass": 0.999994719044532, "hinge_active": 0.0, "stop_prob": 0.982135184109211, "sampled_number_rate": 1.0, "kl": 0.0, "kl_coef": 0.05, "value_loss": 0.0}
A decoder-only architecture is being used, but right-padding was detected! For correct generation results, please set `padding_side='left'` when initializing the tokenizer.
{"step": 20, "epoch": 0, "rows": 8, "skipped": 0, "answer_accuracy": 0.5, "updates": 8, "seconds": 14.805730104446411, "time": 1790899653.9744875, "loss": -0.7814430627305107, "confidence": 0.7313032470128025, "mass": 0.9999921069879365, "hinge_active": 0.0, "stop_prob": 0.9870226606726646, "sampled_number_rate": 1.0, "kl": 0.0, "kl_coef": 0.05, "value_loss": 0.0}
A decoder-only architecture is being used, but right-padding was detected! For correct generation results, please set `padding_side='left'` when initializing the tokenizer.
{"step": 21, "epoch": 0, "rows": 8, "skipped": 0, "answer_accuracy": 0.25, "updates": 8, "seconds": 9.037838220596313, "time": 1790899663.0133028, "loss": -0.7106145285837996, "confidence": 0.6995308288945119, "mass": 0.9999978653346465, "hinge_active": 0.0, "stop_prob": 0.9996959716081619, "sampled_number_rate": 1.0, "kl": 0.0, "kl_coef": 0.05, "value_loss": 0.0}
A decoder-only architecture is being used, but right-padding was detected! For correct generation results, please set `padding_side='left'` when initializing the tokenizer.
{"step": 22, "epoch": 0, "rows": 8, "skipped": 0, "answer_accuracy": 0.625, "updates": 8, "seconds": 14.644254922866821, "time": 1790899677.6584814, "loss": -0.8428681657318187, "confidence": 0.6389122144757782, "mass": 0.9999970956321509, "hinge_active": 0.0, "stop_prob": 0.9912672713398933, "sampled_number_rate": 1.0, "kl": 0.0, "kl_coef": 0.05, "value_loss": 0.0}
A decoder-only architecture is being used, but right-padding was detected! For correct generation results, please set `padding_side='left'` when initializing the tokenizer.
{"step": 23, "epoch": 0, "rows": 8, "skipped": 0, "answer_accuracy": 0.625, "updates": 8, "seconds": 9.071603298187256, "time": 1790899686.731052, "loss": -0.8468823744070653, "confidence": 0.7030049257875289, "mass": 0.9999982597842076, "hinge_active": 0.0, "stop_prob": 0.9997805058956146, "sampled_number_rate": 1.0, "kl": 0.0, "kl_coef": 0.05, "value_loss": 0.0}
A decoder-only architecture is being used, but right-padding was detected! For correct generation results, please set `padding_side='left'` when initializing the tokenizer.
{"step": 24, "epoch": 0, "rows": 8, "skipped": 0, "answer_accuracy": 0.5, "updates": 8, "seconds": 9.159986972808838, "time": 1790899695.891768, "loss": -0.7815067086351521, "confidence": 0.7164316198744998, "mass": 0.999998176078129, "hinge_active": 0.0, "stop_prob": 0.9997387304902077, "sampled_number_rate": 1.0, "kl": 0.0, "kl_coef": 0.05, "value_loss": 0.0}
A decoder-only architecture is being used, but right-padding was detected! For correct generation results, please set `padding_side='left'` when initializing the tokenizer.
{"step": 25, "epoch": 0, "rows": 8, "skipped": 0, "answer_accuracy": 0.375, "updates": 8, "seconds": 9.044599771499634, "time": 1790899704.9373145, "loss": -0.799014607444631, "confidence": 0.6155670733993492, "mass": 0.9999970265634641, "hinge_active": 0.0, "stop_prob": 0.9997045248746872, "sampled_number_rate": 1.0, "kl": 0.0, "kl_coef": 0.05, "value_loss": 0.0}
A decoder-only architecture is being used, but right-padding was detected! For correct generation results, please set `padding_side='left'` when initializing the tokenizer.
{"step": 26, "epoch": 0, "rows": 8, "skipped": 0, "answer_accuracy": 0.625, "updates": 8, "seconds": 9.538657426834106, "time": 1790899714.47691, "loss": -0.8136303418634233, "confidence": 0.7380743875164719, "mass": 0.999997793662852, "hinge_active": 0.0, "stop_prob": 0.9996391162276268, "sampled_number_rate": 1.0, "kl": 0.0, "kl_coef": 0.05, "value_loss": 0.0}
A decoder-only architecture is being used, but right-padding was detected! For correct generation results, please set `padding_side='left'` when initializing the tokenizer.
{"step": 27, "epoch": 0, "rows": 8, "skipped": 0, "answer_accuracy": 0.75, "updates": 8, "seconds": 9.106137752532959, "time": 1790899723.5839667, "loss": -0.8484874712894509, "confidence": 0.6871597881514165, "mass": 0.9999980689599371, "hinge_active": 0.0, "stop_prob": 0.9998299553990364, "sampled_number_rate": 1.0, "kl": 0.0, "kl_coef": 0.05, "value_loss": 0.0}
A decoder-only architecture is being used, but right-padding was detected! For correct generation results, please set `padding_side='left'` when initializing the tokenizer.
{"step": 28, "epoch": 0, "rows": 8, "skipped": 0, "answer_accuracy": 0.5, "updates": 8, "seconds": 14.524875164031982, "time": 1790899738.1096623, "loss": -0.7707816699892087, "confidence": 0.6988725137930277, "mass": 0.9999975939330948, "hinge_active": 0.0, "stop_prob": 0.9940029978752136, "sampled_number_rate": 1.0, "kl": 0.0, "kl_coef": 0.05, "value_loss": 0.0}
A decoder-only architecture is being used, but right-padding was detected! For correct generation results, please set `padding_side='left'` when initializing the tokenizer.
{"step": 29, "epoch": 0, "rows": 8, "skipped": 0, "answer_accuracy": 0.875, "updates": 8, "seconds": 9.124370813369751, "time": 1790899747.234853, "loss": -0.8694598329142713, "confidence": 0.7012570154502866, "mass": 0.9999982208854192, "hinge_active": 0.0, "stop_prob": 0.9998096451163292, "sampled_number_rate": 1.0, "kl": 0.0, "kl_coef": 0.05, "value_loss": 0.0}
A decoder-only architecture is being used, but right-padding was detected! For correct generation results, please set `padding_side='left'` when initializing the tokenizer.
{"step": 30, "epoch": 0, "rows": 8, "skipped": 0, "answer_accuracy": 0.625, "updates": 8, "seconds": 9.061846733093262, "time": 1790899756.2976897, "loss": -0.826117164272106, "confidence": 0.6411820534584798, "mass": 0.99999850502881, "hinge_active": 0.0, "stop_prob": 0.9997533783316612, "sampled_number_rate": 1.0, "kl": 0.0, "kl_coef": 0.05, "value_loss": 0.0}
A decoder-only architecture is being used, but right-padding was detected! For correct generation results, please set `padding_side='left'` when initializing the tokenizer.
{"step": 31, "epoch": 0, "rows": 8, "skipped": 0, "answer_accuracy": 0.375, "updates": 8, "seconds": 8.982088088989258, "time": 1790899765.2806659, "loss": -0.7794048614956539, "confidence": 0.627172313539726, "mass": 0.9999981658891264, "hinge_active": 0.0, "stop_prob": 0.9998176395893097, "sampled_number_rate": 1.0, "kl": 0.0, "kl_coef": 0.05, "value_loss": 0.0}
A decoder-only architecture is being used, but right-padding was detected! For correct generation results, please set `padding_side='left'` when initializing the tokenizer.
{"step": 32, "epoch": 0, "rows": 8, "skipped": 0, "answer_accuracy": 0.375, "updates": 8, "seconds": 9.419342517852783, "time": 1790899774.7008278, "loss": -0.7930620386934278, "confidence": 0.6112070982764796, "mass": 0.9999973604250485, "hinge_active": 0.0, "stop_prob": 0.9996459782123566, "sampled_number_rate": 1.0, "kl": 0.0, "kl_coef": 0.05, "value_loss": 0.0}
A decoder-only architecture is being used, but right-padding was detected! For correct generation results, please set `padding_side='left'` when initializing the tokenizer.
{"step": 33, "epoch": 0, "rows": 8, "skipped": 0, "answer_accuracy": 0.5, "updates": 8, "seconds": 9.191034317016602, "time": 1790899783.8926177, "loss": -0.8333795276832094, "confidence": 0.6328173992187474, "mass": 0.9999977506285112, "hinge_active": 0.0, "stop_prob": 0.999786265194416, "sampled_number_rate": 1.0, "kl": 0.0, "kl_coef": 0.05, "value_loss": 0.0}
A decoder-only architecture is being used, but right-padding was detected! For correct generation results, please set `padding_side='left'` when initializing the tokenizer.
{"step": 34, "epoch": 0, "rows": 8, "skipped": 0, "answer_accuracy": 0.5, "updates": 8, "seconds": 14.57961893081665, "time": 1790899798.4729984, "loss": -0.8383449394322424, "confidence": 0.6182564351356222, "mass": 0.9999957889961589, "hinge_active": 0.0, "stop_prob": 0.9951424896717072, "sampled_number_rate": 1.0, "kl": 0.0, "kl_coef": 0.05, "value_loss": 0.0}
A decoder-only architecture is being used, but right-padding was detected! For correct generation results, please set `padding_side='left'` when initializing the tokenizer.
{"step": 35, "epoch": 0, "rows": 8, "skipped": 0, "answer_accuracy": 0.625, "updates": 8, "seconds": 9.019214153289795, "time": 1790899807.4931319, "loss": -0.8256622815372088, "confidence": 0.6528479905623324, "mass": 0.9999977840154224, "hinge_active": 0.0, "stop_prob": 0.9998001456260681, "sampled_number_rate": 1.0, "kl": 0.0, "kl_coef": 0.05, "value_loss": 0.0}
A decoder-only architecture is being used, but right-padding was detected! For correct generation results, please set `padding_side='left'` when initializing the tokenizer.
{"step": 36, "epoch": 0, "rows": 8, "skipped": 0, "answer_accuracy": 0.25, "updates": 8, "seconds": 9.138264179229736, "time": 1790899816.6322606, "loss": -0.782163944229452, "confidence": 0.577289807640278, "mass": 0.9999891640561663, "hinge_active": 0.0, "stop_prob": 0.9967575147747993, "sampled_number_rate": 1.0, "kl": 0.0, "kl_coef": 0.05, "value_loss": 0.0}
A decoder-only architecture is being used, but right-padding was detected! For correct generation results, please set `padding_side='left'` when initializing the tokenizer.
{"step": 37, "epoch": 0, "rows": 8, "skipped": 0, "answer_accuracy": 0.625, "updates": 8, "seconds": 9.38002347946167, "time": 1790899826.0131888, "loss": -0.7991637576870766, "confidence": 0.6415948037250733, "mass": 0.999997638578167, "hinge_active": 0.0, "stop_prob": 0.9997565299272537, "sampled_number_rate": 1.0, "kl": 0.0, "kl_coef": 0.05, "value_loss": 0.0}
A decoder-only architecture is being used, but right-padding was detected! For correct generation results, please set `padding_side='left'` when initializing the tokenizer.
{"step": 38, "epoch": 0, "rows": 8, "skipped": 0, "answer_accuracy": 0.5, "updates": 8, "seconds": 14.609093427658081, "time": 1790899840.623297, "loss": -0.7999636318279293, "confidence": 0.5930503540298294, "mass": 0.9999964682875825, "hinge_active": 0.0, "stop_prob": 0.9951162934303284, "sampled_number_rate": 1.0, "kl": 0.0, "kl_coef": 0.05, "value_loss": 0.0}
A decoder-only architecture is being used, but right-padding was detected! For correct generation results, please set `padding_side='left'` when initializing the tokenizer.
{"step": 39, "epoch": 0, "rows": 8, "skipped": 0, "answer_accuracy": 0.375, "updates": 8, "seconds": 14.669843435287476, "time": 1790899855.293903, "loss": -0.7826185408775869, "confidence": 0.598580858728277, "mass": 0.9999966892751255, "hinge_active": 0.0, "stop_prob": 0.9947620704770088, "sampled_number_rate": 1.0, "kl": 0.0, "kl_coef": 0.05, "value_loss": 0.0}
A decoder-only architecture is being used, but right-padding was detected! For correct generation results, please set `padding_side='left'` when initializing the tokenizer.
{"step": 40, "epoch": 0, "rows": 8, "skipped": 0, "answer_accuracy": 0.5, "updates": 8, "seconds": 9.174651384353638, "time": 1790899864.4693713, "loss": -0.8203525091665245, "confidence": 0.5583483607655668, "mass": 0.999997881563955, "hinge_active": 0.0, "stop_prob": 0.9997661933302879, "sampled_number_rate": 1.0, "kl": 0.0, "kl_coef": 0.05, "value_loss": 0.0}
A decoder-only architecture is being used, but right-padding was detected! For correct generation results, please set `padding_side='left'` when initializing the tokenizer.
{"step": 41, "epoch": 0, "rows": 8, "skipped": 0, "answer_accuracy": 0.375, "updates": 8, "seconds": 8.990678787231445, "time": 1790899873.4608803, "loss": -0.7853437917126845, "confidence": 0.5896724459565701, "mass": 0.9999979247040353, "hinge_active": 0.0, "stop_prob": 0.9998105391860008, "sampled_number_rate": 1.0, "kl": 0.0, "kl_coef": 0.05, "value_loss": 0.0}
A decoder-only architecture is being used, but right-padding was detected! For correct generation results, please set `padding_side='left'` when initializing the tokenizer.
{"step": 42, "epoch": 0, "rows": 8, "skipped": 0, "answer_accuracy": 0.375, "updates": 8, "seconds": 9.001999855041504, "time": 1790899882.463782, "loss": -0.769479669174802, "confidence": 0.5610530188647032, "mass": 0.9999977498102725, "hinge_active": 0.0, "stop_prob": 0.9995011314749718, "sampled_number_rate": 1.0, "kl": 0.0, "kl_coef": 0.05, "value_loss": 0.0}
A decoder-only architecture is being used, but right-padding was detected! For correct generation results, please set `padding_side='left'` when initializing the tokenizer.
{"step": 43, "epoch": 0, "rows": 8, "skipped": 0, "answer_accuracy": 0.625, "updates": 8, "seconds": 8.998482942581177, "time": 1790899891.46297, "loss": -0.8112944686662273, "confidence": 0.56376678931599, "mass": 0.9999983045664823, "hinge_active": 0.0, "stop_prob": 0.9997810795903206, "sampled_number_rate": 1.0, "kl": 0.0, "kl_coef": 0.05, "value_loss": 0.0}
A decoder-only architecture is being used, but right-padding was detected! For correct generation results, please set `padding_side='left'` when initializing the tokenizer.
{"step": 44, "epoch": 0, "rows": 8, "skipped": 0, "answer_accuracy": 0.75, "updates": 8, "seconds": 9.001993179321289, "time": 1790899900.4658566, "loss": -0.8134003198750637, "confidence": 0.5150564392297254, "mass": 0.9999982076302687, "hinge_active": 0.0, "stop_prob": 0.9997878074645996, "sampled_number_rate": 1.0, "kl": 0.0, "kl_coef": 0.05, "value_loss": 0.0}
A decoder-only architecture is being used, but right-padding was detected! For correct generation results, please set `padding_side='left'` when initializing the tokenizer.
{"step": 45, "epoch": 0, "rows": 8, "skipped": 0, "answer_accuracy": 0.5, "updates": 8, "seconds": 9.046318292617798, "time": 1790899909.5130808, "loss": -0.7787339716146763, "confidence": 0.443743516574276, "mass": 0.9999975704687899, "hinge_active": 0.0, "stop_prob": 0.9997289180755615, "sampled_number_rate": 1.0, "kl": 0.0, "kl_coef": 0.05, "value_loss": 0.0}
A decoder-only architecture is being used, but right-padding was detected! For correct generation results, please set `padding_side='left'` when initializing the tokenizer.
{"step": 46, "epoch": 0, "rows": 8, "skipped": 0, "answer_accuracy": 0.5, "updates": 8, "seconds": 14.648926258087158, "time": 1790899924.1632032, "loss": -0.8436329709226247, "confidence": 0.5209465025924553, "mass": 0.999995041690062, "hinge_active": 0.0, "stop_prob": 0.9951428398489952, "sampled_number_rate": 1.0, "kl": 0.0, "kl_coef": 0.05, "value_loss": 0.0}
A decoder-only architecture is being used, but right-padding was detected! For correct generation results, please set `padding_side='left'` when initializing the tokenizer.
{"step": 47, "epoch": 0, "rows": 8, "skipped": 0, "answer_accuracy": 0.5, "updates": 8, "seconds": 9.004927635192871, "time": 1790899933.1689866, "loss": -0.8022531205749582, "confidence": 0.5362511038915224, "mass": 0.9999983290857958, "hinge_active": 0.0, "stop_prob": 0.9997834116220474, "sampled_number_rate": 1.0, "kl": 0.0, "kl_coef": 0.05, "value_loss": 0.0}
A decoder-only architecture is being used, but right-padding was detected! For correct generation results, please set `padding_side='left'` when initializing the tokenizer.
{"step": 48, "epoch": 0, "rows": 8, "skipped": 0, "answer_accuracy": 0.875, "updates": 8, "seconds": 9.04709243774414, "time": 1790899942.2169085, "loss": -0.8593533835091773, "confidence": 0.5702309391000759, "mass": 0.9999982352530323, "hinge_active": 0.0, "stop_prob": 0.9998064190149307, "sampled_number_rate": 1.0, "kl": 0.0, "kl_coef": 0.05, "value_loss": 0.0}
A decoder-only architecture is being used, but right-padding was detected! For correct generation results, please set `padding_side='left'` when initializing the tokenizer.
{"step": 49, "epoch": 0, "rows": 8, "skipped": 0, "answer_accuracy": 0.75, "updates": 8, "seconds": 9.10944938659668, "time": 1790899951.3271978, "loss": -0.7977565580836528, "confidence": 0.5596523026580401, "mass": 0.9999985085458583, "hinge_active": 0.0, "stop_prob": 0.9997773468494415, "sampled_number_rate": 1.0, "kl": 0.0, "kl_coef": 0.05, "value_loss": 0.0}
A decoder-only architecture is being used, but right-padding was detected! For correct generation results, please set `padding_side='left'` when initializing the tokenizer.
{"step": 50, "epoch": 0, "rows": 8, "skipped": 0, "answer_accuracy": 0.5, "updates": 8, "seconds": 10.040799856185913, "time": 1790899961.3687284, "loss": -0.7899329251918294, "confidence": 0.6424025926838106, "mass": 0.9999978615872634, "hinge_active": 0.0, "stop_prob": 0.999666765332222, "sampled_number_rate": 1.0, "kl": 0.0, "kl_coef": 0.05, "value_loss": 0.0}
A decoder-only architecture is being used, but right-padding was detected! For correct generation results, please set `padding_side='left'` when initializing the tokenizer.
{"step": 51, "epoch": 0, "rows": 8, "skipped": 0, "answer_accuracy": 0.75, "updates": 8, "seconds": 9.0137197971344, "time": 1790899970.3832705, "loss": -0.8088806135725105, "confidence": 0.575774829109229, "mass": 0.9999981413232089, "hinge_active": 0.0, "stop_prob": 0.9997312501072884, "sampled_number_rate": 1.0, "kl": 0.0, "kl_coef": 0.05, "value_loss": 0.0}
A decoder-only architecture is being used, but right-padding was detected! For correct generation results, please set `padding_side='left'` when initializing the tokenizer.
{"step": 52, "epoch": 0, "rows": 8, "skipped": 0, "answer_accuracy": 0.375, "updates": 8, "seconds": 9.180116415023804, "time": 1790899979.5643525, "loss": -0.7916231998482791, "confidence": 0.5862573785515357, "mass": 0.9999985144084994, "hinge_active": 0.0, "stop_prob": 0.9996333196759224, "sampled_number_rate": 1.0, "kl": 0.0, "kl_coef": 0.05, "value_loss": 0.0}
A decoder-only architecture is being used, but right-padding was detected! For correct generation results, please set `padding_side='left'` when initializing the tokenizer.
{"step": 53, "epoch": 0, "rows": 8, "skipped": 0, "answer_accuracy": 0.75, "updates": 8, "seconds": 8.99721097946167, "time": 1790899988.5622485, "loss": -0.8555964019517752, "confidence": 0.6279150693768579, "mass": 0.9999981494214655, "hinge_active": 0.0, "stop_prob": 0.9998173490166664, "sampled_number_rate": 1.0, "kl": 0.0, "kl_coef": 0.05, "value_loss": 0.0}
A decoder-only architecture is being used, but right-padding was detected! For correct generation results, please set `padding_side='left'` when initializing the tokenizer.
{"step": 54, "epoch": 0, "rows": 8, "skipped": 0, "answer_accuracy": 0.375, "updates": 8, "seconds": 9.164751768112183, "time": 1790899997.7277257, "loss": -0.7571102859173341, "confidence": 0.5402659333923825, "mass": 0.9999976527553465, "hinge_active": 0.0, "stop_prob": 0.9997322410345078, "sampled_number_rate": 1.0, "kl": 0.0, "kl_coef": 0.05, "value_loss": 0.0}
A decoder-only architecture is being used, but right-padding was detected! For correct generation results, please set `padding_side='left'` when initializing the tokenizer.
{"step": 55, "epoch": 0, "rows": 8, "skipped": 0, "answer_accuracy": 0.75, "updates": 8, "seconds": 14.604077339172363, "time": 1790900012.332507, "loss": -0.8301996196838103, "confidence": 0.609288156026059, "mass": 0.9999964089583091, "hinge_active": 0.0, "stop_prob": 0.9936106353998184, "sampled_number_rate": 1.0, "kl": 0.0, "kl_coef": 0.05, "value_loss": 0.0}
A decoder-only architecture is being used, but right-padding was detected! For correct generation results, please set `padding_side='left'` when initializing the tokenizer.
{"step": 56, "epoch": 0, "rows": 8, "skipped": 0, "answer_accuracy": 0.25, "updates": 8, "seconds": 9.115005016326904, "time": 1790900021.4483633, "loss": -0.7634680262901936, "confidence": 0.5338647455674053, "mass": 0.9999978882569223, "hinge_active": 0.0, "stop_prob": 0.9995886757969856, "sampled_number_rate": 1.0, "kl": 0.0, "kl_coef": 0.05, "value_loss": 0.0}
A decoder-only architecture is being used, but right-padding was detected! For correct generation results, please set `padding_side='left'` when initializing the tokenizer.
{"step": 57, "epoch": 0, "rows": 8, "skipped": 0, "answer_accuracy": 0.375, "updates": 8, "seconds": 9.210543155670166, "time": 1790900030.6598895, "loss": -0.7706920859339443, "confidence": 0.6086445904942004, "mass": 0.9999982839801499, "hinge_active": 0.0, "stop_prob": 0.9997539222240448, "sampled_number_rate": 1.0, "kl": 0.0, "kl_coef": 0.05, "value_loss": 0.0}
A decoder-only architecture is being used, but right-padding was detected! For correct generation results, please set `padding_side='left'` when initializing the tokenizer.
{"step": 58, "epoch": 0, "rows": 8, "skipped": 0, "answer_accuracy": 0.5, "updates": 8, "seconds": 9.367093324661255, "time": 1790900040.027844, "loss": -0.804994419306346, "confidence": 0.579325912761507, "mass": 0.9999977304551899, "hinge_active": 0.0, "stop_prob": 0.9997767359018326, "sampled_number_rate": 1.0, "kl": 0.0, "kl_coef": 0.05, "value_loss": 0.0}
A decoder-only architecture is being used, but right-padding was detected! For correct generation results, please set `padding_side='left'` when initializing the tokenizer.
{"step": 59, "epoch": 0, "rows": 8, "skipped": 0, "answer_accuracy": 0.875, "updates": 8, "seconds": 9.089892864227295, "time": 1790900049.118587, "loss": -0.8386270197436884, "confidence": 0.6066396272732406, "mass": 0.9999983644951804, "hinge_active": 0.0, "stop_prob": 0.9998120740056038, "sampled_number_rate": 1.0, "kl": 0.0, "kl_coef": 0.05, "value_loss": 0.0}
A decoder-only architecture is being used, but right-padding was detected! For correct generation results, please set `padding_side='left'` when initializing the tokenizer.
{"step": 60, "epoch": 0, "rows": 8, "skipped": 0, "answer_accuracy": 0.625, "updates": 8, "seconds": 9.025521039962769, "time": 1790900058.1448889, "loss": -0.8462449164025836, "confidence": 0.493114993290865, "mass": 0.9999978592990327, "hinge_active": 0.0, "stop_prob": 0.9997876584529877, "sampled_number_rate": 1.0, "kl": 0.0, "kl_coef": 0.05, "value_loss": 0.0}
A decoder-only architecture is being used, but right-padding was detected! For correct generation results, please set `padding_side='left'` when initializing the tokenizer.
{"step": 61, "epoch": 0, "rows": 8, "skipped": 0, "answer_accuracy": 0.625, "updates": 8, "seconds": 9.085535526275635, "time": 1790900067.2313373, "loss": -0.8138305658964543, "confidence": 0.5481142279244586, "mass": 0.9999983433156742, "hinge_active": 0.0, "stop_prob": 0.9997763708233833, "sampled_number_rate": 1.0, "kl": 0.0, "kl_coef": 0.05, "value_loss": 0.0}
A decoder-only architecture is being used, but right-padding was detected! For correct generation results, please set `padding_side='left'` when initializing the tokenizer.
{"step": 62, "epoch": 0, "rows": 8, "skipped": 0, "answer_accuracy": 0.375, "updates": 8, "seconds": 14.596153974533081, "time": 1790900081.8283556, "loss": -0.823236362407807, "confidence": 0.5448629184095171, "mass": 0.999996730177854, "hinge_active": 0.0, "stop_prob": 0.9945098087191582, "sampled_number_rate": 1.0, "kl": 0.0, "kl_coef": 0.05, "value_loss": 0.0}
A decoder-only architecture is being used, but right-padding was detected! For correct generation results, please set `padding_side='left'` when initializing the tokenizer.
{"step": 63, "epoch": 0, "rows": 8, "skipped": 0, "answer_accuracy": 0.5, "updates": 8, "seconds": 9.008984804153442, "time": 1790900090.8381069, "loss": -0.8070083238848758, "confidence": 0.5215099949998682, "mass": 0.9999985548096273, "hinge_active": 0.0, "stop_prob": 0.9997908249497414, "sampled_number_rate": 1.0, "kl": 0.0, "kl_coef": 0.05, "value_loss": 0.0}
A decoder-only architecture is being used, but right-padding was detected! For correct generation results, please set `padding_side='left'` when initializing the tokenizer.
{"step": 64, "epoch": 0, "rows": 8, "skipped": 0, "answer_accuracy": 0.625, "updates": 8, "seconds": 14.4799222946167, "time": 1790900105.3188026, "loss": -0.7925316657301967, "confidence": 0.567146156578881, "mass": 0.9999965169741434, "hinge_active": 0.0, "stop_prob": 0.9955778867006302, "sampled_number_rate": 1.0, "kl": 0.0, "kl_coef": 0.05, "value_loss": 0.0, "save_seconds": 0.603950023651123}
A decoder-only architecture is being used, but right-padding was detected! For correct generation results, please set `padding_side='left'` when initializing the tokenizer.
{"step": 65, "epoch": 0, "rows": 7, "skipped": 1, "answer_accuracy": 0.7142857142857143, "updates": 8, "seconds": 9.086829662322998, "time": 1790900115.0101438, "loss": -0.8221815010418848, "confidence": 0.53083595261591, "mass": 0.9999981496498875, "hinge_active": 0.0, "stop_prob": 0.999774158000946, "sampled_number_rate": 0.9999999999999998, "kl": 0.0, "kl_coef": 0.05, "value_loss": 0.0}
A decoder-only architecture is being used, but right-padding was detected! For correct generation results, please set `padding_side='left'` when initializing the tokenizer.
{"step": 66, "epoch": 0, "rows": 8, "skipped": 0, "answer_accuracy": 0.75, "updates": 8, "seconds": 9.230321884155273, "time": 1790900124.2413542, "loss": -0.803237634655238, "confidence": 0.6211747911849324, "mass": 0.9999983158623604, "hinge_active": 0.0, "stop_prob": 0.9998172149062157, "sampled_number_rate": 1.0, "kl": 0.0, "kl_coef": 0.05, "value_loss": 0.0}
A decoder-only architecture is being used, but right-padding was detected! For correct generation results, please set `padding_side='left'` when initializing the tokenizer.
{"step": 67, "epoch": 0, "rows": 8, "skipped": 0, "answer_accuracy": 0.5, "updates": 8, "seconds": 9.389208793640137, "time": 1790900133.631316, "loss": -0.8101285192288993, "confidence": 0.5495073575337871, "mass": 0.9999983423266323, "hinge_active": 0.0, "stop_prob": 0.9997532069683075, "sampled_number_rate": 1.0, "kl": 0.0, "kl_coef": 0.05, "value_loss": 0.0}
A decoder-only architecture is being used, but right-padding was detected! For correct generation results, please set `padding_side='left'` when initializing the tokenizer.
{"step": 68, "epoch": 0, "rows": 8, "skipped": 0, "answer_accuracy": 0.875, "updates": 8, "seconds": 8.985665559768677, "time": 1790900142.6178808, "loss": -0.8811042091327217, "confidence": 0.5699569627095009, "mass": 0.9999976262061032, "hinge_active": 0.0, "stop_prob": 0.996146947145462, "sampled_number_rate": 1.0, "kl": 0.0, "kl_coef": 0.05, "value_loss": 0.0}
A decoder-only architecture is being used, but right-padding was detected! For correct generation results, please set `padding_side='left'` when initializing the tokenizer.
{"step": 69, "epoch": 0, "rows": 8, "skipped": 0, "answer_accuracy": 0.5, "updates": 8, "seconds": 14.453454732894897, "time": 1790900157.072123, "loss": -0.8071435732867263, "confidence": 0.580217448832735, "mass": 0.9999970268736723, "hinge_active": 0.0, "stop_prob": 0.9961787164211273, "sampled_number_rate": 1.0, "kl": 0.0, "kl_coef": 0.05, "value_loss": 0.0}
A decoder-only architecture is being used, but right-padding was detected! For correct generation results, please set `padding_side='left'` when initializing the tokenizer.
{"step": 70, "epoch": 0, "rows": 8, "skipped": 0, "answer_accuracy": 0.625, "updates": 8, "seconds": 14.529057025909424, "time": 1790900171.6021032, "loss": -0.7768849064354102, "confidence": 0.48453661970378203, "mass": 0.9999956116323855, "hinge_active": 0.0, "stop_prob": 0.9945948347449303, "sampled_number_rate": 1.0, "kl": 0.0, "kl_coef": 0.05, "value_loss": 0.0}
A decoder-only architecture is being used, but right-padding was detected! For correct generation results, please set `padding_side='left'` when initializing the tokenizer.
{"step": 71, "epoch": 0, "rows": 8, "skipped": 0, "answer_accuracy": 0.875, "updates": 8, "seconds": 8.947005033493042, "time": 1790900180.5498905, "loss": -0.8378257013728563, "confidence": 0.6260931890913103, "mass": 0.9999987660792244, "hinge_active": 0.0, "stop_prob": 0.9997782111167908, "sampled_number_rate": 1.0, "kl": 0.0, "kl_coef": 0.05, "value_loss": 0.0}
A decoder-only architecture is being used, but right-padding was detected! For correct generation results, please set `padding_side='left'` when initializing the tokenizer.
{"step": 72, "epoch": 0, "rows": 7, "skipped": 1, "answer_accuracy": 0.14285714285714285, "updates": 8, "seconds": 9.779741525650024, "time": 1790900190.3305376, "loss": -0.7589702306564942, "confidence": 0.5806706590498812, "mass": 0.9999987049087331, "hinge_active": 0.0, "stop_prob": 0.9997947641781398, "sampled_number_rate": 0.9999999999999998, "kl": 0.0, "kl_coef": 0.05, "value_loss": 0.0}
A decoder-only architecture is being used, but right-padding was detected! For correct generation results, please set `padding_side='left'` when initializing the tokenizer.
{"step": 73, "epoch": 0, "rows": 8, "skipped": 0, "answer_accuracy": 0.25, "updates": 8, "seconds": 9.081344842910767, "time": 1790900199.4126608, "loss": -0.8403939485663829, "confidence": 0.5104909796315013, "mass": 0.9999962972593716, "hinge_active": 0.0, "stop_prob": 0.9995110929012299, "sampled_number_rate": 1.0, "kl": 0.0, "kl_coef": 0.05, "value_loss": 0.0}
A decoder-only architecture is being used, but right-padding was detected! For correct generation results, please set `padding_side='left'` when initializing the tokenizer.
{"step": 74, "epoch": 0, "rows": 8, "skipped": 0, "answer_accuracy": 0.625, "updates": 8, "seconds": 9.150868654251099, "time": 1790900208.5644197, "loss": -0.7959984829542036, "confidence": 0.5445032290205993, "mass": 0.9999979300642318, "hinge_active": 0.0, "stop_prob": 0.9997694343328476, "sampled_number_rate": 1.0, "kl": 0.0, "kl_coef": 0.05, "value_loss": 0.0}
A decoder-only architecture is being used, but right-padding was detected! For correct generation results, please set `padding_side='left'` when initializing the tokenizer.
{"step": 75, "epoch": 0, "rows": 8, "skipped": 0, "answer_accuracy": 0.375, "updates": 8, "seconds": 8.983589887619019, "time": 1790900217.5488102, "loss": -0.8504574577560338, "confidence": 0.49341590909933225, "mass": 0.9999979443015132, "hinge_active": 0.0, "stop_prob": 0.9996800348162651, "sampled_number_rate": 1.0, "kl": 0.0, "kl_coef": 0.05, "value_loss": 0.0}
A decoder-only architecture is being used, but right-padding was detected! For correct generation results, please set `padding_side='left'` when initializing the tokenizer.
{"step": 76, "epoch": 0, "rows": 8, "skipped": 0, "answer_accuracy": 0.75, "updates": 8, "seconds": 14.59149980545044, "time": 1790900232.1413877, "loss": -0.8324860995403669, "confidence": 0.5972665262145139, "mass": 0.9999964181643578, "hinge_active": 0.0, "stop_prob": 0.9930735006928444, "sampled_number_rate": 1.0, "kl": 0.0, "kl_coef": 0.05, "value_loss": 0.0}
A decoder-only architecture is being used, but right-padding was detected! For correct generation results, please set `padding_side='left'` when initializing the tokenizer.
{"step": 77, "epoch": 0, "rows": 8, "skipped": 0, "answer_accuracy": 0.625, "updates": 8, "seconds": 9.162276029586792, "time": 1790900241.3045857, "loss": -0.8149699271032058, "confidence": 0.6000242972655558, "mass": 0.9999986314632404, "hinge_active": 0.0, "stop_prob": 0.9998078122735023, "sampled_number_rate": 1.0, "kl": 0.0, "kl_coef": 0.05, "value_loss": 0.0}
A decoder-only architecture is being used, but right-padding was detected! For correct generation results, please set `padding_side='left'` when initializing the tokenizer.
{"step": 78, "epoch": 0, "rows": 8, "skipped": 0, "answer_accuracy": 0.625, "updates": 8, "seconds": 9.269191265106201, "time": 1790900250.5745358, "loss": -0.8264462768021557, "confidence": 0.5592592573953534, "mass": 0.9999986304741177, "hinge_active": 0.0, "stop_prob": 0.9998312518000603, "sampled_number_rate": 1.0, "kl": 0.0, "kl_coef": 0.05, "value_loss": 0.0}
A decoder-only architecture is being used, but right-padding was detected! For correct generation results, please set `padding_side='left'` when initializing the tokenizer.
{"step": 79, "epoch": 0, "rows": 8, "skipped": 0, "answer_accuracy": 0.875, "updates": 8, "seconds": 9.007344245910645, "time": 1790900259.5828764, "loss": -0.8338357828204015, "confidence": 0.6118781136236472, "mass": 0.9999985131419048, "hinge_active": 0.0, "stop_prob": 0.9997915998101234, "sampled_number_rate": 1.0, "kl": 0.0, "kl_coef": 0.05, "value_loss": 0.0}
A decoder-only architecture is being used, but right-padding was detected! For correct generation results, please set `padding_side='left'` when initializing the tokenizer.
{"step": 80, "epoch": 0, "rows": 7, "skipped": 1, "answer_accuracy": 0.5714285714285714, "updates": 8, "seconds": 20.63257908821106, "time": 1790900280.216383, "loss": -0.8188399427343432, "confidence": 0.61496349051201, "mass": 0.9999986243603897, "hinge_active": 0.0, "stop_prob": 0.9998615384101868, "sampled_number_rate": 0.9999999999999998, "kl": 0.0, "kl_coef": 0.05, "value_loss": 0.0}
A decoder-only architecture is being used, but right-padding was detected! For correct generation results, please set `padding_side='left'` when initializing the tokenizer.
{"step": 81, "epoch": 0, "rows": 8, "skipped": 0, "answer_accuracy": 0.375, "updates": 8, "seconds": 14.672518491744995, "time": 1790900294.8897407, "loss": -0.7593938003949791, "confidence": 0.5989150562140234, "mass": 0.9999979093356629, "hinge_active": 0.0, "stop_prob": 0.9966118559241295, "sampled_number_rate": 1.0, "kl": 0.0, "kl_coef": 0.05, "value_loss": 0.0}
A decoder-only architecture is being used, but right-padding was detected! For correct generation results, please set `padding_side='left'` when initializing the tokenizer.
{"step": 82, "epoch": 0, "rows": 8, "skipped": 0, "answer_accuracy": 0.25, "updates": 8, "seconds": 9.028728246688843, "time": 1790900303.919262, "loss": -0.8428539184212434, "confidence": 0.5176449803724219, "mass": 0.9999983847356368, "hinge_active": 0.0, "stop_prob": 0.9997536465525627, "sampled_number_rate": 1.0, "kl": 0.0, "kl_coef": 0.05, "value_loss": 0.0}
A decoder-only architecture is being used, but right-padding was detected! For correct generation results, please set `padding_side='left'` when initializing the tokenizer.
{"step": 83, "epoch": 0, "rows": 8, "skipped": 0, "answer_accuracy": 0.5, "updates": 8, "seconds": 9.103559970855713, "time": 1790900313.0235837, "loss": -0.8278828317845606, "confidence": 0.5805576566427878, "mass": 0.9999981540213063, "hinge_active": 0.0, "stop_prob": 0.9997691065073013, "sampled_number_rate": 1.0, "kl": 0.0, "kl_coef": 0.05, "value_loss": 0.0}
A decoder-only architecture is being used, but right-padding was detected! For correct generation results, please set `padding_side='left'` when initializing the tokenizer.
{"step": 84, "epoch": 0, "rows": 8, "skipped": 0, "answer_accuracy": 0.375, "updates": 8, "seconds": 9.29800009727478, "time": 1790900322.3223526, "loss": -0.7936824176018743, "confidence": 0.5636896015401877, "mass": 0.9999982672698773, "hinge_active": 0.0, "stop_prob": 0.9997794851660728, "sampled_number_rate": 1.0, "kl": 0.0, "kl_coef": 0.05, "value_loss": 0.0}
A decoder-only architecture is being used, but right-padding was detected! For correct generation results, please set `padding_side='left'` when initializing the tokenizer.
{"step": 85, "epoch": 0, "rows": 8, "skipped": 0, "answer_accuracy": 0.375, "updates": 8, "seconds": 14.602470636367798, "time": 1790900336.9255478, "loss": -0.8132795535863817, "confidence": 0.4543285683390026, "mass": 0.9999946938003387, "hinge_active": 0.0, "stop_prob": 0.9899202808737755, "sampled_number_rate": 1.0, "kl": 0.0, "kl_coef": 0.05, "value_loss": 0.0}
A decoder-only architecture is being used, but right-padding was detected! For correct generation results, please set `padding_side='left'` when initializing the tokenizer.
{"step": 86, "epoch": 0, "rows": 7, "skipped": 1, "answer_accuracy": 0.14285714285714285, "updates": 8, "seconds": 10.35262680053711, "time": 1790900347.279061, "loss": -0.7755398920319718, "confidence": 0.5581299448673085, "mass": 0.9999980591631302, "hinge_active": 0.0, "stop_prob": 0.9998182994978768, "sampled_number_rate": 0.9999999999999998, "kl": 0.0, "kl_coef": 0.05, "value_loss": 0.0}
A decoder-only architecture is being used, but right-padding was detected! For correct generation results, please set `padding_side='left'` when initializing the tokenizer.
{"step": 87, "epoch": 0, "rows": 8, "skipped": 0, "answer_accuracy": 0.625, "updates": 8, "seconds": 8.983014345169067, "time": 1790900356.262973, "loss": -0.8420346077102211, "confidence": 0.446518334781461, "mass": 0.9999979732711791, "hinge_active": 0.0, "stop_prob": 0.9995788782835007, "sampled_number_rate": 1.0, "kl": 0.0, "kl_coef": 0.05, "value_loss": 0.0}
A decoder-only architecture is being used, but right-padding was detected! For correct generation results, please set `padding_side='left'` when initializing the tokenizer.
{"step": 88, "epoch": 0, "rows": 8, "skipped": 0, "answer_accuracy": 0.75, "updates": 8, "seconds": 9.006187915802002, "time": 1790900365.2699335, "loss": -0.836965565376132, "confidence": 0.515695283705502, "mass": 0.9999980954745639, "hinge_active": 0.0, "stop_prob": 0.9997939765453339, "sampled_number_rate": 1.0, "kl": 0.0, "kl_coef": 0.05, "value_loss": 0.0}
A decoder-only architecture is being used, but right-padding was detected! For correct generation results, please set `padding_side='left'` when initializing the tokenizer.
{"step": 89, "epoch": 0, "rows": 8, "skipped": 0, "answer_accuracy": 0.25, "updates": 8, "seconds": 9.077136754989624, "time": 1790900374.3479803, "loss": -0.8002444979827243, "confidence": 0.44871109869900416, "mass": 0.9999981713741785, "hinge_active": 0.0, "stop_prob": 0.9997846186161041, "sampled_number_rate": 1.0, "kl": 0.0, "kl_coef": 0.05, "value_loss": 0.0}
A decoder-only architecture is being used, but right-padding was detected! For correct generation results, please set `padding_side='left'` when initializing the tokenizer.
{"step": 90, "epoch": 0, "rows": 8, "skipped": 0, "answer_accuracy": 0.5, "updates": 8, "seconds": 9.055030822753906, "time": 1790900383.4038477, "loss": -0.8513788888601563, "confidence": 0.411521876569279, "mass": 0.9999976869245328, "hinge_active": 0.0, "stop_prob": 0.9995077326893806, "sampled_number_rate": 1.0, "kl": 0.0, "kl_coef": 0.05, "value_loss": 0.0}
A decoder-only architecture is being used, but right-padding was detected! For correct generation results, please set `padding_side='left'` when initializing the tokenizer.
{"step": 91, "epoch": 0, "rows": 8, "skipped": 0, "answer_accuracy": 0.125, "updates": 8, "seconds": 9.09956169128418, "time": 1790900392.504407, "loss": -0.8311145797734345, "confidence": 0.41621988919895625, "mass": 0.9999976112046749, "hinge_active": 0.0, "stop_prob": 0.9996090307831764, "sampled_number_rate": 1.0, "kl": 0.0, "kl_coef": 0.05, "value_loss": 0.0}
A decoder-only architecture is being used, but right-padding was detected! For correct generation results, please set `padding_side='left'` when initializing the tokenizer.
{"step": 92, "epoch": 0, "rows": 8, "skipped": 0, "answer_accuracy": 0.25, "updates": 8, "seconds": 14.571734189987183, "time": 1790900407.0769358, "loss": -0.7883863003906374, "confidence": 0.48824251594406903, "mass": 0.9999970402902705, "hinge_active": 0.0, "stop_prob": 0.9979306310415268, "sampled_number_rate": 1.0, "kl": 0.0, "kl_coef": 0.05, "value_loss": 0.0}
A decoder-only architecture is being used, but right-padding was detected! For correct generation results, please set `padding_side='left'` when initializing the tokenizer.
{"step": 93, "epoch": 0, "rows": 8, "skipped": 0, "answer_accuracy": 0.25, "updates": 8, "seconds": 9.05825924873352, "time": 1790900416.1359627, "loss": -0.8354642769873972, "confidence": 0.36281344732807114, "mass": 0.9999979580032733, "hinge_active": 0.0, "stop_prob": 0.9944157600402832, "sampled_number_rate": 1.0, "kl": 0.0, "kl_coef": 0.05, "value_loss": 0.0}
A decoder-only architecture is being used, but right-padding was detected! For correct generation results, please set `padding_side='left'` when initializing the tokenizer.
{"step": 94, "epoch": 0, "rows": 8, "skipped": 0, "answer_accuracy": 0.5, "updates": 8, "seconds": 9.065266847610474, "time": 1790900425.2021344, "loss": -0.813898234991343, "confidence": 0.40962864574062996, "mass": 0.9999985828490439, "hinge_active": 0.0, "stop_prob": 0.9997508898377419, "sampled_number_rate": 1.0, "kl": 0.0, "kl_coef": 0.05, "value_loss": 0.0}
A decoder-only architecture is being used, but right-padding was detected! For correct generation results, please set `padding_side='left'` when initializing the tokenizer.
{"step": 95, "epoch": 0, "rows": 8, "skipped": 0, "answer_accuracy": 0.625, "updates": 8, "seconds": 9.107893943786621, "time": 1790900434.3108249, "loss": -0.8231991530025097, "confidence": 0.39313980552968386, "mass": 0.9999963101730364, "hinge_active": 0.0, "stop_prob": 0.999670721590519, "sampled_number_rate": 1.0, "kl": 0.0, "kl_coef": 0.05, "value_loss": 0.0}
A decoder-only architecture is being used, but right-padding was detected! For correct generation results, please set `padding_side='left'` when initializing the tokenizer.
{"step": 96, "epoch": 0, "rows": 7, "skipped": 1, "answer_accuracy": 0.5714285714285714, "updates": 8, "seconds": 8.838510513305664, "time": 1790900443.1502287, "loss": -0.8399692355396058, "confidence": 0.4489270921858281, "mass": 0.9999983364902362, "hinge_active": 0.0, "stop_prob": 0.99980115039008, "sampled_number_rate": 0.9999999999999998, "kl": 0.0, "kl_coef": 0.05, "value_loss": 0.0}
A decoder-only architecture is being used, but right-padding was detected! For correct generation results, please set `padding_side='left'` when initializing the tokenizer.
{"step": 97, "epoch": 0, "rows": 8, "skipped": 0, "answer_accuracy": 0.75, "updates": 8, "seconds": 8.960079669952393, "time": 1790900452.1110625, "loss": -0.7930846171694141, "confidence": 0.4855720526266487, "mass": 0.9999983888379005, "hinge_active": 0.0, "stop_prob": 0.9997481554746628, "sampled_number_rate": 1.0, "kl": 0.0, "kl_coef": 0.05, "value_loss": 0.0}
A decoder-only architecture is being used, but right-padding was detected! For correct generation results, please set `padding_side='left'` when initializing the tokenizer.
{"step": 98, "epoch": 0, "rows": 8, "skipped": 0, "answer_accuracy": 0.75, "updates": 8, "seconds": 9.128909587860107, "time": 1790900461.2407777, "loss": -0.8016273506433285, "confidence": 0.5161658890010441, "mass": 0.9999987160446384, "hinge_active": 0.0, "stop_prob": 0.9998546987771988, "sampled_number_rate": 1.0, "kl": 0.0, "kl_coef": 0.05, "value_loss": 0.0}
A decoder-only architecture is being used, but right-padding was detected! For correct generation results, please set `padding_side='left'` when initializing the tokenizer.
{"step": 99, "epoch": 0, "rows": 8, "skipped": 0, "answer_accuracy": 0.75, "updates": 8, "seconds": 9.188732385635376, "time": 1790900470.430378, "loss": -0.8055188219792369, "confidence": 0.45994429834791006, "mass": 0.9999984311243014, "hinge_active": 0.0, "stop_prob": 0.9998169839382172, "sampled_number_rate": 1.0, "kl": 0.0, "kl_coef": 0.05, "value_loss": 0.0}
A decoder-only architecture is being used, but right-padding was detected! For correct generation results, please set `padding_side='left'` when initializing the tokenizer.
{"step": 100, "epoch": 0, "rows": 8, "skipped": 0, "answer_accuracy": 0.375, "updates": 8, "seconds": 8.986115217208862, "time": 1790900479.417176, "loss": -0.8650513010714415, "confidence": 0.4308548323131921, "mass": 0.9999968699539334, "hinge_active": 0.0, "stop_prob": 0.9996223673224449, "sampled_number_rate": 1.0, "kl": 0.0, "kl_coef": 0.05, "value_loss": 0.0}
A decoder-only architecture is being used, but right-padding was detected! For correct generation results, please set `padding_side='left'` when initializing the tokenizer.
{"step": 101, "epoch": 0, "rows": 8, "skipped": 0, "answer_accuracy": 0.5, "updates": 8, "seconds": 9.103971004486084, "time": 1790900488.522183, "loss": -0.7865947016176656, "confidence": 0.5826541828114237, "mass": 0.9999977641634903, "hinge_active": 0.0, "stop_prob": 0.9998395517468452, "sampled_number_rate": 1.0, "kl": 0.0, "kl_coef": 0.05, "value_loss": 0.0}
A decoder-only architecture is being used, but right-padding was detected! For correct generation results, please set `padding_side='left'` when initializing the tokenizer.
{"step": 102, "epoch": 0, "rows": 8, "skipped": 0, "answer_accuracy": 0.625, "updates": 8, "seconds": 9.210990905761719, "time": 1790900497.7341075, "loss": -0.8084089534332728, "confidence": 0.5655101167281599, "mass": 0.9999983380183617, "hinge_active": 0.0, "stop_prob": 0.9998579919338226, "sampled_number_rate": 1.0, "kl": 0.0, "kl_coef": 0.05, "value_loss": 0.0}
A decoder-only architecture is being used, but right-padding was detected! For correct generation results, please set `padding_side='left'` when initializing the tokenizer.
{"step": 103, "epoch": 0, "rows": 8, "skipped": 0, "answer_accuracy": 0.625, "updates": 8, "seconds": 9.117032527923584, "time": 1790900506.8519914, "loss": -0.8554382780850309, "confidence": 0.5031188598644123, "mass": 0.9999947068552333, "hinge_active": 0.0, "stop_prob": 0.999679446220398, "sampled_number_rate": 1.0, "kl": 0.0, "kl_coef": 0.05, "value_loss": 0.0}
A decoder-only architecture is being used, but right-padding was detected! For correct generation results, please set `padding_side='left'` when initializing the tokenizer.
{"step": 104, "epoch": 0, "rows": 8, "skipped": 0, "answer_accuracy": 0.375, "updates": 8, "seconds": 14.635786533355713, "time": 1790900521.488638, "loss": -0.8747574959785901, "confidence": 0.44044026614992215, "mass": 0.9999948469557249, "hinge_active": 0.0, "stop_prob": 0.9932319521903992, "sampled_number_rate": 1.0, "kl": 0.0, "kl_coef": 0.05, "value_loss": 0.0}
A decoder-only architecture is being used, but right-padding was detected! For correct generation results, please set `padding_side='left'` when initializing the tokenizer.
{"step": 105, "epoch": 0, "rows": 8, "skipped": 0, "answer_accuracy": 0.75, "updates": 8, "seconds": 9.31959080696106, "time": 1790900530.8089173, "loss": -0.8375826755686815, "confidence": 0.5299700103789894, "mass": 0.9999873529250575, "hinge_active": 0.0, "stop_prob": 0.9892609864473343, "sampled_number_rate": 1.0, "kl": 0.0, "kl_coef": 0.05, "value_loss": 0.0}
A decoder-only architecture is being used, but right-padding was detected! For correct generation results, please set `padding_side='left'` when initializing the tokenizer.
{"step": 106, "epoch": 0, "rows": 8, "skipped": 0, "answer_accuracy": 0.75, "updates": 8, "seconds": 9.032843589782715, "time": 1790900539.8428009, "loss": -0.8231410372668495, "confidence": 0.6103994430471407, "mass": 0.99999850257353, "hinge_active": 0.0, "stop_prob": 0.9998764321208, "sampled_number_rate": 1.0, "kl": 0.0, "kl_coef": 0.05, "value_loss": 0.0}
A decoder-only architecture is being used, but right-padding was detected! For correct generation results, please set `padding_side='left'` when initializing the tokenizer.
{"step": 107, "epoch": 0, "rows": 8, "skipped": 0, "answer_accuracy": 0.375, "updates": 8, "seconds": 9.065213918685913, "time": 1790900548.9087415, "loss": -0.8257542062653314, "confidence": 0.5298228703072322, "mass": 0.9999986339035168, "hinge_active": 0.0, "stop_prob": 0.9998717531561852, "sampled_number_rate": 1.0, "kl": 0.0, "kl_coef": 0.05, "value_loss": 0.0}
A decoder-only architecture is being used, but right-padding was detected! For correct generation results, please set `padding_side='left'` when initializing the tokenizer.
{"step": 108, "epoch": 0, "rows": 8, "skipped": 0, "answer_accuracy": 0.5, "updates": 8, "seconds": 9.40375566482544, "time": 1790900558.313378, "loss": -0.8246169887141644, "confidence": 0.48843021137504716, "mass": 0.9999955876506235, "hinge_active": 0.0, "stop_prob": 0.9994231835007668, "sampled_number_rate": 1.0, "kl": 0.0, "kl_coef": 0.05, "value_loss": 0.0}
A decoder-only architecture is being used, but right-padding was detected! For correct generation results, please set `padding_side='left'` when initializing the tokenizer.
{"step": 109, "epoch": 0, "rows": 8, "skipped": 0, "answer_accuracy": 0.5, "updates": 8, "seconds": 9.081389665603638, "time": 1790900567.3957686, "loss": -0.8386936353718436, "confidence": 0.5745231765149054, "mass": 0.9999985502964138, "hinge_active": 0.0, "stop_prob": 0.9998451247811317, "sampled_number_rate": 1.0, "kl": 0.0, "kl_coef": 0.05, "value_loss": 0.0}
A decoder-only architecture is being used, but right-padding was detected! For correct generation results, please set `padding_side='left'` when initializing the tokenizer.
{"step": 110, "epoch": 0, "rows": 8, "skipped": 0, "answer_accuracy": 0.75, "updates": 8, "seconds": 8.958093643188477, "time": 1790900576.3547156, "loss": -0.8397004295285669, "confidence": 0.5351678265876187, "mass": 0.9999948464761513, "hinge_active": 0.0, "stop_prob": 0.9997688382863998, "sampled_number_rate": 1.0, "kl": 0.0, "kl_coef": 0.05, "value_loss": 0.0}
A decoder-only architecture is being used, but right-padding was detected! For correct generation results, please set `padding_side='left'` when initializing the tokenizer.
{"step": 111, "epoch": 0, "rows": 8, "skipped": 0, "answer_accuracy": 0.5, "updates": 8, "seconds": 9.025337934494019, "time": 1790900585.3809514, "loss": -0.8525402917928213, "confidence": 0.49923350299015656, "mass": 0.9993481726004294, "hinge_active": 0.0, "stop_prob": 0.9996510371565819, "sampled_number_rate": 1.0, "kl": 0.0, "kl_coef": 0.05, "value_loss": 0.0}
A decoder-only architecture is being used, but right-padding was detected! For correct generation results, please set `padding_side='left'` when initializing the tokenizer.
{"step": 112, "epoch": 0, "rows": 8, "skipped": 0, "answer_accuracy": 0.375, "updates": 8, "seconds": 9.061779499053955, "time": 1790900594.4437017, "loss": -0.7453813541032311, "confidence": 0.49995803674462763, "mass": 0.99999819817432, "hinge_active": 0.0, "stop_prob": 0.9998322352766991, "sampled_number_rate": 1.0, "kl": 0.0, "kl_coef": 0.05, "value_loss": 0.0}
A decoder-only architecture is being used, but right-padding was detected! For correct generation results, please set `padding_side='left'` when initializing the tokenizer.
{"step": 113, "epoch": 0, "rows": 8, "skipped": 0, "answer_accuracy": 0.625, "updates": 8, "seconds": 9.36064338684082, "time": 1790900603.8051932, "loss": -0.8219577035001076, "confidence": 0.6188172099562184, "mass": 0.9999984152686311, "hinge_active": 0.0, "stop_prob": 0.9998791441321373, "sampled_number_rate": 1.0, "kl": 0.0, "kl_coef": 0.05, "value_loss": 0.0}
A decoder-only architecture is being used, but right-padding was detected! For correct generation results, please set `padding_side='left'` when initializing the tokenizer.
{"step": 114, "epoch": 0, "rows": 8, "skipped": 0, "answer_accuracy": 0.5, "updates": 8, "seconds": 14.552485227584839, "time": 1790900618.3586917, "loss": -0.7877937658095632, "confidence": 0.445396221188454, "mass": 0.9999956554534623, "hinge_active": 0.0, "stop_prob": 0.9964190348982811, "sampled_number_rate": 1.0, "kl": 0.0, "kl_coef": 0.05, "value_loss": 0.0}
A decoder-only architecture is being used, but right-padding was detected! For correct generation results, please set `padding_side='left'` when initializing the tokenizer.
{"step": 115, "epoch": 0, "rows": 8, "skipped": 0, "answer_accuracy": 0.25, "updates": 8, "seconds": 14.485769748687744, "time": 1790900632.8452435, "loss": -0.8202745906371383, "confidence": 0.5040862032922888, "mass": 0.9999948847877151, "hinge_active": 0.0, "stop_prob": 0.9961682334542274, "sampled_number_rate": 1.0, "kl": 0.0, "kl_coef": 0.05, "value_loss": 0.0}
A decoder-only architecture is being used, but right-padding was detected! For correct generation results, please set `padding_side='left'` when initializing the tokenizer.
{"step": 116, "epoch": 0, "rows": 8, "skipped": 0, "answer_accuracy": 0.375, "updates": 8, "seconds": 14.641151666641235, "time": 1790900647.4872906, "loss": -0.8677123730659769, "confidence": 0.42310638233550013, "mass": 0.999996299226266, "hinge_active": 0.0, "stop_prob": 0.9929790571331978, "sampled_number_rate": 1.0, "kl": 0.0, "kl_coef": 0.05, "value_loss": 0.0}
A decoder-only architecture is being used, but right-padding was detected! For correct generation results, please set `padding_side='left'` when initializing the tokenizer.
{"step": 117, "epoch": 0, "rows": 8, "skipped": 0, "answer_accuracy": 0.5, "updates": 8, "seconds": 9.206498146057129, "time": 1790900656.6945472, "loss": -0.8393997915719753, "confidence": 0.45362234793119777, "mass": 0.9999950567105457, "hinge_active": 0.0, "stop_prob": 0.9996884912252426, "sampled_number_rate": 1.0, "kl": 0.0, "kl_coef": 0.05, "value_loss": 0.0}
A decoder-only architecture is being used, but right-padding was detected! For correct generation results, please set `padding_side='left'` when initializing the tokenizer.
{"step": 118, "epoch": 0, "rows": 8, "skipped": 0, "answer_accuracy": 0.625, "updates": 8, "seconds": 9.35740041732788, "time": 1790900666.05282, "loss": -0.8517680275917903, "confidence": 0.5529438957751149, "mass": 0.9999982520990607, "hinge_active": 0.0, "stop_prob": 0.9999020025134087, "sampled_number_rate": 1.0, "kl": 0.0, "kl_coef": 0.05, "value_loss": 0.0}
A decoder-only architecture is being used, but right-padding was detected! For correct generation results, please set `padding_side='left'` when initializing the tokenizer.
{"step": 119, "epoch": 0, "rows": 8, "skipped": 0, "answer_accuracy": 0.25, "updates": 8, "seconds": 9.03339695930481, "time": 1790900675.08706, "loss": -0.8251360719619867, "confidence": 0.41693309766631026, "mass": 0.999992209768926, "hinge_active": 0.0, "stop_prob": 0.9998640269041061, "sampled_number_rate": 1.0, "kl": 0.0, "kl_coef": 0.05, "value_loss": 0.0}
A decoder-only architecture is being used, but right-padding was detected! For correct generation results, please set `padding_side='left'` when initializing the tokenizer.
{"step": 120, "epoch": 0, "rows": 8, "skipped": 0, "answer_accuracy": 0.125, "updates": 8, "seconds": 9.199668645858765, "time": 1790900684.2875934, "loss": -0.8440393533622826, "confidence": 0.36219886838107435, "mass": 0.998725078085074, "hinge_active": 0.0, "stop_prob": 0.995850034058094, "sampled_number_rate": 1.0, "kl": 0.0, "kl_coef": 0.05, "value_loss": 0.0}
A decoder-only architecture is being used, but right-padding was detected! For correct generation results, please set `padding_side='left'` when initializing the tokenizer.
{"step": 121, "epoch": 0, "rows": 8, "skipped": 0, "answer_accuracy": 0.625, "updates": 8, "seconds": 9.001585245132446, "time": 1790900693.2899623, "loss": -0.822382579913043, "confidence": 0.5739567818205702, "mass": 0.9999982147539344, "hinge_active": 0.0, "stop_prob": 0.9998436793684959, "sampled_number_rate": 1.0, "kl": 0.0, "kl_coef": 0.05, "value_loss": 0.0}
A decoder-only architecture is being used, but right-padding was detected! For correct generation results, please set `padding_side='left'` when initializing the tokenizer.
{"step": 122, "epoch": 0, "rows": 8, "skipped": 0, "answer_accuracy": 0.5, "updates": 8, "seconds": 9.03304648399353, "time": 1790900702.323859, "loss": -0.7709904679991018, "confidence": 0.38427430796555717, "mass": 0.9999983927615367, "hinge_active": 0.0, "stop_prob": 0.9998221397399902, "sampled_number_rate": 1.0, "kl": 0.0, "kl_coef": 0.05, "value_loss": 0.0}
A decoder-only architecture is being used, but right-padding was detected! For correct generation results, please set `padding_side='left'` when initializing the tokenizer.
{"step": 123, "epoch": 0, "rows": 8, "skipped": 0, "answer_accuracy": 0.75, "updates": 8, "seconds": 9.11841106414795, "time": 1790900711.4429657, "loss": -0.8305702981440655, "confidence": 0.508039472932066, "mass": 0.99999868828297, "hinge_active": 0.0, "stop_prob": 0.9998920932412148, "sampled_number_rate": 1.0, "kl": 0.0, "kl_coef": 0.05, "value_loss": 0.0}
A decoder-only architecture is being used, but right-padding was detected! For correct generation results, please set `padding_side='left'` when initializing the tokenizer.
{"step": 124, "epoch": 0, "rows": 8, "skipped": 0, "answer_accuracy": 0.625, "updates": 8, "seconds": 9.043810367584229, "time": 1790900720.4878323, "loss": -0.8515397255183362, "confidence": 0.526458637913851, "mass": 0.9999987408384622, "hinge_active": 0.0, "stop_prob": 0.999889075756073, "sampled_number_rate": 1.0, "kl": 0.0, "kl_coef": 0.05, "value_loss": 0.0}
A decoder-only architecture is being used, but right-padding was detected! For correct generation results, please set `padding_side='left'` when initializing the tokenizer.
{"step": 125, "epoch": 0, "rows": 8, "skipped": 0, "answer_accuracy": 0.25, "updates": 8, "seconds": 14.5420982837677, "time": 1790900735.0306804, "loss": -0.865988661282453, "confidence": 0.42083892806664347, "mass": 0.9999874625270269, "hinge_active": 0.0, "stop_prob": 0.9968270361423492, "sampled_number_rate": 1.0, "kl": 0.0, "kl_coef": 0.05, "value_loss": 0.0}
A decoder-only architecture is being used, but right-padding was detected! For correct generation results, please set `padding_side='left'` when initializing the tokenizer.
{"step": 126, "epoch": 0, "rows": 8, "skipped": 0, "answer_accuracy": 0.5, "updates": 8, "seconds": 9.124460697174072, "time": 1790900744.155905, "loss": -0.8297485246773249, "confidence": 0.46267661300143115, "mass": 0.9999979006298622, "hinge_active": 0.0, "stop_prob": 0.9998702332377434, "sampled_number_rate": 1.0, "kl": 0.0, "kl_coef": 0.05, "value_loss": 0.0}
A decoder-only architecture is being used, but right-padding was detected! For correct generation results, please set `padding_side='left'` when initializing the tokenizer.
{"step": 127, "epoch": 0, "rows": 8, "skipped": 0, "answer_accuracy": 0.375, "updates": 8, "seconds": 9.062617301940918, "time": 1790900753.2194276, "loss": -0.7771647613583115, "confidence": 0.5038675579847959, "mass": 0.9999979826856138, "hinge_active": 0.0, "stop_prob": 0.9997862428426743, "sampled_number_rate": 1.0, "kl": 0.0, "kl_coef": 0.05, "value_loss": 0.0}
A decoder-only architecture is being used, but right-padding was detected! For correct generation results, please set `padding_side='left'` when initializing the tokenizer.
{"step": 128, "epoch": 0, "rows": 8, "skipped": 0, "answer_accuracy": 0.375, "updates": 8, "seconds": 9.009539127349854, "time": 1790900762.2298384, "loss": -0.8009769159615017, "confidence": 0.45318353855374427, "mass": 0.9999982696272004, "hinge_active": 0.0, "stop_prob": 0.9998311325907707, "sampled_number_rate": 1.0, "kl": 0.0, "kl_coef": 0.05, "value_loss": 0.0, "save_seconds": 0.5921823978424072}
A decoder-only architecture is being used, but right-padding was detected! For correct generation results, please set `padding_side='left'` when initializing the tokenizer.
{"step": 129, "epoch": 1, "rows": 8, "skipped": 0, "answer_accuracy": 0.5, "updates": 8, "seconds": 9.121028900146484, "time": 1790900772.5063121, "loss": -0.8460813631176418, "confidence": 0.46254990730835926, "mass": 0.9999965491560152, "hinge_active": 0.0, "stop_prob": 0.9993322119116783, "sampled_number_rate": 1.0, "kl": 0.0, "kl_coef": 0.05, "value_loss": 0.0}
A decoder-only architecture is being used, but right-padding was detected! For correct generation results, please set `padding_side='left'` when initializing the tokenizer.
{"step": 130, "epoch": 1, "rows": 8, "skipped": 0, "answer_accuracy": 0.875, "updates": 8, "seconds": 9.043615579605103, "time": 1790900781.5507655, "loss": -0.8227225778323562, "confidence": 0.5705134561060882, "mass": 0.9999986130893299, "hinge_active": 0.0, "stop_prob": 0.9998596534132957, "sampled_number_rate": 1.0, "kl": 0.0, "kl_coef": 0.05, "value_loss": 0.0}
A decoder-only architecture is being used, but right-padding was detected! For correct generation results, please set `padding_side='left'` when initializing the tokenizer.
{"step": 131, "epoch": 1, "rows": 8, "skipped": 0, "answer_accuracy": 0.625, "updates": 8, "seconds": 8.946969509124756, "time": 1790900790.498695, "loss": -0.8368322529247593, "confidence": 0.5075324658719521, "mass": 0.9999981685129292, "hinge_active": 0.0, "stop_prob": 0.9998627528548241, "sampled_number_rate": 1.0, "kl": 0.0, "kl_coef": 0.05, "value_loss": 0.0}
A decoder-only architecture is being used, but right-padding was detected! For correct generation results, please set `padding_side='left'` when initializing the tokenizer.
{"step": 132, "epoch": 1, "rows": 8, "skipped": 0, "answer_accuracy": 0.25, "updates": 8, "seconds": 9.057982921600342, "time": 1790900799.5574956, "loss": -0.7759541990792421, "confidence": 0.5861493734944802, "mass": 0.9999982731283569, "hinge_active": 0.0, "stop_prob": 0.9998774006962776, "sampled_number_rate": 1.0, "kl": 0.0, "kl_coef": 0.05, "value_loss": 0.0}
A decoder-only architecture is being used, but right-padding was detected! For correct generation results, please set `padding_side='left'` when initializing the tokenizer.
{"step": 133, "epoch": 1, "rows": 8, "skipped": 0, "answer_accuracy": 0.5, "updates": 8, "seconds": 9.501181364059448, "time": 1790900809.059582, "loss": -0.8759373741076371, "confidence": 0.5232636576918365, "mass": 0.9999979595140954, "hinge_active": 0.0, "stop_prob": 0.9998045712709427, "sampled_number_rate": 1.0, "kl": 0.0, "kl_coef": 0.05, "value_loss": 0.0}
A decoder-only architecture is being used, but right-padding was detected! For correct generation results, please set `padding_side='left'` when initializing the tokenizer.
{"step": 134, "epoch": 1, "rows": 8, "skipped": 0, "answer_accuracy": 0.75, "updates": 8, "seconds": 8.991966009140015, "time": 1790900818.05243, "loss": -0.8346141849879871, "confidence": 0.5350669814553908, "mass": 0.9999983131955843, "hinge_active": 0.0, "stop_prob": 0.9998693317174911, "sampled_number_rate": 1.0, "kl": 0.0, "kl_coef": 0.05, "value_loss": 0.0}
A decoder-only architecture is being used, but right-padding was detected! For correct generation results, please set `padding_side='left'` when initializing the tokenizer.
{"step": 135, "epoch": 1, "rows": 8, "skipped": 0, "answer_accuracy": 0.25, "updates": 8, "seconds": 9.426368713378906, "time": 1790900827.4800038, "loss": -0.8199379920355493, "confidence": 0.5022234112312172, "mass": 0.9999985951528904, "hinge_active": 0.0, "stop_prob": 0.9998388290405273, "sampled_number_rate": 1.0, "kl": 0.0, "kl_coef": 0.05, "value_loss": 0.0}
A decoder-only architecture is being used, but right-padding was detected! For correct generation results, please set `padding_side='left'` when initializing the tokenizer.
{"step": 136, "epoch": 1, "rows": 8, "skipped": 0, "answer_accuracy": 0.5, "updates": 8, "seconds": 9.028094291687012, "time": 1790900836.5090222, "loss": -0.8230691601780851, "confidence": 0.5758991943753474, "mass": 0.999998648357185, "hinge_active": 0.0, "stop_prob": 0.9998765289783478, "sampled_number_rate": 1.0, "kl": 0.0, "kl_coef": 0.05, "value_loss": 0.0}
A decoder-only architecture is being used, but right-padding was detected! For correct generation results, please set `padding_side='left'` when initializing the tokenizer.
{"step": 137, "epoch": 1, "rows": 8, "skipped": 0, "answer_accuracy": 0.625, "updates": 8, "seconds": 9.128974437713623, "time": 1790900845.6388857, "loss": -0.8299899450771835, "confidence": 0.5818427025712642, "mass": 0.9999978510308085, "hinge_active": 0.0, "stop_prob": 0.9998393729329109, "sampled_number_rate": 1.0, "kl": 0.0, "kl_coef": 0.05, "value_loss": 0.0}
A decoder-only architecture is being used, but right-padding was detected! For correct generation results, please set `padding_side='left'` when initializing the tokenizer.
{"step": 138, "epoch": 1, "rows": 8, "skipped": 0, "answer_accuracy": 0.5, "updates": 8, "seconds": 9.280515909194946, "time": 1790900854.9203832, "loss": -0.8216789165150163, "confidence": 0.492649552543619, "mass": 0.9999955141820538, "hinge_active": 0.0, "stop_prob": 0.9950702637434006, "sampled_number_rate": 1.0, "kl": 0.0, "kl_coef": 0.05, "value_loss": 0.0}
A decoder-only architecture is being used, but right-padding was detected! For correct generation results, please set `padding_side='left'` when initializing the tokenizer.
{"step": 139, "epoch": 1, "rows": 8, "skipped": 0, "answer_accuracy": 0.75, "updates": 8, "seconds": 9.065736293792725, "time": 1790900863.9868793, "loss": -0.7955742945544214, "confidence": 0.49587417497471836, "mass": 0.9999983222623664, "hinge_active": 0.0, "stop_prob": 0.9998670369386673, "sampled_number_rate": 1.0, "kl": 0.0, "kl_coef": 0.05, "value_loss": 0.0}
A decoder-only architecture is being used, but right-padding was detected! For correct generation results, please set `padding_side='left'` when initializing the tokenizer.
{"step": 140, "epoch": 1, "rows": 8, "skipped": 0, "answer_accuracy": 0.125, "updates": 8, "seconds": 9.16125226020813, "time": 1790900873.1489892, "loss": -0.8531527405139628, "confidence": 0.3963770382141367, "mass": 0.9995835536680543, "hinge_active": 0.0, "stop_prob": 0.9923504889011383, "sampled_number_rate": 1.0, "kl": 0.0, "kl_coef": 0.05, "value_loss": 0.0}
A decoder-only architecture is being used, but right-padding was detected! For correct generation results, please set `padding_side='left'` when initializing the tokenizer.
{"step": 141, "epoch": 1, "rows": 8, "skipped": 0, "answer_accuracy": 0.625, "updates": 8, "seconds": 9.136099576950073, "time": 1790900882.2860394, "loss": -0.8678850048637688, "confidence": 0.5543701306761598, "mass": 0.999997467374144, "hinge_active": 0.0, "stop_prob": 0.9997374042868614, "sampled_number_rate": 1.0, "kl": 0.0, "kl_coef": 0.05, "value_loss": 0.0}
A decoder-only architecture is being used, but right-padding was detected! For correct generation results, please set `padding_side='left'` when initializing the tokenizer.
{"step": 142, "epoch": 1, "rows": 8, "skipped": 0, "answer_accuracy": 0.625, "updates": 8, "seconds": 9.006078243255615, "time": 1790900891.293057, "loss": -0.8717300601811255, "confidence": 0.4999585082389679, "mass": 0.9999976786367245, "hinge_active": 0.0, "stop_prob": 0.9987286478281021, "sampled_number_rate": 1.0, "kl": 0.0, "kl_coef": 0.05, "value_loss": 0.0}
A decoder-only architecture is being used, but right-padding was detected! For correct generation results, please set `padding_side='left'` when initializing the tokenizer.
{"step": 143, "epoch": 1, "rows": 8, "skipped": 0, "answer_accuracy": 0.375, "updates": 8, "seconds": 14.513192415237427, "time": 1790900905.806867, "loss": -0.8624428870645234, "confidence": 0.5380230982940168, "mass": 0.9999974310129148, "hinge_active": 0.0, "stop_prob": 0.997472807765007, "sampled_number_rate": 1.0, "kl": 0.0, "kl_coef": 0.05, "value_loss": 0.0}
A decoder-only architecture is being used, but right-padding was detected! For correct generation results, please set `padding_side='left'` when initializing the tokenizer.
{"step": 144, "epoch": 1, "rows": 8, "skipped": 0, "answer_accuracy": 0.5, "updates": 8, "seconds": 9.105833292007446, "time": 1790900914.9137416, "loss": -0.8381602954410672, "confidence": 0.4013519260207664, "mass": 0.9999947039860833, "hinge_active": 0.0, "stop_prob": 0.9998459592461586, "sampled_number_rate": 1.0, "kl": 0.0, "kl_coef": 0.05, "value_loss": 0.0}
A decoder-only architecture is being used, but right-padding was detected! For correct generation results, please set `padding_side='left'` when initializing the tokenizer.
{"step": 145, "epoch": 1, "rows": 8, "skipped": 0, "answer_accuracy": 0.375, "updates": 8, "seconds": 9.092782974243164, "time": 1790900924.0073252, "loss": -0.8152768653381928, "confidence": 0.5028196155376283, "mass": 0.9999979867840864, "hinge_active": 0.0, "stop_prob": 0.9998534545302391, "sampled_number_rate": 1.0, "kl": 0.0, "kl_coef": 0.05, "value_loss": 0.0}
A decoder-only architecture is being used, but right-padding was detected! For correct generation results, please set `padding_side='left'` when initializing the tokenizer.
{"step": 146, "epoch": 1, "rows": 8, "skipped": 0, "answer_accuracy": 0.625, "updates": 8, "seconds": 9.099471092224121, "time": 1790900933.107835, "loss": -0.7572531552012411, "confidence": 0.5815736657374208, "mass": 0.9999988831079134, "hinge_active": 0.0, "stop_prob": 0.9998966827988625, "sampled_number_rate": 1.0, "kl": 0.0, "kl_coef": 0.05, "value_loss": 0.0}
A decoder-only architecture is being used, but right-padding was detected! For correct generation results, please set `padding_side='left'` when initializing the tokenizer.
{"step": 147, "epoch": 1, "rows": 8, "skipped": 0, "answer_accuracy": 0.375, "updates": 8, "seconds": 9.168903112411499, "time": 1790900942.2776716, "loss": -0.8356734919855016, "confidence": 0.36982019672457667, "mass": 0.9999956630202875, "hinge_active": 0.0, "stop_prob": 0.9987994730472565, "sampled_number_rate": 1.0, "kl": 0.0, "kl_coef": 0.05, "value_loss": 0.0}
A decoder-only architecture is being used, but right-padding was detected! For correct generation results, please set `padding_side='left'` when initializing the tokenizer.
{"step": 148, "epoch": 1, "rows": 8, "skipped": 0, "answer_accuracy": 0.5, "updates": 8, "seconds": 9.359880208969116, "time": 1790900951.6383204, "loss": -0.8813796359867111, "confidence": 0.46376516909102433, "mass": 0.9999944956915837, "hinge_active": 0.0, "stop_prob": 0.9984990805387497, "sampled_number_rate": 1.0, "kl": 0.0, "kl_coef": 0.05, "value_loss": 0.0}
A decoder-only architecture is being used, but right-padding was detected! For correct generation results, please set `padding_side='left'` when initializing the tokenizer.
{"step": 149, "epoch": 1, "rows": 8, "skipped": 0, "answer_accuracy": 0.625, "updates": 8, "seconds": 9.236102819442749, "time": 1790900960.875911, "loss": -0.810944355157842, "confidence": 0.45058458609181656, "mass": 0.9999972886773417, "hinge_active": 0.0, "stop_prob": 0.9985616505146027, "sampled_number_rate": 1.0, "kl": 0.0, "kl_coef": 0.05, "value_loss": 0.0}
A decoder-only architecture is being used, but right-padding was detected! For correct generation results, please set `padding_side='left'` when initializing the tokenizer.
{"step": 150, "epoch": 1, "rows": 8, "skipped": 0, "answer_accuracy": 0.625, "updates": 8, "seconds": 9.016986608505249, "time": 1790900969.8937316, "loss": -0.8305887116703196, "confidence": 0.4759302835748928, "mass": 0.9999969611934311, "hinge_active": 0.0, "stop_prob": 0.9998638331890106, "sampled_number_rate": 1.0, "kl": 0.0, "kl_coef": 0.05, "value_loss": 0.0}
A decoder-only architecture is being used, but right-padding was detected! For correct generation results, please set `padding_side='left'` when initializing the tokenizer.
{"step": 151, "epoch": 1, "rows": 8, "skipped": 0, "answer_accuracy": 0.625, "updates": 8, "seconds": 9.079776287078857, "time": 1790900978.9742577, "loss": -0.8720410768745919, "confidence": 0.5413569135093859, "mass": 0.999997710849818, "hinge_active": 0.0, "stop_prob": 0.9998820051550865, "sampled_number_rate": 1.0, "kl": 0.0, "kl_coef": 0.05, "value_loss": 0.0}
A decoder-only architecture is being used, but right-padding was detected! For correct generation results, please set `padding_side='left'` when initializing the tokenizer.
{"step": 152, "epoch": 1, "rows": 8, "skipped": 0, "answer_accuracy": 0.375, "updates": 8, "seconds": 9.924307823181152, "time": 1790900988.8994334, "loss": -0.8268261625011427, "confidence": 0.5533395224231833, "mass": 0.9999971339941651, "hinge_active": 0.0, "stop_prob": 0.9998328387737274, "sampled_number_rate": 1.0, "kl": 0.0, "kl_coef": 0.05, "value_loss": 0.0}
A decoder-only architecture is being used, but right-padding was detected! For correct generation results, please set `padding_side='left'` when initializing the tokenizer.
{"step": 153, "epoch": 1, "rows": 8, "skipped": 0, "answer_accuracy": 0.5, "updates": 8, "seconds": 9.161477088928223, "time": 1790900998.0616786, "loss": -0.8287830356753938, "confidence": 0.6445604646277034, "mass": 0.9999987077296785, "hinge_active": 0.0, "stop_prob": 0.9998947903513908, "sampled_number_rate": 1.0, "kl": 0.0, "kl_coef": 0.05, "value_loss": 0.0}
A decoder-only architecture is being used, but right-padding was detected! For correct generation results, please set `padding_side='left'` when initializing the tokenizer.
{"step": 154, "epoch": 1, "rows": 8, "skipped": 0, "answer_accuracy": 0.375, "updates": 8, "seconds": 9.213946104049683, "time": 1790901007.2764077, "loss": -0.8391626146440712, "confidence": 0.5667149786153036, "mass": 0.9999983722825281, "hinge_active": 0.0, "stop_prob": 0.9998920261859894, "sampled_number_rate": 1.0, "kl": 0.0, "kl_coef": 0.05, "value_loss": 0.0}
A decoder-only architecture is being used, but right-padding was detected! For correct generation results, please set `padding_side='left'` when initializing the tokenizer.
{"step": 155, "epoch": 1, "rows": 8, "skipped": 0, "answer_accuracy": 0.5, "updates": 8, "seconds": 9.020940065383911, "time": 1790901016.2980134, "loss": -0.8509188980172234, "confidence": 0.48076007356265293, "mass": 0.9999985060615469, "hinge_active": 0.0, "stop_prob": 0.9998664706945419, "sampled_number_rate": 1.0, "kl": 0.0, "kl_coef": 0.05, "value_loss": 0.0}
A decoder-only architecture is being used, but right-padding was detected! For correct generation results, please set `padding_side='left'` when initializing the tokenizer.
{"step": 156, "epoch": 1, "rows": 8, "skipped": 0, "answer_accuracy": 0.75, "updates": 8, "seconds": 9.09658169746399, "time": 1790901025.395583, "loss": -0.855291383087101, "confidence": 0.6508680308448712, "mass": 0.9999987933367582, "hinge_active": 0.0, "stop_prob": 0.9998907372355461, "sampled_number_rate": 1.0, "kl": 0.0, "kl_coef": 0.05, "value_loss": 0.0}
A decoder-only architecture is being used, but right-padding was detected! For correct generation results, please set `padding_side='left'` when initializing the tokenizer.
{"step": 157, "epoch": 1, "rows": 8, "skipped": 0, "answer_accuracy": 0.5, "updates": 8, "seconds": 9.094331502914429, "time": 1790901034.4908478, "loss": -0.8310032370564832, "confidence": 0.4623951254408685, "mass": 0.9999981818862967, "hinge_active": 0.0, "stop_prob": 0.9997365176677704, "sampled_number_rate": 1.0, "kl": 0.0, "kl_coef": 0.05, "value_loss": 0.0}
A decoder-only architecture is being used, but right-padding was detected! For correct generation results, please set `padding_side='left'` when initializing the tokenizer.
{"step": 158, "epoch": 1, "rows": 8, "skipped": 0, "answer_accuracy": 0.625, "updates": 8, "seconds": 9.201292276382446, "time": 1790901043.6928878, "loss": -0.7883326671082702, "confidence": 0.4577002564823101, "mass": 0.9999963327716641, "hinge_active": 0.0, "stop_prob": 0.9998899772763252, "sampled_number_rate": 1.0, "kl": 0.0, "kl_coef": 0.05, "value_loss": 0.0}
A decoder-only architecture is being used, but right-padding was detected! For correct generation results, please set `padding_side='left'` when initializing the tokenizer.
{"step": 159, "epoch": 1, "rows": 8, "skipped": 0, "answer_accuracy": 0.5, "updates": 8, "seconds": 9.043822765350342, "time": 1790901052.737666, "loss": -0.8515698366218116, "confidence": 0.5150033113200334, "mass": 0.9999987605895604, "hinge_active": 0.0, "stop_prob": 0.9998959973454475, "sampled_number_rate": 1.0, "kl": 0.0, "kl_coef": 0.05, "value_loss": 0.0}
A decoder-only architecture is being used, but right-padding was detected! For correct generation results, please set `padding_side='left'` when initializing the tokenizer.
{"step": 160, "epoch": 1, "rows": 8, "skipped": 0, "answer_accuracy": 0.5, "updates": 8, "seconds": 8.970491647720337, "time": 1790901061.708961, "loss": -0.8026493120553453, "confidence": 0.4452247111211458, "mass": 0.9999985815336991, "hinge_active": 0.0, "stop_prob": 0.999896228313446, "sampled_number_rate": 1.0, "kl": 0.0, "kl_coef": 0.05, "value_loss": 0.0}
A decoder-only architecture is being used, but right-padding was detected! For correct generation results, please set `padding_side='left'` when initializing the tokenizer.
{"step": 161, "epoch": 1, "rows": 8, "skipped": 0, "answer_accuracy": 0.625, "updates": 8, "seconds": 8.931344270706177, "time": 1790901070.641093, "loss": -0.820439572737144, "confidence": 0.4712000884573314, "mass": 0.9999987703659707, "hinge_active": 0.0, "stop_prob": 0.9998971074819565, "sampled_number_rate": 1.0, "kl": 0.0, "kl_coef": 0.05, "value_loss": 0.0}
A decoder-only architecture is being used, but right-padding was detected! For correct generation results, please set `padding_side='left'` when initializing the tokenizer.
{"step": 162, "epoch": 1, "rows": 8, "skipped": 0, "answer_accuracy": 0.5, "updates": 8, "seconds": 9.119095802307129, "time": 1790901079.7608469, "loss": -0.7698459236092808, "confidence": 0.5920640644684874, "mass": 0.9999986999246057, "hinge_active": 0.0, "stop_prob": 0.9999023899435997, "sampled_number_rate": 1.0, "kl": 0.0, "kl_coef": 0.05, "value_loss": 0.0}
A decoder-only architecture is being used, but right-padding was detected! For correct generation results, please set `padding_side='left'` when initializing the tokenizer.
{"step": 163, "epoch": 1, "rows": 8, "skipped": 0, "answer_accuracy": 0.5, "updates": 8, "seconds": 9.317464113235474, "time": 1790901089.0791588, "loss": -0.7812715801442596, "confidence": 0.5960476434424505, "mass": 0.9999985469309062, "hinge_active": 0.0, "stop_prob": 0.9998845905065536, "sampled_number_rate": 1.0, "kl": 0.0, "kl_coef": 0.05, "value_loss": 0.0}
A decoder-only architecture is being used, but right-padding was detected! For correct generation results, please set `padding_side='left'` when initializing the tokenizer.
{"step": 164, "epoch": 1, "rows": 8, "skipped": 0, "answer_accuracy": 0.625, "updates": 8, "seconds": 9.022958278656006, "time": 1790901098.1029162, "loss": -0.8800060310501918, "confidence": 0.6206752818671035, "mass": 0.9999984812633966, "hinge_active": 0.0, "stop_prob": 0.999923899769783, "sampled_number_rate": 1.0, "kl": 0.0, "kl_coef": 0.05, "value_loss": 0.0}
A decoder-only architecture is being used, but right-padding was detected! For correct generation results, please set `padding_side='left'` when initializing the tokenizer.
{"step": 165, "epoch": 1, "rows": 8, "skipped": 0, "answer_accuracy": 0.75, "updates": 8, "seconds": 9.024207353591919, "time": 1790901107.1280823, "loss": -0.8390221883879172, "confidence": 0.539545798540839, "mass": 0.9999984449365289, "hinge_active": 0.0, "stop_prob": 0.9998869076371193, "sampled_number_rate": 1.0, "kl": 0.0, "kl_coef": 0.05, "value_loss": 0.0}
A decoder-only architecture is being used, but right-padding was detected! For correct generation results, please set `padding_side='left'` when initializing the tokenizer.
{"step": 166, "epoch": 1, "rows": 8, "skipped": 0, "answer_accuracy": 0.75, "updates": 8, "seconds": 8.971305131912231, "time": 1790901116.1001678, "loss": -0.8471990116083923, "confidence": 0.5846208895309678, "mass": 0.9999980456783173, "hinge_active": 0.0, "stop_prob": 0.9998827949166298, "sampled_number_rate": 1.0, "kl": 0.0, "kl_coef": 0.05, "value_loss": 0.0}
A decoder-only architecture is being used, but right-padding was detected! For correct generation results, please set `padding_side='left'` when initializing the tokenizer.
{"step": 167, "epoch": 1, "rows": 8, "skipped": 0, "answer_accuracy": 0.75, "updates": 8, "seconds": 9.067619323730469, "time": 1790901125.16876, "loss": -0.8146231066002692, "confidence": 0.5568815318274687, "mass": 0.9999989040126473, "hinge_active": 0.0, "stop_prob": 0.9999028369784355, "sampled_number_rate": 1.0, "kl": 0.0, "kl_coef": 0.05, "value_loss": 0.0}
A decoder-only architecture is being used, but right-padding was detected! For correct generation results, please set `padding_side='left'` when initializing the tokenizer.
{"step": 168, "epoch": 1, "rows": 8, "skipped": 0, "answer_accuracy": 0.5, "updates": 8, "seconds": 8.982173204421997, "time": 1790901134.1517508, "loss": -0.8497367994935346, "confidence": 0.4771926309369014, "mass": 0.9999978114321704, "hinge_active": 0.0, "stop_prob": 0.9993035718798637, "sampled_number_rate": 1.0, "kl": 0.0, "kl_coef": 0.05, "value_loss": 0.0}
A decoder-only architecture is being used, but right-padding was detected! For correct generation results, please set `padding_side='left'` when initializing the tokenizer.
{"step": 169, "epoch": 1, "rows": 8, "skipped": 0, "answer_accuracy": 0.375, "updates": 8, "seconds": 9.133753538131714, "time": 1790901143.2862473, "loss": -0.8789814499915625, "confidence": 0.5293001834367843, "mass": 0.9999738599903517, "hinge_active": 0.0, "stop_prob": 0.9987329319119453, "sampled_number_rate": 1.0, "kl": 0.0, "kl_coef": 0.05, "value_loss": 0.0}
A decoder-only architecture is being used, but right-padding was detected! For correct generation results, please set `padding_side='left'` when initializing the tokenizer.
{"step": 170, "epoch": 1, "rows": 8, "skipped": 0, "answer_accuracy": 0.75, "updates": 8, "seconds": 9.225358009338379, "time": 1790901152.512587, "loss": -0.8762153623353826, "confidence": 0.5471012817295873, "mass": 0.9999981537064855, "hinge_active": 0.0, "stop_prob": 0.9999019950628281, "sampled_number_rate": 1.0, "kl": 0.0, "kl_coef": 0.05, "value_loss": 0.0}
A decoder-only architecture is being used, but right-padding was detected! For correct generation results, please set `padding_side='left'` when initializing the tokenizer.
{"step": 171, "epoch": 1, "rows": 8, "skipped": 0, "answer_accuracy": 0.625, "updates": 8, "seconds": 9.14601755142212, "time": 1790901161.6593935, "loss": -0.8807650601403776, "confidence": 0.626582716933908, "mass": 0.9999989137367304, "hinge_active": 0.0, "stop_prob": 0.9998955950140953, "sampled_number_rate": 1.0, "kl": 0.0, "kl_coef": 0.05, "value_loss": 0.0}
A decoder-only architecture is being used, but right-padding was detected! For correct generation results, please set `padding_side='left'` when initializing the tokenizer.
{"step": 172, "epoch": 1, "rows": 8, "skipped": 0, "answer_accuracy": 0.625, "updates": 8, "seconds": 9.24147653579712, "time": 1790901170.9017286, "loss": -0.8202003478830848, "confidence": 0.5677883530125382, "mass": 0.9999985439311871, "hinge_active": 0.0, "stop_prob": 0.999889001250267, "sampled_number_rate": 1.0, "kl": 0.0, "kl_coef": 0.05, "value_loss": 0.0}
A decoder-only architecture is being used, but right-padding was detected! For correct generation results, please set `padding_side='left'` when initializing the tokenizer.
{"step": 173, "epoch": 1, "rows": 8, "skipped": 0, "answer_accuracy": 0.625, "updates": 8, "seconds": 9.199816703796387, "time": 1790901180.1024938, "loss": -0.874977715345012, "confidence": 0.6215492160207149, "mass": 0.9999986582362541, "hinge_active": 0.0, "stop_prob": 0.9999202713370323, "sampled_number_rate": 1.0, "kl": 0.0, "kl_coef": 0.05, "value_loss": 0.0}
A decoder-only architecture is being used, but right-padding was detected! For correct generation results, please set `padding_side='left'` when initializing the tokenizer.
{"step": 174, "epoch": 1, "rows": 8, "skipped": 0, "answer_accuracy": 0.25, "updates": 8, "seconds": 9.038684368133545, "time": 1790901189.1419833, "loss": -0.7286612244299249, "confidence": 0.6006246429316027, "mass": 0.9999985198211458, "hinge_active": 0.0, "stop_prob": 0.999895416200161, "sampled_number_rate": 1.0, "kl": 0.0, "kl_coef": 0.05, "value_loss": 0.0}
A decoder-only architecture is being used, but right-padding was detected! For correct generation results, please set `padding_side='left'` when initializing the tokenizer.
{"step": 175, "epoch": 1, "rows": 8, "skipped": 0, "answer_accuracy": 0.5, "updates": 8, "seconds": 9.33895468711853, "time": 1790901198.4817529, "loss": -0.8834588782053912, "confidence": 0.31347360119490514, "mass": 0.9999959200166811, "hinge_active": 0.0, "stop_prob": 0.9987475425004959, "sampled_number_rate": 1.0, "kl": 0.0, "kl_coef": 0.05, "value_loss": 0.0}
A decoder-only architecture is being used, but right-padding was detected! For correct generation results, please set `padding_side='left'` when initializing the tokenizer.
{"step": 176, "epoch": 1, "rows": 8, "skipped": 0, "answer_accuracy": 0.625, "updates": 8, "seconds": 8.931862115859985, "time": 1790901207.4142766, "loss": -0.8668650754040277, "confidence": 0.5715761027012948, "mass": 0.9999986444622122, "hinge_active": 0.0, "stop_prob": 0.999890498816967, "sampled_number_rate": 1.0, "kl": 0.0, "kl_coef": 0.05, "value_loss": 0.0}
A decoder-only architecture is being used, but right-padding was detected! For correct generation results, please set `padding_side='left'` when initializing the tokenizer.
{"step": 177, "epoch": 1, "rows": 8, "skipped": 0, "answer_accuracy": 0.625, "updates": 8, "seconds": 9.122080564498901, "time": 1790901216.5370739, "loss": -0.8305957514236472, "confidence": 0.5500767381991268, "mass": 0.9999989732523045, "hinge_active": 0.0, "stop_prob": 0.9999106824398041, "sampled_number_rate": 1.0, "kl": 0.0, "kl_coef": 0.05, "value_loss": 0.0}
A decoder-only architecture is being used, but right-padding was detected! For correct generation results, please set `padding_side='left'` when initializing the tokenizer.
{"step": 178, "epoch": 1, "rows": 8, "skipped": 0, "answer_accuracy": 0.625, "updates": 8, "seconds": 9.041519165039062, "time": 1790901225.5794184, "loss": -0.8663502610671001, "confidence": 0.625090635227399, "mass": 0.9999981921959655, "hinge_active": 0.0, "stop_prob": 0.9989092499017715, "sampled_number_rate": 1.0, "kl": 0.0, "kl_coef": 0.05, "value_loss": 0.0}
A decoder-only architecture is being used, but right-padding was detected! For correct generation results, please set `padding_side='left'` when initializing the tokenizer.
{"step": 179, "epoch": 1, "rows": 8, "skipped": 0, "answer_accuracy": 0.375, "updates": 8, "seconds": 9.019420623779297, "time": 1790901234.6000314, "loss": -0.9083897577011817, "confidence": 0.3999214925522968, "mass": 0.9999975816640199, "hinge_active": 0.0, "stop_prob": 0.9996258690953255, "sampled_number_rate": 1.0, "kl": 0.0, "kl_coef": 0.05, "value_loss": 0.0}
A decoder-only architecture is being used, but right-padding was detected! For correct generation results, please set `padding_side='left'` when initializing the tokenizer.
{"step": 180, "epoch": 1, "rows": 8, "skipped": 0, "answer_accuracy": 0.625, "updates": 8, "seconds": 9.232428550720215, "time": 1790901243.8332217, "loss": -0.8753865960168071, "confidence": 0.6052330886815207, "mass": 0.9999985971906922, "hinge_active": 0.0, "stop_prob": 0.9998403713107109, "sampled_number_rate": 1.0, "kl": 0.0, "kl_coef": 0.05, "value_loss": 0.0}
A decoder-only architecture is being used, but right-padding was detected! For correct generation results, please set `padding_side='left'` when initializing the tokenizer.
{"step": 181, "epoch": 1, "rows": 8, "skipped": 0, "answer_accuracy": 0.75, "updates": 8, "seconds": 9.131690979003906, "time": 1790901252.9655461, "loss": -0.8270771048706188, "confidence": 0.6123830774909614, "mass": 0.9999986154245423, "hinge_active": 0.0, "stop_prob": 0.9999000281095505, "sampled_number_rate": 1.0, "kl": 0.0, "kl_coef": 0.05, "value_loss": 0.0}
A decoder-only architecture is being used, but right-padding was detected! For correct generation results, please set `padding_side='left'` when initializing the tokenizer.
{"step": 182, "epoch": 1, "rows": 8, "skipped": 0, "answer_accuracy": 0.625, "updates": 8, "seconds": 9.721496105194092, "time": 1790901262.6879697, "loss": 0.01888609057660759, "confidence": 0.555437046955818, "mass": 0.9974277220329443, "hinge_active": 0.0, "stop_prob": 0.8749398490326712, "sampled_number_rate": 1.0, "kl": 0.0, "kl_coef": 0.05, "value_loss": 0.0}
A decoder-only architecture is being used, but right-padding was detected! For correct generation results, please set `padding_side='left'` when initializing the tokenizer.
{"step": 183, "epoch": 1, "rows": 8, "skipped": 0, "answer_accuracy": 0.125, "updates": 8, "seconds": 8.974865674972534, "time": 1790901271.6642644, "loss": -0.8606507719401645, "confidence": 0.3928776944786372, "mass": 0.9999965270524774, "hinge_active": 0.0, "stop_prob": 0.9999179467558861, "sampled_number_rate": 1.0, "kl": 0.0, "kl_coef": 0.05, "value_loss": 0.0}
A decoder-only architecture is being used, but right-padding was detected! For correct generation results, please set `padding_side='left'` when initializing the tokenizer.
{"step": 184, "epoch": 1, "rows": 8, "skipped": 0, "answer_accuracy": 0.25, "updates": 8, "seconds": 9.118033409118652, "time": 1790901280.7829664, "loss": -0.8856241966930534, "confidence": 0.4276850950722504, "mass": 0.9999948669207069, "hinge_active": 0.0, "stop_prob": 0.9998982399702072, "sampled_number_rate": 1.0, "kl": 0.0, "kl_coef": 0.05, "value_loss": 0.0}
A decoder-only architecture is being used, but right-padding was detected! For correct generation results, please set `padding_side='left'` when initializing the tokenizer.
{"step": 185, "epoch": 1, "rows": 7, "skipped": 1, "answer_accuracy": 0.2857142857142857, "updates": 8, "seconds": 8.41092300415039, "time": 1790901289.194648, "loss": -0.8674982845232073, "confidence": 0.4307126031470417, "mass": 0.9999517044811109, "hinge_active": 0.0, "stop_prob": 0.9985410741397313, "sampled_number_rate": 0.9999999999999998, "kl": 0.0, "kl_coef": 0.05, "value_loss": 0.0}
A decoder-only architecture is being used, but right-padding was detected! For correct generation results, please set `padding_side='left'` when initializing the tokenizer.
{"step": 186, "epoch": 1, "rows": 8, "skipped": 0, "answer_accuracy": 0.75, "updates": 8, "seconds": 9.00434160232544, "time": 1790901298.1998072, "loss": -0.7926443439035834, "confidence": 0.551492642049255, "mass": 0.9999979129107985, "hinge_active": 0.0, "stop_prob": 0.9999305680394173, "sampled_number_rate": 1.0, "kl": 0.0, "kl_coef": 0.05, "value_loss": 0.0}
A decoder-only architecture is being used, but right-padding was detected! For correct generation results, please set `padding_side='left'` when initializing the tokenizer.
{"step": 187, "epoch": 1, "rows": 8, "skipped": 0, "answer_accuracy": 0.5, "updates": 8, "seconds": 9.235569953918457, "time": 1790901307.436277, "loss": -0.877177464156209, "confidence": 0.3888401024681659, "mass": 0.9999976175860678, "hinge_active": 0.0, "stop_prob": 0.9999412000179291, "sampled_number_rate": 1.0, "kl": 0.0, "kl_coef": 0.05, "value_loss": 0.0}
A decoder-only architecture is being used, but right-padding was detected! For correct generation results, please set `padding_side='left'` when initializing the tokenizer.
{"step": 188, "epoch": 1, "rows": 8, "skipped": 0, "answer_accuracy": 0.5, "updates": 8, "seconds": 9.122542381286621, "time": 1790901316.559645, "loss": -0.8253701394058582, "confidence": 0.4813833452117658, "mass": 0.999998464597424, "hinge_active": 0.0, "stop_prob": 0.9986082538962364, "sampled_number_rate": 1.0, "kl": 0.0, "kl_coef": 0.05, "value_loss": 0.0}
A decoder-only architecture is being used, but right-padding was detected! For correct generation results, please set `padding_side='left'` when initializing the tokenizer.
{"step": 189, "epoch": 1, "rows": 8, "skipped": 0, "answer_accuracy": 0.125, "updates": 8, "seconds": 9.184844493865967, "time": 1790901325.7453525, "loss": -0.8594280618043905, "confidence": 0.34607881042824273, "mass": 0.9999960935767515, "hinge_active": 0.0, "stop_prob": 0.9993459358811378, "sampled_number_rate": 1.0, "kl": 0.0, "kl_coef": 0.05, "value_loss": 0.0}
A decoder-only architecture is being used, but right-padding was detected! For correct generation results, please set `padding_side='left'` when initializing the tokenizer.
{"step": 190, "epoch": 1, "rows": 8, "skipped": 0, "answer_accuracy": 0.125, "updates": 8, "seconds": 9.137964725494385, "time": 1790901334.884286, "loss": -0.9126365833162031, "confidence": 0.288471287940984, "mass": 0.9999939011493592, "hinge_active": 0.0, "stop_prob": 0.9995818436145782, "sampled_number_rate": 1.0, "kl": 0.0, "kl_coef": 0.05, "value_loss": 0.0}
A decoder-only architecture is being used, but right-padding was detected! For correct generation results, please set `padding_side='left'` when initializing the tokenizer.
{"step": 191, "epoch": 1, "rows": 8, "skipped": 0, "answer_accuracy": 0.625, "updates": 8, "seconds": 9.29102110862732, "time": 1790901344.1761014, "loss": -0.889247094412283, "confidence": 0.4294196142015881, "mass": 0.9999928586691051, "hinge_active": 0.0, "stop_prob": 0.9997020810842514, "sampled_number_rate": 1.0, "kl": 0.0, "kl_coef": 0.05, "value_loss": 0.0}
A decoder-only architecture is being used, but right-padding was detected! For correct generation results, please set `padding_side='left'` when initializing the tokenizer.
{"step": 192, "epoch": 1, "rows": 8, "skipped": 0, "answer_accuracy": 0.375, "updates": 8, "seconds": 9.05968165397644, "time": 1790901353.2366838, "loss": -0.8097125684070898, "confidence": 0.30168214290475553, "mass": 0.9999974728837963, "hinge_active": 0.0, "stop_prob": 0.9999429732561111, "sampled_number_rate": 1.0, "kl": 0.0, "kl_coef": 0.05, "value_loss": 0.0, "save_seconds": 0.5117082595825195}
A decoder-only architecture is being used, but right-padding was detected! For correct generation results, please set `padding_side='left'` when initializing the tokenizer.
{"step": 193, "epoch": 1, "rows": 8, "skipped": 0, "answer_accuracy": 0.5, "updates": 8, "seconds": 9.049159288406372, "time": 1790901362.798098, "loss": -0.7967836805606375, "confidence": 0.3056790997074514, "mass": 0.9999777968515947, "hinge_active": 0.0, "stop_prob": 0.9987550675868988, "sampled_number_rate": 1.0, "kl": 0.0, "kl_coef": 0.05, "value_loss": 0.0}
A decoder-only architecture is being used, but right-padding was detected! For correct generation results, please set `padding_side='left'` when initializing the tokenizer.
{"step": 194, "epoch": 1, "rows": 8, "skipped": 0, "answer_accuracy": 0.375, "updates": 8, "seconds": 9.13308072090149, "time": 1790901371.931983, "loss": -0.8408698303990104, "confidence": 0.5521517744220608, "mass": 0.9999984072464935, "hinge_active": 0.0, "stop_prob": 0.9999332651495934, "sampled_number_rate": 1.0, "kl": 0.0, "kl_coef": 0.05, "value_loss": 0.0}
A decoder-only architecture is being used, but right-padding was detected! For correct generation results, please set `padding_side='left'` when initializing the tokenizer.
{"step": 195, "epoch": 1, "rows": 8, "skipped": 0, "answer_accuracy": 0.375, "updates": 8, "seconds": 9.087687730789185, "time": 1790901381.0203805, "loss": -0.8652740498259065, "confidence": 0.43034805017578, "mass": 0.9999928751773617, "hinge_active": 0.0, "stop_prob": 0.9994087740778923, "sampled_number_rate": 1.0, "kl": 0.0, "kl_coef": 0.05, "value_loss": 0.0}
A decoder-only architecture is being used, but right-padding was detected! For correct generation results, please set `padding_side='left'` when initializing the tokenizer.
{"step": 196, "epoch": 1, "rows": 8, "skipped": 0, "answer_accuracy": 0.25, "updates": 8, "seconds": 9.109771251678467, "time": 1790901390.130976, "loss": -0.7889503538769176, "confidence": 0.5421515887268981, "mass": 0.9999984255918735, "hinge_active": 0.0, "stop_prob": 0.9999238103628159, "sampled_number_rate": 1.0, "kl": 0.0, "kl_coef": 0.05, "value_loss": 0.0}
A decoder-only architecture is being used, but right-padding was detected! For correct generation results, please set `padding_side='left'` when initializing the tokenizer.
{"step": 197, "epoch": 1, "rows": 8, "skipped": 0, "answer_accuracy": 0.375, "updates": 8, "seconds": 8.978114128112793, "time": 1790901399.1101418, "loss": -0.8282262215004814, "confidence": 0.36441078067065746, "mass": 0.9999966908786065, "hinge_active": 0.0, "stop_prob": 0.9997503533959389, "sampled_number_rate": 1.0, "kl": 0.0, "kl_coef": 0.05, "value_loss": 0.0}
A decoder-only architecture is being used, but right-padding was detected! For correct generation results, please set `padding_side='left'` when initializing the tokenizer.
{"step": 198, "epoch": 1, "rows": 8, "skipped": 0, "answer_accuracy": 0.75, "updates": 8, "seconds": 8.932141065597534, "time": 1790901408.0432155, "loss": -0.828490960212754, "confidence": 0.45418372109929256, "mass": 0.999989920096964, "hinge_active": 0.0, "stop_prob": 0.9996206909418106, "sampled_number_rate": 1.0, "kl": 0.0, "kl_coef": 0.05, "value_loss": 0.0}
A decoder-only architecture is being used, but right-padding was detected! For correct generation results, please set `padding_side='left'` when initializing the tokenizer.
{"step": 199, "epoch": 1, "rows": 8, "skipped": 0, "answer_accuracy": 0.625, "updates": 8, "seconds": 9.396404504776001, "time": 1790901417.4406297, "loss": -0.9139120309752752, "confidence": 0.4981619396688622, "mass": 0.9999960925126418, "hinge_active": 0.0, "stop_prob": 0.9996140450239182, "sampled_number_rate": 1.0, "kl": 0.0, "kl_coef": 0.05, "value_loss": 0.0}
A decoder-only architecture is being used, but right-padding was detected! For correct generation results, please set `padding_side='left'` when initializing the tokenizer.
{"step": 200, "epoch": 1, "rows": 8, "skipped": 0, "answer_accuracy": 1.0, "updates": 8, "seconds": 9.012307167053223, "time": 1790901426.454012, "loss": -0.8435074883573864, "confidence": 0.6162438165966027, "mass": 0.9999986544724471, "hinge_active": 0.0, "stop_prob": 0.9999163150787354, "sampled_number_rate": 1.0, "kl": 0.0, "kl_coef": 0.05, "value_loss": 0.0}
A decoder-only architecture is being used, but right-padding was detected! For correct generation results, please set `padding_side='left'` when initializing the tokenizer.
{"step": 201, "epoch": 1, "rows": 8, "skipped": 0, "answer_accuracy": 0.875, "updates": 8, "seconds": 9.165403366088867, "time": 1790901435.6202984, "loss": -0.8870242124634368, "confidence": 0.6819783080042304, "mass": 0.9999987550381901, "hinge_active": 0.0, "stop_prob": 0.9999224469065666, "sampled_number_rate": 1.0, "kl": 0.0, "kl_coef": 0.05, "value_loss": 0.0}
A decoder-only architecture is being used, but right-padding was detected! For correct generation results, please set `padding_side='left'` when initializing the tokenizer.
{"step": 202, "epoch": 1, "rows": 7, "skipped": 1, "answer_accuracy": 0.5714285714285714, "updates": 8, "seconds": 9.2308189868927, "time": 1790901444.851797, "loss": -0.8238784443913689, "confidence": 0.7469309272223116, "mass": 0.9999972518074546, "hinge_active": 0.0, "stop_prob": 0.9998443637575422, "sampled_number_rate": 0.9999999999999998, "kl": 0.0, "kl_coef": 0.05, "value_loss": 0.0}
A decoder-only architecture is being used, but right-padding was detected! For correct generation results, please set `padding_side='left'` when initializing the tokenizer.
{"step": 203, "epoch": 1, "rows": 8, "skipped": 0, "answer_accuracy": 0.375, "updates": 8, "seconds": 8.915290355682373, "time": 1790901453.767798, "loss": -0.8387386718335456, "confidence": 0.5880366517394365, "mass": 0.999998025301752, "hinge_active": 0.0, "stop_prob": 0.9998989701271057, "sampled_number_rate": 1.0, "kl": 0.0, "kl_coef": 0.05, "value_loss": 0.0}
A decoder-only architecture is being used, but right-padding was detected! For correct generation results, please set `padding_side='left'` when initializing the tokenizer.
{"step": 204, "epoch": 1, "rows": 8, "skipped": 0, "answer_accuracy": 0.625, "updates": 8, "seconds": 9.092633724212646, "time": 1790901462.8612103, "loss": -0.8165606869781015, "confidence": 0.764645596995699, "mass": 0.9999979621140032, "hinge_active": 0.0, "stop_prob": 0.9999026730656624, "sampled_number_rate": 1.0, "kl": 0.0, "kl_coef": 0.05, "value_loss": 0.0}
A decoder-only architecture is being used, but right-padding was detected! For correct generation results, please set `padding_side='left'` when initializing the tokenizer.
{"step": 205, "epoch": 1, "rows": 8, "skipped": 0, "answer_accuracy": 0.625, "updates": 8, "seconds": 9.141412019729614, "time": 1790901472.0034835, "loss": -0.8856792431913056, "confidence": 0.5160278779662766, "mass": 0.9999986387103612, "hinge_active": 0.0, "stop_prob": 0.9999285191297531, "sampled_number_rate": 1.0, "kl": 0.0, "kl_coef": 0.05, "value_loss": 0.0}
A decoder-only architecture is being used, but right-padding was detected! For correct generation results, please set `padding_side='left'` when initializing the tokenizer.
{"step": 206, "epoch": 1, "rows": 8, "skipped": 0, "answer_accuracy": 0.375, "updates": 8, "seconds": 8.96745252609253, "time": 1790901480.9717517, "loss": -0.8581124836146613, "confidence": 0.47011584030551284, "mass": 0.9999966728438505, "hinge_active": 0.0, "stop_prob": 0.9996036887168884, "sampled_number_rate": 1.0, "kl": 0.0, "kl_coef": 0.05, "value_loss": 0.0}
A decoder-only architecture is being used, but right-padding was detected! For correct generation results, please set `padding_side='left'` when initializing the tokenizer.
{"step": 207, "epoch": 1, "rows": 8, "skipped": 0, "answer_accuracy": 0.75, "updates": 8, "seconds": 9.089752197265625, "time": 1790901490.062245, "loss": -0.831009468605485, "confidence": 0.6847074800802373, "mass": 0.9999987877466886, "hinge_active": 0.0, "stop_prob": 0.9999108389019966, "sampled_number_rate": 1.0, "kl": 0.0, "kl_coef": 0.05, "value_loss": 0.0}
A decoder-only architecture is being used, but right-padding was detected! For correct generation results, please set `padding_side='left'` when initializing the tokenizer.
{"step": 208, "epoch": 1, "rows": 8, "skipped": 0, "answer_accuracy": 0.5, "updates": 8, "seconds": 14.491652011871338, "time": 1790901504.5546784, "loss": -0.9156133103959255, "confidence": 0.4940179618141131, "mass": 0.9999962264518202, "hinge_active": 0.0, "stop_prob": 0.9956847801804543, "sampled_number_rate": 1.0, "kl": 0.0, "kl_coef": 0.05, "value_loss": 0.0}
A decoder-only architecture is being used, but right-padding was detected! For correct generation results, please set `padding_side='left'` when initializing the tokenizer.
{"step": 209, "epoch": 1, "rows": 8, "skipped": 0, "answer_accuracy": 0.5, "updates": 8, "seconds": 9.024186611175537, "time": 1790901513.5796509, "loss": -0.8331563399903548, "confidence": 0.5507027887663434, "mass": 0.9999981742235543, "hinge_active": 0.0, "stop_prob": 0.9999138936400414, "sampled_number_rate": 1.0, "kl": 0.0, "kl_coef": 0.05, "value_loss": 0.0}
A decoder-only architecture is being used, but right-padding was detected! For correct generation results, please set `padding_side='left'` when initializing the tokenizer.
{"step": 210, "epoch": 1, "rows": 8, "skipped": 0, "answer_accuracy": 0.625, "updates": 8, "seconds": 9.615366697311401, "time": 1790901523.1957824, "loss": -0.8803556132312321, "confidence": 0.6067984876508503, "mass": 0.9999934163703867, "hinge_active": 0.0, "stop_prob": 0.9994999319314957, "sampled_number_rate": 1.0, "kl": 0.0, "kl_coef": 0.05, "value_loss": 0.0}
A decoder-only architecture is being used, but right-padding was detected! For correct generation results, please set `padding_side='left'` when initializing the tokenizer.
{"step": 211, "epoch": 1, "rows": 8, "skipped": 0, "answer_accuracy": 0.5, "updates": 8, "seconds": 9.702456951141357, "time": 1790901532.8992956, "loss": -0.7467043553045204, "confidence": 0.37340123848674506, "mass": 0.9999966492029619, "hinge_active": 0.0, "stop_prob": 0.9995632246136665, "sampled_number_rate": 1.0, "kl": 0.0, "kl_coef": 0.05, "value_loss": 0.0}
A decoder-only architecture is being used, but right-padding was detected! For correct generation results, please set `padding_side='left'` when initializing the tokenizer.
{"step": 212, "epoch": 1, "rows": 8, "skipped": 0, "answer_accuracy": 0.5, "updates": 8, "seconds": 9.368376016616821, "time": 1790901542.2686722, "loss": -0.8388011587250449, "confidence": 0.5693440353305066, "mass": 0.9999966103411252, "hinge_active": 0.0, "stop_prob": 0.9990165159106255, "sampled_number_rate": 1.0, "kl": 0.0, "kl_coef": 0.05, "value_loss": 0.0}
A decoder-only architecture is being used, but right-padding was detected! For correct generation results, please set `padding_side='left'` when initializing the tokenizer.
{"step": 213, "epoch": 1, "rows": 8, "skipped": 0, "answer_accuracy": 0.625, "updates": 8, "seconds": 9.128303050994873, "time": 1790901551.3980668, "loss": -0.8787714419976747, "confidence": 0.4666964097190624, "mass": 0.9999974053955373, "hinge_active": 0.0, "stop_prob": 0.9993297457695007, "sampled_number_rate": 1.0, "kl": 0.0, "kl_coef": 0.05, "value_loss": 0.0}
A decoder-only architecture is being used, but right-padding was detected! For correct generation results, please set `padding_side='left'` when initializing the tokenizer.
{"step": 214, "epoch": 1, "rows": 8, "skipped": 0, "answer_accuracy": 0.375, "updates": 8, "seconds": 9.179839611053467, "time": 1790901560.5788553, "loss": -0.8914323824648999, "confidence": 0.4831001751556699, "mass": 0.9999874999757399, "hinge_active": 0.0, "stop_prob": 0.9989965632557869, "sampled_number_rate": 1.0, "kl": 0.0, "kl_coef": 0.05, "value_loss": 0.0}
A decoder-only architecture is being used, but right-padding was detected! For correct generation results, please set `padding_side='left'` when initializing the tokenizer.
{"step": 215, "epoch": 1, "rows": 8, "skipped": 0, "answer_accuracy": 0.75, "updates": 8, "seconds": 9.176137685775757, "time": 1790901569.7559214, "loss": -0.7062636298758822, "confidence": 0.5088492309956405, "mass": 0.9999981047160329, "hinge_active": 0.0, "stop_prob": 0.9999242052435875, "sampled_number_rate": 1.0, "kl": 0.0, "kl_coef": 0.05, "value_loss": 0.0}
A decoder-only architecture is being used, but right-padding was detected! For correct generation results, please set `padding_side='left'` when initializing the tokenizer.
{"step": 216, "epoch": 1, "rows": 8, "skipped": 0, "answer_accuracy": 0.625, "updates": 8, "seconds": 9.135111331939697, "time": 1790901578.8916552, "loss": -0.9027116661791216, "confidence": 0.6046611942987158, "mass": 0.9999959620077247, "hinge_active": 0.0, "stop_prob": 0.9944959431886673, "sampled_number_rate": 1.0, "kl": 0.0, "kl_coef": 0.05, "value_loss": 0.0}
A decoder-only architecture is being used, but right-padding was detected! For correct generation results, please set `padding_side='left'` when initializing the tokenizer.
{"step": 217, "epoch": 1, "rows": 8, "skipped": 0, "answer_accuracy": 0.5, "updates": 8, "seconds": 8.975751161575317, "time": 1790901587.8681188, "loss": -0.8139337236036726, "confidence": 0.7250181219031031, "mass": 0.9999985692274872, "hinge_active": 0.0, "stop_prob": 0.9999141991138458, "sampled_number_rate": 1.0, "kl": 0.0, "kl_coef": 0.05, "value_loss": 0.0}
A decoder-only architecture is being used, but right-padding was detected! For correct generation results, please set `padding_side='left'` when initializing the tokenizer.
{"step": 218, "epoch": 1, "rows": 8, "skipped": 0, "answer_accuracy": 0.375, "updates": 8, "seconds": 9.164629459381104, "time": 1790901597.0336225, "loss": -0.7761707567896626, "confidence": 0.6164250717954592, "mass": 0.9999982829359744, "hinge_active": 0.0, "stop_prob": 0.9998814314603806, "sampled_number_rate": 1.0, "kl": 0.0, "kl_coef": 0.05, "value_loss": 0.0}
A decoder-only architecture is being used, but right-padding was detected! For correct generation results, please set `padding_side='left'` when initializing the tokenizer.
{"step": 219, "epoch": 1, "rows": 8, "skipped": 0, "answer_accuracy": 0.625, "updates": 8, "seconds": 8.992965698242188, "time": 1790901606.0276616, "loss": -0.8149347162082214, "confidence": 0.7159738774016495, "mass": 0.9999988718279822, "hinge_active": 0.0, "stop_prob": 0.9999247565865517, "sampled_number_rate": 1.0, "kl": 0.0, "kl_coef": 0.05, "value_loss": 0.0}
A decoder-only architecture is being used, but right-padding was detected! For correct generation results, please set `padding_side='left'` when initializing the tokenizer.
{"step": 220, "epoch": 1, "rows": 8, "skipped": 0, "answer_accuracy": 0.375, "updates": 8, "seconds": 9.134254217147827, "time": 1790901615.1626909, "loss": -0.8158223127004215, "confidence": 0.4288019955264227, "mass": 0.9999959114913961, "hinge_active": 0.0, "stop_prob": 0.9991724863648415, "sampled_number_rate": 1.0, "kl": 0.0, "kl_coef": 0.05, "value_loss": 0.0}
A decoder-only architecture is being used, but right-padding was detected! For correct generation results, please set `padding_side='left'` when initializing the tokenizer.
{"step": 221, "epoch": 1, "rows": 8, "skipped": 0, "answer_accuracy": 0.5, "updates": 8, "seconds": 9.295323610305786, "time": 1790901624.4587972, "loss": -0.885351183706273, "confidence": 0.49287248112085386, "mass": 0.9999988700564874, "hinge_active": 0.0, "stop_prob": 0.9999172687530518, "sampled_number_rate": 1.0, "kl": 0.0, "kl_coef": 0.05, "value_loss": 0.0}
A decoder-only architecture is being used, but right-padding was detected! For correct generation results, please set `padding_side='left'` when initializing the tokenizer.
{"step": 222, "epoch": 1, "rows": 8, "skipped": 0, "answer_accuracy": 0.375, "updates": 8, "seconds": 9.013845205307007, "time": 1790901633.4733136, "loss": -0.808003021450997, "confidence": 0.4097437124686466, "mass": 0.9999988138214, "hinge_active": 0.0, "stop_prob": 0.9999292269349098, "sampled_number_rate": 1.0, "kl": 0.0, "kl_coef": 0.05, "value_loss": 0.0}
A decoder-only architecture is being used, but right-padding was detected! For correct generation results, please set `padding_side='left'` when initializing the tokenizer.
{"step": 223, "epoch": 1, "rows": 8, "skipped": 0, "answer_accuracy": 0.5, "updates": 8, "seconds": 9.322864770889282, "time": 1790901642.7970445, "loss": -0.8227291059266778, "confidence": 0.4898595180088945, "mass": 0.9999985248001626, "hinge_active": 0.0, "stop_prob": 0.9999257996678352, "sampled_number_rate": 1.0, "kl": 0.0, "kl_coef": 0.05, "value_loss": 0.0}
A decoder-only architecture is being used, but right-padding was detected! For correct generation results, please set `padding_side='left'` when initializing the tokenizer.
{"step": 224, "epoch": 1, "rows": 8, "skipped": 0, "answer_accuracy": 0.5, "updates": 8, "seconds": 10.464997053146362, "time": 1790901653.2631292, "loss": -0.8469487057053748, "confidence": 0.42152462951164066, "mass": 0.9999975842599392, "hinge_active": 0.0, "stop_prob": 0.99989303201437, "sampled_number_rate": 1.0, "kl": 0.0, "kl_coef": 0.05, "value_loss": 0.0}
A decoder-only architecture is being used, but right-padding was detected! For correct generation results, please set `padding_side='left'` when initializing the tokenizer.
{"step": 225, "epoch": 1, "rows": 8, "skipped": 0, "answer_accuracy": 0.75, "updates": 8, "seconds": 9.107545137405396, "time": 1790901662.371723, "loss": -0.6870403955784772, "confidence": 0.383433774493087, "mass": 0.9999987193568536, "hinge_active": 0.0, "stop_prob": 0.9999355524778366, "sampled_number_rate": 1.0, "kl": 0.0, "kl_coef": 0.05, "value_loss": 0.0}
A decoder-only architecture is being used, but right-padding was detected! For correct generation results, please set `padding_side='left'` when initializing the tokenizer.
{"step": 226, "epoch": 1, "rows": 8, "skipped": 0, "answer_accuracy": 0.625, "updates": 8, "seconds": 9.448621273040771, "time": 1790901671.8212705, "loss": -0.8578937472434659, "confidence": 0.4503305497422899, "mass": 0.9999974634376517, "hinge_active": 0.0, "stop_prob": 0.998620331287384, "sampled_number_rate": 1.0, "kl": 0.0, "kl_coef": 0.05, "value_loss": 0.0}
A decoder-only architecture is being used, but right-padding was detected! For correct generation results, please set `padding_side='left'` when initializing the tokenizer.
{"step": 227, "epoch": 1, "rows": 8, "skipped": 0, "answer_accuracy": 0.625, "updates": 8, "seconds": 9.20720362663269, "time": 1790901681.0296338, "loss": -0.8840135056275892, "confidence": 0.6056111628219806, "mass": 0.9999991782217578, "hinge_active": 0.0, "stop_prob": 0.9999142959713936, "sampled_number_rate": 1.0, "kl": 0.0, "kl_coef": 0.05, "value_loss": 0.0}
A decoder-only architecture is being used, but right-padding was detected! For correct generation results, please set `padding_side='left'` when initializing the tokenizer.
{"step": 228, "epoch": 1, "rows": 8, "skipped": 0, "answer_accuracy": 0.75, "updates": 8, "seconds": 9.114879608154297, "time": 1790901690.145269, "loss": -0.8731861831843328, "confidence": 0.6418604478213693, "mass": 0.9999990177292213, "hinge_active": 0.0, "stop_prob": 0.9999252110719681, "sampled_number_rate": 1.0, "kl": 0.0, "kl_coef": 0.05, "value_loss": 0.0}
A decoder-only architecture is being used, but right-padding was detected! For correct generation results, please set `padding_side='left'` when initializing the tokenizer.
{"step": 229, "epoch": 1, "rows": 8, "skipped": 0, "answer_accuracy": 0.375, "updates": 8, "seconds": 8.994311094284058, "time": 1790901699.1404734, "loss": -0.8326862012584529, "confidence": 0.5277794109773518, "mass": 0.9999944156173222, "hinge_active": 0.0, "stop_prob": 0.9997869431972504, "sampled_number_rate": 1.0, "kl": 0.0, "kl_coef": 0.05, "value_loss": 0.0}
A decoder-only architecture is being used, but right-padding was detected! For correct generation results, please set `padding_side='left'` when initializing the tokenizer.
{"step": 230, "epoch": 1, "rows": 8, "skipped": 0, "answer_accuracy": 0.5, "updates": 8, "seconds": 9.029546976089478, "time": 1790901708.1708581, "loss": -0.7758651719324549, "confidence": 0.6233795291651865, "mass": 0.9999988687405174, "hinge_active": 0.0, "stop_prob": 0.999895840883255, "sampled_number_rate": 1.0, "kl": 0.0, "kl_coef": 0.05, "value_loss": 0.0}
A decoder-only architecture is being used, but right-padding was detected! For correct generation results, please set `padding_side='left'` when initializing the tokenizer.
{"step": 231, "epoch": 1, "rows": 8, "skipped": 0, "answer_accuracy": 0.5, "updates": 8, "seconds": 9.014898777008057, "time": 1790901717.1865265, "loss": -0.8494672283781435, "confidence": 0.5668612008700031, "mass": 0.9999992792869136, "hinge_active": 0.0, "stop_prob": 0.9998921677470207, "sampled_number_rate": 1.0, "kl": 0.0, "kl_coef": 0.05, "value_loss": 0.0}
A decoder-only architecture is being used, but right-padding was detected! For correct generation results, please set `padding_side='left'` when initializing the tokenizer.
{"step": 232, "epoch": 1, "rows": 8, "skipped": 0, "answer_accuracy": 0.5, "updates": 8, "seconds": 9.044151782989502, "time": 1790901726.2315066, "loss": -0.8763952890189914, "confidence": 0.5322419950215111, "mass": 0.9999990916121541, "hinge_active": 0.0, "stop_prob": 0.9999141320586205, "sampled_number_rate": 1.0, "kl": 0.0, "kl_coef": 0.05, "value_loss": 0.0}
A decoder-only architecture is being used, but right-padding was detected! For correct generation results, please set `padding_side='left'` when initializing the tokenizer.
{"step": 233, "epoch": 1, "rows": 8, "skipped": 0, "answer_accuracy": 0.375, "updates": 8, "seconds": 9.36921501159668, "time": 1790901735.601461, "loss": -0.8540237283457256, "confidence": 0.525110955080994, "mass": 0.9999931019449988, "hinge_active": 0.0, "stop_prob": 0.9993708729743958, "sampled_number_rate": 1.0, "kl": 0.0, "kl_coef": 0.05, "value_loss": 0.0}
A decoder-only architecture is being used, but right-padding was detected! For correct generation results, please set `padding_side='left'` when initializing the tokenizer.
{"step": 234, "epoch": 1, "rows": 8, "skipped": 0, "answer_accuracy": 0.25, "updates": 8, "seconds": 8.947000980377197, "time": 1790901744.5493274, "loss": -0.8496853713637736, "confidence": 0.36880889748610435, "mass": 0.9999982052695616, "hinge_active": 0.0, "stop_prob": 0.998640239238739, "sampled_number_rate": 1.0, "kl": 0.0, "kl_coef": 0.05, "value_loss": 0.0}
A decoder-only architecture is being used, but right-padding was detected! For correct generation results, please set `padding_side='left'` when initializing the tokenizer.
{"step": 235, "epoch": 1, "rows": 7, "skipped": 1, "answer_accuracy": 0.42857142857142855, "updates": 8, "seconds": 8.774696111679077, "time": 1790901753.3253582, "loss": -0.8263600942503928, "confidence": 0.4625791358351212, "mass": 0.9999973600326977, "hinge_active": 0.0, "stop_prob": 0.9999075446810041, "sampled_number_rate": 0.9999999999999998, "kl": 0.0, "kl_coef": 0.05, "value_loss": 0.0}
A decoder-only architecture is being used, but right-padding was detected! For correct generation results, please set `padding_side='left'` when initializing the tokenizer.
{"step": 236, "epoch": 1, "rows": 8, "skipped": 0, "answer_accuracy": 0.25, "updates": 8, "seconds": 9.15934157371521, "time": 1790901762.4855483, "loss": -0.8754783892914391, "confidence": 0.3626800621528025, "mass": 0.9999962629704595, "hinge_active": 0.0, "stop_prob": 0.999916285276413, "sampled_number_rate": 1.0, "kl": 0.0, "kl_coef": 0.05, "value_loss": 0.0}
A decoder-only architecture is being used, but right-padding was detected! For correct generation results, please set `padding_side='left'` when initializing the tokenizer.
{"step": 237, "epoch": 1, "rows": 7, "skipped": 1, "answer_accuracy": 0.7142857142857143, "updates": 8, "seconds": 8.994883060455322, "time": 1790901771.4812453, "loss": -0.8472775559349421, "confidence": 0.46325622244214626, "mass": 0.9999976825011905, "hinge_active": 0.0, "stop_prob": 0.9998370749609811, "sampled_number_rate": 0.9999999999999998, "kl": 0.0, "kl_coef": 0.05, "value_loss": 0.0}
A decoder-only architecture is being used, but right-padding was detected! For correct generation results, please set `padding_side='left'` when initializing the tokenizer.
{"step": 238, "epoch": 1, "rows": 7, "skipped": 1, "answer_accuracy": 0.2857142857142857, "updates": 8, "seconds": 8.893676042556763, "time": 1790901780.375662, "loss": -0.8314685145659211, "confidence": 0.4393629092092518, "mass": 0.9999987834609807, "hinge_active": 0.0, "stop_prob": 0.9999328596251351, "sampled_number_rate": 0.9999999999999998, "kl": 0.0, "kl_coef": 0.05, "value_loss": 0.0}
A decoder-only architecture is being used, but right-padding was detected! For correct generation results, please set `padding_side='left'` when initializing the tokenizer.
{"step": 239, "epoch": 1, "rows": 8, "skipped": 0, "answer_accuracy": 0.25, "updates": 8, "seconds": 9.106323719024658, "time": 1790901789.4831326, "loss": -0.9206118246692057, "confidence": 0.27836718857659276, "mass": 0.9999965873328489, "hinge_active": 0.0, "stop_prob": 0.9994594752788544, "sampled_number_rate": 1.0, "kl": 0.0, "kl_coef": 0.05, "value_loss": 0.0}
A decoder-only architecture is being used, but right-padding was detected! For correct generation results, please set `padding_side='left'` when initializing the tokenizer.
{"step": 240, "epoch": 1, "rows": 8, "skipped": 0, "answer_accuracy": 0.5, "updates": 8, "seconds": 9.023203611373901, "time": 1790901798.507196, "loss": -0.8212823026386108, "confidence": 0.3534863676797837, "mass": 0.9999968533580827, "hinge_active": 0.0, "stop_prob": 0.9988967403769493, "sampled_number_rate": 1.0, "kl": 0.0, "kl_coef": 0.05, "value_loss": 0.0}
A decoder-only architecture is being used, but right-padding was detected! For correct generation results, please set `padding_side='left'` when initializing the tokenizer.
{"step": 241, "epoch": 1, "rows": 8, "skipped": 0, "answer_accuracy": 0.875, "updates": 8, "seconds": 9.023077964782715, "time": 1790901807.5311306, "loss": -0.8145067920207385, "confidence": 0.47861714567407926, "mass": 0.999995678960276, "hinge_active": 0.0, "stop_prob": 0.9995149374008179, "sampled_number_rate": 1.0, "kl": 0.0, "kl_coef": 0.05, "value_loss": 0.0}
A decoder-only architecture is being used, but right-padding was detected! For correct generation results, please set `padding_side='left'` when initializing the tokenizer.
{"step": 242, "epoch": 1, "rows": 8, "skipped": 0, "answer_accuracy": 0.875, "updates": 8, "seconds": 8.979483366012573, "time": 1790901816.511533, "loss": -0.8159916514747984, "confidence": 0.6612598410976359, "mass": 0.9999988699699559, "hinge_active": 0.0, "stop_prob": 0.9999067857861519, "sampled_number_rate": 1.0, "kl": 0.0, "kl_coef": 0.05, "value_loss": 0.0}
A decoder-only architecture is being used, but right-padding was detected! For correct generation results, please set `padding_side='left'` when initializing the tokenizer.
{"step": 243, "epoch": 1, "rows": 8, "skipped": 0, "answer_accuracy": 0.375, "updates": 8, "seconds": 8.941725969314575, "time": 1790901825.4540155, "loss": -0.8489068479464656, "confidence": 0.42202000054716654, "mass": 0.9999966312270464, "hinge_active": 0.0, "stop_prob": 0.9987619295716286, "sampled_number_rate": 1.0, "kl": 0.0, "kl_coef": 0.05, "value_loss": 0.0}
A decoder-only architecture is being used, but right-padding was detected! For correct generation results, please set `padding_side='left'` when initializing the tokenizer.
{"step": 244, "epoch": 1, "rows": 8, "skipped": 0, "answer_accuracy": 0.625, "updates": 8, "seconds": 9.152987718582153, "time": 1790901834.6078515, "loss": -0.8915980345235166, "confidence": 0.5250215457880455, "mass": 0.9999957895844899, "hinge_active": 0.0, "stop_prob": 0.9999181777238846, "sampled_number_rate": 1.0, "kl": 0.0, "kl_coef": 0.05, "value_loss": 0.0}
A decoder-only architecture is being used, but right-padding was detected! For correct generation results, please set `padding_side='left'` when initializing the tokenizer.
{"step": 245, "epoch": 1, "rows": 8, "skipped": 0, "answer_accuracy": 0.25, "updates": 8, "seconds": 9.31003999710083, "time": 1790901843.9187722, "loss": -0.8149024086159653, "confidence": 0.4479501675710089, "mass": 0.9999973586309477, "hinge_active": 0.0, "stop_prob": 0.999558225274086, "sampled_number_rate": 1.0, "kl": 0.0, "kl_coef": 0.05, "value_loss": 0.0}
A decoder-only architecture is being used, but right-padding was detected! For correct generation results, please set `padding_side='left'` when initializing the tokenizer.
{"step": 246, "epoch": 1, "rows": 8, "skipped": 0, "answer_accuracy": 0.75, "updates": 8, "seconds": 9.01651668548584, "time": 1790901852.9361966, "loss": -0.8237367761761498, "confidence": 0.5601102037721322, "mass": 0.9999972063611609, "hinge_active": 0.0, "stop_prob": 0.999593935906887, "sampled_number_rate": 1.0, "kl": 0.0, "kl_coef": 0.05, "value_loss": 0.0}
A decoder-only architecture is being used, but right-padding was detected! For correct generation results, please set `padding_side='left'` when initializing the tokenizer.
{"step": 247, "epoch": 1, "rows": 8, "skipped": 0, "answer_accuracy": 0.625, "updates": 8, "seconds": 9.671346664428711, "time": 1790901862.6085138, "loss": -0.819526616163917, "confidence": 0.6830017101786074, "mass": 0.999999009383519, "hinge_active": 0.0, "stop_prob": 0.9999063014984131, "sampled_number_rate": 1.0, "kl": 0.0, "kl_coef": 0.05, "value_loss": 0.0}
A decoder-only architecture is being used, but right-padding was detected! For correct generation results, please set `padding_side='left'` when initializing the tokenizer.
{"step": 248, "epoch": 1, "rows": 8, "skipped": 0, "answer_accuracy": 0.5, "updates": 8, "seconds": 9.30258560180664, "time": 1790901871.911962, "loss": -0.8683641886707542, "confidence": 0.5356982919530561, "mass": 0.9999968405636219, "hinge_active": 0.0, "stop_prob": 0.9997802525758743, "sampled_number_rate": 1.0, "kl": 0.0, "kl_coef": 0.05, "value_loss": 0.0}
A decoder-only architecture is being used, but right-padding was detected! For correct generation results, please set `padding_side='left'` when initializing the tokenizer.
{"step": 249, "epoch": 1, "rows": 8, "skipped": 0, "answer_accuracy": 0.625, "updates": 8, "seconds": 9.057636260986328, "time": 1790901880.9705153, "loss": -0.8913549135142327, "confidence": 0.5891317572845463, "mass": 0.9999980881848952, "hinge_active": 0.0, "stop_prob": 0.999898836016655, "sampled_number_rate": 1.0, "kl": 0.0, "kl_coef": 0.05, "value_loss": 0.0}
A decoder-only architecture is being used, but right-padding was detected! For correct generation results, please set `padding_side='left'` when initializing the tokenizer.
{"step": 250, "epoch": 1, "rows": 8, "skipped": 0, "answer_accuracy": 0.75, "updates": 8, "seconds": 8.899956703186035, "time": 1790901889.871343, "loss": -0.8764476392936483, "confidence": 0.6848062050536439, "mass": 0.9999991424832662, "hinge_active": 0.0, "stop_prob": 0.9999028891324997, "sampled_number_rate": 1.0, "kl": 0.0, "kl_coef": 0.05, "value_loss": 0.0}
A decoder-only architecture is being used, but right-padding was detected! For correct generation results, please set `padding_side='left'` when initializing the tokenizer.
{"step": 251, "epoch": 1, "rows": 8, "skipped": 0, "answer_accuracy": 0.625, "updates": 8, "seconds": 9.08128571510315, "time": 1790901898.9532785, "loss": -0.896909584005742, "confidence": 0.5335514407379394, "mass": 0.9999989757707833, "hinge_active": 0.0, "stop_prob": 0.9999223724007607, "sampled_number_rate": 1.0, "kl": 0.0, "kl_coef": 0.05, "value_loss": 0.0}
A decoder-only architecture is being used, but right-padding was detected! For correct generation results, please set `padding_side='left'` when initializing the tokenizer.
{"step": 252, "epoch": 1, "rows": 8, "skipped": 0, "answer_accuracy": 0.625, "updates": 8, "seconds": 9.071109294891357, "time": 1790901908.0252542, "loss": -0.9089247773219506, "confidence": 0.5405273335580743, "mass": 0.9999987516489244, "hinge_active": 0.0, "stop_prob": 0.999897375702858, "sampled_number_rate": 1.0, "kl": 0.0, "kl_coef": 0.05, "value_loss": 0.0}
A decoder-only architecture is being used, but right-padding was detected! For correct generation results, please set `padding_side='left'` when initializing the tokenizer.
{"step": 253, "epoch": 1, "rows": 8, "skipped": 0, "answer_accuracy": 0.375, "updates": 8, "seconds": 9.357006788253784, "time": 1790901917.383158, "loss": -0.8077446695153409, "confidence": 0.6126935560744444, "mass": 0.9999979109974433, "hinge_active": 0.0, "stop_prob": 0.9998680502176285, "sampled_number_rate": 1.0, "kl": 0.0, "kl_coef": 0.05, "value_loss": 0.0}
A decoder-only architecture is being used, but right-padding was detected! For correct generation results, please set `padding_side='left'` when initializing the tokenizer.
{"step": 254, "epoch": 1, "rows": 8, "skipped": 0, "answer_accuracy": 0.875, "updates": 8, "seconds": 8.904680252075195, "time": 1790901926.2886996, "loss": -0.8072837551783733, "confidence": 0.595093175317571, "mass": 0.9999988584971877, "hinge_active": 0.0, "stop_prob": 0.9999163448810577, "sampled_number_rate": 1.0, "kl": 0.0, "kl_coef": 0.05, "value_loss": 0.0}
A decoder-only architecture is being used, but right-padding was detected! For correct generation results, please set `padding_side='left'` when initializing the tokenizer.
{"step": 255, "epoch": 1, "rows": 7, "skipped": 1, "answer_accuracy": 0.7142857142857143, "updates": 8, "seconds": 8.773189783096313, "time": 1790901935.0627875, "loss": -0.8611342913644593, "confidence": 0.6500696754761031, "mass": 0.9999988208378155, "hinge_active": 0.0, "stop_prob": 0.9999222159385681, "sampled_number_rate": 0.9999999999999998, "kl": 0.0, "kl_coef": 0.05, "value_loss": 0.0}
A decoder-only architecture is being used, but right-padding was detected! For correct generation results, please set `padding_side='left'` when initializing the tokenizer.
{"step": 256, "epoch": 1, "rows": 8, "skipped": 0, "answer_accuracy": 0.25, "updates": 8, "seconds": 9.149519443511963, "time": 1790901944.213217, "loss": -0.7611215047885207, "confidence": 0.46141625123917596, "mass": 0.9999988628139761, "hinge_active": 0.0, "stop_prob": 0.9999051466584206, "sampled_number_rate": 1.0, "kl": 0.0, "kl_coef": 0.05, "value_loss": 0.0, "save_seconds": 0.5689117908477783}
