🦥 Unsloth: Will patch your computer to enable 2x faster free finetuning.
🦥 Unsloth Zoo will now patch everything to make training faster!
==((====))==  Unsloth 2025.1.5: Fast Llama patching. Transformers: 4.48.0.
   \\   /|    GPU: NVIDIA L40S. Max memory: 44.392 GB. Platform: Linux.
O^O/ \_/ \    Torch: 2.5.1+cu124. CUDA: 8.9. CUDA Toolkit: 12.4. Triton: 3.1.0
\        /    Bfloat16 = TRUE. FA [Xformers = 0.0.29.post1. FA2 = False]
 "-____-"     Free Apache license: http://github.com/unslothai/unsloth
Unsloth: Fast downloading is enabled - ignore downloading bars which are red colored!
Unsloth 2025.1.5 patched 32 layers with 32 QKV layers, 32 O layers and 32 MLP layers.
{"step": 1, "epoch": 0, "rows": 8, "skipped": 0, "answer_accuracy": 0.875, "updates": 4, "seconds": 6.187494277954102, "time": 1790924016.228713, "loss": -0.9282435683396729, "confidence": 0.9636257364196432, "mass": 0.9999967724219165, "hinge_active": 0.0, "stop_prob": 0.9998467117547989, "sampled_number_rate": 1.0, "kl": 0.0, "kl_coef": 0.05, "value_loss": 0.0}
A decoder-only architecture is being used, but right-padding was detected! For correct generation results, please set `padding_side='left'` when initializing the tokenizer.
{"step": 2, "epoch": 0, "rows": 8, "skipped": 0, "answer_accuracy": 0.5, "updates": 4, "seconds": 2.4796841144561768, "time": 1790924018.709188, "loss": -0.5221478456543402, "confidence": 0.926133409553198, "mass": 0.9999922237621278, "hinge_active": 0.0, "stop_prob": 0.9995313361287117, "sampled_number_rate": 1.0, "kl": 0.0, "kl_coef": 0.05, "value_loss": 0.0}
A decoder-only architecture is being used, but right-padding was detected! For correct generation results, please set `padding_side='left'` when initializing the tokenizer.
{"step": 3, "epoch": 0, "rows": 8, "skipped": 0, "answer_accuracy": 0.625, "updates": 4, "seconds": 2.2752864360809326, "time": 1790924020.9855685, "loss": -0.7576227227874094, "confidence": 0.8886720723531938, "mass": 0.9999980419955239, "hinge_active": 0.0, "stop_prob": 0.9997564852237701, "sampled_number_rate": 1.0, "kl": 0.0, "kl_coef": 0.05, "value_loss": 0.0}
A decoder-only architecture is being used, but right-padding was detected! For correct generation results, please set `padding_side='left'` when initializing the tokenizer.
{"step": 4, "epoch": 0, "rows": 7, "skipped": 1, "answer_accuracy": 0.14285714285714285, "updates": 4, "seconds": 3.446369171142578, "time": 1790924024.4326646, "loss": -0.5548964594279076, "confidence": 0.7517764662581365, "mass": 0.9999984532368453, "hinge_active": 0.0, "stop_prob": 0.9455111282212394, "sampled_number_rate": 0.9999999999999998, "kl": 0.0, "kl_coef": 0.05, "value_loss": 0.0}
A decoder-only architecture is being used, but right-padding was detected! For correct generation results, please set `padding_side='left'` when initializing the tokenizer.
{"step": 5, "epoch": 0, "rows": 7, "skipped": 1, "answer_accuracy": 0.2857142857142857, "updates": 4, "seconds": 3.653594493865967, "time": 1790924028.087253, "loss": -0.8067145244331172, "confidence": 0.5385155270695814, "mass": 0.9999991218748651, "hinge_active": 0.0, "stop_prob": 0.9997584649494716, "sampled_number_rate": 0.9999999999999998, "kl": 0.0, "kl_coef": 0.05, "value_loss": 0.0}
A decoder-only architecture is being used, but right-padding was detected! For correct generation results, please set `padding_side='left'` when initializing the tokenizer.
{"step": 6, "epoch": 0, "rows": 8, "skipped": 0, "answer_accuracy": 0.75, "updates": 4, "seconds": 8.027226448059082, "time": 1790924036.11522, "loss": 1.3527478743981103, "confidence": 0.4939198867941865, "mass": 0.8749992809790248, "hinge_active": 0.125, "stop_prob": 0.9999012351036072, "sampled_number_rate": 0.875, "kl": 0.0, "kl_coef": 0.05, "value_loss": 0.0}
A decoder-only architecture is being used, but right-padding was detected! For correct generation results, please set `padding_side='left'` when initializing the tokenizer.
{"step": 7, "epoch": 0, "rows": 8, "skipped": 0, "answer_accuracy": 0.375, "updates": 4, "seconds": 2.5361599922180176, "time": 1790924038.6543312, "loss": -0.8210241080591855, "confidence": 0.42111977744145046, "mass": 0.999997704635447, "hinge_active": 0.0, "stop_prob": 0.9989197850227356, "sampled_number_rate": 1.0, "kl": 0.0, "kl_coef": 0.05, "value_loss": 0.0}
A decoder-only architecture is being used, but right-padding was detected! For correct generation results, please set `padding_side='left'` when initializing the tokenizer.
{"step": 8, "epoch": 0, "rows": 8, "skipped": 0, "answer_accuracy": 0.625, "updates": 4, "seconds": 8.093405485153198, "time": 1790924046.748611, "loss": 0.2689455561746966, "confidence": 0.46085938013071426, "mass": 0.8750238331216791, "hinge_active": 0.125, "stop_prob": 0.9997672694069999, "sampled_number_rate": 0.875, "kl": 0.0, "kl_coef": 0.05, "value_loss": 0.0}
A decoder-only architecture is being used, but right-padding was detected! For correct generation results, please set `padding_side='left'` when initializing the tokenizer.
{"step": 9, "epoch": 0, "rows": 8, "skipped": 0, "answer_accuracy": 0.5, "updates": 4, "seconds": 2.3293466567993164, "time": 1790924049.0787528, "loss": -0.8074213373934627, "confidence": 0.468120348546628, "mass": 0.9999984651614705, "hinge_active": 0.0, "stop_prob": 0.9995016604661942, "sampled_number_rate": 1.0, "kl": 0.0, "kl_coef": 0.05, "value_loss": 0.0}
A decoder-only architecture is being used, but right-padding was detected! For correct generation results, please set `padding_side='left'` when initializing the tokenizer.
{"step": 10, "epoch": 0, "rows": 8, "skipped": 0, "answer_accuracy": 0.625, "updates": 4, "seconds": 2.5877575874328613, "time": 1790924051.6690207, "loss": -0.7963092945452359, "confidence": 0.46122777385257474, "mass": 0.9999973971712333, "hinge_active": 0.0, "stop_prob": 0.9991292804479599, "sampled_number_rate": 1.0, "kl": 0.0, "kl_coef": 0.05, "value_loss": 0.0}
A decoder-only architecture is being used, but right-padding was detected! For correct generation results, please set `padding_side='left'` when initializing the tokenizer.
{"step": 11, "epoch": 0, "rows": 8, "skipped": 0, "answer_accuracy": 0.25, "updates": 4, "seconds": 2.395916700363159, "time": 1790924054.0684872, "loss": -0.8193991104900589, "confidence": 0.44064614443666034, "mass": 0.9999966318226097, "hinge_active": 0.0, "stop_prob": 0.9989346787333488, "sampled_number_rate": 1.0, "kl": 0.0, "kl_coef": 0.05, "value_loss": 0.0}
A decoder-only architecture is being used, but right-padding was detected! For correct generation results, please set `padding_side='left'` when initializing the tokenizer.
{"step": 12, "epoch": 0, "rows": 8, "skipped": 0, "answer_accuracy": 0.75, "updates": 4, "seconds": 2.5753748416900635, "time": 1790924056.6479928, "loss": -0.8409060703222171, "confidence": 0.4903438209140514, "mass": 0.9999940095723154, "hinge_active": 0.0, "stop_prob": 0.9987448900938034, "sampled_number_rate": 1.0, "kl": 0.0, "kl_coef": 0.05, "value_loss": 0.0}
A decoder-only architecture is being used, but right-padding was detected! For correct generation results, please set `padding_side='left'` when initializing the tokenizer.
{"step": 13, "epoch": 0, "rows": 8, "skipped": 0, "answer_accuracy": 0.625, "updates": 4, "seconds": 2.761075973510742, "time": 1790924059.4106581, "loss": -0.8282907322581406, "confidence": 0.49261431307167514, "mass": 0.9999941032602971, "hinge_active": 0.0, "stop_prob": 0.9983817338943481, "sampled_number_rate": 1.0, "kl": 0.0, "kl_coef": 0.05, "value_loss": 0.0}
A decoder-only architecture is being used, but right-padding was detected! For correct generation results, please set `padding_side='left'` when initializing the tokenizer.
{"step": 14, "epoch": 0, "rows": 8, "skipped": 0, "answer_accuracy": 0.5, "updates": 4, "seconds": 2.5329205989837646, "time": 1790924061.9442053, "loss": -0.785979283057447, "confidence": 0.544222118470407, "mass": 0.9999939855938432, "hinge_active": 0.0, "stop_prob": 0.9981120601296425, "sampled_number_rate": 1.0, "kl": 0.0, "kl_coef": 0.05, "value_loss": 0.0}
A decoder-only architecture is being used, but right-padding was detected! For correct generation results, please set `padding_side='left'` when initializing the tokenizer.
{"step": 15, "epoch": 0, "rows": 8, "skipped": 0, "answer_accuracy": 0.75, "updates": 4, "seconds": 2.264084577560425, "time": 1790924064.2091618, "loss": -0.8333776900831078, "confidence": 0.5738915422935285, "mass": 0.9999942645105704, "hinge_active": 0.0, "stop_prob": 0.9981980323791504, "sampled_number_rate": 1.0, "kl": 0.0, "kl_coef": 0.05, "value_loss": 0.0}
A decoder-only architecture is being used, but right-padding was detected! For correct generation results, please set `padding_side='left'` when initializing the tokenizer.
{"step": 16, "epoch": 0, "rows": 8, "skipped": 0, "answer_accuracy": 0.5, "updates": 4, "seconds": 2.4625437259674072, "time": 1790924066.672489, "loss": -0.7944787463818334, "confidence": 0.5532317368988746, "mass": 0.9999933225738454, "hinge_active": 0.0, "stop_prob": 0.9984476342797279, "sampled_number_rate": 1.0, "kl": 0.0, "kl_coef": 0.05, "value_loss": 0.0}
A decoder-only architecture is being used, but right-padding was detected! For correct generation results, please set `padding_side='left'` when initializing the tokenizer.
{"step": 17, "epoch": 0, "rows": 8, "skipped": 0, "answer_accuracy": 0.625, "updates": 4, "seconds": 2.3760578632354736, "time": 1790924069.0492756, "loss": -0.7960617711141998, "confidence": 0.5786279932406009, "mass": 0.9999942940519524, "hinge_active": 0.0, "stop_prob": 0.9979135170578957, "sampled_number_rate": 1.0, "kl": 0.0, "kl_coef": 0.05, "value_loss": 0.0}
A decoder-only architecture is being used, but right-padding was detected! For correct generation results, please set `padding_side='left'` when initializing the tokenizer.
{"step": 18, "epoch": 0, "rows": 8, "skipped": 0, "answer_accuracy": 0.5, "updates": 4, "seconds": 2.7419636249542236, "time": 1790924071.792001, "loss": -0.836055756225504, "confidence": 0.5309341379280386, "mass": 0.999993062818246, "hinge_active": 0.0, "stop_prob": 0.9982130378484726, "sampled_number_rate": 1.0, "kl": 0.0, "kl_coef": 0.05, "value_loss": 0.0}
A decoder-only architecture is being used, but right-padding was detected! For correct generation results, please set `padding_side='left'` when initializing the tokenizer.
{"step": 19, "epoch": 0, "rows": 8, "skipped": 0, "answer_accuracy": 0.5, "updates": 4, "seconds": 2.3620102405548096, "time": 1790924074.1549287, "loss": -0.8188629082222798, "confidence": 0.5546313820888649, "mass": 0.9999935830780672, "hinge_active": 0.0, "stop_prob": 0.9974070191383362, "sampled_number_rate": 1.0, "kl": 0.0, "kl_coef": 0.05, "value_loss": 0.0}
A decoder-only architecture is being used, but right-padding was detected! For correct generation results, please set `padding_side='left'` when initializing the tokenizer.
{"step": 20, "epoch": 0, "rows": 8, "skipped": 0, "answer_accuracy": 0.375, "updates": 4, "seconds": 2.8902320861816406, "time": 1790924077.0458274, "loss": -0.8132442412626526, "confidence": 0.5317468499631718, "mass": 0.9999871358166572, "hinge_active": 0.0, "stop_prob": 0.9954312741756439, "sampled_number_rate": 1.0, "kl": 0.0, "kl_coef": 0.05, "value_loss": 0.0}
A decoder-only architecture is being used, but right-padding was detected! For correct generation results, please set `padding_side='left'` when initializing the tokenizer.
{"step": 21, "epoch": 0, "rows": 8, "skipped": 0, "answer_accuracy": 0.75, "updates": 4, "seconds": 2.3634238243103027, "time": 1790924079.4100263, "loss": -0.826715257766378, "confidence": 0.5819621997726766, "mass": 0.9999950786685335, "hinge_active": 0.0, "stop_prob": 0.9977602511644363, "sampled_number_rate": 1.0, "kl": 0.0, "kl_coef": 0.05, "value_loss": 0.0}
A decoder-only architecture is being used, but right-padding was detected! For correct generation results, please set `padding_side='left'` when initializing the tokenizer.
{"step": 22, "epoch": 0, "rows": 8, "skipped": 0, "answer_accuracy": 0.375, "updates": 4, "seconds": 2.5601160526275635, "time": 1790924081.9708972, "loss": -0.8285702902559858, "confidence": 0.4723667474132893, "mass": 0.9999941699942282, "hinge_active": 0.0, "stop_prob": 0.9983026310801506, "sampled_number_rate": 1.0, "kl": 0.0, "kl_coef": 0.05, "value_loss": 0.0}
A decoder-only architecture is being used, but right-padding was detected! For correct generation results, please set `padding_side='left'` when initializing the tokenizer.
{"step": 23, "epoch": 0, "rows": 8, "skipped": 0, "answer_accuracy": 0.5, "updates": 4, "seconds": 2.3296289443969727, "time": 1790924084.3015726, "loss": -0.8522488532892564, "confidence": 0.4752302311240342, "mass": 0.9999925801424322, "hinge_active": 0.0, "stop_prob": 0.9985532015562057, "sampled_number_rate": 1.0, "kl": 0.0, "kl_coef": 0.05, "value_loss": 0.0}
A decoder-only architecture is being used, but right-padding was detected! For correct generation results, please set `padding_side='left'` when initializing the tokenizer.
{"step": 24, "epoch": 0, "rows": 8, "skipped": 0, "answer_accuracy": 0.5, "updates": 4, "seconds": 2.3262412548065186, "time": 1790924086.6286407, "loss": -0.8427026091898039, "confidence": 0.4656484396260947, "mass": 0.9999939646286389, "hinge_active": 0.0, "stop_prob": 0.998919852077961, "sampled_number_rate": 1.0, "kl": 0.0, "kl_coef": 0.05, "value_loss": 0.0}
A decoder-only architecture is being used, but right-padding was detected! For correct generation results, please set `padding_side='left'` when initializing the tokenizer.
{"step": 25, "epoch": 0, "rows": 8, "skipped": 0, "answer_accuracy": 0.25, "updates": 4, "seconds": 2.264359951019287, "time": 1790924088.8937378, "loss": -0.8639901446179936, "confidence": 0.36582662316027814, "mass": 0.9999855539412578, "hinge_active": 0.0, "stop_prob": 0.9981450885534286, "sampled_number_rate": 1.0, "kl": 0.0, "kl_coef": 0.05, "value_loss": 0.0}
A decoder-only architecture is being used, but right-padding was detected! For correct generation results, please set `padding_side='left'` when initializing the tokenizer.
{"step": 26, "epoch": 0, "rows": 8, "skipped": 0, "answer_accuracy": 0.75, "updates": 4, "seconds": 2.4254894256591797, "time": 1790924091.3198714, "loss": -0.7872592087466546, "confidence": 0.4504796789969806, "mass": 0.9999928696495639, "hinge_active": 0.0, "stop_prob": 0.9989185929298401, "sampled_number_rate": 1.0, "kl": 0.0, "kl_coef": 0.05, "value_loss": 0.0}
A decoder-only architecture is being used, but right-padding was detected! For correct generation results, please set `padding_side='left'` when initializing the tokenizer.
{"step": 27, "epoch": 0, "rows": 8, "skipped": 0, "answer_accuracy": 0.5, "updates": 4, "seconds": 2.3262453079223633, "time": 1790924093.646963, "loss": -0.8355149571545497, "confidence": 0.5191271783225436, "mass": 0.9999930622621164, "hinge_active": 0.0, "stop_prob": 0.9987151026725769, "sampled_number_rate": 1.0, "kl": 0.0, "kl_coef": 0.05, "value_loss": 0.0}
A decoder-only architecture is being used, but right-padding was detected! For correct generation results, please set `padding_side='left'` when initializing the tokenizer.
{"step": 28, "epoch": 0, "rows": 8, "skipped": 0, "answer_accuracy": 0.5, "updates": 4, "seconds": 2.3119821548461914, "time": 1790924095.9596634, "loss": -0.8254023134935258, "confidence": 0.5516049183892228, "mass": 0.9999902632113504, "hinge_active": 0.0, "stop_prob": 0.998807318508625, "sampled_number_rate": 1.0, "kl": 0.0, "kl_coef": 0.05, "value_loss": 0.0}
A decoder-only architecture is being used, but right-padding was detected! For correct generation results, please set `padding_side='left'` when initializing the tokenizer.
{"step": 29, "epoch": 0, "rows": 8, "skipped": 0, "answer_accuracy": 0.5, "updates": 4, "seconds": 2.6470253467559814, "time": 1790924098.6074739, "loss": -0.8320682035061795, "confidence": 0.5811332762832365, "mass": 0.9999930216563533, "hinge_active": 0.0, "stop_prob": 0.9984955340623856, "sampled_number_rate": 1.0, "kl": 0.0, "kl_coef": 0.05, "value_loss": 0.0}
A decoder-only architecture is being used, but right-padding was detected! For correct generation results, please set `padding_side='left'` when initializing the tokenizer.
{"step": 30, "epoch": 0, "rows": 8, "skipped": 0, "answer_accuracy": 0.75, "updates": 4, "seconds": 2.3803274631500244, "time": 1790924100.9886398, "loss": -0.8378489537373587, "confidence": 0.5529843036277441, "mass": 0.9999936353015527, "hinge_active": 0.0, "stop_prob": 0.9989765956997871, "sampled_number_rate": 1.0, "kl": 0.0, "kl_coef": 0.05, "value_loss": 0.0}
A decoder-only architecture is being used, but right-padding was detected! For correct generation results, please set `padding_side='left'` when initializing the tokenizer.
{"step": 31, "epoch": 0, "rows": 8, "skipped": 0, "answer_accuracy": 0.625, "updates": 4, "seconds": 2.35610032081604, "time": 1790924103.3455148, "loss": -0.8628674589213357, "confidence": 0.5754903821710994, "mass": 0.9999891607987836, "hinge_active": 0.0, "stop_prob": 0.9987364113330841, "sampled_number_rate": 1.0, "kl": 0.0, "kl_coef": 0.05, "value_loss": 0.0}
A decoder-only architecture is being used, but right-padding was detected! For correct generation results, please set `padding_side='left'` when initializing the tokenizer.
{"step": 32, "epoch": 0, "rows": 8, "skipped": 0, "answer_accuracy": 0.375, "updates": 4, "seconds": 2.348686695098877, "time": 1790924105.6950686, "loss": -0.8067710722267479, "confidence": 0.5990072594361211, "mass": 0.9999937422057819, "hinge_active": 0.0, "stop_prob": 0.9992800801992416, "sampled_number_rate": 1.0, "kl": 0.0, "kl_coef": 0.05, "value_loss": 0.0}
A decoder-only architecture is being used, but right-padding was detected! For correct generation results, please set `padding_side='left'` when initializing the tokenizer.
{"step": 33, "epoch": 0, "rows": 8, "skipped": 0, "answer_accuracy": 0.5, "updates": 4, "seconds": 2.42048978805542, "time": 1790924108.1163538, "loss": -0.7936170187035073, "confidence": 0.5951356804682717, "mass": 0.9999920679016767, "hinge_active": 0.0, "stop_prob": 0.9988918453454971, "sampled_number_rate": 1.0, "kl": 0.0, "kl_coef": 0.05, "value_loss": 0.0}
A decoder-only architecture is being used, but right-padding was detected! For correct generation results, please set `padding_side='left'` when initializing the tokenizer.
{"step": 34, "epoch": 0, "rows": 8, "skipped": 0, "answer_accuracy": 0.5, "updates": 4, "seconds": 3.4170680046081543, "time": 1790924111.5427108, "loss": -0.6859530013437852, "confidence": 0.4092975275842005, "mass": 0.9999912341723839, "hinge_active": 0.0, "stop_prob": 0.9983296021819115, "sampled_number_rate": 1.0, "kl": 0.0, "kl_coef": 0.05, "value_loss": 0.0}
A decoder-only architecture is being used, but right-padding was detected! For correct generation results, please set `padding_side='left'` when initializing the tokenizer.
{"step": 35, "epoch": 0, "rows": 8, "skipped": 0, "answer_accuracy": 0.625, "updates": 4, "seconds": 2.6608617305755615, "time": 1790924114.2096026, "loss": -0.848316197022114, "confidence": 0.391865945533731, "mass": 0.9999906393010463, "hinge_active": 0.0, "stop_prob": 0.9967208430171013, "sampled_number_rate": 1.0, "kl": 0.0, "kl_coef": 0.05, "value_loss": 0.0}
A decoder-only architecture is being used, but right-padding was detected! For correct generation results, please set `padding_side='left'` when initializing the tokenizer.
{"step": 36, "epoch": 0, "rows": 8, "skipped": 0, "answer_accuracy": 0.5, "updates": 4, "seconds": 4.587159156799316, "time": 1790924118.797775, "loss": -0.8640036835992067, "confidence": 0.5478180584700865, "mass": 0.9999933609282046, "hinge_active": 0.0, "stop_prob": 0.9990038648247719, "sampled_number_rate": 1.0, "kl": 0.0, "kl_coef": 0.05, "value_loss": 0.0}
A decoder-only architecture is being used, but right-padding was detected! For correct generation results, please set `padding_side='left'` when initializing the tokenizer.
{"step": 37, "epoch": 0, "rows": 8, "skipped": 0, "answer_accuracy": 0.625, "updates": 4, "seconds": 2.660933494567871, "time": 1790924121.462609, "loss": -0.8752741210503088, "confidence": 0.5365372161305886, "mass": 0.9999915710235548, "hinge_active": 0.0, "stop_prob": 0.9987785443663597, "sampled_number_rate": 1.0, "kl": 0.0, "kl_coef": 0.05, "value_loss": 0.0}
A decoder-only architecture is being used, but right-padding was detected! For correct generation results, please set `padding_side='left'` when initializing the tokenizer.
{"step": 38, "epoch": 0, "rows": 8, "skipped": 0, "answer_accuracy": 0.5, "updates": 4, "seconds": 2.3058106899261475, "time": 1790924123.7694428, "loss": -0.8177501280867346, "confidence": 0.6704047976745201, "mass": 0.9999938030749514, "hinge_active": 0.0, "stop_prob": 0.9989743307232857, "sampled_number_rate": 1.0, "kl": 0.0, "kl_coef": 0.05, "value_loss": 0.0}
A decoder-only architecture is being used, but right-padding was detected! For correct generation results, please set `padding_side='left'` when initializing the tokenizer.
{"step": 39, "epoch": 0, "rows": 8, "skipped": 0, "answer_accuracy": 0.375, "updates": 4, "seconds": 2.4123146533966064, "time": 1790924126.1826048, "loss": -0.8061179020634196, "confidence": 0.6337971540948808, "mass": 0.9999921955655283, "hinge_active": 0.0, "stop_prob": 0.9988007470965385, "sampled_number_rate": 1.0, "kl": 0.0, "kl_coef": 0.05, "value_loss": 0.0}
A decoder-only architecture is being used, but right-padding was detected! For correct generation results, please set `padding_side='left'` when initializing the tokenizer.
{"step": 40, "epoch": 0, "rows": 8, "skipped": 0, "answer_accuracy": 0.25, "updates": 4, "seconds": 2.283600330352783, "time": 1790924128.4669814, "loss": -0.8069058299010511, "confidence": 0.5630854617540956, "mass": 0.9999931467053823, "hinge_active": 0.0, "stop_prob": 0.998974084854126, "sampled_number_rate": 1.0, "kl": 0.0, "kl_coef": 0.05, "value_loss": 0.0}
A decoder-only architecture is being used, but right-padding was detected! For correct generation results, please set `padding_side='left'` when initializing the tokenizer.
{"step": 41, "epoch": 0, "rows": 8, "skipped": 0, "answer_accuracy": 0.5, "updates": 4, "seconds": 2.229891538619995, "time": 1790924130.6976821, "loss": -0.8622463308866858, "confidence": 0.3628070171767053, "mass": 0.9999909542601731, "hinge_active": 0.0, "stop_prob": 0.9992528632283211, "sampled_number_rate": 1.0, "kl": 0.0, "kl_coef": 0.05, "value_loss": 0.0}
A decoder-only architecture is being used, but right-padding was detected! For correct generation results, please set `padding_side='left'` when initializing the tokenizer.
{"step": 42, "epoch": 0, "rows": 8, "skipped": 0, "answer_accuracy": 0.625, "updates": 4, "seconds": 2.448159694671631, "time": 1790924133.1471643, "loss": -0.8539497595910693, "confidence": 0.42562233106074204, "mass": 0.9999923503046213, "hinge_active": 0.0, "stop_prob": 0.99928929656744, "sampled_number_rate": 1.0, "kl": 0.0, "kl_coef": 0.05, "value_loss": 0.0}
A decoder-only architecture is being used, but right-padding was detected! For correct generation results, please set `padding_side='left'` when initializing the tokenizer.
{"step": 43, "epoch": 0, "rows": 8, "skipped": 0, "answer_accuracy": 0.125, "updates": 4, "seconds": 2.2742185592651367, "time": 1790924135.4223418, "loss": -0.865694541359118, "confidence": 0.3899324678872351, "mass": 0.9999887355249071, "hinge_active": 0.0, "stop_prob": 0.9945963323116302, "sampled_number_rate": 1.0, "kl": 0.0, "kl_coef": 0.05, "value_loss": 0.0}
A decoder-only architecture is being used, but right-padding was detected! For correct generation results, please set `padding_side='left'` when initializing the tokenizer.
{"step": 44, "epoch": 0, "rows": 8, "skipped": 0, "answer_accuracy": 0.625, "updates": 4, "seconds": 2.330878257751465, "time": 1790924137.7540913, "loss": -0.7925514477915999, "confidence": 0.6304795466974409, "mass": 0.9999929301309283, "hinge_active": 0.0, "stop_prob": 0.9989284202456474, "sampled_number_rate": 1.0, "kl": 0.0, "kl_coef": 0.05, "value_loss": 0.0}
A decoder-only architecture is being used, but right-padding was detected! For correct generation results, please set `padding_side='left'` when initializing the tokenizer.
{"step": 45, "epoch": 0, "rows": 8, "skipped": 0, "answer_accuracy": 0.5, "updates": 4, "seconds": 2.2658941745758057, "time": 1790924140.0208654, "loss": -0.827825946560198, "confidence": 0.5924358778122378, "mass": 0.9999921845237013, "hinge_active": 0.0, "stop_prob": 0.9988760650157928, "sampled_number_rate": 1.0, "kl": 0.0, "kl_coef": 0.05, "value_loss": 0.0}
A decoder-only architecture is being used, but right-padding was detected! For correct generation results, please set `padding_side='left'` when initializing the tokenizer.
{"step": 46, "epoch": 0, "rows": 8, "skipped": 0, "answer_accuracy": 0.625, "updates": 4, "seconds": 2.445561170578003, "time": 1790924142.4674695, "loss": -0.8154119269501982, "confidence": 0.6985938049192917, "mass": 0.9999926531062805, "hinge_active": 0.0, "stop_prob": 0.9989569038152695, "sampled_number_rate": 1.0, "kl": 0.0, "kl_coef": 0.05, "value_loss": 0.0}
A decoder-only architecture is being used, but right-padding was detected! For correct generation results, please set `padding_side='left'` when initializing the tokenizer.
{"step": 47, "epoch": 0, "rows": 8, "skipped": 0, "answer_accuracy": 0.875, "updates": 4, "seconds": 2.2288248538970947, "time": 1790924144.6971776, "loss": -0.8201777157170295, "confidence": 0.4759618094452275, "mass": 0.9999896692086373, "hinge_active": 0.0, "stop_prob": 0.9963200613856316, "sampled_number_rate": 1.0, "kl": 0.0, "kl_coef": 0.05, "value_loss": 0.0}
A decoder-only architecture is being used, but right-padding was detected! For correct generation results, please set `padding_side='left'` when initializing the tokenizer.
{"step": 48, "epoch": 0, "rows": 8, "skipped": 0, "answer_accuracy": 0.375, "updates": 4, "seconds": 2.413989543914795, "time": 1790924147.1119804, "loss": -0.782845342891603, "confidence": 0.48402264695418057, "mass": 0.9999910451907887, "hinge_active": 0.0, "stop_prob": 0.9992297291755676, "sampled_number_rate": 1.0, "kl": 0.0, "kl_coef": 0.05, "value_loss": 0.0}
A decoder-only architecture is being used, but right-padding was detected! For correct generation results, please set `padding_side='left'` when initializing the tokenizer.
{"step": 49, "epoch": 0, "rows": 8, "skipped": 0, "answer_accuracy": 0.5, "updates": 4, "seconds": 2.3484106063842773, "time": 1790924149.4612772, "loss": -0.7888531484363712, "confidence": 0.5760840424599897, "mass": 0.9999919679403333, "hinge_active": 0.0, "stop_prob": 0.9988735243678093, "sampled_number_rate": 1.0, "kl": 0.0, "kl_coef": 0.05, "value_loss": 0.0}
A decoder-only architecture is being used, but right-padding was detected! For correct generation results, please set `padding_side='left'` when initializing the tokenizer.
{"step": 50, "epoch": 0, "rows": 8, "skipped": 0, "answer_accuracy": 0.625, "updates": 4, "seconds": 2.3619158267974854, "time": 1790924151.8239353, "loss": -0.8464171313439701, "confidence": 0.6179496609248668, "mass": 0.9999945054870162, "hinge_active": 0.0, "stop_prob": 0.9985361993312836, "sampled_number_rate": 1.0, "kl": 0.0, "kl_coef": 0.05, "value_loss": 0.0}
A decoder-only architecture is being used, but right-padding was detected! For correct generation results, please set `padding_side='left'` when initializing the tokenizer.
{"step": 51, "epoch": 0, "rows": 8, "skipped": 0, "answer_accuracy": 0.875, "updates": 4, "seconds": 2.3040359020233154, "time": 1790924154.1292326, "loss": -0.8566190096347714, "confidence": 0.6927176417370775, "mass": 0.9999907772966716, "hinge_active": 0.0, "stop_prob": 0.9986175000667572, "sampled_number_rate": 1.0, "kl": 0.0, "kl_coef": 0.05, "value_loss": 0.0}
A decoder-only architecture is being used, but right-padding was detected! For correct generation results, please set `padding_side='left'` when initializing the tokenizer.
{"step": 52, "epoch": 0, "rows": 8, "skipped": 0, "answer_accuracy": 0.75, "updates": 4, "seconds": 2.2979393005371094, "time": 1790924156.4279878, "loss": -0.8651664733741415, "confidence": 0.7186451837781241, "mass": 0.9999940392995389, "hinge_active": 0.0, "stop_prob": 0.998911015689373, "sampled_number_rate": 1.0, "kl": 0.0, "kl_coef": 0.05, "value_loss": 0.0}
A decoder-only architecture is being used, but right-padding was detected! For correct generation results, please set `padding_side='left'` when initializing the tokenizer.
{"step": 53, "epoch": 0, "rows": 8, "skipped": 0, "answer_accuracy": 0.5, "updates": 4, "seconds": 2.515815496444702, "time": 1790924158.9448442, "loss": -0.827651478824101, "confidence": 0.6884086223414679, "mass": 0.9999924136565587, "hinge_active": 0.0, "stop_prob": 0.9985662996768951, "sampled_number_rate": 1.0, "kl": 0.0, "kl_coef": 0.05, "value_loss": 0.0}
A decoder-only architecture is being used, but right-padding was detected! For correct generation results, please set `padding_side='left'` when initializing the tokenizer.
{"step": 54, "epoch": 0, "rows": 8, "skipped": 0, "answer_accuracy": 0.5, "updates": 4, "seconds": 2.361441135406494, "time": 1790924161.3072135, "loss": -0.8135239545275091, "confidence": 0.6781988257855889, "mass": 0.9999941835515757, "hinge_active": 0.0, "stop_prob": 0.9990534409880638, "sampled_number_rate": 1.0, "kl": 0.0, "kl_coef": 0.05, "value_loss": 0.0}
A decoder-only architecture is being used, but right-padding was detected! For correct generation results, please set `padding_side='left'` when initializing the tokenizer.
{"step": 55, "epoch": 0, "rows": 8, "skipped": 0, "answer_accuracy": 0.5, "updates": 4, "seconds": 2.251380681991577, "time": 1790924163.5595632, "loss": -0.7364615228555573, "confidence": 0.4983033163505378, "mass": 0.9999838542750448, "hinge_active": 0.0, "stop_prob": 0.99497851729393, "sampled_number_rate": 1.0, "kl": 0.0, "kl_coef": 0.05, "value_loss": 0.0}
A decoder-only architecture is being used, but right-padding was detected! For correct generation results, please set `padding_side='left'` when initializing the tokenizer.
{"step": 56, "epoch": 0, "rows": 8, "skipped": 0, "answer_accuracy": 0.875, "updates": 4, "seconds": 2.3147289752960205, "time": 1790924165.8749914, "loss": -0.8633866699252569, "confidence": 0.6816296669447339, "mass": 0.99999473469841, "hinge_active": 0.0, "stop_prob": 0.999022550880909, "sampled_number_rate": 1.0, "kl": 0.0, "kl_coef": 0.05, "value_loss": 0.0}
A decoder-only architecture is being used, but right-padding was detected! For correct generation results, please set `padding_side='left'` when initializing the tokenizer.
{"step": 57, "epoch": 0, "rows": 8, "skipped": 0, "answer_accuracy": 0.625, "updates": 4, "seconds": 2.4864251613616943, "time": 1790924168.3624246, "loss": -0.8450198223467298, "confidence": 0.655649811621337, "mass": 0.9999942533251919, "hinge_active": 0.0, "stop_prob": 0.9985405132174492, "sampled_number_rate": 1.0, "kl": 0.0, "kl_coef": 0.05, "value_loss": 0.0}
A decoder-only architecture is being used, but right-padding was detected! For correct generation results, please set `padding_side='left'` when initializing the tokenizer.
{"step": 58, "epoch": 0, "rows": 8, "skipped": 0, "answer_accuracy": 0.375, "updates": 4, "seconds": 2.325909376144409, "time": 1790924170.689099, "loss": -0.7466953445159108, "confidence": 0.5421844574508656, "mass": 0.9999948386738357, "hinge_active": 0.0, "stop_prob": 0.9984340071678162, "sampled_number_rate": 1.0, "kl": 0.0, "kl_coef": 0.05, "value_loss": 0.0}
A decoder-only architecture is being used, but right-padding was detected! For correct generation results, please set `padding_side='left'` when initializing the tokenizer.
{"step": 59, "epoch": 0, "rows": 8, "skipped": 0, "answer_accuracy": 0.0, "updates": 4, "seconds": 2.348017692565918, "time": 1790924173.0380127, "loss": -0.8193297101646807, "confidence": 0.43529714902461986, "mass": 0.9999939375243686, "hinge_active": 0.0, "stop_prob": 0.9984055459499359, "sampled_number_rate": 1.0, "kl": 0.0, "kl_coef": 0.05, "value_loss": 0.0}
A decoder-only architecture is being used, but right-padding was detected! For correct generation results, please set `padding_side='left'` when initializing the tokenizer.
{"step": 60, "epoch": 0, "rows": 8, "skipped": 0, "answer_accuracy": 0.375, "updates": 4, "seconds": 3.1190197467803955, "time": 1790924176.1579437, "loss": -0.8417371385700377, "confidence": 0.3921771807597161, "mass": 0.9999921331865743, "hinge_active": 0.0, "stop_prob": 0.9978178441524506, "sampled_number_rate": 1.0, "kl": 0.0, "kl_coef": 0.05, "value_loss": 0.0}
A decoder-only architecture is being used, but right-padding was detected! For correct generation results, please set `padding_side='left'` when initializing the tokenizer.
{"step": 61, "epoch": 0, "rows": 8, "skipped": 0, "answer_accuracy": 0.5, "updates": 4, "seconds": 2.411719799041748, "time": 1790924178.570722, "loss": -0.8383994440383, "confidence": 0.47545224729596336, "mass": 0.9999956977745078, "hinge_active": 0.0, "stop_prob": 0.9986406937241554, "sampled_number_rate": 1.0, "kl": 0.0, "kl_coef": 0.05, "value_loss": 0.0}
A decoder-only architecture is being used, but right-padding was detected! For correct generation results, please set `padding_side='left'` when initializing the tokenizer.
{"step": 62, "epoch": 0, "rows": 8, "skipped": 0, "answer_accuracy": 0.25, "updates": 4, "seconds": 2.577404022216797, "time": 1790924181.148861, "loss": -0.803677217307828, "confidence": 0.4039693381290766, "mass": 0.9999945486329299, "hinge_active": 0.0, "stop_prob": 0.9987450987100601, "sampled_number_rate": 1.0, "kl": 0.0, "kl_coef": 0.05, "value_loss": 0.0}
A decoder-only architecture is being used, but right-padding was detected! For correct generation results, please set `padding_side='left'` when initializing the tokenizer.
{"step": 63, "epoch": 0, "rows": 8, "skipped": 0, "answer_accuracy": 0.5, "updates": 4, "seconds": 2.196864604949951, "time": 1790924183.3465216, "loss": -0.8164777319667806, "confidence": 0.3678934300411487, "mass": 0.9999953075070411, "hinge_active": 0.0, "stop_prob": 0.9992483407258987, "sampled_number_rate": 1.0, "kl": 0.0, "kl_coef": 0.05, "value_loss": 0.0}
A decoder-only architecture is being used, but right-padding was detected! For correct generation results, please set `padding_side='left'` when initializing the tokenizer.
{"step": 64, "epoch": 0, "rows": 8, "skipped": 0, "answer_accuracy": 0.25, "updates": 4, "seconds": 2.5542757511138916, "time": 1790924185.9015713, "loss": -0.8624052531802947, "confidence": 0.33283241650176215, "mass": 0.999993801378506, "hinge_active": 0.0, "stop_prob": 0.9989416897296906, "sampled_number_rate": 1.0, "kl": 0.0, "kl_coef": 0.05, "value_loss": 0.0}
A decoder-only architecture is being used, but right-padding was detected! For correct generation results, please set `padding_side='left'` when initializing the tokenizer.
{"step": 65, "epoch": 0, "rows": 8, "skipped": 0, "answer_accuracy": 0.5, "updates": 4, "seconds": 2.2927427291870117, "time": 1790924188.1950946, "loss": -0.8381093364890224, "confidence": 0.30572851784917254, "mass": 0.9999913498935042, "hinge_active": 0.0, "stop_prob": 0.9989344626665115, "sampled_number_rate": 1.0, "kl": 0.0, "kl_coef": 0.05, "value_loss": 0.0}
A decoder-only architecture is being used, but right-padding was detected! For correct generation results, please set `padding_side='left'` when initializing the tokenizer.
{"step": 66, "epoch": 0, "rows": 8, "skipped": 0, "answer_accuracy": 0.75, "updates": 4, "seconds": 2.3492376804351807, "time": 1790924190.54523, "loss": -0.8005558940032423, "confidence": 0.49342445901589743, "mass": 0.9999954323910374, "hinge_active": 0.0, "stop_prob": 0.99908547103405, "sampled_number_rate": 1.0, "kl": 0.0, "kl_coef": 0.05, "value_loss": 0.0}
A decoder-only architecture is being used, but right-padding was detected! For correct generation results, please set `padding_side='left'` when initializing the tokenizer.
{"step": 67, "epoch": 0, "rows": 8, "skipped": 0, "answer_accuracy": 0.5, "updates": 4, "seconds": 2.5053462982177734, "time": 1790924193.0512552, "loss": -0.8826966885447719, "confidence": 0.4699262744940708, "mass": 0.9999926556184788, "hinge_active": 0.0, "stop_prob": 0.9988191351294518, "sampled_number_rate": 1.0, "kl": 0.0, "kl_coef": 0.05, "value_loss": 0.0}
A decoder-only architecture is being used, but right-padding was detected! For correct generation results, please set `padding_side='left'` when initializing the tokenizer.
{"step": 68, "epoch": 0, "rows": 8, "skipped": 0, "answer_accuracy": 0.75, "updates": 4, "seconds": 2.4223241806030273, "time": 1790924195.474581, "loss": -0.9173332720233227, "confidence": 0.5728280651497548, "mass": 0.9999901082052242, "hinge_active": 0.0, "stop_prob": 0.9983577504754066, "sampled_number_rate": 1.0, "kl": 0.0, "kl_coef": 0.05, "value_loss": 0.0}
A decoder-only architecture is being used, but right-padding was detected! For correct generation results, please set `padding_side='left'` when initializing the tokenizer.
{"step": 69, "epoch": 0, "rows": 8, "skipped": 0, "answer_accuracy": 0.25, "updates": 4, "seconds": 2.263986587524414, "time": 1790924197.7395847, "loss": -0.7096938280383438, "confidence": 0.6131819707436675, "mass": 0.9999900172118337, "hinge_active": 0.0, "stop_prob": 0.998508982360363, "sampled_number_rate": 1.0, "kl": 0.0, "kl_coef": 0.05, "value_loss": 0.0}
A decoder-only architecture is being used, but right-padding was detected! For correct generation results, please set `padding_side='left'` when initializing the tokenizer.
{"step": 70, "epoch": 0, "rows": 8, "skipped": 0, "answer_accuracy": 0.5, "updates": 4, "seconds": 2.3920812606811523, "time": 1790924200.1325977, "loss": -0.7975192314852125, "confidence": 0.7134501562160842, "mass": 0.9999913455795244, "hinge_active": 0.0, "stop_prob": 0.9988320097327232, "sampled_number_rate": 1.0, "kl": 0.0, "kl_coef": 0.05, "value_loss": 0.0}
A decoder-only architecture is being used, but right-padding was detected! For correct generation results, please set `padding_side='left'` when initializing the tokenizer.
{"step": 71, "epoch": 0, "rows": 8, "skipped": 0, "answer_accuracy": 0.625, "updates": 4, "seconds": 2.3626749515533447, "time": 1790924202.4961894, "loss": -0.7864788435023946, "confidence": 0.7572104959828734, "mass": 0.9999947587062821, "hinge_active": 0.0, "stop_prob": 0.9988423809409142, "sampled_number_rate": 1.0, "kl": 0.0, "kl_coef": 0.05, "value_loss": 0.0}
A decoder-only architecture is being used, but right-padding was detected! For correct generation results, please set `padding_side='left'` when initializing the tokenizer.
{"step": 72, "epoch": 0, "rows": 8, "skipped": 0, "answer_accuracy": 0.0, "updates": 4, "seconds": 3.928588628768921, "time": 1790924206.42561, "loss": -0.6996740022704014, "confidence": 0.5936307357127288, "mass": 0.9999873382261201, "hinge_active": 0.0, "stop_prob": 0.9953809529542923, "sampled_number_rate": 1.0, "kl": 0.0, "kl_coef": 0.05, "value_loss": 0.0}
A decoder-only architecture is being used, but right-padding was detected! For correct generation results, please set `padding_side='left'` when initializing the tokenizer.
{"step": 73, "epoch": 0, "rows": 8, "skipped": 0, "answer_accuracy": 0.75, "updates": 4, "seconds": 2.46476411819458, "time": 1790924208.8912318, "loss": -0.8736817425353798, "confidence": 0.5822812761590959, "mass": 0.9999941640454281, "hinge_active": 0.0, "stop_prob": 0.9989790916442871, "sampled_number_rate": 1.0, "kl": 0.0, "kl_coef": 0.05, "value_loss": 0.0}
A decoder-only architecture is being used, but right-padding was detected! For correct generation results, please set `padding_side='left'` when initializing the tokenizer.
{"step": 74, "epoch": 0, "rows": 8, "skipped": 0, "answer_accuracy": 0.375, "updates": 4, "seconds": 2.440913200378418, "time": 1790924211.3329885, "loss": -0.876198550298882, "confidence": 0.4090424917753926, "mass": 0.9999872761074136, "hinge_active": 0.0, "stop_prob": 0.9982040971517563, "sampled_number_rate": 1.0, "kl": 0.0, "kl_coef": 0.05, "value_loss": 0.0}
A decoder-only architecture is being used, but right-padding was detected! For correct generation results, please set `padding_side='left'` when initializing the tokenizer.
{"step": 75, "epoch": 0, "rows": 8, "skipped": 0, "answer_accuracy": 0.5, "updates": 4, "seconds": 2.3541762828826904, "time": 1790924213.6881077, "loss": -0.8301560886190602, "confidence": 0.5364118374244877, "mass": 0.999994654577101, "hinge_active": 0.0, "stop_prob": 0.9991154000163078, "sampled_number_rate": 1.0, "kl": 0.0, "kl_coef": 0.05, "value_loss": 0.0}
A decoder-only architecture is being used, but right-padding was detected! For correct generation results, please set `padding_side='left'` when initializing the tokenizer.
{"step": 76, "epoch": 0, "rows": 8, "skipped": 0, "answer_accuracy": 0.5, "updates": 4, "seconds": 2.5238418579101562, "time": 1790924216.213055, "loss": -0.8480810791963938, "confidence": 0.33086552010409537, "mass": 0.9999891834224568, "hinge_active": 0.0, "stop_prob": 0.9987538903951645, "sampled_number_rate": 1.0, "kl": 0.0, "kl_coef": 0.05, "value_loss": 0.0}
A decoder-only architecture is being used, but right-padding was detected! For correct generation results, please set `padding_side='left'` when initializing the tokenizer.
{"step": 77, "epoch": 0, "rows": 8, "skipped": 0, "answer_accuracy": 0.625, "updates": 4, "seconds": 2.4183549880981445, "time": 1790924218.6320968, "loss": -0.8763059479081756, "confidence": 0.5221859372129846, "mass": 0.9999939336038827, "hinge_active": 0.0, "stop_prob": 0.9991919472813606, "sampled_number_rate": 1.0, "kl": 0.0, "kl_coef": 0.05, "value_loss": 0.0}
A decoder-only architecture is being used, but right-padding was detected! For correct generation results, please set `padding_side='left'` when initializing the tokenizer.
{"step": 78, "epoch": 0, "rows": 8, "skipped": 0, "answer_accuracy": 0.5, "updates": 4, "seconds": 2.4151551723480225, "time": 1790924221.048459, "loss": -0.8738047056679648, "confidence": 0.4825313931451291, "mass": 0.9999917452533392, "hinge_active": 0.0, "stop_prob": 0.9990177601575851, "sampled_number_rate": 1.0, "kl": 0.0, "kl_coef": 0.05, "value_loss": 0.0}
A decoder-only architecture is being used, but right-padding was detected! For correct generation results, please set `padding_side='left'` when initializing the tokenizer.
{"step": 79, "epoch": 0, "rows": 8, "skipped": 0, "answer_accuracy": 0.625, "updates": 4, "seconds": 2.581073045730591, "time": 1790924223.6305678, "loss": -0.90065118085894, "confidence": 0.5335169934559523, "mass": 0.9999946905874157, "hinge_active": 0.0, "stop_prob": 0.9992172718048096, "sampled_number_rate": 1.0, "kl": 0.0, "kl_coef": 0.05, "value_loss": 0.0}
A decoder-only architecture is being used, but right-padding was detected! For correct generation results, please set `padding_side='left'` when initializing the tokenizer.
{"step": 80, "epoch": 0, "rows": 8, "skipped": 0, "answer_accuracy": 0.5, "updates": 4, "seconds": 2.294787645339966, "time": 1790924225.9261942, "loss": -0.8918052186789815, "confidence": 0.4928788914246894, "mass": 0.9999911069329676, "hinge_active": 0.0, "stop_prob": 0.9986249953508377, "sampled_number_rate": 1.0, "kl": 0.0, "kl_coef": 0.05, "value_loss": 0.0}
A decoder-only architecture is being used, but right-padding was detected! For correct generation results, please set `padding_side='left'` when initializing the tokenizer.
{"step": 81, "epoch": 0, "rows": 8, "skipped": 0, "answer_accuracy": 0.375, "updates": 4, "seconds": 2.6776227951049805, "time": 1790924228.604796, "loss": -0.8571787891966893, "confidence": 0.4795922709410307, "mass": 0.9999885735296834, "hinge_active": 0.0, "stop_prob": 0.9945137351751328, "sampled_number_rate": 1.0, "kl": 0.0, "kl_coef": 0.05, "value_loss": 0.0}
A decoder-only architecture is being used, but right-padding was detected! For correct generation results, please set `padding_side='left'` when initializing the tokenizer.
{"step": 82, "epoch": 0, "rows": 8, "skipped": 0, "answer_accuracy": 1.0, "updates": 4, "seconds": 2.602937936782837, "time": 1790924231.2086241, "loss": -0.8972733200573547, "confidence": 0.7108633044223526, "mass": 0.9999950231793266, "hinge_active": 0.0, "stop_prob": 0.999135784804821, "sampled_number_rate": 1.0, "kl": 0.0, "kl_coef": 0.05, "value_loss": 0.0}
A decoder-only architecture is being used, but right-padding was detected! For correct generation results, please set `padding_side='left'` when initializing the tokenizer.
{"step": 83, "epoch": 0, "rows": 8, "skipped": 0, "answer_accuracy": 0.5, "updates": 4, "seconds": 2.577359199523926, "time": 1790924233.7868524, "loss": -0.8580616840940339, "confidence": 0.6398438782456423, "mass": 0.9999940005565838, "hinge_active": 0.0, "stop_prob": 0.9992966428399086, "sampled_number_rate": 1.0, "kl": 0.0, "kl_coef": 0.05, "value_loss": 0.0}
A decoder-only architecture is being used, but right-padding was detected! For correct generation results, please set `padding_side='left'` when initializing the tokenizer.
{"step": 84, "epoch": 0, "rows": 8, "skipped": 0, "answer_accuracy": 0.625, "updates": 4, "seconds": 2.5588901042938232, "time": 1790924236.3467536, "loss": -0.7450167515888982, "confidence": 0.5425649299301868, "mass": 0.9999802326775412, "hinge_active": 0.0, "stop_prob": 0.9955074042081833, "sampled_number_rate": 1.0, "kl": 0.0, "kl_coef": 0.05, "value_loss": 0.0}
A decoder-only architecture is being used, but right-padding was detected! For correct generation results, please set `padding_side='left'` when initializing the tokenizer.
{"step": 85, "epoch": 0, "rows": 8, "skipped": 0, "answer_accuracy": 0.5, "updates": 4, "seconds": 2.462331771850586, "time": 1790924238.8098562, "loss": -0.8928611194371172, "confidence": 0.5546699587330796, "mass": 0.9999916486440652, "hinge_active": 0.0, "stop_prob": 0.9954549670219421, "sampled_number_rate": 1.0, "kl": 0.0, "kl_coef": 0.05, "value_loss": 0.0}
A decoder-only architecture is being used, but right-padding was detected! For correct generation results, please set `padding_side='left'` when initializing the tokenizer.
{"step": 86, "epoch": 0, "rows": 8, "skipped": 0, "answer_accuracy": 0.75, "updates": 4, "seconds": 2.630685806274414, "time": 1790924241.4416714, "loss": -0.8207354792404133, "confidence": 0.503843379099166, "mass": 0.9999875174161016, "hinge_active": 0.0, "stop_prob": 0.9987933561205864, "sampled_number_rate": 1.0, "kl": 0.0, "kl_coef": 0.05, "value_loss": 0.0}
A decoder-only architecture is being used, but right-padding was detected! For correct generation results, please set `padding_side='left'` when initializing the tokenizer.
{"step": 87, "epoch": 0, "rows": 8, "skipped": 0, "answer_accuracy": 0.75, "updates": 4, "seconds": 2.5684561729431152, "time": 1790924244.0108235, "loss": -0.913640787094767, "confidence": 0.6632039806957291, "mass": 0.9999942490216582, "hinge_active": 0.0, "stop_prob": 0.9992587193846703, "sampled_number_rate": 1.0, "kl": 0.0, "kl_coef": 0.05, "value_loss": 0.0}
A decoder-only architecture is being used, but right-padding was detected! For correct generation results, please set `padding_side='left'` when initializing the tokenizer.
{"step": 88, "epoch": 0, "rows": 8, "skipped": 0, "answer_accuracy": 0.375, "updates": 4, "seconds": 2.530118942260742, "time": 1790924246.5417676, "loss": -0.7434315817743635, "confidence": 0.6537766580425954, "mass": 0.9999893566436707, "hinge_active": 0.0, "stop_prob": 0.9978924617171288, "sampled_number_rate": 1.0, "kl": 0.0, "kl_coef": 0.05, "value_loss": 0.0}
A decoder-only architecture is being used, but right-padding was detected! For correct generation results, please set `padding_side='left'` when initializing the tokenizer.
{"step": 89, "epoch": 0, "rows": 8, "skipped": 0, "answer_accuracy": 0.75, "updates": 4, "seconds": 2.362436056137085, "time": 1790924248.9051535, "loss": -0.8424242821655304, "confidence": 0.6881292082036738, "mass": 0.999994466639084, "hinge_active": 0.0, "stop_prob": 0.9993577301502228, "sampled_number_rate": 1.0, "kl": 0.0, "kl_coef": 0.05, "value_loss": 0.0}
A decoder-only architecture is being used, but right-padding was detected! For correct generation results, please set `padding_side='left'` when initializing the tokenizer.
{"step": 90, "epoch": 0, "rows": 8, "skipped": 0, "answer_accuracy": 0.75, "updates": 4, "seconds": 2.3611490726470947, "time": 1790924251.2670696, "loss": -0.8471183678156397, "confidence": 0.6620814985494697, "mass": 0.9999950068585826, "hinge_active": 0.0, "stop_prob": 0.9995145872235298, "sampled_number_rate": 1.0, "kl": 0.0, "kl_coef": 0.05, "value_loss": 0.0}
A decoder-only architecture is being used, but right-padding was detected! For correct generation results, please set `padding_side='left'` when initializing the tokenizer.
{"step": 91, "epoch": 0, "rows": 8, "skipped": 0, "answer_accuracy": 0.75, "updates": 4, "seconds": 2.4277470111846924, "time": 1790924253.6958623, "loss": -0.8304035282997477, "confidence": 0.6920248638012974, "mass": 0.9999942060702074, "hinge_active": 0.0, "stop_prob": 0.9995068609714508, "sampled_number_rate": 1.0, "kl": 0.0, "kl_coef": 0.05, "value_loss": 0.0}
A decoder-only architecture is being used, but right-padding was detected! For correct generation results, please set `padding_side='left'` when initializing the tokenizer.
{"step": 92, "epoch": 0, "rows": 8, "skipped": 0, "answer_accuracy": 0.625, "updates": 4, "seconds": 2.3577115535736084, "time": 1790924256.0542738, "loss": -0.8260516871025767, "confidence": 0.6827860566393749, "mass": 0.9999954636996372, "hinge_active": 0.0, "stop_prob": 0.9994444474577904, "sampled_number_rate": 1.0, "kl": 0.0, "kl_coef": 0.05, "value_loss": 0.0}
A decoder-only architecture is being used, but right-padding was detected! For correct generation results, please set `padding_side='left'` when initializing the tokenizer.
{"step": 93, "epoch": 0, "rows": 8, "skipped": 0, "answer_accuracy": 0.625, "updates": 4, "seconds": 3.0896880626678467, "time": 1790924259.1448581, "loss": -0.8680074702811699, "confidence": 0.623692132133772, "mass": 0.9999915416594386, "hinge_active": 0.0, "stop_prob": 0.9944698363542557, "sampled_number_rate": 1.0, "kl": 0.0, "kl_coef": 0.05, "value_loss": 0.0}
A decoder-only architecture is being used, but right-padding was detected! For correct generation results, please set `padding_side='left'` when initializing the tokenizer.
{"step": 94, "epoch": 0, "rows": 8, "skipped": 0, "answer_accuracy": 0.5, "updates": 4, "seconds": 2.397012948989868, "time": 1790924261.5426884, "loss": -0.761927739558264, "confidence": 0.616019645175123, "mass": 0.9999938408843838, "hinge_active": 0.0, "stop_prob": 0.9989366233348846, "sampled_number_rate": 1.0, "kl": 0.0, "kl_coef": 0.05, "value_loss": 0.0}
A decoder-only architecture is being used, but right-padding was detected! For correct generation results, please set `padding_side='left'` when initializing the tokenizer.
{"step": 95, "epoch": 0, "rows": 8, "skipped": 0, "answer_accuracy": 0.75, "updates": 4, "seconds": 2.4142353534698486, "time": 1790924263.9578536, "loss": -0.8681223748271546, "confidence": 0.6664376474393243, "mass": 0.999994044888888, "hinge_active": 0.0, "stop_prob": 0.9991781637072563, "sampled_number_rate": 1.0, "kl": 0.0, "kl_coef": 0.05, "value_loss": 0.0}
A decoder-only architecture is being used, but right-padding was detected! For correct generation results, please set `padding_side='left'` when initializing the tokenizer.
{"step": 96, "epoch": 0, "rows": 8, "skipped": 0, "answer_accuracy": 0.875, "updates": 4, "seconds": 2.3675148487091064, "time": 1790924266.3262897, "loss": -0.884398744083626, "confidence": 0.7311209971274083, "mass": 0.9999958721859008, "hinge_active": 0.0, "stop_prob": 0.9994071051478386, "sampled_number_rate": 1.0, "kl": 0.0, "kl_coef": 0.05, "value_loss": 0.0}
A decoder-only architecture is being used, but right-padding was detected! For correct generation results, please set `padding_side='left'` when initializing the tokenizer.
{"step": 97, "epoch": 0, "rows": 8, "skipped": 0, "answer_accuracy": 0.75, "updates": 4, "seconds": 2.2544455528259277, "time": 1790924268.581697, "loss": -0.8887334762679832, "confidence": 0.6555413606499361, "mass": 0.9999931635037255, "hinge_active": 0.0, "stop_prob": 0.9991764053702354, "sampled_number_rate": 1.0, "kl": 0.0, "kl_coef": 0.05, "value_loss": 0.0}
A decoder-only architecture is being used, but right-padding was detected! For correct generation results, please set `padding_side='left'` when initializing the tokenizer.
{"step": 98, "epoch": 0, "rows": 8, "skipped": 0, "answer_accuracy": 0.375, "updates": 4, "seconds": 2.333003282546997, "time": 1790924270.9154563, "loss": -0.7902793940412678, "confidence": 0.6055332464395312, "mass": 0.9999926683306906, "hinge_active": 0.0, "stop_prob": 0.9984468668699265, "sampled_number_rate": 1.0, "kl": 0.0, "kl_coef": 0.05, "value_loss": 0.0}
A decoder-only architecture is being used, but right-padding was detected! For correct generation results, please set `padding_side='left'` when initializing the tokenizer.
{"step": 99, "epoch": 0, "rows": 8, "skipped": 0, "answer_accuracy": 0.375, "updates": 4, "seconds": 2.3447070121765137, "time": 1790924273.26116, "loss": -0.8082860293601498, "confidence": 0.6092829432452223, "mass": 0.9999962908199964, "hinge_active": 0.0, "stop_prob": 0.9994946792721748, "sampled_number_rate": 1.0, "kl": 0.0, "kl_coef": 0.05, "value_loss": 0.0}
A decoder-only architecture is being used, but right-padding was detected! For correct generation results, please set `padding_side='left'` when initializing the tokenizer.
{"step": 100, "epoch": 0, "rows": 8, "skipped": 0, "answer_accuracy": 0.25, "updates": 4, "seconds": 2.3971750736236572, "time": 1790924275.6591952, "loss": -0.8280003104754535, "confidence": 0.4568328153751548, "mass": 0.9999920356204085, "hinge_active": 0.0, "stop_prob": 0.9986520707607269, "sampled_number_rate": 1.0, "kl": 0.0, "kl_coef": 0.05, "value_loss": 0.0}
A decoder-only architecture is being used, but right-padding was detected! For correct generation results, please set `padding_side='left'` when initializing the tokenizer.
{"step": 101, "epoch": 0, "rows": 8, "skipped": 0, "answer_accuracy": 0.375, "updates": 4, "seconds": 2.2700557708740234, "time": 1790924277.930179, "loss": -0.8788438690092608, "confidence": 0.41779916976988934, "mass": 0.999994105955951, "hinge_active": 0.0, "stop_prob": 0.9996665567159653, "sampled_number_rate": 1.0, "kl": 0.0, "kl_coef": 0.05, "value_loss": 0.0}
A decoder-only architecture is being used, but right-padding was detected! For correct generation results, please set `padding_side='left'` when initializing the tokenizer.
{"step": 102, "epoch": 0, "rows": 8, "skipped": 0, "answer_accuracy": 0.5, "updates": 4, "seconds": 2.4589054584503174, "time": 1790924280.3902261, "loss": -0.8075724504343581, "confidence": 0.36557691085928834, "mass": 0.9999948673296737, "hinge_active": 0.0, "stop_prob": 0.9991873800754547, "sampled_number_rate": 1.0, "kl": 0.0, "kl_coef": 0.05, "value_loss": 0.0}
A decoder-only architecture is being used, but right-padding was detected! For correct generation results, please set `padding_side='left'` when initializing the tokenizer.
{"step": 103, "epoch": 0, "rows": 8, "skipped": 0, "answer_accuracy": 0.375, "updates": 4, "seconds": 2.4550259113311768, "time": 1790924282.8459768, "loss": -0.9116972553375751, "confidence": 0.28831609634698135, "mass": 0.9999882269583734, "hinge_active": 0.0, "stop_prob": 0.9982146546244621, "sampled_number_rate": 1.0, "kl": 0.0, "kl_coef": 0.05, "value_loss": 0.0}
A decoder-only architecture is being used, but right-padding was detected! For correct generation results, please set `padding_side='left'` when initializing the tokenizer.
{"step": 104, "epoch": 0, "rows": 8, "skipped": 0, "answer_accuracy": 0.375, "updates": 4, "seconds": 2.854382038116455, "time": 1790924285.7011213, "loss": -0.8596115243686127, "confidence": 0.3199222682568615, "mass": 0.9999882674685021, "hinge_active": 0.0, "stop_prob": 0.9986908584833145, "sampled_number_rate": 1.0, "kl": 0.0, "kl_coef": 0.05, "value_loss": 0.0}
A decoder-only architecture is being used, but right-padding was detected! For correct generation results, please set `padding_side='left'` when initializing the tokenizer.
{"step": 105, "epoch": 0, "rows": 8, "skipped": 0, "answer_accuracy": 0.5, "updates": 4, "seconds": 2.2441422939300537, "time": 1790924287.9461951, "loss": -0.850582489057369, "confidence": 0.5177278584287646, "mass": 0.9999954386594982, "hinge_active": 0.0, "stop_prob": 0.9997522607445717, "sampled_number_rate": 1.0, "kl": 0.0, "kl_coef": 0.05, "value_loss": 0.0}
A decoder-only architecture is being used, but right-padding was detected! For correct generation results, please set `padding_side='left'` when initializing the tokenizer.
{"step": 106, "epoch": 0, "rows": 8, "skipped": 0, "answer_accuracy": 0.5, "updates": 4, "seconds": 2.2978122234344482, "time": 1790924290.2449572, "loss": -0.8522203690499922, "confidence": 0.49805823443710934, "mass": 0.9999921615373646, "hinge_active": 0.0, "stop_prob": 0.9992571324110031, "sampled_number_rate": 1.0, "kl": 0.0, "kl_coef": 0.05, "value_loss": 0.0}
A decoder-only architecture is being used, but right-padding was detected! For correct generation results, please set `padding_side='left'` when initializing the tokenizer.
{"step": 107, "epoch": 0, "rows": 8, "skipped": 0, "answer_accuracy": 0.5, "updates": 4, "seconds": 2.3667030334472656, "time": 1790924292.6124082, "loss": -0.8281772444018339, "confidence": 0.5609847346127952, "mass": 0.9999949470311191, "hinge_active": 0.0, "stop_prob": 0.9995897114276886, "sampled_number_rate": 1.0, "kl": 0.0, "kl_coef": 0.05, "value_loss": 0.0}
A decoder-only architecture is being used, but right-padding was detected! For correct generation results, please set `padding_side='left'` when initializing the tokenizer.
{"step": 108, "epoch": 0, "rows": 8, "skipped": 0, "answer_accuracy": 0.5, "updates": 4, "seconds": 2.314920663833618, "time": 1790924294.928202, "loss": -0.8480308941208212, "confidence": 0.4513478141296502, "mass": 0.9999949932970993, "hinge_active": 0.0, "stop_prob": 0.9986147731542587, "sampled_number_rate": 1.0, "kl": 0.0, "kl_coef": 0.05, "value_loss": 0.0}
A decoder-only architecture is being used, but right-padding was detected! For correct generation results, please set `padding_side='left'` when initializing the tokenizer.
{"step": 109, "epoch": 0, "rows": 8, "skipped": 0, "answer_accuracy": 0.125, "updates": 4, "seconds": 2.901174783706665, "time": 1790924297.8302183, "loss": -0.868601814783974, "confidence": 0.36828946561960874, "mass": 0.9999919996146862, "hinge_active": 0.0, "stop_prob": 0.9987229034304619, "sampled_number_rate": 1.0, "kl": 0.0, "kl_coef": 0.05, "value_loss": 0.0}
A decoder-only architecture is being used, but right-padding was detected! For correct generation results, please set `padding_side='left'` when initializing the tokenizer.
{"step": 110, "epoch": 0, "rows": 8, "skipped": 0, "answer_accuracy": 0.375, "updates": 4, "seconds": 2.4721477031707764, "time": 1790924300.3032267, "loss": -0.8268899386643936, "confidence": 0.5125606003642756, "mass": 0.9999960170880342, "hinge_active": 0.0, "stop_prob": 0.9996578097343445, "sampled_number_rate": 1.0, "kl": 0.0, "kl_coef": 0.05, "value_loss": 0.0}
A decoder-only architecture is being used, but right-padding was detected! For correct generation results, please set `padding_side='left'` when initializing the tokenizer.
{"step": 111, "epoch": 0, "rows": 8, "skipped": 0, "answer_accuracy": 0.75, "updates": 4, "seconds": 2.7923245429992676, "time": 1790924303.0963526, "loss": -0.8351796223075632, "confidence": 0.6510773903697307, "mass": 0.9999955493873045, "hinge_active": 0.0, "stop_prob": 0.9990065097808838, "sampled_number_rate": 1.0, "kl": 0.0, "kl_coef": 0.05, "value_loss": 0.0}
A decoder-only architecture is being used, but right-padding was detected! For correct generation results, please set `padding_side='left'` when initializing the tokenizer.
{"step": 112, "epoch": 0, "rows": 8, "skipped": 0, "answer_accuracy": 0.5, "updates": 4, "seconds": 2.3185253143310547, "time": 1790924305.4156017, "loss": -0.7416030341837013, "confidence": 0.4335139545328062, "mass": 0.9999940819913279, "hinge_active": 0.0, "stop_prob": 0.9995524808764458, "sampled_number_rate": 1.0, "kl": 0.0, "kl_coef": 0.05, "value_loss": 0.0}
A decoder-only architecture is being used, but right-padding was detected! For correct generation results, please set `padding_side='left'` when initializing the tokenizer.
{"step": 113, "epoch": 0, "rows": 8, "skipped": 0, "answer_accuracy": 0.875, "updates": 4, "seconds": 2.2665958404541016, "time": 1790924307.6831822, "loss": -0.8753322886366471, "confidence": 0.6926380957110114, "mass": 0.9999941221122308, "hinge_active": 0.0, "stop_prob": 0.999677985906601, "sampled_number_rate": 1.0, "kl": 0.0, "kl_coef": 0.05, "value_loss": 0.0}
A decoder-only architecture is being used, but right-padding was detected! For correct generation results, please set `padding_side='left'` when initializing the tokenizer.
{"step": 114, "epoch": 0, "rows": 8, "skipped": 0, "answer_accuracy": 0.5, "updates": 4, "seconds": 2.2774200439453125, "time": 1790924309.9614668, "loss": -0.8612136555199045, "confidence": 0.5595099322343793, "mass": 0.99999603309666, "hinge_active": 0.0, "stop_prob": 0.999683067202568, "sampled_number_rate": 1.0, "kl": 0.0, "kl_coef": 0.05, "value_loss": 0.0}
A decoder-only architecture is being used, but right-padding was detected! For correct generation results, please set `padding_side='left'` when initializing the tokenizer.
{"step": 115, "epoch": 0, "rows": 8, "skipped": 0, "answer_accuracy": 0.5, "updates": 4, "seconds": 2.322122573852539, "time": 1790924312.2843149, "loss": -0.8140124554986383, "confidence": 0.6016557912691691, "mass": 0.999996745590365, "hinge_active": 0.0, "stop_prob": 0.9996697679162025, "sampled_number_rate": 1.0, "kl": 0.0, "kl_coef": 0.05, "value_loss": 0.0}
A decoder-only architecture is being used, but right-padding was detected! For correct generation results, please set `padding_side='left'` when initializing the tokenizer.
{"step": 116, "epoch": 0, "rows": 8, "skipped": 0, "answer_accuracy": 0.75, "updates": 4, "seconds": 2.357797384262085, "time": 1790924314.6427844, "loss": -0.8506028620597934, "confidence": 0.5872070092302967, "mass": 0.9999924301696754, "hinge_active": 0.0, "stop_prob": 0.9994643181562424, "sampled_number_rate": 1.0, "kl": 0.0, "kl_coef": 0.05, "value_loss": 0.0}
A decoder-only architecture is being used, but right-padding was detected! For correct generation results, please set `padding_side='left'` when initializing the tokenizer.
{"step": 117, "epoch": 0, "rows": 8, "skipped": 0, "answer_accuracy": 0.5, "updates": 4, "seconds": 2.3717544078826904, "time": 1790924317.015171, "loss": -0.772942590261934, "confidence": 0.5563365802537139, "mass": 0.9999970233601785, "hinge_active": 0.0, "stop_prob": 0.9996696785092354, "sampled_number_rate": 1.0, "kl": 0.0, "kl_coef": 0.05, "value_loss": 0.0}
A decoder-only architecture is being used, but right-padding was detected! For correct generation results, please set `padding_side='left'` when initializing the tokenizer.
{"step": 118, "epoch": 0, "rows": 7, "skipped": 1, "answer_accuracy": 0.42857142857142855, "updates": 4, "seconds": 3.2767653465270996, "time": 1790924320.2927186, "loss": -0.8336616402719904, "confidence": 0.40543675806587104, "mass": 0.9999939751596841, "hinge_active": 0.0, "stop_prob": 0.9994174071720668, "sampled_number_rate": 0.9999999999999998, "kl": 0.0, "kl_coef": 0.05, "value_loss": 0.0}
A decoder-only architecture is being used, but right-padding was detected! For correct generation results, please set `padding_side='left'` when initializing the tokenizer.
{"step": 119, "epoch": 0, "rows": 8, "skipped": 0, "answer_accuracy": 0.375, "updates": 4, "seconds": 2.3448712825775146, "time": 1790924322.6383672, "loss": -0.8786813853425213, "confidence": 0.48419873914191763, "mass": 0.9999946536654474, "hinge_active": 0.0, "stop_prob": 0.9995486289262772, "sampled_number_rate": 1.0, "kl": 0.0, "kl_coef": 0.05, "value_loss": 0.0}
A decoder-only architecture is being used, but right-padding was detected! For correct generation results, please set `padding_side='left'` when initializing the tokenizer.
{"step": 120, "epoch": 0, "rows": 8, "skipped": 0, "answer_accuracy": 0.375, "updates": 4, "seconds": 2.2915940284729004, "time": 1790924324.9306717, "loss": -0.8686848107667571, "confidence": 0.506664596864841, "mass": 0.9999935398440908, "hinge_active": 0.0, "stop_prob": 0.9988494142889977, "sampled_number_rate": 1.0, "kl": 0.0, "kl_coef": 0.05, "value_loss": 0.0}
A decoder-only architecture is being used, but right-padding was detected! For correct generation results, please set `padding_side='left'` when initializing the tokenizer.
{"step": 121, "epoch": 0, "rows": 8, "skipped": 0, "answer_accuracy": 0.75, "updates": 4, "seconds": 2.5720200538635254, "time": 1790924327.5034645, "loss": -0.9008311529394798, "confidence": 0.6638995661562009, "mass": 0.9999938824274713, "hinge_active": 0.0, "stop_prob": 0.9992791786789894, "sampled_number_rate": 1.0, "kl": 0.0, "kl_coef": 0.05, "value_loss": 0.0}
A decoder-only architecture is being used, but right-padding was detected! For correct generation results, please set `padding_side='left'` when initializing the tokenizer.
{"step": 122, "epoch": 0, "rows": 8, "skipped": 0, "answer_accuracy": 0.25, "updates": 4, "seconds": 2.2316787242889404, "time": 1790924329.7359912, "loss": -0.7785440207666667, "confidence": 0.5920277310932128, "mass": 0.999993435478806, "hinge_active": 0.0, "stop_prob": 0.999212846159935, "sampled_number_rate": 1.0, "kl": 0.0, "kl_coef": 0.05, "value_loss": 0.0}
A decoder-only architecture is being used, but right-padding was detected! For correct generation results, please set `padding_side='left'` when initializing the tokenizer.
{"step": 123, "epoch": 0, "rows": 8, "skipped": 0, "answer_accuracy": 0.5, "updates": 4, "seconds": 2.3130195140838623, "time": 1790924332.0496855, "loss": -0.8469762272839338, "confidence": 0.5982025162881484, "mass": 0.9999924207674589, "hinge_active": 0.0, "stop_prob": 0.9994578287005424, "sampled_number_rate": 1.0, "kl": 0.0, "kl_coef": 0.05, "value_loss": 0.0}
A decoder-only architecture is being used, but right-padding was detected! For correct generation results, please set `padding_side='left'` when initializing the tokenizer.
{"step": 124, "epoch": 0, "rows": 8, "skipped": 0, "answer_accuracy": 0.875, "updates": 4, "seconds": 2.876394033432007, "time": 1790924334.9272068, "loss": -0.9042317652184588, "confidence": 0.6451759569018348, "mass": 0.9999961076919648, "hinge_active": 0.0, "stop_prob": 0.9996550157666206, "sampled_number_rate": 1.0, "kl": 0.0, "kl_coef": 0.05, "value_loss": 0.0}
A decoder-only architecture is being used, but right-padding was detected! For correct generation results, please set `padding_side='left'` when initializing the tokenizer.
{"step": 125, "epoch": 0, "rows": 8, "skipped": 0, "answer_accuracy": 0.875, "updates": 4, "seconds": 2.5283448696136475, "time": 1790924337.4563236, "loss": -0.8945705873111606, "confidence": 0.7368317124777495, "mass": 0.9999954797094314, "hinge_active": 0.0, "stop_prob": 0.999691441655159, "sampled_number_rate": 1.0, "kl": 0.0, "kl_coef": 0.05, "value_loss": 0.0}
A decoder-only architecture is being used, but right-padding was detected! For correct generation results, please set `padding_side='left'` when initializing the tokenizer.
{"step": 126, "epoch": 0, "rows": 8, "skipped": 0, "answer_accuracy": 0.5, "updates": 4, "seconds": 2.315394639968872, "time": 1790924339.7724278, "loss": -0.8541360188283735, "confidence": 0.584524390706523, "mass": 0.99999490796188, "hinge_active": 0.0, "stop_prob": 0.9992864578962326, "sampled_number_rate": 1.0, "kl": 0.0, "kl_coef": 0.05, "value_loss": 0.0}
A decoder-only architecture is being used, but right-padding was detected! For correct generation results, please set `padding_side='left'` when initializing the tokenizer.
{"step": 127, "epoch": 0, "rows": 8, "skipped": 0, "answer_accuracy": 0.25, "updates": 4, "seconds": 2.5959784984588623, "time": 1790924342.3692641, "loss": -0.83705842193201, "confidence": 0.4672433793365322, "mass": 0.9999932386861063, "hinge_active": 0.0, "stop_prob": 0.9979085251688957, "sampled_number_rate": 1.0, "kl": 0.0, "kl_coef": 0.05, "value_loss": 0.0}
A decoder-only architecture is being used, but right-padding was detected! For correct generation results, please set `padding_side='left'` when initializing the tokenizer.
{"step": 128, "epoch": 0, "rows": 8, "skipped": 0, "answer_accuracy": 0.5, "updates": 4, "seconds": 2.428339958190918, "time": 1790924344.798306, "loss": -0.8200838143774266, "confidence": 0.5515354733772699, "mass": 0.9999907251467562, "hinge_active": 0.0, "stop_prob": 0.9990988299250603, "sampled_number_rate": 1.0, "kl": 0.0, "kl_coef": 0.05, "value_loss": 0.0, "save_seconds": 0.5073261260986328}
A decoder-only architecture is being used, but right-padding was detected! For correct generation results, please set `padding_side='left'` when initializing the tokenizer.
{"step": 129, "epoch": 1, "rows": 8, "skipped": 0, "answer_accuracy": 0.5, "updates": 4, "seconds": 2.683851480484009, "time": 1790924348.3874266, "loss": -0.8075251977532816, "confidence": 0.6605911407571696, "mass": 0.999992458002544, "hinge_active": 0.0, "stop_prob": 0.9990301057696342, "sampled_number_rate": 1.0, "kl": 0.0, "kl_coef": 0.05, "value_loss": 0.0}
A decoder-only architecture is being used, but right-padding was detected! For correct generation results, please set `padding_side='left'` when initializing the tokenizer.
{"step": 130, "epoch": 1, "rows": 8, "skipped": 0, "answer_accuracy": 0.375, "updates": 4, "seconds": 2.3277881145477295, "time": 1790924350.7160037, "loss": -0.8398363338077782, "confidence": 0.5603465189530321, "mass": 0.9999897759265497, "hinge_active": 0.0, "stop_prob": 0.9992262050509453, "sampled_number_rate": 1.0, "kl": 0.0, "kl_coef": 0.05, "value_loss": 0.0}
A decoder-only architecture is being used, but right-padding was detected! For correct generation results, please set `padding_side='left'` when initializing the tokenizer.
{"step": 131, "epoch": 1, "rows": 8, "skipped": 0, "answer_accuracy": 0.375, "updates": 4, "seconds": 2.519859790802002, "time": 1790924353.2365475, "loss": -0.8136203483563065, "confidence": 0.6118560399339773, "mass": 0.9999945171968228, "hinge_active": 0.0, "stop_prob": 0.9994939342141151, "sampled_number_rate": 1.0, "kl": 0.0, "kl_coef": 0.05, "value_loss": 0.0}
A decoder-only architecture is being used, but right-padding was detected! For correct generation results, please set `padding_side='left'` when initializing the tokenizer.
{"step": 132, "epoch": 1, "rows": 8, "skipped": 0, "answer_accuracy": 0.625, "updates": 4, "seconds": 2.5690882205963135, "time": 1790924355.8063638, "loss": -0.8637855786482675, "confidence": 0.5573253609006718, "mass": 0.9999952383949087, "hinge_active": 0.0, "stop_prob": 0.9991448819637299, "sampled_number_rate": 1.0, "kl": 0.0, "kl_coef": 0.05, "value_loss": 0.0}
A decoder-only architecture is being used, but right-padding was detected! For correct generation results, please set `padding_side='left'` when initializing the tokenizer.
{"step": 133, "epoch": 1, "rows": 8, "skipped": 0, "answer_accuracy": 0.625, "updates": 4, "seconds": 2.262147903442383, "time": 1790924358.0692601, "loss": -0.8701810553838646, "confidence": 0.4180728632062356, "mass": 0.9999947350681955, "hinge_active": 0.0, "stop_prob": 0.9993018209934235, "sampled_number_rate": 1.0, "kl": 0.0, "kl_coef": 0.05, "value_loss": 0.0}
A decoder-only architecture is being used, but right-padding was detected! For correct generation results, please set `padding_side='left'` when initializing the tokenizer.
{"step": 134, "epoch": 1, "rows": 8, "skipped": 0, "answer_accuracy": 0.625, "updates": 4, "seconds": 2.5580825805664062, "time": 1790924360.6281154, "loss": -0.8763992931697786, "confidence": 0.5313601990477528, "mass": 0.9999329618747956, "hinge_active": 0.0, "stop_prob": 0.992082878947258, "sampled_number_rate": 1.0, "kl": 0.0, "kl_coef": 0.05, "value_loss": 0.0}
A decoder-only architecture is being used, but right-padding was detected! For correct generation results, please set `padding_side='left'` when initializing the tokenizer.
{"step": 135, "epoch": 1, "rows": 8, "skipped": 0, "answer_accuracy": 0.375, "updates": 4, "seconds": 2.421478509902954, "time": 1790924363.0506494, "loss": -0.8690627381630204, "confidence": 0.4625065742681616, "mass": 0.9999912605812665, "hinge_active": 0.0, "stop_prob": 0.9994495064020157, "sampled_number_rate": 1.0, "kl": 0.0, "kl_coef": 0.05, "value_loss": 0.0}
A decoder-only architecture is being used, but right-padding was detected! For correct generation results, please set `padding_side='left'` when initializing the tokenizer.
{"step": 136, "epoch": 1, "rows": 8, "skipped": 0, "answer_accuracy": 0.75, "updates": 4, "seconds": 2.3358144760131836, "time": 1790924365.3874094, "loss": -0.8386334739998839, "confidence": 0.4195323508367358, "mass": 0.9999951964544213, "hinge_active": 0.0, "stop_prob": 0.999480664730072, "sampled_number_rate": 1.0, "kl": 0.0, "kl_coef": 0.05, "value_loss": 0.0}
A decoder-only architecture is being used, but right-padding was detected! For correct generation results, please set `padding_side='left'` when initializing the tokenizer.
{"step": 137, "epoch": 1, "rows": 8, "skipped": 0, "answer_accuracy": 0.25, "updates": 4, "seconds": 2.238081693649292, "time": 1790924367.6264217, "loss": -0.9062724574947392, "confidence": 0.4046544164276815, "mass": 0.9999919596780145, "hinge_active": 0.0, "stop_prob": 0.9997898861765862, "sampled_number_rate": 1.0, "kl": 0.0, "kl_coef": 0.05, "value_loss": 0.0}
A decoder-only architecture is being used, but right-padding was detected! For correct generation results, please set `padding_side='left'` when initializing the tokenizer.
{"step": 138, "epoch": 1, "rows": 8, "skipped": 0, "answer_accuracy": 0.5, "updates": 4, "seconds": 2.334588050842285, "time": 1790924369.9618897, "loss": -0.8975324269686068, "confidence": 0.45798336037807846, "mass": 0.999991192735527, "hinge_active": 0.0, "stop_prob": 0.9997740089893341, "sampled_number_rate": 1.0, "kl": 0.0, "kl_coef": 0.05, "value_loss": 0.0}
A decoder-only architecture is being used, but right-padding was detected! For correct generation results, please set `padding_side='left'` when initializing the tokenizer.
{"step": 139, "epoch": 1, "rows": 8, "skipped": 0, "answer_accuracy": 0.625, "updates": 4, "seconds": 2.4862136840820312, "time": 1790924372.4490867, "loss": -0.9246187946438578, "confidence": 0.5029202447092915, "mass": 0.9999901124446952, "hinge_active": 0.0, "stop_prob": 0.9998002871870995, "sampled_number_rate": 1.0, "kl": 0.0, "kl_coef": 0.05, "value_loss": 0.0}
A decoder-only architecture is being used, but right-padding was detected! For correct generation results, please set `padding_side='left'` when initializing the tokenizer.
{"step": 140, "epoch": 1, "rows": 8, "skipped": 0, "answer_accuracy": 0.625, "updates": 4, "seconds": 2.3992536067962646, "time": 1790924374.8492396, "loss": -0.8830514955863625, "confidence": 0.42689228319769973, "mass": 0.9999849998102239, "hinge_active": 0.0, "stop_prob": 0.9995870143175125, "sampled_number_rate": 1.0, "kl": 0.0, "kl_coef": 0.05, "value_loss": 0.0}
A decoder-only architecture is being used, but right-padding was detected! For correct generation results, please set `padding_side='left'` when initializing the tokenizer.
{"step": 141, "epoch": 1, "rows": 8, "skipped": 0, "answer_accuracy": 0.75, "updates": 4, "seconds": 2.369037628173828, "time": 1790924377.2190533, "loss": -0.8958973103667627, "confidence": 0.6416339829340811, "mass": 0.9999936291858793, "hinge_active": 0.0, "stop_prob": 0.9997150152921677, "sampled_number_rate": 1.0, "kl": 0.0, "kl_coef": 0.05, "value_loss": 0.0}
A decoder-only architecture is being used, but right-padding was detected! For correct generation results, please set `padding_side='left'` when initializing the tokenizer.
{"step": 142, "epoch": 1, "rows": 8, "skipped": 0, "answer_accuracy": 0.375, "updates": 4, "seconds": 2.560581922531128, "time": 1790924379.7804253, "loss": -0.84189435612087, "confidence": 0.5859105525140624, "mass": 0.9999916950198604, "hinge_active": 0.0, "stop_prob": 0.9980700314044952, "sampled_number_rate": 1.0, "kl": 0.0, "kl_coef": 0.05, "value_loss": 0.0}
A decoder-only architecture is being used, but right-padding was detected! For correct generation results, please set `padding_side='left'` when initializing the tokenizer.
{"step": 143, "epoch": 1, "rows": 8, "skipped": 0, "answer_accuracy": 0.625, "updates": 4, "seconds": 2.3103718757629395, "time": 1790924382.0915694, "loss": -0.9381195001320658, "confidence": 0.5214702709372021, "mass": 0.9999843553750373, "hinge_active": 0.0, "stop_prob": 0.9980625063180923, "sampled_number_rate": 1.0, "kl": 0.0, "kl_coef": 0.05, "value_loss": 0.0}
A decoder-only architecture is being used, but right-padding was detected! For correct generation results, please set `padding_side='left'` when initializing the tokenizer.
{"step": 144, "epoch": 1, "rows": 8, "skipped": 0, "answer_accuracy": 0.375, "updates": 4, "seconds": 2.822039842605591, "time": 1790924384.9146123, "loss": -0.8183461491209034, "confidence": 0.5053279970876852, "mass": 0.9999869011984961, "hinge_active": 0.0, "stop_prob": 0.9995741248130798, "sampled_number_rate": 1.0, "kl": 0.0, "kl_coef": 0.05, "value_loss": 0.0}
A decoder-only architecture is being used, but right-padding was detected! For correct generation results, please set `padding_side='left'` when initializing the tokenizer.
{"step": 145, "epoch": 1, "rows": 8, "skipped": 0, "answer_accuracy": 0.625, "updates": 4, "seconds": 2.280381441116333, "time": 1790924387.1958587, "loss": -0.7932578032438286, "confidence": 0.8125489675685984, "mass": 0.9999946272885494, "hinge_active": 0.0, "stop_prob": 0.9997086599469185, "sampled_number_rate": 1.0, "kl": 0.0, "kl_coef": 0.05, "value_loss": 0.0}
A decoder-only architecture is being used, but right-padding was detected! For correct generation results, please set `padding_side='left'` when initializing the tokenizer.
{"step": 146, "epoch": 1, "rows": 8, "skipped": 0, "answer_accuracy": 0.25, "updates": 4, "seconds": 2.207585096359253, "time": 1790924389.404455, "loss": -0.864335543261178, "confidence": 0.44144558149617324, "mass": 0.9999842570509595, "hinge_active": 0.0, "stop_prob": 0.9978838860988617, "sampled_number_rate": 1.0, "kl": 0.0, "kl_coef": 0.05, "value_loss": 0.0}
A decoder-only architecture is being used, but right-padding was detected! For correct generation results, please set `padding_side='left'` when initializing the tokenizer.
{"step": 147, "epoch": 1, "rows": 8, "skipped": 0, "answer_accuracy": 0.375, "updates": 4, "seconds": 2.268018960952759, "time": 1790924391.6732614, "loss": -0.8982591229208708, "confidence": 0.37431630678658645, "mass": 0.9999924507223539, "hinge_active": 0.0, "stop_prob": 0.9971660897135735, "sampled_number_rate": 1.0, "kl": 0.0, "kl_coef": 0.05, "value_loss": 0.0}
A decoder-only architecture is being used, but right-padding was detected! For correct generation results, please set `padding_side='left'` when initializing the tokenizer.
{"step": 148, "epoch": 1, "rows": 8, "skipped": 0, "answer_accuracy": 0.375, "updates": 4, "seconds": 2.3188726902008057, "time": 1790924393.9930706, "loss": -0.8373703946773645, "confidence": 0.3314696185980324, "mass": 0.9999910015451343, "hinge_active": 0.0, "stop_prob": 0.9981239214539528, "sampled_number_rate": 1.0, "kl": 0.0, "kl_coef": 0.05, "value_loss": 0.0}
A decoder-only architecture is being used, but right-padding was detected! For correct generation results, please set `padding_side='left'` when initializing the tokenizer.
{"step": 149, "epoch": 1, "rows": 8, "skipped": 0, "answer_accuracy": 0.75, "updates": 4, "seconds": 2.3019886016845703, "time": 1790924396.295971, "loss": -0.8872881763063604, "confidence": 0.49537805035162236, "mass": 0.9999926768248762, "hinge_active": 0.0, "stop_prob": 0.9983928948640823, "sampled_number_rate": 1.0, "kl": 0.0, "kl_coef": 0.05, "value_loss": 0.0}
A decoder-only architecture is being used, but right-padding was detected! For correct generation results, please set `padding_side='left'` when initializing the tokenizer.
{"step": 150, "epoch": 1, "rows": 8, "skipped": 0, "answer_accuracy": 0.5, "updates": 4, "seconds": 2.5397579669952393, "time": 1790924398.8365583, "loss": -0.8645195976385023, "confidence": 0.4343742710578366, "mass": 0.999996566294423, "hinge_active": 0.0, "stop_prob": 0.999818317592144, "sampled_number_rate": 1.0, "kl": 0.0, "kl_coef": 0.05, "value_loss": 0.0}
A decoder-only architecture is being used, but right-padding was detected! For correct generation results, please set `padding_side='left'` when initializing the tokenizer.
{"step": 151, "epoch": 1, "rows": 8, "skipped": 0, "answer_accuracy": 0.5, "updates": 4, "seconds": 2.2912299633026123, "time": 1790924401.1285968, "loss": -0.8706644054305541, "confidence": 0.5969176190226047, "mass": 0.9999900883211053, "hinge_active": 0.0, "stop_prob": 0.9994353875517845, "sampled_number_rate": 1.0, "kl": 0.0, "kl_coef": 0.05, "value_loss": 0.0}
A decoder-only architecture is being used, but right-padding was detected! For correct generation results, please set `padding_side='left'` when initializing the tokenizer.
{"step": 152, "epoch": 1, "rows": 8, "skipped": 0, "answer_accuracy": 0.5, "updates": 4, "seconds": 2.5639760494232178, "time": 1790924403.693471, "loss": -0.8651496875051108, "confidence": 0.45560830671331415, "mass": 0.9999960150140993, "hinge_active": 0.0, "stop_prob": 0.9995823726058006, "sampled_number_rate": 1.0, "kl": 0.0, "kl_coef": 0.05, "value_loss": 0.0}
A decoder-only architecture is being used, but right-padding was detected! For correct generation results, please set `padding_side='left'` when initializing the tokenizer.
{"step": 153, "epoch": 1, "rows": 8, "skipped": 0, "answer_accuracy": 0.375, "updates": 4, "seconds": 2.2372207641601562, "time": 1790924405.9315152, "loss": -0.8233286498851523, "confidence": 0.5409277019346324, "mass": 0.9999869651481041, "hinge_active": 0.0, "stop_prob": 0.9997445344924927, "sampled_number_rate": 1.0, "kl": 0.0, "kl_coef": 0.05, "value_loss": 0.0}
A decoder-only architecture is being used, but right-padding was detected! For correct generation results, please set `padding_side='left'` when initializing the tokenizer.
{"step": 154, "epoch": 1, "rows": 8, "skipped": 0, "answer_accuracy": 0.5, "updates": 4, "seconds": 2.36313533782959, "time": 1790924408.2956002, "loss": -0.7009099051865872, "confidence": 0.3715812966751929, "mass": 0.9999922074131877, "hinge_active": 0.0, "stop_prob": 0.9980564564466476, "sampled_number_rate": 1.0, "kl": 0.0, "kl_coef": 0.05, "value_loss": 0.0}
A decoder-only architecture is being used, but right-padding was detected! For correct generation results, please set `padding_side='left'` when initializing the tokenizer.
{"step": 155, "epoch": 1, "rows": 8, "skipped": 0, "answer_accuracy": 0.25, "updates": 4, "seconds": 2.2623019218444824, "time": 1790924410.5588117, "loss": -0.8534228764282747, "confidence": 0.4911819214243619, "mass": 0.9999938175468509, "hinge_active": 0.0, "stop_prob": 0.9991631358861923, "sampled_number_rate": 1.0, "kl": 0.0, "kl_coef": 0.05, "value_loss": 0.0}
A decoder-only architecture is being used, but right-padding was detected! For correct generation results, please set `padding_side='left'` when initializing the tokenizer.
{"step": 156, "epoch": 1, "rows": 8, "skipped": 0, "answer_accuracy": 0.375, "updates": 4, "seconds": 2.489734649658203, "time": 1790924413.0493462, "loss": -0.8268258967777417, "confidence": 0.5820025892560065, "mass": 0.9999930068930495, "hinge_active": 0.0, "stop_prob": 0.9978735446929932, "sampled_number_rate": 1.0, "kl": 0.0, "kl_coef": 0.05, "value_loss": 0.0}
A decoder-only architecture is being used, but right-padding was detected! For correct generation results, please set `padding_side='left'` when initializing the tokenizer.
{"step": 157, "epoch": 1, "rows": 8, "skipped": 0, "answer_accuracy": 0.75, "updates": 4, "seconds": 2.7518715858459473, "time": 1790924415.8021889, "loss": -0.8744775217369742, "confidence": 0.6190602958059019, "mass": 0.9999944170737175, "hinge_active": 0.0, "stop_prob": 0.9995744451880455, "sampled_number_rate": 1.0, "kl": 0.0, "kl_coef": 0.05, "value_loss": 0.0}
A decoder-only architecture is being used, but right-padding was detected! For correct generation results, please set `padding_side='left'` when initializing the tokenizer.
{"step": 158, "epoch": 1, "rows": 8, "skipped": 0, "answer_accuracy": 0.875, "updates": 4, "seconds": 2.3527729511260986, "time": 1790924418.155899, "loss": -0.8978054700023151, "confidence": 0.6193199362709103, "mass": 0.9999968592745035, "hinge_active": 0.0, "stop_prob": 0.9998153671622276, "sampled_number_rate": 1.0, "kl": 0.0, "kl_coef": 0.05, "value_loss": 0.0}
A decoder-only architecture is being used, but right-padding was detected! For correct generation results, please set `padding_side='left'` when initializing the tokenizer.
{"step": 159, "epoch": 1, "rows": 8, "skipped": 0, "answer_accuracy": 0.25, "updates": 4, "seconds": 2.4060819149017334, "time": 1790924420.5629742, "loss": -0.8408533182749138, "confidence": 0.49476972649159134, "mass": 0.9999913340886197, "hinge_active": 0.0, "stop_prob": 0.9994789734482765, "sampled_number_rate": 1.0, "kl": 0.0, "kl_coef": 0.05, "value_loss": 0.0}
A decoder-only architecture is being used, but right-padding was detected! For correct generation results, please set `padding_side='left'` when initializing the tokenizer.
{"step": 160, "epoch": 1, "rows": 8, "skipped": 0, "answer_accuracy": 0.75, "updates": 4, "seconds": 2.276270627975464, "time": 1790924422.840152, "loss": -0.9232290564706861, "confidence": 0.6942039965365993, "mass": 0.9999924696196952, "hinge_active": 0.0, "stop_prob": 0.9967083930969238, "sampled_number_rate": 1.0, "kl": 0.0, "kl_coef": 0.05, "value_loss": 0.0}
A decoder-only architecture is being used, but right-padding was detected! For correct generation results, please set `padding_side='left'` when initializing the tokenizer.
{"step": 161, "epoch": 1, "rows": 8, "skipped": 0, "answer_accuracy": 0.375, "updates": 4, "seconds": 2.2702176570892334, "time": 1790924425.111187, "loss": -0.9117243104505672, "confidence": 0.5056011528387926, "mass": 0.9999957406768337, "hinge_active": 0.0, "stop_prob": 0.9996996074914932, "sampled_number_rate": 1.0, "kl": 0.0, "kl_coef": 0.05, "value_loss": 0.0}
A decoder-only architecture is being used, but right-padding was detected! For correct generation results, please set `padding_side='left'` when initializing the tokenizer.
{"step": 162, "epoch": 1, "rows": 8, "skipped": 0, "answer_accuracy": 0.625, "updates": 4, "seconds": 2.386716842651367, "time": 1790924427.4987626, "loss": -0.9090149538626884, "confidence": 0.629866962237627, "mass": 0.9999917130060885, "hinge_active": 0.0, "stop_prob": 0.9995755255222321, "sampled_number_rate": 1.0, "kl": 0.0, "kl_coef": 0.05, "value_loss": 0.0}
A decoder-only architecture is being used, but right-padding was detected! For correct generation results, please set `padding_side='left'` when initializing the tokenizer.
{"step": 163, "epoch": 1, "rows": 8, "skipped": 0, "answer_accuracy": 0.75, "updates": 4, "seconds": 2.2962512969970703, "time": 1790924429.7959754, "loss": -0.948857572269851, "confidence": 0.6383924024336004, "mass": 0.9999899675647486, "hinge_active": 0.0, "stop_prob": 0.9978949949145317, "sampled_number_rate": 1.0, "kl": 0.0, "kl_coef": 0.05, "value_loss": 0.0}
A decoder-only architecture is being used, but right-padding was detected! For correct generation results, please set `padding_side='left'` when initializing the tokenizer.
{"step": 164, "epoch": 1, "rows": 8, "skipped": 0, "answer_accuracy": 0.75, "updates": 4, "seconds": 2.281895637512207, "time": 1790924432.0787566, "loss": -0.8676582668777333, "confidence": 0.5510887113204822, "mass": 0.9999914287018281, "hinge_active": 0.0, "stop_prob": 0.9995479881763458, "sampled_number_rate": 1.0, "kl": 0.0, "kl_coef": 0.05, "value_loss": 0.0}
A decoder-only architecture is being used, but right-padding was detected! For correct generation results, please set `padding_side='left'` when initializing the tokenizer.
{"step": 165, "epoch": 1, "rows": 7, "skipped": 1, "answer_accuracy": 0.2857142857142857, "updates": 4, "seconds": 14.892608642578125, "time": 1790924446.972234, "loss": -0.8563273895993989, "confidence": 0.46408869307079936, "mass": 0.9999859631313521, "hinge_active": 0.0, "stop_prob": 0.9939976845468793, "sampled_number_rate": 0.9999999999999998, "kl": 0.0, "kl_coef": 0.05, "value_loss": 0.0}
A decoder-only architecture is being used, but right-padding was detected! For correct generation results, please set `padding_side='left'` when initializing the tokenizer.
{"step": 166, "epoch": 1, "rows": 8, "skipped": 0, "answer_accuracy": 0.5, "updates": 4, "seconds": 2.455443859100342, "time": 1790924449.4284632, "loss": -0.939685971963153, "confidence": 0.5365380986641044, "mass": 0.9999714083847399, "hinge_active": 0.0, "stop_prob": 0.9989407658576965, "sampled_number_rate": 1.0, "kl": 0.0, "kl_coef": 0.05, "value_loss": 0.0}
A decoder-only architecture is being used, but right-padding was detected! For correct generation results, please set `padding_side='left'` when initializing the tokenizer.
{"step": 167, "epoch": 1, "rows": 8, "skipped": 0, "answer_accuracy": 0.5, "updates": 4, "seconds": 2.366408109664917, "time": 1790924451.795711, "loss": -0.9184646555412364, "confidence": 0.5655299620910205, "mass": 0.9998104352221924, "hinge_active": 0.0, "stop_prob": 0.9955730959773064, "sampled_number_rate": 1.0, "kl": 0.0, "kl_coef": 0.05, "value_loss": 0.0}
A decoder-only architecture is being used, but right-padding was detected! For correct generation results, please set `padding_side='left'` when initializing the tokenizer.
{"step": 168, "epoch": 1, "rows": 8, "skipped": 0, "answer_accuracy": 0.375, "updates": 4, "seconds": 2.224656105041504, "time": 1790924454.021423, "loss": -0.9634519379609553, "confidence": 0.3395263635031243, "mass": 0.9999653562283284, "hinge_active": 0.0, "stop_prob": 0.9831253588199615, "sampled_number_rate": 1.0, "kl": 0.0, "kl_coef": 0.05, "value_loss": 0.0}
A decoder-only architecture is being used, but right-padding was detected! For correct generation results, please set `padding_side='left'` when initializing the tokenizer.
{"step": 169, "epoch": 1, "rows": 8, "skipped": 0, "answer_accuracy": 0.5, "updates": 4, "seconds": 2.301163673400879, "time": 1790924456.323636, "loss": -0.7374668625093869, "confidence": 0.3319452741269757, "mass": 0.9999755561118527, "hinge_active": 0.0, "stop_prob": 0.9983151704072952, "sampled_number_rate": 1.0, "kl": 0.0, "kl_coef": 0.05, "value_loss": 0.0}
A decoder-only architecture is being used, but right-padding was detected! For correct generation results, please set `padding_side='left'` when initializing the tokenizer.
{"step": 170, "epoch": 1, "rows": 8, "skipped": 0, "answer_accuracy": 0.375, "updates": 4, "seconds": 2.3596339225769043, "time": 1790924458.6840484, "loss": -0.9823635153891619, "confidence": 0.35300898487805715, "mass": 0.9992382632561325, "hinge_active": 0.0, "stop_prob": 0.9967948868870735, "sampled_number_rate": 1.0, "kl": 0.0, "kl_coef": 0.05, "value_loss": 0.0}
A decoder-only architecture is being used, but right-padding was detected! For correct generation results, please set `padding_side='left'` when initializing the tokenizer.
{"step": 171, "epoch": 1, "rows": 8, "skipped": 0, "answer_accuracy": 0.5, "updates": 4, "seconds": 2.3635542392730713, "time": 1790924461.0484238, "loss": -0.9675457435201882, "confidence": 0.43093373086254905, "mass": 0.9999210837176663, "hinge_active": 0.0, "stop_prob": 0.9975766837596893, "sampled_number_rate": 1.0, "kl": 0.0, "kl_coef": 0.05, "value_loss": 0.0}
A decoder-only architecture is being used, but right-padding was detected! For correct generation results, please set `padding_side='left'` when initializing the tokenizer.
{"step": 172, "epoch": 1, "rows": 8, "skipped": 0, "answer_accuracy": 0.5, "updates": 4, "seconds": 2.3337666988372803, "time": 1790924463.3829412, "loss": -0.8735890066973944, "confidence": 0.6259561249726546, "mass": 0.999985343311587, "hinge_active": 0.0, "stop_prob": 0.9995423778891563, "sampled_number_rate": 1.0, "kl": 0.0, "kl_coef": 0.05, "value_loss": 0.0}
A decoder-only architecture is being used, but right-padding was detected! For correct generation results, please set `padding_side='left'` when initializing the tokenizer.
{"step": 173, "epoch": 1, "rows": 8, "skipped": 0, "answer_accuracy": 0.75, "updates": 4, "seconds": 2.382765531539917, "time": 1790924465.7665446, "loss": -0.8433149136622905, "confidence": 0.8300315258330783, "mass": 0.9999942822326151, "hinge_active": 0.0, "stop_prob": 0.9998428747057915, "sampled_number_rate": 1.0, "kl": 0.0, "kl_coef": 0.05, "value_loss": 0.0}
A decoder-only architecture is being used, but right-padding was detected! For correct generation results, please set `padding_side='left'` when initializing the tokenizer.
{"step": 174, "epoch": 1, "rows": 8, "skipped": 0, "answer_accuracy": 0.5, "updates": 4, "seconds": 2.370004415512085, "time": 1790924468.1373367, "loss": -0.8373488933759616, "confidence": 0.5883038299493578, "mass": 0.9999958742961482, "hinge_active": 0.0, "stop_prob": 0.9998830035328865, "sampled_number_rate": 1.0, "kl": 0.0, "kl_coef": 0.05, "value_loss": 0.0}
A decoder-only architecture is being used, but right-padding was detected! For correct generation results, please set `padding_side='left'` when initializing the tokenizer.
{"step": 175, "epoch": 1, "rows": 8, "skipped": 0, "answer_accuracy": 0.25, "updates": 4, "seconds": 2.3182857036590576, "time": 1790924470.4564059, "loss": -0.8590128952981271, "confidence": 0.4774149476975269, "mass": 0.9999949014069707, "hinge_active": 0.0, "stop_prob": 0.9998911693692207, "sampled_number_rate": 1.0, "kl": 0.0, "kl_coef": 0.05, "value_loss": 0.0}
A decoder-only architecture is being used, but right-padding was detected! For correct generation results, please set `padding_side='left'` when initializing the tokenizer.
{"step": 176, "epoch": 1, "rows": 8, "skipped": 0, "answer_accuracy": 0.625, "updates": 4, "seconds": 2.514136552810669, "time": 1790924472.9713633, "loss": -0.715945064690304, "confidence": 0.6725569528462494, "mass": 0.9999919958840728, "hinge_active": 0.0, "stop_prob": 0.9998954981565475, "sampled_number_rate": 1.0, "kl": 0.0, "kl_coef": 0.05, "value_loss": 0.0}
A decoder-only architecture is being used, but right-padding was detected! For correct generation results, please set `padding_side='left'` when initializing the tokenizer.
{"step": 177, "epoch": 1, "rows": 8, "skipped": 0, "answer_accuracy": 0.625, "updates": 4, "seconds": 2.6926276683807373, "time": 1790924475.667989, "loss": -0.8586737131075457, "confidence": 0.4774242110861279, "mass": 0.9999938418631324, "hinge_active": 0.0, "stop_prob": 0.999781146645546, "sampled_number_rate": 1.0, "kl": 0.0, "kl_coef": 0.05, "value_loss": 0.0}
A decoder-only architecture is being used, but right-padding was detected! For correct generation results, please set `padding_side='left'` when initializing the tokenizer.
{"step": 178, "epoch": 1, "rows": 8, "skipped": 0, "answer_accuracy": 0.375, "updates": 4, "seconds": 2.474378824234009, "time": 1790924478.143996, "loss": -0.8960142057647743, "confidence": 0.2970848778009245, "mass": 0.9999846170617477, "hinge_active": 0.0, "stop_prob": 0.999266006052494, "sampled_number_rate": 1.0, "kl": 0.0, "kl_coef": 0.05, "value_loss": 0.0}
A decoder-only architecture is being used, but right-padding was detected! For correct generation results, please set `padding_side='left'` when initializing the tokenizer.
{"step": 179, "epoch": 1, "rows": 8, "skipped": 0, "answer_accuracy": 0.625, "updates": 4, "seconds": 2.3282923698425293, "time": 1790924480.4731975, "loss": -0.9104355327802764, "confidence": 0.5089324780096809, "mass": 0.9999939879480572, "hinge_active": 0.0, "stop_prob": 0.9998555108904839, "sampled_number_rate": 1.0, "kl": 0.0, "kl_coef": 0.05, "value_loss": 0.0}
A decoder-only architecture is being used, but right-padding was detected! For correct generation results, please set `padding_side='left'` when initializing the tokenizer.
{"step": 180, "epoch": 1, "rows": 8, "skipped": 0, "answer_accuracy": 0.5, "updates": 4, "seconds": 2.280101776123047, "time": 1790924482.7540941, "loss": -0.7593488569935956, "confidence": 0.5703784295331072, "mass": 0.9999974931838151, "hinge_active": 0.0, "stop_prob": 0.9999179840087891, "sampled_number_rate": 1.0, "kl": 0.0, "kl_coef": 0.05, "value_loss": 0.0}
A decoder-only architecture is being used, but right-padding was detected! For correct generation results, please set `padding_side='left'` when initializing the tokenizer.
{"step": 181, "epoch": 1, "rows": 8, "skipped": 0, "answer_accuracy": 0.625, "updates": 4, "seconds": 2.3508596420288086, "time": 1790924485.1057189, "loss": -0.860870629712099, "confidence": 0.5752216822268202, "mass": 0.9999971490302497, "hinge_active": 0.0, "stop_prob": 0.9999032840132713, "sampled_number_rate": 1.0, "kl": 0.0, "kl_coef": 0.05, "value_loss": 0.0}
A decoder-only architecture is being used, but right-padding was detected! For correct generation results, please set `padding_side='left'` when initializing the tokenizer.
{"step": 182, "epoch": 1, "rows": 8, "skipped": 0, "answer_accuracy": 0.25, "updates": 4, "seconds": 2.6687755584716797, "time": 1790924487.7755392, "loss": -0.888565458065682, "confidence": 0.3793469729459443, "mass": 0.9999932893344626, "hinge_active": 0.0, "stop_prob": 0.9995934143662453, "sampled_number_rate": 1.0, "kl": 0.0, "kl_coef": 0.05, "value_loss": 0.0}
A decoder-only architecture is being used, but right-padding was detected! For correct generation results, please set `padding_side='left'` when initializing the tokenizer.
{"step": 183, "epoch": 1, "rows": 8, "skipped": 0, "answer_accuracy": 0.5, "updates": 4, "seconds": 2.3586552143096924, "time": 1790924490.1351278, "loss": -0.8790532841953119, "confidence": 0.4879385540480163, "mass": 0.9999938769776104, "hinge_active": 0.0, "stop_prob": 0.9992547407746315, "sampled_number_rate": 1.0, "kl": 0.0, "kl_coef": 0.05, "value_loss": 0.0}
A decoder-only architecture is being used, but right-padding was detected! For correct generation results, please set `padding_side='left'` when initializing the tokenizer.
{"step": 184, "epoch": 1, "rows": 8, "skipped": 0, "answer_accuracy": 0.625, "updates": 4, "seconds": 2.379312515258789, "time": 1790924492.5152912, "loss": -0.9092022719350958, "confidence": 0.5147298680009245, "mass": 0.99999714121882, "hinge_active": 0.0, "stop_prob": 0.9998845383524895, "sampled_number_rate": 1.0, "kl": 0.0, "kl_coef": 0.05, "value_loss": 0.0}
A decoder-only architecture is being used, but right-padding was detected! For correct generation results, please set `padding_side='left'` when initializing the tokenizer.
{"step": 185, "epoch": 1, "rows": 8, "skipped": 0, "answer_accuracy": 0.25, "updates": 4, "seconds": 2.3927721977233887, "time": 1790924494.908882, "loss": -0.8283970161847395, "confidence": 0.3138703147641054, "mass": 0.999992777207991, "hinge_active": 0.0, "stop_prob": 0.999750405550003, "sampled_number_rate": 1.0, "kl": 0.0, "kl_coef": 0.05, "value_loss": 0.0}
A decoder-only architecture is being used, but right-padding was detected! For correct generation results, please set `padding_side='left'` when initializing the tokenizer.
{"step": 186, "epoch": 1, "rows": 8, "skipped": 0, "answer_accuracy": 0.625, "updates": 4, "seconds": 2.5030882358551025, "time": 1790924497.4127343, "loss": -0.8764639149104307, "confidence": 0.5462766776962665, "mass": 0.9999931635483178, "hinge_active": 0.0, "stop_prob": 0.9998612254858017, "sampled_number_rate": 1.0, "kl": 0.0, "kl_coef": 0.05, "value_loss": 0.0}
A decoder-only architecture is being used, but right-padding was detected! For correct generation results, please set `padding_side='left'` when initializing the tokenizer.
{"step": 187, "epoch": 1, "rows": 8, "skipped": 0, "answer_accuracy": 0.5, "updates": 4, "seconds": 2.3051259517669678, "time": 1790924499.7186937, "loss": -0.8692255494914523, "confidence": 0.5750070876158953, "mass": 0.9999965548184666, "hinge_active": 0.0, "stop_prob": 0.9999079033732414, "sampled_number_rate": 1.0, "kl": 0.0, "kl_coef": 0.05, "value_loss": 0.0}
A decoder-only architecture is being used, but right-padding was detected! For correct generation results, please set `padding_side='left'` when initializing the tokenizer.
{"step": 188, "epoch": 1, "rows": 8, "skipped": 0, "answer_accuracy": 0.5, "updates": 4, "seconds": 2.3164563179016113, "time": 1790924502.0358188, "loss": -0.9007726104082238, "confidence": 0.43076847890122116, "mass": 0.9999946230765128, "hinge_active": 0.0, "stop_prob": 0.9997261017560959, "sampled_number_rate": 1.0, "kl": 0.0, "kl_coef": 0.05, "value_loss": 0.0}
A decoder-only architecture is being used, but right-padding was detected! For correct generation results, please set `padding_side='left'` when initializing the tokenizer.
{"step": 189, "epoch": 1, "rows": 7, "skipped": 1, "answer_accuracy": 0.5714285714285714, "updates": 4, "seconds": 2.6835155487060547, "time": 1790924504.7200818, "loss": -0.893888731844136, "confidence": 0.5179352085293767, "mass": 0.9999946691804209, "hinge_active": 0.0, "stop_prob": 0.9996851001467023, "sampled_number_rate": 0.9999999999999998, "kl": 0.0, "kl_coef": 0.05, "value_loss": 0.0}
A decoder-only architecture is being used, but right-padding was detected! For correct generation results, please set `padding_side='left'` when initializing the tokenizer.
{"step": 190, "epoch": 1, "rows": 8, "skipped": 0, "answer_accuracy": 0.25, "updates": 4, "seconds": 2.4796695709228516, "time": 1790924507.20071, "loss": -0.8863973845667036, "confidence": 0.4260013800259598, "mass": 0.9999911008428678, "hinge_active": 0.0, "stop_prob": 0.9993476197123528, "sampled_number_rate": 1.0, "kl": 0.0, "kl_coef": 0.05, "value_loss": 0.0}
A decoder-only architecture is being used, but right-padding was detected! For correct generation results, please set `padding_side='left'` when initializing the tokenizer.
{"step": 191, "epoch": 1, "rows": 8, "skipped": 0, "answer_accuracy": 0.375, "updates": 4, "seconds": 2.3516883850097656, "time": 1790924509.5532794, "loss": -0.9276725349766545, "confidence": 0.2802730949149133, "mass": 0.9999868285507398, "hinge_active": 0.0, "stop_prob": 0.9988684579730034, "sampled_number_rate": 1.0, "kl": 0.0, "kl_coef": 0.05, "value_loss": 0.0}
A decoder-only architecture is being used, but right-padding was detected! For correct generation results, please set `padding_side='left'` when initializing the tokenizer.
{"step": 192, "epoch": 1, "rows": 8, "skipped": 0, "answer_accuracy": 0.5, "updates": 4, "seconds": 2.364204168319702, "time": 1790924511.9183185, "loss": -0.8482657295114985, "confidence": 0.5714984826674988, "mass": 0.9999931696759161, "hinge_active": 0.0, "stop_prob": 0.9967514798045158, "sampled_number_rate": 1.0, "kl": 0.0, "kl_coef": 0.05, "value_loss": 0.0}
A decoder-only architecture is being used, but right-padding was detected! For correct generation results, please set `padding_side='left'` when initializing the tokenizer.
{"step": 193, "epoch": 1, "rows": 8, "skipped": 0, "answer_accuracy": 0.5, "updates": 4, "seconds": 2.344573974609375, "time": 1790924514.2638738, "loss": -0.8679266847968928, "confidence": 0.5697826813062623, "mass": 0.9999678302881406, "hinge_active": 0.0, "stop_prob": 0.9995685443282127, "sampled_number_rate": 1.0, "kl": 0.0, "kl_coef": 0.05, "value_loss": 0.0}
A decoder-only architecture is being used, but right-padding was detected! For correct generation results, please set `padding_side='left'` when initializing the tokenizer.
{"step": 194, "epoch": 1, "rows": 8, "skipped": 0, "answer_accuracy": 0.5, "updates": 4, "seconds": 2.5833256244659424, "time": 1790924516.8480613, "loss": -0.9225118134333131, "confidence": 0.5467361947080869, "mass": 0.9999949313264654, "hinge_active": 0.0, "stop_prob": 0.9998922422528267, "sampled_number_rate": 1.0, "kl": 0.0, "kl_coef": 0.05, "value_loss": 0.0}
A decoder-only architecture is being used, but right-padding was detected! For correct generation results, please set `padding_side='left'` when initializing the tokenizer.
{"step": 195, "epoch": 1, "rows": 8, "skipped": 0, "answer_accuracy": 0.375, "updates": 4, "seconds": 2.3300139904022217, "time": 1790924519.1788282, "loss": -0.8401803474985737, "confidence": 0.5674903508078307, "mass": 0.9999941555780132, "hinge_active": 0.0, "stop_prob": 0.999465174973011, "sampled_number_rate": 1.0, "kl": 0.0, "kl_coef": 0.05, "value_loss": 0.0}
A decoder-only architecture is being used, but right-padding was detected! For correct generation results, please set `padding_side='left'` when initializing the tokenizer.
{"step": 196, "epoch": 1, "rows": 8, "skipped": 0, "answer_accuracy": 0.25, "updates": 4, "seconds": 2.3091750144958496, "time": 1790924521.4888933, "loss": -0.9173804960293698, "confidence": 0.32212310226844376, "mass": 0.9999925300694654, "hinge_active": 0.0, "stop_prob": 0.9985726326704025, "sampled_number_rate": 1.0, "kl": 0.0, "kl_coef": 0.05, "value_loss": 0.0}
A decoder-only architecture is being used, but right-padding was detected! For correct generation results, please set `padding_side='left'` when initializing the tokenizer.
{"step": 197, "epoch": 1, "rows": 8, "skipped": 0, "answer_accuracy": 0.75, "updates": 4, "seconds": 2.3769683837890625, "time": 1790924523.866836, "loss": -0.7026217949566532, "confidence": 0.42913951372466674, "mass": 0.9999908346214422, "hinge_active": 0.0, "stop_prob": 0.9995659291744232, "sampled_number_rate": 1.0, "kl": 0.0, "kl_coef": 0.05, "value_loss": 0.0}
A decoder-only architecture is being used, but right-padding was detected! For correct generation results, please set `padding_side='left'` when initializing the tokenizer.
{"step": 198, "epoch": 1, "rows": 8, "skipped": 0, "answer_accuracy": 0.625, "updates": 4, "seconds": 2.334620952606201, "time": 1790924526.2023022, "loss": -0.8755032142617163, "confidence": 0.38218002353351727, "mass": 0.9999921024489734, "hinge_active": 0.0, "stop_prob": 0.99919493496418, "sampled_number_rate": 1.0, "kl": 0.0, "kl_coef": 0.05, "value_loss": 0.0}
A decoder-only architecture is being used, but right-padding was detected! For correct generation results, please set `padding_side='left'` when initializing the tokenizer.
{"step": 199, "epoch": 1, "rows": 8, "skipped": 0, "answer_accuracy": 0.625, "updates": 4, "seconds": 2.3113861083984375, "time": 1790924528.514555, "loss": -0.9020057065854381, "confidence": 0.4319596600928388, "mass": 0.9999916155050123, "hinge_active": 0.0, "stop_prob": 0.9962572827935219, "sampled_number_rate": 1.0, "kl": 0.0, "kl_coef": 0.05, "value_loss": 0.0}
A decoder-only architecture is being used, but right-padding was detected! For correct generation results, please set `padding_side='left'` when initializing the tokenizer.
{"step": 200, "epoch": 1, "rows": 8, "skipped": 0, "answer_accuracy": 0.75, "updates": 4, "seconds": 2.2626233100891113, "time": 1790924530.777952, "loss": -0.9340082797968553, "confidence": 0.6941365300175303, "mass": 0.9999933581630593, "hinge_active": 0.0, "stop_prob": 0.999790646135807, "sampled_number_rate": 1.0, "kl": 0.0, "kl_coef": 0.05, "value_loss": 0.0}
A decoder-only architecture is being used, but right-padding was detected! For correct generation results, please set `padding_side='left'` when initializing the tokenizer.
{"step": 201, "epoch": 1, "rows": 8, "skipped": 0, "answer_accuracy": 0.625, "updates": 4, "seconds": 2.655766487121582, "time": 1790924533.4346213, "loss": -0.8343862143006366, "confidence": 0.6942756638489526, "mass": 0.9999943240910523, "hinge_active": 0.0, "stop_prob": 0.9982539564371109, "sampled_number_rate": 1.0, "kl": 0.0, "kl_coef": 0.05, "value_loss": 0.0}
A decoder-only architecture is being used, but right-padding was detected! For correct generation results, please set `padding_side='left'` when initializing the tokenizer.
{"step": 202, "epoch": 1, "rows": 8, "skipped": 0, "answer_accuracy": 0.25, "updates": 4, "seconds": 2.537266254425049, "time": 1790924535.972924, "loss": -0.770809613916247, "confidence": 0.6432592037705855, "mass": 0.9999909043707709, "hinge_active": 0.0, "stop_prob": 0.9996489658951759, "sampled_number_rate": 1.0, "kl": 0.0, "kl_coef": 0.05, "value_loss": 0.0}
A decoder-only architecture is being used, but right-padding was detected! For correct generation results, please set `padding_side='left'` when initializing the tokenizer.
{"step": 203, "epoch": 1, "rows": 8, "skipped": 0, "answer_accuracy": 0.625, "updates": 4, "seconds": 2.541055202484131, "time": 1790924538.514837, "loss": -0.8323116062232139, "confidence": 0.8129212699025863, "mass": 0.9999796187778209, "hinge_active": 0.0, "stop_prob": 0.9998627454042435, "sampled_number_rate": 1.0, "kl": 0.0, "kl_coef": 0.05, "value_loss": 0.0}
A decoder-only architecture is being used, but right-padding was detected! For correct generation results, please set `padding_side='left'` when initializing the tokenizer.
{"step": 204, "epoch": 1, "rows": 8, "skipped": 0, "answer_accuracy": 0.625, "updates": 4, "seconds": 2.2497029304504395, "time": 1790924540.7654119, "loss": -0.8536640542934282, "confidence": 0.7183396838205703, "mass": 0.9999950553146693, "hinge_active": 0.0, "stop_prob": 0.9998985752463341, "sampled_number_rate": 1.0, "kl": 0.0, "kl_coef": 0.05, "value_loss": 0.0}
A decoder-only architecture is being used, but right-padding was detected! For correct generation results, please set `padding_side='left'` when initializing the tokenizer.
{"step": 205, "epoch": 1, "rows": 8, "skipped": 0, "answer_accuracy": 0.75, "updates": 4, "seconds": 3.1466495990753174, "time": 1790924543.91293, "loss": -0.908503122570224, "confidence": 0.6996366413588996, "mass": 0.9999938741732172, "hinge_active": 0.0, "stop_prob": 0.9990932941436768, "sampled_number_rate": 1.0, "kl": 0.0, "kl_coef": 0.05, "value_loss": 0.0}
A decoder-only architecture is being used, but right-padding was detected! For correct generation results, please set `padding_side='left'` when initializing the tokenizer.
{"step": 206, "epoch": 1, "rows": 8, "skipped": 0, "answer_accuracy": 0.5, "updates": 4, "seconds": 2.3683371543884277, "time": 1790924546.282234, "loss": -0.8411013171222268, "confidence": 0.667311548559724, "mass": 0.9999964179622866, "hinge_active": 0.0, "stop_prob": 0.9998607859015465, "sampled_number_rate": 1.0, "kl": 0.0, "kl_coef": 0.05, "value_loss": 0.0}
A decoder-only architecture is being used, but right-padding was detected! For correct generation results, please set `padding_side='left'` when initializing the tokenizer.
{"step": 207, "epoch": 1, "rows": 8, "skipped": 0, "answer_accuracy": 0.5, "updates": 4, "seconds": 2.3292744159698486, "time": 1790924548.61242, "loss": -0.8100743630654954, "confidence": 0.7448767148833902, "mass": 0.9999963280181564, "hinge_active": 0.0, "stop_prob": 0.9998888447880745, "sampled_number_rate": 1.0, "kl": 0.0, "kl_coef": 0.05, "value_loss": 0.0}
A decoder-only architecture is being used, but right-padding was detected! For correct generation results, please set `padding_side='left'` when initializing the tokenizer.
{"step": 208, "epoch": 1, "rows": 8, "skipped": 0, "answer_accuracy": 0.75, "updates": 4, "seconds": 2.4051427841186523, "time": 1790924551.018295, "loss": -0.8827823111501895, "confidence": 0.7483473968853404, "mass": 0.9999943394636988, "hinge_active": 0.0, "stop_prob": 0.9998723044991493, "sampled_number_rate": 1.0, "kl": 0.0, "kl_coef": 0.05, "value_loss": 0.0}
A decoder-only architecture is being used, but right-padding was detected! For correct generation results, please set `padding_side='left'` when initializing the tokenizer.
{"step": 209, "epoch": 1, "rows": 8, "skipped": 0, "answer_accuracy": 0.625, "updates": 4, "seconds": 2.3704516887664795, "time": 1790924553.3895242, "loss": -0.8686093578244446, "confidence": 0.5847181834951809, "mass": 0.9999959340554114, "hinge_active": 0.0, "stop_prob": 0.9998363927006721, "sampled_number_rate": 1.0, "kl": 0.0, "kl_coef": 0.05, "value_loss": 0.0}
A decoder-only architecture is being used, but right-padding was detected! For correct generation results, please set `padding_side='left'` when initializing the tokenizer.
{"step": 210, "epoch": 1, "rows": 8, "skipped": 0, "answer_accuracy": 0.625, "updates": 4, "seconds": 2.306325674057007, "time": 1790924555.696646, "loss": -0.8885994088691029, "confidence": 0.5298118089239903, "mass": 0.9999930600893218, "hinge_active": 0.0, "stop_prob": 0.9980353564023972, "sampled_number_rate": 1.0, "kl": 0.0, "kl_coef": 0.05, "value_loss": 0.0}
A decoder-only architecture is being used, but right-padding was detected! For correct generation results, please set `padding_side='left'` when initializing the tokenizer.
{"step": 211, "epoch": 1, "rows": 8, "skipped": 0, "answer_accuracy": 0.5, "updates": 4, "seconds": 2.3112339973449707, "time": 1790924558.0088658, "loss": -0.7903917675795475, "confidence": 0.7676294720429164, "mass": 0.9999959415212348, "hinge_active": 0.0, "stop_prob": 0.9998773708939552, "sampled_number_rate": 1.0, "kl": 0.0, "kl_coef": 0.05, "value_loss": 0.0}
A decoder-only architecture is being used, but right-padding was detected! For correct generation results, please set `padding_side='left'` when initializing the tokenizer.
{"step": 212, "epoch": 1, "rows": 8, "skipped": 0, "answer_accuracy": 0.625, "updates": 4, "seconds": 2.450775384902954, "time": 1790924560.4606683, "loss": -0.8845833089279496, "confidence": 0.6527351858270951, "mass": 0.9999970445337911, "hinge_active": 0.0, "stop_prob": 0.9998800754547119, "sampled_number_rate": 1.0, "kl": 0.0, "kl_coef": 0.05, "value_loss": 0.0}
A decoder-only architecture is being used, but right-padding was detected! For correct generation results, please set `padding_side='left'` when initializing the tokenizer.
{"step": 213, "epoch": 1, "rows": 8, "skipped": 0, "answer_accuracy": 0.625, "updates": 4, "seconds": 2.498208999633789, "time": 1790924562.9598026, "loss": -0.8613367330172113, "confidence": 0.6016626455765044, "mass": 0.9999940677307917, "hinge_active": 0.0, "stop_prob": 0.9998540058732033, "sampled_number_rate": 1.0, "kl": 0.0, "kl_coef": 0.05, "value_loss": 0.0}
A decoder-only architecture is being used, but right-padding was detected! For correct generation results, please set `padding_side='left'` when initializing the tokenizer.
{"step": 214, "epoch": 1, "rows": 8, "skipped": 0, "answer_accuracy": 0.25, "updates": 4, "seconds": 2.286987781524658, "time": 1790924565.2474558, "loss": -0.7792371235480389, "confidence": 0.6273620078569886, "mass": 0.9999951959181131, "hinge_active": 0.0, "stop_prob": 0.9996543675661087, "sampled_number_rate": 1.0, "kl": 0.0, "kl_coef": 0.05, "value_loss": 0.0}
A decoder-only architecture is being used, but right-padding was detected! For correct generation results, please set `padding_side='left'` when initializing the tokenizer.
{"step": 215, "epoch": 1, "rows": 8, "skipped": 0, "answer_accuracy": 0.5, "updates": 4, "seconds": 2.232140302658081, "time": 1790924567.4802704, "loss": -0.8529480325905483, "confidence": 0.6411456274749022, "mass": 0.9999958453043855, "hinge_active": 0.0, "stop_prob": 0.9998170509934425, "sampled_number_rate": 1.0, "kl": 0.0, "kl_coef": 0.05, "value_loss": 0.0}
A decoder-only architecture is being used, but right-padding was detected! For correct generation results, please set `padding_side='left'` when initializing the tokenizer.
{"step": 216, "epoch": 1, "rows": 8, "skipped": 0, "answer_accuracy": 0.375, "updates": 4, "seconds": 2.4650166034698486, "time": 1790924569.946235, "loss": -0.8294479674648423, "confidence": 0.6318763073546738, "mass": 0.9999970050102167, "hinge_active": 0.0, "stop_prob": 0.9999150261282921, "sampled_number_rate": 1.0, "kl": 0.0, "kl_coef": 0.05, "value_loss": 0.0}
A decoder-only architecture is being used, but right-padding was detected! For correct generation results, please set `padding_side='left'` when initializing the tokenizer.
{"step": 217, "epoch": 1, "rows": 8, "skipped": 0, "answer_accuracy": 0.5, "updates": 4, "seconds": 2.681520462036133, "time": 1790924572.6286604, "loss": -0.9048623983458334, "confidence": 0.510453044666183, "mass": 0.9999959514185272, "hinge_active": 0.0, "stop_prob": 0.999861903488636, "sampled_number_rate": 1.0, "kl": 0.0, "kl_coef": 0.05, "value_loss": 0.0}
A decoder-only architecture is being used, but right-padding was detected! For correct generation results, please set `padding_side='left'` when initializing the tokenizer.
{"step": 218, "epoch": 1, "rows": 8, "skipped": 0, "answer_accuracy": 0.625, "updates": 4, "seconds": 2.3642444610595703, "time": 1790924574.9938655, "loss": -0.9384277057830884, "confidence": 0.5734107635223457, "mass": 0.9999955131901422, "hinge_active": 0.0, "stop_prob": 0.9998780265450478, "sampled_number_rate": 1.0, "kl": 0.0, "kl_coef": 0.05, "value_loss": 0.0}
A decoder-only architecture is being used, but right-padding was detected! For correct generation results, please set `padding_side='left'` when initializing the tokenizer.
{"step": 219, "epoch": 1, "rows": 8, "skipped": 0, "answer_accuracy": 0.625, "updates": 4, "seconds": 2.4666268825531006, "time": 1790924577.461282, "loss": -0.8545269620244325, "confidence": 0.532513678678396, "mass": 0.9999964644284075, "hinge_active": 0.0, "stop_prob": 0.9999025389552116, "sampled_number_rate": 1.0, "kl": 0.0, "kl_coef": 0.05, "value_loss": 0.0}
A decoder-only architecture is being used, but right-padding was detected! For correct generation results, please set `padding_side='left'` when initializing the tokenizer.
{"step": 220, "epoch": 1, "rows": 8, "skipped": 0, "answer_accuracy": 0.625, "updates": 4, "seconds": 2.2897307872772217, "time": 1790924579.7519605, "loss": -0.9171345005813081, "confidence": 0.6942467875629605, "mass": 0.9998613675467437, "hinge_active": 0.0, "stop_prob": 0.999872624874115, "sampled_number_rate": 1.0, "kl": 0.0, "kl_coef": 0.05, "value_loss": 0.0}
A decoder-only architecture is being used, but right-padding was detected! For correct generation results, please set `padding_side='left'` when initializing the tokenizer.
{"step": 221, "epoch": 1, "rows": 8, "skipped": 0, "answer_accuracy": 0.375, "updates": 4, "seconds": 2.30861234664917, "time": 1790924582.0614784, "loss": -0.76244010681182, "confidence": 0.6639701312295917, "mass": 0.999990128032072, "hinge_active": 0.0, "stop_prob": 0.9998929128050804, "sampled_number_rate": 1.0, "kl": 0.0, "kl_coef": 0.05, "value_loss": 0.0}
A decoder-only architecture is being used, but right-padding was detected! For correct generation results, please set `padding_side='left'` when initializing the tokenizer.
{"step": 222, "epoch": 1, "rows": 8, "skipped": 0, "answer_accuracy": 0.75, "updates": 4, "seconds": 2.333887815475464, "time": 1790924584.3961349, "loss": -0.9027751812588112, "confidence": 0.751419631170675, "mass": 0.999917973299376, "hinge_active": 0.0, "stop_prob": 0.9998736083507538, "sampled_number_rate": 1.0, "kl": 0.0, "kl_coef": 0.05, "value_loss": 0.0}
A decoder-only architecture is being used, but right-padding was detected! For correct generation results, please set `padding_side='left'` when initializing the tokenizer.
{"step": 223, "epoch": 1, "rows": 8, "skipped": 0, "answer_accuracy": 0.375, "updates": 4, "seconds": 2.5386805534362793, "time": 1790924586.935788, "loss": -0.9097108135081565, "confidence": 0.41798082053917707, "mass": 0.999796157562861, "hinge_active": 0.0, "stop_prob": 0.9996327459812164, "sampled_number_rate": 1.0, "kl": 0.0, "kl_coef": 0.05, "value_loss": 0.0}
A decoder-only architecture is being used, but right-padding was detected! For correct generation results, please set `padding_side='left'` when initializing the tokenizer.
{"step": 224, "epoch": 1, "rows": 8, "skipped": 0, "answer_accuracy": 0.5, "updates": 4, "seconds": 2.6173226833343506, "time": 1790924589.5540705, "loss": -0.9422093358644832, "confidence": 0.553723352381655, "mass": 0.9991194208410646, "hinge_active": 0.0, "stop_prob": 0.9991437867283821, "sampled_number_rate": 1.0, "kl": 0.0, "kl_coef": 0.05, "value_loss": 0.0}
A decoder-only architecture is being used, but right-padding was detected! For correct generation results, please set `padding_side='left'` when initializing the tokenizer.
{"step": 225, "epoch": 1, "rows": 8, "skipped": 0, "answer_accuracy": 0.5, "updates": 4, "seconds": 2.2617416381835938, "time": 1790924591.8168216, "loss": -0.8549603458906648, "confidence": 0.5861091586869185, "mass": 0.9999868208586895, "hinge_active": 0.0, "stop_prob": 0.9998314157128334, "sampled_number_rate": 1.0, "kl": 0.0, "kl_coef": 0.05, "value_loss": 0.0}
A decoder-only architecture is being used, but right-padding was detected! For correct generation results, please set `padding_side='left'` when initializing the tokenizer.
{"step": 226, "epoch": 1, "rows": 8, "skipped": 0, "answer_accuracy": 0.75, "updates": 4, "seconds": 2.543888568878174, "time": 1790924594.3615282, "loss": -0.9160956347317604, "confidence": 0.6080237909218758, "mass": 0.9999946526124537, "hinge_active": 0.0, "stop_prob": 0.9983729869127274, "sampled_number_rate": 1.0, "kl": 0.0, "kl_coef": 0.05, "value_loss": 0.0}
A decoder-only architecture is being used, but right-padding was detected! For correct generation results, please set `padding_side='left'` when initializing the tokenizer.
{"step": 227, "epoch": 1, "rows": 8, "skipped": 0, "answer_accuracy": 0.625, "updates": 4, "seconds": 2.7040746212005615, "time": 1790924597.0664968, "loss": -0.8677886724218024, "confidence": 0.4742702673216132, "mass": 0.9999966460405262, "hinge_active": 0.0, "stop_prob": 0.9987575635313988, "sampled_number_rate": 1.0, "kl": 0.0, "kl_coef": 0.05, "value_loss": 0.0}
A decoder-only architecture is being used, but right-padding was detected! For correct generation results, please set `padding_side='left'` when initializing the tokenizer.
{"step": 228, "epoch": 1, "rows": 8, "skipped": 0, "answer_accuracy": 0.5, "updates": 4, "seconds": 2.4526305198669434, "time": 1790924599.5199091, "loss": -0.9251094523064385, "confidence": 0.40935301944604385, "mass": 0.9999918779392911, "hinge_active": 0.0, "stop_prob": 0.9994309097528458, "sampled_number_rate": 1.0, "kl": 0.0, "kl_coef": 0.05, "value_loss": 0.0}
A decoder-only architecture is being used, but right-padding was detected! For correct generation results, please set `padding_side='left'` when initializing the tokenizer.
{"step": 229, "epoch": 1, "rows": 8, "skipped": 0, "answer_accuracy": 0.5, "updates": 4, "seconds": 2.5235860347747803, "time": 1790924602.0442708, "loss": -0.930815223679899, "confidence": 0.44299554383227874, "mass": 0.9999940531080177, "hinge_active": 0.0, "stop_prob": 0.9993984252214432, "sampled_number_rate": 1.0, "kl": 0.0, "kl_coef": 0.05, "value_loss": 0.0}
A decoder-only architecture is being used, but right-padding was detected! For correct generation results, please set `padding_side='left'` when initializing the tokenizer.
{"step": 230, "epoch": 1, "rows": 8, "skipped": 0, "answer_accuracy": 0.75, "updates": 4, "seconds": 2.573251485824585, "time": 1790924604.6183321, "loss": -0.7341367476856022, "confidence": 0.651072414393737, "mass": 0.9999962779381395, "hinge_active": 0.0, "stop_prob": 0.9997722953557968, "sampled_number_rate": 1.0, "kl": 0.0, "kl_coef": 0.05, "value_loss": 0.0}
A decoder-only architecture is being used, but right-padding was detected! For correct generation results, please set `padding_side='left'` when initializing the tokenizer.
{"step": 231, "epoch": 1, "rows": 8, "skipped": 0, "answer_accuracy": 0.375, "updates": 4, "seconds": 2.481329917907715, "time": 1790924607.10038, "loss": -0.8485580571899428, "confidence": 0.5818909333058421, "mass": 0.9999851628364579, "hinge_active": 0.0, "stop_prob": 0.9917859211564064, "sampled_number_rate": 1.0, "kl": 0.0, "kl_coef": 0.05, "value_loss": 0.0}
A decoder-only architecture is being used, but right-padding was detected! For correct generation results, please set `padding_side='left'` when initializing the tokenizer.
{"step": 232, "epoch": 1, "rows": 8, "skipped": 0, "answer_accuracy": 0.625, "updates": 4, "seconds": 2.372349977493286, "time": 1790924609.4734008, "loss": -0.8880331304352593, "confidence": 0.6709073048494445, "mass": 0.9999928338891195, "hinge_active": 0.0, "stop_prob": 0.9997880831360817, "sampled_number_rate": 1.0, "kl": 0.0, "kl_coef": 0.05, "value_loss": 0.0}
A decoder-only architecture is being used, but right-padding was detected! For correct generation results, please set `padding_side='left'` when initializing the tokenizer.
{"step": 233, "epoch": 1, "rows": 8, "skipped": 0, "answer_accuracy": 0.625, "updates": 4, "seconds": 2.4238839149475098, "time": 1790924611.898031, "loss": -0.8534256673030635, "confidence": 0.6630864396072151, "mass": 0.9999970783275192, "hinge_active": 0.0, "stop_prob": 0.9998809099197388, "sampled_number_rate": 1.0, "kl": 0.0, "kl_coef": 0.05, "value_loss": 0.0}
A decoder-only architecture is being used, but right-padding was detected! For correct generation results, please set `padding_side='left'` when initializing the tokenizer.
{"step": 234, "epoch": 1, "rows": 8, "skipped": 0, "answer_accuracy": 0.875, "updates": 4, "seconds": 2.437511920928955, "time": 1790924614.3363297, "loss": -0.9572226566495446, "confidence": 0.7787783209079624, "mass": 0.9999977694950296, "hinge_active": 0.0, "stop_prob": 0.9998818188905716, "sampled_number_rate": 1.0, "kl": 0.0, "kl_coef": 0.05, "value_loss": 0.0}
A decoder-only architecture is being used, but right-padding was detected! For correct generation results, please set `padding_side='left'` when initializing the tokenizer.
{"step": 235, "epoch": 1, "rows": 8, "skipped": 0, "answer_accuracy": 0.25, "updates": 4, "seconds": 2.377107620239258, "time": 1790924616.7145612, "loss": -0.8911079658717158, "confidence": 0.36197895991222967, "mass": 0.9999772448311832, "hinge_active": 0.0, "stop_prob": 0.99966711550951, "sampled_number_rate": 1.0, "kl": 0.0, "kl_coef": 0.05, "value_loss": 0.0}
A decoder-only architecture is being used, but right-padding was detected! For correct generation results, please set `padding_side='left'` when initializing the tokenizer.
{"step": 236, "epoch": 1, "rows": 8, "skipped": 0, "answer_accuracy": 0.625, "updates": 4, "seconds": 2.29896879196167, "time": 1790924619.0143704, "loss": -0.8031948041788886, "confidence": 0.6491044413897129, "mass": 0.9999969427832123, "hinge_active": 0.0, "stop_prob": 0.9999178797006607, "sampled_number_rate": 1.0, "kl": 0.0, "kl_coef": 0.05, "value_loss": 0.0}
A decoder-only architecture is being used, but right-padding was detected! For correct generation results, please set `padding_side='left'` when initializing the tokenizer.
{"step": 237, "epoch": 1, "rows": 8, "skipped": 0, "answer_accuracy": 0.5, "updates": 4, "seconds": 2.524670124053955, "time": 1790924621.539768, "loss": -0.9419428997165648, "confidence": 0.5225814940177658, "mass": 0.999905215565408, "hinge_active": 0.0, "stop_prob": 0.9988874569535255, "sampled_number_rate": 1.0, "kl": 0.0, "kl_coef": 0.05, "value_loss": 0.0}
A decoder-only architecture is being used, but right-padding was detected! For correct generation results, please set `padding_side='left'` when initializing the tokenizer.
{"step": 238, "epoch": 1, "rows": 8, "skipped": 0, "answer_accuracy": 0.375, "updates": 4, "seconds": 2.4851086139678955, "time": 1790924624.0256329, "loss": -0.912086992477876, "confidence": 0.47065344056103336, "mass": 0.9999955775123909, "hinge_active": 0.0, "stop_prob": 0.9993739575147629, "sampled_number_rate": 1.0, "kl": 0.0, "kl_coef": 0.05, "value_loss": 0.0}
A decoder-only architecture is being used, but right-padding was detected! For correct generation results, please set `padding_side='left'` when initializing the tokenizer.
{"step": 239, "epoch": 1, "rows": 8, "skipped": 0, "answer_accuracy": 0.5, "updates": 4, "seconds": 2.5651865005493164, "time": 1790924626.5915701, "loss": -0.7982532190246501, "confidence": 0.6692182327671192, "mass": 0.9999964446546802, "hinge_active": 0.0, "stop_prob": 0.9998719543218613, "sampled_number_rate": 1.0, "kl": 0.0, "kl_coef": 0.05, "value_loss": 0.0}
A decoder-only architecture is being used, but right-padding was detected! For correct generation results, please set `padding_side='left'` when initializing the tokenizer.
{"step": 240, "epoch": 1, "rows": 8, "skipped": 0, "answer_accuracy": 0.75, "updates": 4, "seconds": 2.3488755226135254, "time": 1790924628.9412541, "loss": -0.8826268771256024, "confidence": 0.5579255261245881, "mass": 0.9999938865971456, "hinge_active": 0.0, "stop_prob": 0.9991307035088539, "sampled_number_rate": 1.0, "kl": 0.0, "kl_coef": 0.05, "value_loss": 0.0}
A decoder-only architecture is being used, but right-padding was detected! For correct generation results, please set `padding_side='left'` when initializing the tokenizer.
{"step": 241, "epoch": 1, "rows": 8, "skipped": 0, "answer_accuracy": 0.5, "updates": 4, "seconds": 2.455441951751709, "time": 1790924631.3974361, "loss": -0.7332868003608118, "confidence": 0.768163067218015, "mass": 0.9999892444981642, "hinge_active": 0.0, "stop_prob": 0.9997726380825043, "sampled_number_rate": 1.0, "kl": 0.0, "kl_coef": 0.05, "value_loss": 0.0}
A decoder-only architecture is being used, but right-padding was detected! For correct generation results, please set `padding_side='left'` when initializing the tokenizer.
{"step": 242, "epoch": 1, "rows": 8, "skipped": 0, "answer_accuracy": 0.875, "updates": 4, "seconds": 2.4960951805114746, "time": 1790924633.8942792, "loss": -0.8579856865814994, "confidence": 0.6123876289312952, "mass": 0.999980473031211, "hinge_active": 0.0, "stop_prob": 0.9998927265405655, "sampled_number_rate": 1.0, "kl": 0.0, "kl_coef": 0.05, "value_loss": 0.0}
A decoder-only architecture is being used, but right-padding was detected! For correct generation results, please set `padding_side='left'` when initializing the tokenizer.
{"step": 243, "epoch": 1, "rows": 8, "skipped": 0, "answer_accuracy": 0.5, "updates": 4, "seconds": 2.7190444469451904, "time": 1790924636.6140373, "loss": -0.8221435018380592, "confidence": 0.5986361679490608, "mass": 0.9999966662157297, "hinge_active": 0.0, "stop_prob": 0.9993269816040993, "sampled_number_rate": 1.0, "kl": 0.0, "kl_coef": 0.05, "value_loss": 0.0}
A decoder-only architecture is being used, but right-padding was detected! For correct generation results, please set `padding_side='left'` when initializing the tokenizer.
{"step": 244, "epoch": 1, "rows": 8, "skipped": 0, "answer_accuracy": 0.75, "updates": 4, "seconds": 2.6327052116394043, "time": 1790924639.247473, "loss": -0.868038624065049, "confidence": 0.5977911660956747, "mass": 0.999995610893859, "hinge_active": 0.0, "stop_prob": 0.9999074339866638, "sampled_number_rate": 1.0, "kl": 0.0, "kl_coef": 0.05, "value_loss": 0.0}
A decoder-only architecture is being used, but right-padding was detected! For correct generation results, please set `padding_side='left'` when initializing the tokenizer.
{"step": 245, "epoch": 1, "rows": 8, "skipped": 0, "answer_accuracy": 0.75, "updates": 4, "seconds": 2.389429807662964, "time": 1790924641.6378567, "loss": -0.8668903544944137, "confidence": 0.8172058457784577, "mass": 0.9999976282854479, "hinge_active": 0.0, "stop_prob": 0.999915324151516, "sampled_number_rate": 1.0, "kl": 0.0, "kl_coef": 0.05, "value_loss": 0.0}
A decoder-only architecture is being used, but right-padding was detected! For correct generation results, please set `padding_side='left'` when initializing the tokenizer.
{"step": 246, "epoch": 1, "rows": 8, "skipped": 0, "answer_accuracy": 0.625, "updates": 4, "seconds": 2.548534870147705, "time": 1790924644.187277, "loss": -0.8318815438284318, "confidence": 0.3580134817781967, "mass": 0.9999953677902318, "hinge_active": 0.0, "stop_prob": 0.9995468780398369, "sampled_number_rate": 1.0, "kl": 0.0, "kl_coef": 0.05, "value_loss": 0.0}
A decoder-only architecture is being used, but right-padding was detected! For correct generation results, please set `padding_side='left'` when initializing the tokenizer.
{"step": 247, "epoch": 1, "rows": 8, "skipped": 0, "answer_accuracy": 0.5, "updates": 4, "seconds": 2.368680715560913, "time": 1790924646.5567546, "loss": -0.8945874827643523, "confidence": 0.4991975650121506, "mass": 0.9999946039436821, "hinge_active": 0.0, "stop_prob": 0.9998482465744019, "sampled_number_rate": 1.0, "kl": 0.0, "kl_coef": 0.05, "value_loss": 0.0}
A decoder-only architecture is being used, but right-padding was detected! For correct generation results, please set `padding_side='left'` when initializing the tokenizer.
{"step": 248, "epoch": 1, "rows": 8, "skipped": 0, "answer_accuracy": 0.75, "updates": 4, "seconds": 2.3932182788848877, "time": 1790924648.9507906, "loss": -0.9018684369401286, "confidence": 0.6388735722238408, "mass": 0.9999981609486854, "hinge_active": 0.0, "stop_prob": 0.9999347776174545, "sampled_number_rate": 1.0, "kl": 0.0, "kl_coef": 0.05, "value_loss": 0.0}
A decoder-only architecture is being used, but right-padding was detected! For correct generation results, please set `padding_side='left'` when initializing the tokenizer.
{"step": 249, "epoch": 1, "rows": 8, "skipped": 0, "answer_accuracy": 0.875, "updates": 4, "seconds": 2.5214059352874756, "time": 1790924651.4730403, "loss": -0.8914912621005945, "confidence": 0.8137486677535906, "mass": 0.9999977312354126, "hinge_active": 0.0, "stop_prob": 0.999921053647995, "sampled_number_rate": 1.0, "kl": 0.0, "kl_coef": 0.05, "value_loss": 0.0}
A decoder-only architecture is being used, but right-padding was detected! For correct generation results, please set `padding_side='left'` when initializing the tokenizer.
{"step": 250, "epoch": 1, "rows": 8, "skipped": 0, "answer_accuracy": 0.25, "updates": 4, "seconds": 2.955137252807617, "time": 1790924654.4290621, "loss": -0.792739201185475, "confidence": 0.6196421846891571, "mass": 0.9999967927639214, "hinge_active": 0.0, "stop_prob": 0.9997200071811676, "sampled_number_rate": 1.0, "kl": 0.0, "kl_coef": 0.05, "value_loss": 0.0}
A decoder-only architecture is being used, but right-padding was detected! For correct generation results, please set `padding_side='left'` when initializing the tokenizer.
{"step": 251, "epoch": 1, "rows": 8, "skipped": 0, "answer_accuracy": 0.5, "updates": 4, "seconds": 2.513976573944092, "time": 1790924656.945874, "loss": -0.8386759851310392, "confidence": 0.6692254073756387, "mass": 0.9999952684582376, "hinge_active": 0.0, "stop_prob": 0.9999009594321251, "sampled_number_rate": 1.0, "kl": 0.0, "kl_coef": 0.05, "value_loss": 0.0}
A decoder-only architecture is being used, but right-padding was detected! For correct generation results, please set `padding_side='left'` when initializing the tokenizer.
{"step": 252, "epoch": 1, "rows": 8, "skipped": 0, "answer_accuracy": 0.5, "updates": 4, "seconds": 2.3649563789367676, "time": 1790924659.311628, "loss": -0.7617725992999282, "confidence": 0.7454925672241836, "mass": 0.9999972981104925, "hinge_active": 0.0, "stop_prob": 0.9999153688549995, "sampled_number_rate": 1.0, "kl": 0.0, "kl_coef": 0.05, "value_loss": 0.0}
A decoder-only architecture is being used, but right-padding was detected! For correct generation results, please set `padding_side='left'` when initializing the tokenizer.
{"step": 253, "epoch": 1, "rows": 8, "skipped": 0, "answer_accuracy": 0.75, "updates": 4, "seconds": 2.3109235763549805, "time": 1790924661.6234815, "loss": -0.926684626303168, "confidence": 0.6026616672759345, "mass": 0.9999935303729209, "hinge_active": 0.0, "stop_prob": 0.9987324178218842, "sampled_number_rate": 1.0, "kl": 0.0, "kl_coef": 0.05, "value_loss": 0.0}
A decoder-only architecture is being used, but right-padding was detected! For correct generation results, please set `padding_side='left'` when initializing the tokenizer.
{"step": 254, "epoch": 1, "rows": 8, "skipped": 0, "answer_accuracy": 0.75, "updates": 4, "seconds": 2.581907033920288, "time": 1790924664.2061632, "loss": -0.9178300586227796, "confidence": 0.5648140042232136, "mass": 0.999992622093554, "hinge_active": 0.0, "stop_prob": 0.999661386013031, "sampled_number_rate": 1.0, "kl": 0.0, "kl_coef": 0.05, "value_loss": 0.0}
A decoder-only architecture is being used, but right-padding was detected! For correct generation results, please set `padding_side='left'` when initializing the tokenizer.
{"step": 255, "epoch": 1, "rows": 8, "skipped": 0, "answer_accuracy": 0.375, "updates": 4, "seconds": 2.41646146774292, "time": 1790924666.6232975, "loss": -0.8630097995594134, "confidence": 0.45235223802790764, "mass": 0.9999946050740379, "hinge_active": 0.0, "stop_prob": 0.9994791373610497, "sampled_number_rate": 1.0, "kl": 0.0, "kl_coef": 0.05, "value_loss": 0.0}
A decoder-only architecture is being used, but right-padding was detected! For correct generation results, please set `padding_side='left'` when initializing the tokenizer.
{"step": 256, "epoch": 1, "rows": 8, "skipped": 0, "answer_accuracy": 0.25, "updates": 4, "seconds": 2.3156042098999023, "time": 1790924668.9399397, "loss": -0.8475485411863489, "confidence": 0.5062340936061948, "mass": 0.9999972179960145, "hinge_active": 0.0, "stop_prob": 0.9998229295015335, "sampled_number_rate": 1.0, "kl": 0.0, "kl_coef": 0.05, "value_loss": 0.0, "save_seconds": 0.40771985054016113}
