🦥 Unsloth: Will patch your computer to enable 2x faster free finetuning.
🦥 Unsloth Zoo will now patch everything to make training faster!
==((====))==  Unsloth 2025.1.5: Fast Llama patching. Transformers: 4.48.0.
   \\   /|    GPU: NVIDIA L40S. Max memory: 44.392 GB. Platform: Linux.
O^O/ \_/ \    Torch: 2.5.1+cu124. CUDA: 8.9. CUDA Toolkit: 12.4. Triton: 3.1.0
\        /    Bfloat16 = TRUE. FA [Xformers = 0.0.29.post1. FA2 = False]
 "-____-"     Free Apache license: http://github.com/unslothai/unsloth
Unsloth: Fast downloading is enabled - ignore downloading bars which are red colored!
Unsloth 2025.1.5 patched 32 layers with 32 QKV layers, 32 O layers and 32 MLP layers.
{"step": 1, "epoch": 0, "rows": 8, "skipped": 0, "answer_accuracy": 0.25, "updates": 1, "seconds": 12.033748388290405, "time": 1790881459.3716729, "loss": 0.07872016043940973, "confidence": 0.9057952593039729, "mass": 0.9992391723017284, "hinge_active": 0.0}
A decoder-only architecture is being used, but right-padding was detected! For correct generation results, please set `padding_side='left'` when initializing the tokenizer.
{"step": 2, "epoch": 0, "rows": 8, "skipped": 0, "answer_accuracy": 0.375, "updates": 1, "seconds": 7.1007513999938965, "time": 1790881466.4737308, "loss": -0.1959035186173924, "confidence": 0.8276760957425641, "mass": 0.9954411143372561, "hinge_active": 0.0}
A decoder-only architecture is being used, but right-padding was detected! For correct generation results, please set `padding_side='left'` when initializing the tokenizer.
{"step": 3, "epoch": 0, "rows": 8, "skipped": 0, "answer_accuracy": 0.25, "updates": 1, "seconds": 12.457700967788696, "time": 1790881478.9327364, "loss": 3.3222038998770365, "confidence": 0.9485711874225854, "mass": 0.8737739156287312, "hinge_active": 0.125}
A decoder-only architecture is being used, but right-padding was detected! For correct generation results, please set `padding_side='left'` when initializing the tokenizer.
{"step": 4, "epoch": 0, "rows": 8, "skipped": 0, "answer_accuracy": 0.75, "updates": 1, "seconds": 7.024524927139282, "time": 1790881485.9583876, "loss": -0.7520778506385777, "confidence": 0.8482174853580788, "mass": 0.9935429946816702, "hinge_active": 0.0}
A decoder-only architecture is being used, but right-padding was detected! For correct generation results, please set `padding_side='left'` when initializing the tokenizer.
{"step": 5, "epoch": 0, "rows": 8, "skipped": 0, "answer_accuracy": 0.75, "updates": 1, "seconds": 6.318711757659912, "time": 1790881492.278341, "loss": -0.635318878578444, "confidence": 0.9638776873875758, "mass": 0.9996176929597553, "hinge_active": 0.0}
A decoder-only architecture is being used, but right-padding was detected! For correct generation results, please set `padding_side='left'` when initializing the tokenizer.
{"step": 6, "epoch": 0, "rows": 8, "skipped": 0, "answer_accuracy": 0.5, "updates": 1, "seconds": 6.504028797149658, "time": 1790881498.7839272, "loss": -0.29391317968541614, "confidence": 0.9534715672178017, "mass": 0.999471219342587, "hinge_active": 0.0}
A decoder-only architecture is being used, but right-padding was detected! For correct generation results, please set `padding_side='left'` when initializing the tokenizer.
{"step": 7, "epoch": 0, "rows": 8, "skipped": 0, "answer_accuracy": 0.5, "updates": 1, "seconds": 6.560080051422119, "time": 1790881505.3454032, "loss": -0.3412018691800152, "confidence": 0.937637172952185, "mass": 0.9995819982371463, "hinge_active": 0.0}
A decoder-only architecture is being used, but right-padding was detected! For correct generation results, please set `padding_side='left'` when initializing the tokenizer.
{"step": 8, "epoch": 0, "rows": 8, "skipped": 0, "answer_accuracy": 0.5, "updates": 1, "seconds": 6.6276021003723145, "time": 1790881511.9741237, "loss": -0.2828606150899037, "confidence": 0.968254566967128, "mass": 0.9992497180855268, "hinge_active": 0.0}
A decoder-only architecture is being used, but right-padding was detected! For correct generation results, please set `padding_side='left'` when initializing the tokenizer.
{"step": 9, "epoch": 0, "rows": 8, "skipped": 0, "answer_accuracy": 0.875, "updates": 1, "seconds": 6.515846490859985, "time": 1790881518.4915462, "loss": -0.8007714375382649, "confidence": 0.9426857087245321, "mass": 0.9996628425033225, "hinge_active": 0.0}
A decoder-only architecture is being used, but right-padding was detected! For correct generation results, please set `padding_side='left'` when initializing the tokenizer.
{"step": 10, "epoch": 0, "rows": 8, "skipped": 0, "answer_accuracy": 0.5, "updates": 1, "seconds": 6.619300842285156, "time": 1790881525.111937, "loss": -0.28946277330227965, "confidence": 0.9496988715604543, "mass": 0.9994023933273726, "hinge_active": 0.0}
A decoder-only architecture is being used, but right-padding was detected! For correct generation results, please set `padding_side='left'` when initializing the tokenizer.
{"step": 11, "epoch": 0, "rows": 8, "skipped": 0, "answer_accuracy": 0.125, "updates": 1, "seconds": 13.543464422225952, "time": 1790881538.6574817, "loss": 9.41130838887542, "confidence": 0.8370890970434111, "mass": 0.6247874378478586, "hinge_active": 0.375}
A decoder-only architecture is being used, but right-padding was detected! For correct generation results, please set `padding_side='left'` when initializing the tokenizer.
{"step": 12, "epoch": 0, "rows": 8, "skipped": 0, "answer_accuracy": 0.625, "updates": 1, "seconds": 12.686942338943481, "time": 1790881551.3456526, "loss": 2.4596161278243036, "confidence": 0.9192024695270078, "mass": 0.8746773077724312, "hinge_active": 0.125}
A decoder-only architecture is being used, but right-padding was detected! For correct generation results, please set `padding_side='left'` when initializing the tokenizer.
{"step": 13, "epoch": 0, "rows": 8, "skipped": 0, "answer_accuracy": 0.625, "updates": 1, "seconds": 6.605469703674316, "time": 1790881557.952523, "loss": -0.4476543904956626, "confidence": 0.9602319077880459, "mass": 0.9996039045119975, "hinge_active": 0.0}
A decoder-only architecture is being used, but right-padding was detected! For correct generation results, please set `padding_side='left'` when initializing the tokenizer.
{"step": 14, "epoch": 0, "rows": 8, "skipped": 0, "answer_accuracy": 0.625, "updates": 1, "seconds": 6.570127010345459, "time": 1790881564.5241966, "loss": -0.49252317021395864, "confidence": 0.9594980431287257, "mass": 0.999594208049166, "hinge_active": 0.0}
A decoder-only architecture is being used, but right-padding was detected! For correct generation results, please set `padding_side='left'` when initializing the tokenizer.
{"step": 15, "epoch": 0, "rows": 7, "skipped": 1, "answer_accuracy": 0.2857142857142857, "updates": 1, "seconds": 6.159638404846191, "time": 1790881570.6849334, "loss": 0.13841838688371969, "confidence": 0.9616755738700324, "mass": 0.9993870745311995, "hinge_active": 0.0}
A decoder-only architecture is being used, but right-padding was detected! For correct generation results, please set `padding_side='left'` when initializing the tokenizer.
{"step": 16, "epoch": 0, "rows": 8, "skipped": 0, "answer_accuracy": 0.375, "updates": 1, "seconds": 12.694599866867065, "time": 1790881583.3821332, "loss": 2.8685984324915146, "confidence": 0.9388425530681149, "mass": 0.8747726187756302, "hinge_active": 0.125}
A decoder-only architecture is being used, but right-padding was detected! For correct generation results, please set `padding_side='left'` when initializing the tokenizer.
{"step": 17, "epoch": 0, "rows": 8, "skipped": 0, "answer_accuracy": 0.625, "updates": 1, "seconds": 6.811596870422363, "time": 1790881590.1952164, "loss": -0.6056175285529378, "confidence": 0.8970879077479811, "mass": 0.9996799998224007, "hinge_active": 0.0}
A decoder-only architecture is being used, but right-padding was detected! For correct generation results, please set `padding_side='left'` when initializing the tokenizer.
{"step": 18, "epoch": 0, "rows": 7, "skipped": 1, "answer_accuracy": 0.42857142857142855, "updates": 1, "seconds": 6.381904363632202, "time": 1790881596.5782237, "loss": -0.2149525183022785, "confidence": 0.9356445999094127, "mass": 0.9993464900658424, "hinge_active": 0.0}
A decoder-only architecture is being used, but right-padding was detected! For correct generation results, please set `padding_side='left'` when initializing the tokenizer.
{"step": 19, "epoch": 0, "rows": 8, "skipped": 0, "answer_accuracy": 0.375, "updates": 1, "seconds": 13.03580093383789, "time": 1790881609.6154263, "loss": 5.500240969815322, "confidence": 0.8745904699486828, "mass": 0.7497326207665143, "hinge_active": 0.25}
A decoder-only architecture is being used, but right-padding was detected! For correct generation results, please set `padding_side='left'` when initializing the tokenizer.
{"step": 20, "epoch": 0, "rows": 8, "skipped": 0, "answer_accuracy": 0.75, "updates": 1, "seconds": 6.5434815883636475, "time": 1790881616.1602428, "loss": -0.6621886920415655, "confidence": 0.9408786946300984, "mass": 0.9996108380959496, "hinge_active": 0.0}
A decoder-only architecture is being used, but right-padding was detected! For correct generation results, please set `padding_side='left'` when initializing the tokenizer.
{"step": 21, "epoch": 0, "rows": 8, "skipped": 0, "answer_accuracy": 0.25, "updates": 1, "seconds": 12.508447408676147, "time": 1790881628.670452, "loss": 2.729909034905046, "confidence": 0.8987839311629086, "mass": 0.8728880413093189, "hinge_active": 0.125}
A decoder-only architecture is being used, but right-padding was detected! For correct generation results, please set `padding_side='left'` when initializing the tokenizer.
{"step": 22, "epoch": 0, "rows": 8, "skipped": 0, "answer_accuracy": 0.625, "updates": 1, "seconds": 6.578495502471924, "time": 1790881635.2500753, "loss": -0.6220948069471697, "confidence": 0.924701898349215, "mass": 0.9996666738812844, "hinge_active": 0.0}
A decoder-only architecture is being used, but right-padding was detected! For correct generation results, please set `padding_side='left'` when initializing the tokenizer.
{"step": 23, "epoch": 0, "rows": 8, "skipped": 0, "answer_accuracy": 0.625, "updates": 1, "seconds": 12.586219549179077, "time": 1790881647.8373837, "loss": 2.1359845843680514, "confidence": 0.9297706597798508, "mass": 0.8746825480208393, "hinge_active": 0.125}
A decoder-only architecture is being used, but right-padding was detected! For correct generation results, please set `padding_side='left'` when initializing the tokenizer.
{"step": 24, "epoch": 0, "rows": 8, "skipped": 0, "answer_accuracy": 0.5, "updates": 1, "seconds": 6.5410661697387695, "time": 1790881654.3795054, "loss": -0.29148449843821567, "confidence": 0.9503677877357897, "mass": 0.9996007965774882, "hinge_active": 0.0}
A decoder-only architecture is being used, but right-padding was detected! For correct generation results, please set `padding_side='left'` when initializing the tokenizer.
{"step": 25, "epoch": 0, "rows": 8, "skipped": 0, "answer_accuracy": 0.375, "updates": 1, "seconds": 6.458495140075684, "time": 1790881660.8390698, "loss": -0.5587903968738744, "confidence": 0.8425547907240979, "mass": 0.9990021089500739, "hinge_active": 0.0}
A decoder-only architecture is being used, but right-padding was detected! For correct generation results, please set `padding_side='left'` when initializing the tokenizer.
{"step": 26, "epoch": 0, "rows": 8, "skipped": 0, "answer_accuracy": 0.625, "updates": 1, "seconds": 6.891574144363403, "time": 1790881667.7319334, "loss": -0.5599248037590052, "confidence": 0.9456683474249674, "mass": 0.998704988008681, "hinge_active": 0.0}
A decoder-only architecture is being used, but right-padding was detected! For correct generation results, please set `padding_side='left'` when initializing the tokenizer.
{"step": 27, "epoch": 0, "rows": 8, "skipped": 0, "answer_accuracy": 0.75, "updates": 1, "seconds": 6.6653406620025635, "time": 1790881674.398398, "loss": -0.7385394790707303, "confidence": 0.9375865490161562, "mass": 0.9997870239285406, "hinge_active": 0.0}
A decoder-only architecture is being used, but right-padding was detected! For correct generation results, please set `padding_side='left'` when initializing the tokenizer.
{"step": 28, "epoch": 0, "rows": 8, "skipped": 0, "answer_accuracy": 0.5, "updates": 1, "seconds": 12.662280797958374, "time": 1790881687.062024, "loss": 2.3873307633242504, "confidence": 0.9046090900888228, "mass": 0.8747830047864544, "hinge_active": 0.125}
A decoder-only architecture is being used, but right-padding was detected! For correct generation results, please set `padding_side='left'` when initializing the tokenizer.
{"step": 29, "epoch": 0, "rows": 8, "skipped": 0, "answer_accuracy": 0.75, "updates": 1, "seconds": 12.669830560684204, "time": 1790881699.7336082, "loss": 1.7679972531277366, "confidence": 0.911386700624742, "mass": 0.8747668550047712, "hinge_active": 0.125}
A decoder-only architecture is being used, but right-padding was detected! For correct generation results, please set `padding_side='left'` when initializing the tokenizer.
{"step": 30, "epoch": 0, "rows": 8, "skipped": 0, "answer_accuracy": 0.5, "updates": 1, "seconds": 6.527181625366211, "time": 1790881706.2620726, "loss": -0.6206927796015617, "confidence": 0.8829491597200396, "mass": 0.999730323583748, "hinge_active": 0.0}
A decoder-only architecture is being used, but right-padding was detected! For correct generation results, please set `padding_side='left'` when initializing the tokenizer.
{"step": 31, "epoch": 0, "rows": 8, "skipped": 0, "answer_accuracy": 0.25, "updates": 1, "seconds": 6.502354383468628, "time": 1790881712.765913, "loss": -0.3097789790129184, "confidence": 0.8860916106925569, "mass": 0.9997391468572964, "hinge_active": 0.0}
A decoder-only architecture is being used, but right-padding was detected! For correct generation results, please set `padding_side='left'` when initializing the tokenizer.
{"step": 32, "epoch": 0, "rows": 8, "skipped": 0, "answer_accuracy": 0.375, "updates": 1, "seconds": 6.706916093826294, "time": 1790881719.474247, "loss": -0.49722295583428044, "confidence": 0.8838115411760545, "mass": 0.9996430911921579, "hinge_active": 0.0, "save_seconds": 0.901841402053833}
A decoder-only architecture is being used, but right-padding was detected! For correct generation results, please set `padding_side='left'` when initializing the tokenizer.
{"step": 33, "epoch": 0, "rows": 8, "skipped": 0, "answer_accuracy": 0.5, "updates": 1, "seconds": 6.836003065109253, "time": 1790881727.2132564, "loss": -0.6794769391170992, "confidence": 0.8757014466289536, "mass": 0.9995297883556362, "hinge_active": 0.0}
A decoder-only architecture is being used, but right-padding was detected! For correct generation results, please set `padding_side='left'` when initializing the tokenizer.
{"step": 34, "epoch": 0, "rows": 8, "skipped": 0, "answer_accuracy": 0.375, "updates": 1, "seconds": 12.487033605575562, "time": 1790881739.7014077, "loss": 1.6022501983579094, "confidence": 0.838010090535907, "mass": 0.87470757359711, "hinge_active": 0.125}
A decoder-only architecture is being used, but right-padding was detected! For correct generation results, please set `padding_side='left'` when initializing the tokenizer.
{"step": 35, "epoch": 0, "rows": 8, "skipped": 0, "answer_accuracy": 0.625, "updates": 1, "seconds": 6.468854904174805, "time": 1790881746.1713824, "loss": -0.6117117197298797, "confidence": 0.9044690919142304, "mass": 0.9997695938120714, "hinge_active": 0.0}
A decoder-only architecture is being used, but right-padding was detected! For correct generation results, please set `padding_side='left'` when initializing the tokenizer.
{"step": 36, "epoch": 0, "rows": 8, "skipped": 0, "answer_accuracy": 0.375, "updates": 1, "seconds": 6.588023900985718, "time": 1790881752.7611036, "loss": -0.43787889086473164, "confidence": 0.8905398396124676, "mass": 0.9997601568252235, "hinge_active": 0.0}
A decoder-only architecture is being used, but right-padding was detected! For correct generation results, please set `padding_side='left'` when initializing the tokenizer.
{"step": 37, "epoch": 0, "rows": 8, "skipped": 0, "answer_accuracy": 0.625, "updates": 1, "seconds": 6.833169937133789, "time": 1790881759.5951855, "loss": -0.688523540159519, "confidence": 0.8681839181695646, "mass": 0.9997474950447758, "hinge_active": 0.0}
A decoder-only architecture is being used, but right-padding was detected! For correct generation results, please set `padding_side='left'` when initializing the tokenizer.
{"step": 38, "epoch": 0, "rows": 8, "skipped": 0, "answer_accuracy": 0.5, "updates": 1, "seconds": 12.642909526824951, "time": 1790881772.2393305, "loss": 1.6790416521167753, "confidence": 0.8482337848512747, "mass": 0.8745894341832195, "hinge_active": 0.125}
A decoder-only architecture is being used, but right-padding was detected! For correct generation results, please set `padding_side='left'` when initializing the tokenizer.
{"step": 39, "epoch": 0, "rows": 8, "skipped": 0, "answer_accuracy": 0.375, "updates": 1, "seconds": 12.643184900283813, "time": 1790881784.8841136, "loss": 1.389520719830016, "confidence": 0.8430121900664199, "mass": 0.8747844195706074, "hinge_active": 0.125}
A decoder-only architecture is being used, but right-padding was detected! For correct generation results, please set `padding_side='left'` when initializing the tokenizer.
{"step": 40, "epoch": 0, "rows": 8, "skipped": 0, "answer_accuracy": 0.5, "updates": 1, "seconds": 6.454307556152344, "time": 1790881791.339465, "loss": -0.6957030522196047, "confidence": 0.8497621357190696, "mass": 0.9997182586531227, "hinge_active": 0.0}
A decoder-only architecture is being used, but right-padding was detected! For correct generation results, please set `padding_side='left'` when initializing the tokenizer.
{"step": 41, "epoch": 0, "rows": 8, "skipped": 0, "answer_accuracy": 0.375, "updates": 1, "seconds": 6.397154808044434, "time": 1790881797.7376719, "loss": -0.6282819541441633, "confidence": 0.8492707880429531, "mass": 0.9997758176504437, "hinge_active": 0.0}
A decoder-only architecture is being used, but right-padding was detected! For correct generation results, please set `padding_side='left'` when initializing the tokenizer.
{"step": 42, "epoch": 0, "rows": 8, "skipped": 0, "answer_accuracy": 0.25, "updates": 1, "seconds": 12.617591619491577, "time": 1790881810.3563988, "loss": 1.5730606173903574, "confidence": 0.8538788851796302, "mass": 0.8742729039370247, "hinge_active": 0.125}
A decoder-only architecture is being used, but right-padding was detected! For correct generation results, please set `padding_side='left'` when initializing the tokenizer.
{"step": 43, "epoch": 0, "rows": 8, "skipped": 0, "answer_accuracy": 0.5, "updates": 1, "seconds": 6.453595876693726, "time": 1790881816.8116298, "loss": -0.6944370746456876, "confidence": 0.847546110862541, "mass": 0.9996724529789691, "hinge_active": 0.0}
A decoder-only architecture is being used, but right-padding was detected! For correct generation results, please set `padding_side='left'` when initializing the tokenizer.
{"step": 44, "epoch": 0, "rows": 8, "skipped": 0, "answer_accuracy": 0.875, "updates": 1, "seconds": 6.270228862762451, "time": 1790881823.083236, "loss": -0.8935407607379122, "confidence": 0.8487023137382209, "mass": 0.9996508156775005, "hinge_active": 0.0}
A decoder-only architecture is being used, but right-padding was detected! For correct generation results, please set `padding_side='left'` when initializing the tokenizer.
{"step": 45, "epoch": 0, "rows": 8, "skipped": 0, "answer_accuracy": 0.375, "updates": 1, "seconds": 12.69275712966919, "time": 1790881835.7777197, "loss": 1.218101796758262, "confidence": 0.8134735449461988, "mass": 0.8746518087290067, "hinge_active": 0.125}
A decoder-only architecture is being used, but right-padding was detected! For correct generation results, please set `padding_side='left'` when initializing the tokenizer.
{"step": 46, "epoch": 0, "rows": 8, "skipped": 0, "answer_accuracy": 0.625, "updates": 1, "seconds": 12.600770950317383, "time": 1790881848.3800876, "loss": 1.199556284919707, "confidence": 0.8285445103013446, "mass": 0.8736535016652917, "hinge_active": 0.125}
A decoder-only architecture is being used, but right-padding was detected! For correct generation results, please set `padding_side='left'` when initializing the tokenizer.
{"step": 47, "epoch": 0, "rows": 8, "skipped": 0, "answer_accuracy": 0.5, "updates": 1, "seconds": 6.708602666854858, "time": 1790881855.0901647, "loss": -0.6910789834956822, "confidence": 0.8409377418840955, "mass": 0.999701995257706, "hinge_active": 0.0}
A decoder-only architecture is being used, but right-padding was detected! For correct generation results, please set `padding_side='left'` when initializing the tokenizer.
{"step": 48, "epoch": 0, "rows": 8, "skipped": 0, "answer_accuracy": 0.875, "updates": 1, "seconds": 6.58965277671814, "time": 1790881861.6815057, "loss": -0.9085789945504765, "confidence": 0.8559074117680096, "mass": 0.9997975351309345, "hinge_active": 0.0}
A decoder-only architecture is being used, but right-padding was detected! For correct generation results, please set `padding_side='left'` when initializing the tokenizer.
{"step": 49, "epoch": 0, "rows": 8, "skipped": 0, "answer_accuracy": 0.75, "updates": 1, "seconds": 6.417781352996826, "time": 1790881868.1008453, "loss": -0.8134953901225499, "confidence": 0.8530043738741724, "mass": 0.9997904421311989, "hinge_active": 0.0}
A decoder-only architecture is being used, but right-padding was detected! For correct generation results, please set `padding_side='left'` when initializing the tokenizer.
{"step": 50, "epoch": 0, "rows": 8, "skipped": 0, "answer_accuracy": 0.625, "updates": 1, "seconds": 6.376617431640625, "time": 1790881874.4785063, "loss": -0.7419453012930737, "confidence": 0.8665240798569862, "mass": 0.9997770924319686, "hinge_active": 0.0}
A decoder-only architecture is being used, but right-padding was detected! For correct generation results, please set `padding_side='left'` when initializing the tokenizer.
{"step": 51, "epoch": 0, "rows": 8, "skipped": 0, "answer_accuracy": 0.75, "updates": 1, "seconds": 6.442748546600342, "time": 1790881880.9223561, "loss": -0.8257776053474859, "confidence": 0.8438359680967263, "mass": 0.9997388654923908, "hinge_active": 0.0}
A decoder-only architecture is being used, but right-padding was detected! For correct generation results, please set `padding_side='left'` when initializing the tokenizer.
{"step": 52, "epoch": 0, "rows": 8, "skipped": 0, "answer_accuracy": 0.25, "updates": 1, "seconds": 12.624586820602417, "time": 1790881893.5482268, "loss": 1.2209387959388072, "confidence": 0.8289938748729795, "mass": 0.8743376725245838, "hinge_active": 0.125}
A decoder-only architecture is being used, but right-padding was detected! For correct generation results, please set `padding_side='left'` when initializing the tokenizer.
{"step": 53, "epoch": 0, "rows": 8, "skipped": 0, "answer_accuracy": 0.75, "updates": 1, "seconds": 6.478160381317139, "time": 1790881900.0277064, "loss": -0.8423670986757326, "confidence": 0.8535098674780871, "mass": 0.9997900159184303, "hinge_active": 0.0}
A decoder-only architecture is being used, but right-padding was detected! For correct generation results, please set `padding_side='left'` when initializing the tokenizer.
{"step": 54, "epoch": 0, "rows": 7, "skipped": 1, "answer_accuracy": 0.42857142857142855, "updates": 1, "seconds": 9.079000234603882, "time": 1790881909.1082692, "loss": -0.6670687615964972, "confidence": 0.8135251613835779, "mass": 0.9997839404087787, "hinge_active": 0.0}
A decoder-only architecture is being used, but right-padding was detected! For correct generation results, please set `padding_side='left'` when initializing the tokenizer.
{"step": 55, "epoch": 0, "rows": 8, "skipped": 0, "answer_accuracy": 0.875, "updates": 1, "seconds": 12.835994958877563, "time": 1790881921.9461036, "loss": 0.8568270113664305, "confidence": 0.8472879127594142, "mass": 0.8747849475504581, "hinge_active": 0.125}
A decoder-only architecture is being used, but right-padding was detected! For correct generation results, please set `padding_side='left'` when initializing the tokenizer.
{"step": 56, "epoch": 0, "rows": 8, "skipped": 0, "answer_accuracy": 0.125, "updates": 1, "seconds": 12.709030628204346, "time": 1790881934.6567943, "loss": 1.228427755402589, "confidence": 0.8048627830868768, "mass": 0.8743837450534327, "hinge_active": 0.125}
A decoder-only architecture is being used, but right-padding was detected! For correct generation results, please set `padding_side='left'` when initializing the tokenizer.
{"step": 57, "epoch": 0, "rows": 8, "skipped": 0, "answer_accuracy": 0.5, "updates": 1, "seconds": 6.596430063247681, "time": 1790881941.2547371, "loss": -0.7070029122077071, "confidence": 0.8380957476525394, "mass": 0.9995883210784453, "hinge_active": 0.0}
A decoder-only architecture is being used, but right-padding was detected! For correct generation results, please set `padding_side='left'` when initializing the tokenizer.
{"step": 58, "epoch": 0, "rows": 8, "skipped": 0, "answer_accuracy": 0.5, "updates": 1, "seconds": 6.64249062538147, "time": 1790881947.8984334, "loss": -0.7026426515854061, "confidence": 0.8373489773060805, "mass": 0.9997736917746978, "hinge_active": 0.0}
A decoder-only architecture is being used, but right-padding was detected! For correct generation results, please set `padding_side='left'` when initializing the tokenizer.
{"step": 59, "epoch": 0, "rows": 8, "skipped": 0, "answer_accuracy": 0.875, "updates": 1, "seconds": 6.383218765258789, "time": 1790881954.2826974, "loss": -0.8889326468538974, "confidence": 0.852247535227889, "mass": 0.9997418414810877, "hinge_active": 0.0}
A decoder-only architecture is being used, but right-padding was detected! For correct generation results, please set `padding_side='left'` when initializing the tokenizer.
{"step": 60, "epoch": 0, "rows": 8, "skipped": 0, "answer_accuracy": 0.625, "updates": 1, "seconds": 6.428308725357056, "time": 1790881960.7120614, "loss": -0.7913212571995816, "confidence": 0.823436771420503, "mass": 0.9997526903121529, "hinge_active": 0.0}
A decoder-only architecture is being used, but right-padding was detected! For correct generation results, please set `padding_side='left'` when initializing the tokenizer.
{"step": 61, "epoch": 0, "rows": 8, "skipped": 0, "answer_accuracy": 0.375, "updates": 1, "seconds": 6.4925713539123535, "time": 1790881967.2056985, "loss": -0.6645323263791736, "confidence": 0.8261799168544088, "mass": 0.9997752075691683, "hinge_active": 0.0}
A decoder-only architecture is being used, but right-padding was detected! For correct generation results, please set `padding_side='left'` when initializing the tokenizer.
{"step": 62, "epoch": 0, "rows": 8, "skipped": 0, "answer_accuracy": 0.375, "updates": 1, "seconds": 12.622047901153564, "time": 1790881979.828761, "loss": 0.9192939346940818, "confidence": 0.8208703084392085, "mass": 0.8747680183157842, "hinge_active": 0.125}
A decoder-only architecture is being used, but right-padding was detected! For correct generation results, please set `padding_side='left'` when initializing the tokenizer.
{"step": 63, "epoch": 0, "rows": 8, "skipped": 0, "answer_accuracy": 0.375, "updates": 1, "seconds": 6.683308362960815, "time": 1790881986.513036, "loss": -0.6644641203874843, "confidence": 0.822219815266589, "mass": 0.9998066093208199, "hinge_active": 0.0}
A decoder-only architecture is being used, but right-padding was detected! For correct generation results, please set `padding_side='left'` when initializing the tokenizer.
{"step": 64, "epoch": 0, "rows": 8, "skipped": 0, "answer_accuracy": 0.625, "updates": 1, "seconds": 12.401215076446533, "time": 1790881998.916061, "loss": 0.7932897155658951, "confidence": 0.8187431923335348, "mass": 0.8748317898297137, "hinge_active": 0.125, "save_seconds": 0.7917356491088867}
A decoder-only architecture is being used, but right-padding was detected! For correct generation results, please set `padding_side='left'` when initializing the tokenizer.
{"step": 65, "epoch": 0, "rows": 6, "skipped": 2, "answer_accuracy": 0.8333333333333334, "updates": 1, "seconds": 6.998200416564941, "time": 1790882006.7069395, "loss": -0.8792425714042493, "confidence": 0.8173134080049056, "mass": 0.9997876326575483, "hinge_active": 0.0}
A decoder-only architecture is being used, but right-padding was detected! For correct generation results, please set `padding_side='left'` when initializing the tokenizer.
{"step": 66, "epoch": 0, "rows": 8, "skipped": 0, "answer_accuracy": 0.75, "updates": 1, "seconds": 6.695467710494995, "time": 1790882013.4043016, "loss": -0.8124125630314443, "confidence": 0.8484745447519165, "mass": 0.9997644610373797, "hinge_active": 0.0}
A decoder-only architecture is being used, but right-padding was detected! For correct generation results, please set `padding_side='left'` when initializing the tokenizer.
{"step": 67, "epoch": 0, "rows": 8, "skipped": 0, "answer_accuracy": 0.5, "updates": 1, "seconds": 6.714959621429443, "time": 1790882020.1203723, "loss": -0.7093227730846071, "confidence": 0.8167949427594492, "mass": 0.9997840271426262, "hinge_active": 0.0}
A decoder-only architecture is being used, but right-padding was detected! For correct generation results, please set `padding_side='left'` when initializing the tokenizer.
{"step": 68, "epoch": 0, "rows": 8, "skipped": 0, "answer_accuracy": 0.875, "updates": 1, "seconds": 6.43402361869812, "time": 1790882026.555898, "loss": -0.8678248990888143, "confidence": 0.8494190946017532, "mass": 0.9998266454252831, "hinge_active": 0.0}
A decoder-only architecture is being used, but right-padding was detected! For correct generation results, please set `padding_side='left'` when initializing the tokenizer.
{"step": 69, "epoch": 0, "rows": 8, "skipped": 0, "answer_accuracy": 0.375, "updates": 1, "seconds": 12.617526769638062, "time": 1790882039.1746755, "loss": 0.8156580918941682, "confidence": 0.819668769582498, "mass": 0.874820242497526, "hinge_active": 0.125}
A decoder-only architecture is being used, but right-padding was detected! For correct generation results, please set `padding_side='left'` when initializing the tokenizer.
{"step": 70, "epoch": 0, "rows": 8, "skipped": 0, "answer_accuracy": 0.5, "updates": 1, "seconds": 12.482861042022705, "time": 1790882051.6589496, "loss": 0.7155717315649888, "confidence": 0.8208071477870493, "mass": 0.8744374390327675, "hinge_active": 0.125}
A decoder-only architecture is being used, but right-padding was detected! For correct generation results, please set `padding_side='left'` when initializing the tokenizer.
{"step": 71, "epoch": 0, "rows": 8, "skipped": 0, "answer_accuracy": 0.75, "updates": 1, "seconds": 12.672832727432251, "time": 1790882064.3328984, "loss": 0.6072943101556079, "confidence": 0.8207681308708303, "mass": 0.8748064542308406, "hinge_active": 0.125}
A decoder-only architecture is being used, but right-padding was detected! For correct generation results, please set `padding_side='left'` when initializing the tokenizer.
{"step": 72, "epoch": 0, "rows": 8, "skipped": 0, "answer_accuracy": 0.25, "updates": 1, "seconds": 13.111536026000977, "time": 1790882077.4457204, "loss": 0.73365095965749, "confidence": 0.8003338170380442, "mass": 0.8748227577590003, "hinge_active": 0.125}
A decoder-only architecture is being used, but right-padding was detected! For correct generation results, please set `padding_side='left'` when initializing the tokenizer.
{"step": 73, "epoch": 0, "rows": 7, "skipped": 1, "answer_accuracy": 0.42857142857142855, "updates": 1, "seconds": 7.93952202796936, "time": 1790882085.3864334, "loss": -0.7383731612740834, "confidence": 0.7707414515451502, "mass": 0.9984931582293588, "hinge_active": 0.0}
A decoder-only architecture is being used, but right-padding was detected! For correct generation results, please set `padding_side='left'` when initializing the tokenizer.
{"step": 74, "epoch": 0, "rows": 8, "skipped": 0, "answer_accuracy": 0.375, "updates": 1, "seconds": 12.761442184448242, "time": 1790882098.1490033, "loss": 0.5972164919576763, "confidence": 0.8049365910041731, "mass": 0.8747914473854314, "hinge_active": 0.125}
A decoder-only architecture is being used, but right-padding was detected! For correct generation results, please set `padding_side='left'` when initializing the tokenizer.
{"step": 75, "epoch": 0, "rows": 7, "skipped": 1, "answer_accuracy": 0.2857142857142857, "updates": 1, "seconds": 6.985457420349121, "time": 1790882105.1354866, "loss": -0.7012572584291367, "confidence": 0.7310803275235336, "mass": 0.9972001058983556, "hinge_active": 0.0}
A decoder-only architecture is being used, but right-padding was detected! For correct generation results, please set `padding_side='left'` when initializing the tokenizer.
{"step": 76, "epoch": 0, "rows": 8, "skipped": 0, "answer_accuracy": 0.625, "updates": 1, "seconds": 12.569188117980957, "time": 1790882117.7056282, "loss": 0.40426899403220495, "confidence": 0.8143235482680447, "mass": 0.8747648272307739, "hinge_active": 0.125}
A decoder-only architecture is being used, but right-padding was detected! For correct generation results, please set `padding_side='left'` when initializing the tokenizer.
{"step": 77, "epoch": 0, "rows": 8, "skipped": 0, "answer_accuracy": 0.625, "updates": 1, "seconds": 6.5423424243927, "time": 1790882124.249127, "loss": -0.7828965910106285, "confidence": 0.812461031004837, "mass": 0.9998002178135591, "hinge_active": 0.0}
A decoder-only architecture is being used, but right-padding was detected! For correct generation results, please set `padding_side='left'` when initializing the tokenizer.
{"step": 78, "epoch": 0, "rows": 8, "skipped": 0, "answer_accuracy": 0.5, "updates": 1, "seconds": 12.598167181015015, "time": 1790882136.8488073, "loss": 0.262200501958316, "confidence": 0.7867892883726665, "mass": 0.8748478363171637, "hinge_active": 0.125}
A decoder-only architecture is being used, but right-padding was detected! For correct generation results, please set `padding_side='left'` when initializing the tokenizer.
{"step": 79, "epoch": 0, "rows": 8, "skipped": 0, "answer_accuracy": 0.75, "updates": 1, "seconds": 6.397143602371216, "time": 1790882143.247127, "loss": -0.8224701385166252, "confidence": 0.8206350014392902, "mass": 0.9997662416294673, "hinge_active": 0.0}
A decoder-only architecture is being used, but right-padding was detected! For correct generation results, please set `padding_side='left'` when initializing the tokenizer.
{"step": 80, "epoch": 0, "rows": 8, "skipped": 0, "answer_accuracy": 0.75, "updates": 1, "seconds": 6.424062490463257, "time": 1790882149.6724203, "loss": -0.8398609077804355, "confidence": 0.8196678387926619, "mass": 0.9998167646116526, "hinge_active": 0.0}
A decoder-only architecture is being used, but right-padding was detected! For correct generation results, please set `padding_side='left'` when initializing the tokenizer.
{"step": 81, "epoch": 0, "rows": 8, "skipped": 0, "answer_accuracy": 0.375, "updates": 1, "seconds": 12.978699445724487, "time": 1790882162.652099, "loss": 1.0041098120346168, "confidence": 0.8014041593223015, "mass": 0.7501392650559505, "hinge_active": 0.25}
A decoder-only architecture is being used, but right-padding was detected! For correct generation results, please set `padding_side='left'` when initializing the tokenizer.
{"step": 82, "epoch": 0, "rows": 8, "skipped": 0, "answer_accuracy": 0.25, "updates": 1, "seconds": 6.44977331161499, "time": 1790882169.103224, "loss": -0.6642066034711521, "confidence": 0.7810886356781851, "mass": 0.9996759308437435, "hinge_active": 0.0}
A decoder-only architecture is being used, but right-padding was detected! For correct generation results, please set `padding_side='left'` when initializing the tokenizer.
{"step": 83, "epoch": 0, "rows": 8, "skipped": 0, "answer_accuracy": 0.5, "updates": 1, "seconds": 6.521692514419556, "time": 1790882175.6262984, "loss": -0.7464162450545879, "confidence": 0.8044609828141742, "mass": 0.9997541935042884, "hinge_active": 0.0}
A decoder-only architecture is being used, but right-padding was detected! For correct generation results, please set `padding_side='left'` when initializing the tokenizer.
{"step": 84, "epoch": 0, "rows": 8, "skipped": 0, "answer_accuracy": 0.375, "updates": 1, "seconds": 6.636921644210815, "time": 1790882182.2644563, "loss": -0.6686395855678817, "confidence": 0.8064213178240566, "mass": 0.9997529539831637, "hinge_active": 0.0}
A decoder-only architecture is being used, but right-padding was detected! For correct generation results, please set `padding_side='left'` when initializing the tokenizer.
{"step": 85, "epoch": 0, "rows": 8, "skipped": 0, "answer_accuracy": 0.375, "updates": 1, "seconds": 12.744559526443481, "time": 1790882195.0102005, "loss": 0.03317577590503781, "confidence": 0.7041093122294912, "mass": 0.8735352289532364, "hinge_active": 0.125}
A decoder-only architecture is being used, but right-padding was detected! For correct generation results, please set `padding_side='left'` when initializing the tokenizer.
{"step": 86, "epoch": 0, "rows": 7, "skipped": 1, "answer_accuracy": 0.2857142857142857, "updates": 1, "seconds": 6.847430467605591, "time": 1790882201.859119, "loss": -0.6463669494311498, "confidence": 0.8028208983260603, "mass": 0.9997901349114091, "hinge_active": 0.0}
A decoder-only architecture is being used, but right-padding was detected! For correct generation results, please set `padding_side='left'` when initializing the tokenizer.
{"step": 87, "epoch": 0, "rows": 8, "skipped": 0, "answer_accuracy": 0.5, "updates": 1, "seconds": 12.382656574249268, "time": 1790882214.243475, "loss": -0.2272392410477408, "confidence": 0.7991621497744067, "mass": 0.8766131449387474, "hinge_active": 0.125}
A decoder-only architecture is being used, but right-padding was detected! For correct generation results, please set `padding_side='left'` when initializing the tokenizer.
{"step": 88, "epoch": 0, "rows": 8, "skipped": 0, "answer_accuracy": 0.875, "updates": 1, "seconds": 6.313048362731934, "time": 1790882220.5582728, "loss": -0.8910655044827496, "confidence": 0.8137061798496863, "mass": 0.9997603964890855, "hinge_active": 0.0}
A decoder-only architecture is being used, but right-padding was detected! For correct generation results, please set `padding_side='left'` when initializing the tokenizer.
{"step": 89, "epoch": 0, "rows": 8, "skipped": 0, "answer_accuracy": 0.125, "updates": 1, "seconds": 6.358943700790405, "time": 1790882226.918495, "loss": -0.5983190271560743, "confidence": 0.7836478568520896, "mass": 0.9996340935343524, "hinge_active": 0.0}
A decoder-only architecture is being used, but right-padding was detected! For correct generation results, please set `padding_side='left'` when initializing the tokenizer.
{"step": 90, "epoch": 0, "rows": 8, "skipped": 0, "answer_accuracy": 0.5, "updates": 1, "seconds": 6.336083650588989, "time": 1790882233.2558517, "loss": -0.7260257000950019, "confidence": 0.7737431605498104, "mass": 0.9988386079448983, "hinge_active": 0.0}
A decoder-only architecture is being used, but right-padding was detected! For correct generation results, please set `padding_side='left'` when initializing the tokenizer.
{"step": 91, "epoch": 0, "rows": 8, "skipped": 0, "answer_accuracy": 0.25, "updates": 1, "seconds": 6.605043888092041, "time": 1790882239.8620546, "loss": -0.692522463595932, "confidence": 0.7223870489364248, "mass": 0.9972506752364548, "hinge_active": 0.0}
A decoder-only architecture is being used, but right-padding was detected! For correct generation results, please set `padding_side='left'` when initializing the tokenizer.
{"step": 92, "epoch": 0, "rows": 8, "skipped": 0, "answer_accuracy": 0.25, "updates": 1, "seconds": 6.350184440612793, "time": 1790882246.2136652, "loss": -0.6329141592045948, "confidence": 0.7837268830685648, "mass": 0.999613022963328, "hinge_active": 0.0}
A decoder-only architecture is being used, but right-padding was detected! For correct generation results, please set `padding_side='left'` when initializing the tokenizer.
{"step": 93, "epoch": 0, "rows": 8, "skipped": 0, "answer_accuracy": 0.125, "updates": 1, "seconds": 6.634705543518066, "time": 1790882252.8498352, "loss": -0.580570898636328, "confidence": 0.7977594044483397, "mass": 0.9996399012923114, "hinge_active": 0.0}
A decoder-only architecture is being used, but right-padding was detected! For correct generation results, please set `padding_side='left'` when initializing the tokenizer.
{"step": 94, "epoch": 0, "rows": 8, "skipped": 0, "answer_accuracy": 0.625, "updates": 1, "seconds": 6.515895366668701, "time": 1790882259.367272, "loss": -0.789114200557705, "confidence": 0.7943182239342947, "mass": 0.9996043977284708, "hinge_active": 0.0}
A decoder-only architecture is being used, but right-padding was detected! For correct generation results, please set `padding_side='left'` when initializing the tokenizer.
{"step": 95, "epoch": 0, "rows": 8, "skipped": 0, "answer_accuracy": 0.75, "updates": 1, "seconds": 6.668725967407227, "time": 1790882266.0370648, "loss": -0.837335319558097, "confidence": 0.7848286034481455, "mass": 0.9996420778394777, "hinge_active": 0.0}
A decoder-only architecture is being used, but right-padding was detected! For correct generation results, please set `padding_side='left'` when initializing the tokenizer.
{"step": 96, "epoch": 0, "rows": 8, "skipped": 0, "answer_accuracy": 0.625, "updates": 1, "seconds": 6.474008560180664, "time": 1790882272.5132327, "loss": -0.8100128827189637, "confidence": 0.7775358680602839, "mass": 0.9983107381767702, "hinge_active": 0.0, "save_seconds": 1.5479519367218018}
A decoder-only architecture is being used, but right-padding was detected! For correct generation results, please set `padding_side='left'` when initializing the tokenizer.
{"step": 97, "epoch": 0, "rows": 8, "skipped": 0, "answer_accuracy": 0.875, "updates": 1, "seconds": 6.68806004524231, "time": 1790882280.753839, "loss": -0.8802650990624524, "confidence": 0.800064250544601, "mass": 0.999201594698993, "hinge_active": 0.0}
A decoder-only architecture is being used, but right-padding was detected! For correct generation results, please set `padding_side='left'` when initializing the tokenizer.
{"step": 98, "epoch": 0, "rows": 8, "skipped": 0, "answer_accuracy": 0.625, "updates": 1, "seconds": 6.580728769302368, "time": 1790882287.3357239, "loss": -0.7802943900371917, "confidence": 0.7869350411451036, "mass": 0.9997445976811499, "hinge_active": 0.0}
A decoder-only architecture is being used, but right-padding was detected! For correct generation results, please set `padding_side='left'` when initializing the tokenizer.
{"step": 99, "epoch": 0, "rows": 8, "skipped": 0, "answer_accuracy": 0.625, "updates": 1, "seconds": 6.810439109802246, "time": 1790882294.147522, "loss": -0.8145050904842392, "confidence": 0.7668159998133757, "mass": 0.9994053925407349, "hinge_active": 0.0}
A decoder-only architecture is being used, but right-padding was detected! For correct generation results, please set `padding_side='left'` when initializing the tokenizer.
{"step": 100, "epoch": 0, "rows": 8, "skipped": 0, "answer_accuracy": 0.5, "updates": 1, "seconds": 6.585597991943359, "time": 1790882300.7343776, "loss": -0.7327148578322498, "confidence": 0.7780920586472606, "mass": 0.9995727220756492, "hinge_active": 0.0}
A decoder-only architecture is being used, but right-padding was detected! For correct generation results, please set `padding_side='left'` when initializing the tokenizer.
{"step": 101, "epoch": 0, "rows": 8, "skipped": 0, "answer_accuracy": 0.5, "updates": 1, "seconds": 6.717990159988403, "time": 1790882307.4541035, "loss": -0.738071532333435, "confidence": 0.7864150872695645, "mass": 0.9994964134293909, "hinge_active": 0.0}
A decoder-only architecture is being used, but right-padding was detected! For correct generation results, please set `padding_side='left'` when initializing the tokenizer.
{"step": 102, "epoch": 0, "rows": 8, "skipped": 0, "answer_accuracy": 0.75, "updates": 1, "seconds": 6.729707479476929, "time": 1790882314.1850836, "loss": -0.813192468587105, "confidence": 0.8092948763569585, "mass": 0.9997620214677998, "hinge_active": 0.0}
A decoder-only architecture is being used, but right-padding was detected! For correct generation results, please set `padding_side='left'` when initializing the tokenizer.
{"step": 103, "epoch": 0, "rows": 8, "skipped": 0, "answer_accuracy": 0.5, "updates": 1, "seconds": 6.480331897735596, "time": 1790882320.6681535, "loss": -0.7703748110520399, "confidence": 0.7398247183206951, "mass": 0.9988364930858847, "hinge_active": 0.0}
A decoder-only architecture is being used, but right-padding was detected! For correct generation results, please set `padding_side='left'` when initializing the tokenizer.
{"step": 104, "epoch": 0, "rows": 8, "skipped": 0, "answer_accuracy": 0.375, "updates": 1, "seconds": 12.534035682678223, "time": 1790882333.2043061, "loss": -0.7500655733955447, "confidence": 0.6718095253390522, "mass": 0.9711088318282673, "hinge_active": 0.125}
A decoder-only architecture is being used, but right-padding was detected! For correct generation results, please set `padding_side='left'` when initializing the tokenizer.
{"step": 105, "epoch": 0, "rows": 8, "skipped": 0, "answer_accuracy": 0.75, "updates": 1, "seconds": 6.6881020069122314, "time": 1790882339.8936176, "loss": -0.8780028016823589, "confidence": 0.7266123000921256, "mass": 0.9895985075107776, "hinge_active": 0.125}
A decoder-only architecture is being used, but right-padding was detected! For correct generation results, please set `padding_side='left'` when initializing the tokenizer.
{"step": 106, "epoch": 0, "rows": 8, "skipped": 0, "answer_accuracy": 0.75, "updates": 1, "seconds": 12.394625902175903, "time": 1790882352.289764, "loss": -0.8215302178216334, "confidence": 0.7846093822901249, "mass": 0.9808523624835107, "hinge_active": 0.125}
A decoder-only architecture is being used, but right-padding was detected! For correct generation results, please set `padding_side='left'` when initializing the tokenizer.
{"step": 107, "epoch": 0, "rows": 8, "skipped": 0, "answer_accuracy": 0.375, "updates": 1, "seconds": 6.474042177200317, "time": 1790882358.7650015, "loss": -0.7138855915235184, "confidence": 0.7629486341587395, "mass": 0.9997065884237926, "hinge_active": 0.0}
A decoder-only architecture is being used, but right-padding was detected! For correct generation results, please set `padding_side='left'` when initializing the tokenizer.
{"step": 108, "epoch": 0, "rows": 8, "skipped": 0, "answer_accuracy": 0.375, "updates": 1, "seconds": 7.177734613418579, "time": 1790882365.9446425, "loss": -0.693544923557444, "confidence": 0.7532241446285701, "mass": 0.9979661138637573, "hinge_active": 0.0}
A decoder-only architecture is being used, but right-padding was detected! For correct generation results, please set `padding_side='left'` when initializing the tokenizer.
{"step": 109, "epoch": 0, "rows": 8, "skipped": 0, "answer_accuracy": 0.375, "updates": 1, "seconds": 6.659639596939087, "time": 1790882372.6052005, "loss": -0.7079759488210084, "confidence": 0.7896168701769892, "mass": 0.9997068079711272, "hinge_active": 0.0}
A decoder-only architecture is being used, but right-padding was detected! For correct generation results, please set `padding_side='left'` when initializing the tokenizer.
{"step": 110, "epoch": 0, "rows": 8, "skipped": 0, "answer_accuracy": 0.75, "updates": 1, "seconds": 6.203742265701294, "time": 1790882378.8100708, "loss": -0.8760887207292863, "confidence": 0.708102627699615, "mass": 0.998202448808575, "hinge_active": 0.0}
A decoder-only architecture is being used, but right-padding was detected! For correct generation results, please set `padding_side='left'` when initializing the tokenizer.
{"step": 111, "epoch": 0, "rows": 7, "skipped": 1, "answer_accuracy": 0.5714285714285714, "updates": 1, "seconds": 7.100095510482788, "time": 1790882385.9114652, "loss": -0.7671481654776064, "confidence": 0.7857785301288477, "mass": 0.999689307681106, "hinge_active": 0.0}
A decoder-only architecture is being used, but right-padding was detected! For correct generation results, please set `padding_side='left'` when initializing the tokenizer.
{"step": 112, "epoch": 0, "rows": 8, "skipped": 0, "answer_accuracy": 0.625, "updates": 1, "seconds": 6.43314003944397, "time": 1790882392.3457246, "loss": -0.7809553404558399, "confidence": 0.7669383816287973, "mass": 0.9996577004072311, "hinge_active": 0.0}
A decoder-only architecture is being used, but right-padding was detected! For correct generation results, please set `padding_side='left'` when initializing the tokenizer.
{"step": 113, "epoch": 0, "rows": 8, "skipped": 0, "answer_accuracy": 0.625, "updates": 1, "seconds": 6.842211723327637, "time": 1790882399.1895125, "loss": -0.8203477871861553, "confidence": 0.7506299684358134, "mass": 0.9993375883303092, "hinge_active": 0.0}
A decoder-only architecture is being used, but right-padding was detected! For correct generation results, please set `padding_side='left'` when initializing the tokenizer.
{"step": 114, "epoch": 0, "rows": 8, "skipped": 0, "answer_accuracy": 0.5, "updates": 1, "seconds": 6.512604713439941, "time": 1790882405.703506, "loss": -0.7706504602437111, "confidence": 0.7219537853787386, "mass": 0.9993323168067669, "hinge_active": 0.0}
A decoder-only architecture is being used, but right-padding was detected! For correct generation results, please set `padding_side='left'` when initializing the tokenizer.
{"step": 115, "epoch": 0, "rows": 8, "skipped": 0, "answer_accuracy": 0.375, "updates": 1, "seconds": 12.812350273132324, "time": 1790882418.5170171, "loss": -0.6906174828291006, "confidence": 0.7629782972880597, "mass": 0.9847135339800606, "hinge_active": 0.125}
A decoder-only architecture is being used, but right-padding was detected! For correct generation results, please set `padding_side='left'` when initializing the tokenizer.
{"step": 116, "epoch": 0, "rows": 8, "skipped": 0, "answer_accuracy": 0.375, "updates": 1, "seconds": 12.671200513839722, "time": 1790882431.1891778, "loss": -0.7491051003054887, "confidence": 0.6728694820880001, "mass": 0.971596784850786, "hinge_active": 0.25}
A decoder-only architecture is being used, but right-padding was detected! For correct generation results, please set `padding_side='left'` when initializing the tokenizer.
{"step": 117, "epoch": 0, "rows": 8, "skipped": 0, "answer_accuracy": 0.75, "updates": 1, "seconds": 6.642436742782593, "time": 1790882437.8328774, "loss": -0.8370801420792765, "confidence": 0.7844620909135445, "mass": 0.9997534894552718, "hinge_active": 0.0}
A decoder-only architecture is being used, but right-padding was detected! For correct generation results, please set `padding_side='left'` when initializing the tokenizer.
{"step": 118, "epoch": 0, "rows": 7, "skipped": 1, "answer_accuracy": 0.7142857142857143, "updates": 1, "seconds": 10.86748456954956, "time": 1790882448.701581, "loss": -0.8291604393209465, "confidence": 0.7983149658909912, "mass": 0.9997887379258905, "hinge_active": 0.0}
A decoder-only architecture is being used, but right-padding was detected! For correct generation results, please set `padding_side='left'` when initializing the tokenizer.
{"step": 119, "epoch": 0, "rows": 8, "skipped": 0, "answer_accuracy": 0.25, "updates": 1, "seconds": 6.479273557662964, "time": 1790882455.1820605, "loss": -0.6834284280475356, "confidence": 0.7358867156982566, "mass": 0.9996941929007037, "hinge_active": 0.0}
A decoder-only architecture is being used, but right-padding was detected! For correct generation results, please set `padding_side='left'` when initializing the tokenizer.
{"step": 120, "epoch": 0, "rows": 8, "skipped": 0, "answer_accuracy": 0.5, "updates": 1, "seconds": 6.604779958724976, "time": 1790882461.78817, "loss": -0.7575452234621655, "confidence": 0.744545594107398, "mass": 0.9996948894079244, "hinge_active": 0.0}
A decoder-only architecture is being used, but right-padding was detected! For correct generation results, please set `padding_side='left'` when initializing the tokenizer.
{"step": 121, "epoch": 0, "rows": 8, "skipped": 0, "answer_accuracy": 0.625, "updates": 1, "seconds": 6.585376739501953, "time": 1790882468.3748455, "loss": -0.7783105959195753, "confidence": 0.8028687476713677, "mass": 0.9997367871897468, "hinge_active": 0.0}
A decoder-only architecture is being used, but right-padding was detected! For correct generation results, please set `padding_side='left'` when initializing the tokenizer.
{"step": 122, "epoch": 0, "rows": 8, "skipped": 0, "answer_accuracy": 0.5, "updates": 1, "seconds": 6.543829441070557, "time": 1790882474.91979, "loss": -0.752921132953386, "confidence": 0.7384503155528497, "mass": 0.9992524673391256, "hinge_active": 0.0}
A decoder-only architecture is being used, but right-padding was detected! For correct generation results, please set `padding_side='left'` when initializing the tokenizer.
{"step": 123, "epoch": 0, "rows": 8, "skipped": 0, "answer_accuracy": 0.75, "updates": 1, "seconds": 6.566650152206421, "time": 1790882481.4878907, "loss": -0.8443534996958593, "confidence": 0.7818992795962891, "mass": 0.9998015064778933, "hinge_active": 0.0}
A decoder-only architecture is being used, but right-padding was detected! For correct generation results, please set `padding_side='left'` when initializing the tokenizer.
{"step": 124, "epoch": 0, "rows": 8, "skipped": 0, "answer_accuracy": 0.625, "updates": 1, "seconds": 6.858811140060425, "time": 1790882488.3479278, "loss": -0.8314590108402343, "confidence": 0.7350791635066476, "mass": 0.9995087370840813, "hinge_active": 0.0}
A decoder-only architecture is being used, but right-padding was detected! For correct generation results, please set `padding_side='left'` when initializing the tokenizer.
{"step": 125, "epoch": 0, "rows": 8, "skipped": 0, "answer_accuracy": 0.25, "updates": 1, "seconds": 13.002881526947021, "time": 1790882501.3517227, "loss": -0.6584175750096838, "confidence": 0.7614154282315062, "mass": 0.9720460716717628, "hinge_active": 0.25}
A decoder-only architecture is being used, but right-padding was detected! For correct generation results, please set `padding_side='left'` when initializing the tokenizer.
{"step": 126, "epoch": 0, "rows": 8, "skipped": 0, "answer_accuracy": 0.625, "updates": 1, "seconds": 6.400428056716919, "time": 1790882507.7530756, "loss": -0.8106280599818044, "confidence": 0.7661218500101556, "mass": 0.9997446015304207, "hinge_active": 0.0}
A decoder-only architecture is being used, but right-padding was detected! For correct generation results, please set `padding_side='left'` when initializing the tokenizer.
{"step": 127, "epoch": 0, "rows": 8, "skipped": 0, "answer_accuracy": 0.5, "updates": 1, "seconds": 6.478024959564209, "time": 1790882514.232303, "loss": -0.7665934236973451, "confidence": 0.7613739049303385, "mass": 0.9997678740096553, "hinge_active": 0.0}
A decoder-only architecture is being used, but right-padding was detected! For correct generation results, please set `padding_side='left'` when initializing the tokenizer.
{"step": 128, "epoch": 0, "rows": 8, "skipped": 0, "answer_accuracy": 0.5, "updates": 1, "seconds": 6.4365808963775635, "time": 1790882520.6704023, "loss": -0.7579508394845245, "confidence": 0.7517944636531926, "mass": 0.9996132992919632, "hinge_active": 0.0, "save_seconds": 0.7702434062957764}
A decoder-only architecture is being used, but right-padding was detected! For correct generation results, please set `padding_side='left'` when initializing the tokenizer.
{"step": 129, "epoch": 1, "rows": 8, "skipped": 0, "answer_accuracy": 0.5, "updates": 1, "seconds": 6.600391864776611, "time": 1790882528.8136978, "loss": -0.7865589866700728, "confidence": 0.7033451187684565, "mass": 0.9978675472152563, "hinge_active": 0.0}
A decoder-only architecture is being used, but right-padding was detected! For correct generation results, please set `padding_side='left'` when initializing the tokenizer.
{"step": 130, "epoch": 1, "rows": 8, "skipped": 0, "answer_accuracy": 0.875, "updates": 1, "seconds": 6.356548070907593, "time": 1790882535.1713438, "loss": -0.8808142351889272, "confidence": 0.7773547660712452, "mass": 0.9998029592283838, "hinge_active": 0.0}
A decoder-only architecture is being used, but right-padding was detected! For correct generation results, please set `padding_side='left'` when initializing the tokenizer.
{"step": 131, "epoch": 1, "rows": 8, "skipped": 0, "answer_accuracy": 0.75, "updates": 1, "seconds": 6.38447904586792, "time": 1790882541.557493, "loss": -0.8424552104785271, "confidence": 0.7516800762516672, "mass": 0.9996894601379973, "hinge_active": 0.0}
A decoder-only architecture is being used, but right-padding was detected! For correct generation results, please set `padding_side='left'` when initializing the tokenizer.
{"step": 132, "epoch": 1, "rows": 8, "skipped": 0, "answer_accuracy": 0.25, "updates": 1, "seconds": 6.399784326553345, "time": 1790882547.958649, "loss": -0.6536947669391959, "confidence": 0.7729082281624964, "mass": 0.9998037726968544, "hinge_active": 0.0}
A decoder-only architecture is being used, but right-padding was detected! For correct generation results, please set `padding_side='left'` when initializing the tokenizer.
{"step": 133, "epoch": 1, "rows": 8, "skipped": 0, "answer_accuracy": 0.375, "updates": 1, "seconds": 6.919315338134766, "time": 1790882554.879549, "loss": -0.7570843498247055, "confidence": 0.7372662739681038, "mass": 0.9992972844448029, "hinge_active": 0.0}
A decoder-only architecture is being used, but right-padding was detected! For correct generation results, please set `padding_side='left'` when initializing the tokenizer.
{"step": 134, "epoch": 1, "rows": 8, "skipped": 0, "answer_accuracy": 0.5, "updates": 1, "seconds": 6.328545570373535, "time": 1790882561.209551, "loss": -0.77403570001962, "confidence": 0.7510200076297577, "mass": 0.9997479358403171, "hinge_active": 0.0}
A decoder-only architecture is being used, but right-padding was detected! For correct generation results, please set `padding_side='left'` when initializing the tokenizer.
{"step": 135, "epoch": 1, "rows": 8, "skipped": 0, "answer_accuracy": 0.375, "updates": 1, "seconds": 6.52552604675293, "time": 1790882567.7365215, "loss": -0.7510504531805455, "confidence": 0.7337806492259294, "mass": 0.9996136541447649, "hinge_active": 0.0}
A decoder-only architecture is being used, but right-padding was detected! For correct generation results, please set `padding_side='left'` when initializing the tokenizer.
{"step": 136, "epoch": 1, "rows": 8, "skipped": 0, "answer_accuracy": 0.5, "updates": 1, "seconds": 6.3689658641815186, "time": 1790882574.1064637, "loss": -0.7543573884349438, "confidence": 0.7725290865835563, "mass": 0.9997913565495108, "hinge_active": 0.0}
A decoder-only architecture is being used, but right-padding was detected! For correct generation results, please set `padding_side='left'` when initializing the tokenizer.
{"step": 137, "epoch": 1, "rows": 8, "skipped": 0, "answer_accuracy": 0.625, "updates": 1, "seconds": 6.635143995285034, "time": 1790882580.7433364, "loss": -0.7917298428743994, "confidence": 0.7776999414235934, "mass": 0.9996434365417248, "hinge_active": 0.0}
A decoder-only architecture is being used, but right-padding was detected! For correct generation results, please set `padding_side='left'` when initializing the tokenizer.
{"step": 138, "epoch": 1, "rows": 8, "skipped": 0, "answer_accuracy": 0.5, "updates": 1, "seconds": 6.8284571170806885, "time": 1790882587.5728505, "loss": -0.7510573075455048, "confidence": 0.7531120967951388, "mass": 0.9996405754634828, "hinge_active": 0.0}
A decoder-only architecture is being used, but right-padding was detected! For correct generation results, please set `padding_side='left'` when initializing the tokenizer.
{"step": 139, "epoch": 1, "rows": 8, "skipped": 0, "answer_accuracy": 0.75, "updates": 1, "seconds": 6.60535192489624, "time": 1790882594.1796253, "loss": -0.833236985888929, "confidence": 0.7605527371546713, "mass": 0.999712501094712, "hinge_active": 0.0}
A decoder-only architecture is being used, but right-padding was detected! For correct generation results, please set `padding_side='left'` when initializing the tokenizer.
{"step": 140, "epoch": 1, "rows": 8, "skipped": 0, "answer_accuracy": 0.25, "updates": 1, "seconds": 6.607461452484131, "time": 1790882600.788765, "loss": -0.6982484199571131, "confidence": 0.7324853207880848, "mass": 0.999725134861643, "hinge_active": 0.0}
A decoder-only architecture is being used, but right-padding was detected! For correct generation results, please set `padding_side='left'` when initializing the tokenizer.
{"step": 141, "epoch": 1, "rows": 8, "skipped": 0, "answer_accuracy": 0.625, "updates": 1, "seconds": 6.709319591522217, "time": 1790882607.499141, "loss": -0.8103636091699425, "confidence": 0.7443861170691897, "mass": 0.9995268005547279, "hinge_active": 0.0}
A decoder-only architecture is being used, but right-padding was detected! For correct generation results, please set `padding_side='left'` when initializing the tokenizer.
{"step": 142, "epoch": 1, "rows": 8, "skipped": 0, "answer_accuracy": 0.5, "updates": 1, "seconds": 6.445052146911621, "time": 1790882613.9453144, "loss": -0.7457478966197006, "confidence": 0.7579813473914008, "mass": 0.9997722193478337, "hinge_active": 0.0}
A decoder-only architecture is being used, but right-padding was detected! For correct generation results, please set `padding_side='left'` when initializing the tokenizer.
{"step": 143, "epoch": 1, "rows": 8, "skipped": 0, "answer_accuracy": 0.375, "updates": 1, "seconds": 13.03677749633789, "time": 1790882626.9832537, "loss": -0.7086217422952462, "confidence": 0.7538392545387624, "mass": 0.9717737754449806, "hinge_active": 0.25}
A decoder-only architecture is being used, but right-padding was detected! For correct generation results, please set `padding_side='left'` when initializing the tokenizer.
{"step": 144, "epoch": 1, "rows": 8, "skipped": 0, "answer_accuracy": 0.5, "updates": 1, "seconds": 12.700716972351074, "time": 1790882639.6857824, "loss": -0.768279612178112, "confidence": 0.7235097337323644, "mass": 0.9867092221099849, "hinge_active": 0.125}
A decoder-only architecture is being used, but right-padding was detected! For correct generation results, please set `padding_side='left'` when initializing the tokenizer.
{"step": 145, "epoch": 1, "rows": 7, "skipped": 1, "answer_accuracy": 0.42857142857142855, "updates": 1, "seconds": 5.967916488647461, "time": 1790882645.6547494, "loss": -0.7496865385152243, "confidence": 0.7317180748347224, "mass": 0.9997162900914068, "hinge_active": 0.0}
A decoder-only architecture is being used, but right-padding was detected! For correct generation results, please set `padding_side='left'` when initializing the tokenizer.
{"step": 146, "epoch": 1, "rows": 8, "skipped": 0, "answer_accuracy": 0.625, "updates": 1, "seconds": 6.633710622787476, "time": 1790882652.2894433, "loss": -0.7841384916114001, "confidence": 0.7691652753992089, "mass": 0.9997642356089264, "hinge_active": 0.0}
A decoder-only architecture is being used, but right-padding was detected! For correct generation results, please set `padding_side='left'` when initializing the tokenizer.
{"step": 147, "epoch": 1, "rows": 8, "skipped": 0, "answer_accuracy": 0.375, "updates": 1, "seconds": 6.900087594985962, "time": 1790882659.190861, "loss": -0.7694090078973418, "confidence": 0.6783633065407193, "mass": 0.9993911719179629, "hinge_active": 0.0}
A decoder-only architecture is being used, but right-padding was detected! For correct generation results, please set `padding_side='left'` when initializing the tokenizer.
{"step": 148, "epoch": 1, "rows": 8, "skipped": 0, "answer_accuracy": 0.375, "updates": 1, "seconds": 6.527990341186523, "time": 1790882665.7202368, "loss": -0.7668961724967555, "confidence": 0.7082873617423208, "mass": 0.9996773386214957, "hinge_active": 0.0}
A decoder-only architecture is being used, but right-padding was detected! For correct generation results, please set `padding_side='left'` when initializing the tokenizer.
{"step": 149, "epoch": 1, "rows": 8, "skipped": 0, "answer_accuracy": 0.5, "updates": 1, "seconds": 6.960260391235352, "time": 1790882672.6815362, "loss": -0.8132003266734652, "confidence": 0.6586940401704389, "mass": 0.9974981384909585, "hinge_active": 0.0}
A decoder-only architecture is being used, but right-padding was detected! For correct generation results, please set `padding_side='left'` when initializing the tokenizer.
{"step": 150, "epoch": 1, "rows": 8, "skipped": 0, "answer_accuracy": 0.75, "updates": 1, "seconds": 6.735034227371216, "time": 1790882679.417783, "loss": -0.8326920937592828, "confidence": 0.7428773055102657, "mass": 0.9997339512425819, "hinge_active": 0.0}
A decoder-only architecture is being used, but right-padding was detected! For correct generation results, please set `padding_side='left'` when initializing the tokenizer.
{"step": 151, "epoch": 1, "rows": 8, "skipped": 0, "answer_accuracy": 0.625, "updates": 1, "seconds": 6.494120359420776, "time": 1790882685.9134438, "loss": -0.8361258994174284, "confidence": 0.7007565609897328, "mass": 0.9995509553504556, "hinge_active": 0.0}
A decoder-only architecture is being used, but right-padding was detected! For correct generation results, please set `padding_side='left'` when initializing the tokenizer.
{"step": 152, "epoch": 1, "rows": 8, "skipped": 0, "answer_accuracy": 0.5, "updates": 1, "seconds": 6.860395193099976, "time": 1790882692.7754657, "loss": -0.7538852224636275, "confidence": 0.7278070828425568, "mass": 0.9995223324905134, "hinge_active": 0.0}
A decoder-only architecture is being used, but right-padding was detected! For correct generation results, please set `padding_side='left'` when initializing the tokenizer.
{"step": 153, "epoch": 1, "rows": 8, "skipped": 0, "answer_accuracy": 0.375, "updates": 1, "seconds": 6.941059827804565, "time": 1790882699.717895, "loss": -0.7323580606175613, "confidence": 0.7457109428964501, "mass": 0.9995869635982002, "hinge_active": 0.0}
A decoder-only architecture is being used, but right-padding was detected! For correct generation results, please set `padding_side='left'` when initializing the tokenizer.
{"step": 154, "epoch": 1, "rows": 8, "skipped": 0, "answer_accuracy": 0.375, "updates": 1, "seconds": 6.486765146255493, "time": 1790882706.2060688, "loss": -0.742182009853895, "confidence": 0.728189953801002, "mass": 0.9995013936313193, "hinge_active": 0.0}
A decoder-only architecture is being used, but right-padding was detected! For correct generation results, please set `padding_side='left'` when initializing the tokenizer.
{"step": 155, "epoch": 1, "rows": 8, "skipped": 0, "answer_accuracy": 0.5, "updates": 1, "seconds": 6.680913925170898, "time": 1790882712.8883433, "loss": -0.7817270343137948, "confidence": 0.7291189729947111, "mass": 0.9995604521507294, "hinge_active": 0.0}
A decoder-only architecture is being used, but right-padding was detected! For correct generation results, please set `padding_side='left'` when initializing the tokenizer.
{"step": 156, "epoch": 1, "rows": 8, "skipped": 0, "answer_accuracy": 0.75, "updates": 1, "seconds": 6.673781156539917, "time": 1790882719.563241, "loss": -0.8410112732123834, "confidence": 0.7705439463966214, "mass": 0.9997569081974217, "hinge_active": 0.0}
A decoder-only architecture is being used, but right-padding was detected! For correct generation results, please set `padding_side='left'` when initializing the tokenizer.
{"step": 157, "epoch": 1, "rows": 8, "skipped": 0, "answer_accuracy": 0.5, "updates": 1, "seconds": 6.627708435058594, "time": 1790882726.1920407, "loss": -0.7702754165007464, "confidence": 0.7255637137603056, "mass": 0.9996649475242457, "hinge_active": 0.0}
A decoder-only architecture is being used, but right-padding was detected! For correct generation results, please set `padding_side='left'` when initializing the tokenizer.
{"step": 158, "epoch": 1, "rows": 8, "skipped": 0, "answer_accuracy": 0.625, "updates": 1, "seconds": 12.558969736099243, "time": 1790882738.7525547, "loss": -0.779100692982795, "confidence": 0.7116703593804174, "mass": 0.9910604484794645, "hinge_active": 0.125}
A decoder-only architecture is being used, but right-padding was detected! For correct generation results, please set `padding_side='left'` when initializing the tokenizer.
{"step": 159, "epoch": 1, "rows": 8, "skipped": 0, "answer_accuracy": 0.5, "updates": 1, "seconds": 6.5090789794921875, "time": 1790882745.2629325, "loss": -0.79430539211335, "confidence": 0.7112240972700329, "mass": 0.9997665758617577, "hinge_active": 0.0}
A decoder-only architecture is being used, but right-padding was detected! For correct generation results, please set `padding_side='left'` when initializing the tokenizer.
{"step": 160, "epoch": 1, "rows": 8, "skipped": 0, "answer_accuracy": 0.375, "updates": 1, "seconds": 12.547494173049927, "time": 1790882757.8112636, "loss": -0.7300580728889504, "confidence": 0.7112535229194261, "mass": 0.986440451148145, "hinge_active": 0.125, "save_seconds": 0.7948613166809082}
A decoder-only architecture is being used, but right-padding was detected! For correct generation results, please set `padding_side='left'` when initializing the tokenizer.
{"step": 161, "epoch": 1, "rows": 8, "skipped": 0, "answer_accuracy": 0.625, "updates": 1, "seconds": 6.418336629867554, "time": 1790882765.0254881, "loss": -0.7998651933125775, "confidence": 0.7021199247921882, "mass": 0.9997362148994524, "hinge_active": 0.0}
A decoder-only architecture is being used, but right-padding was detected! For correct generation results, please set `padding_side='left'` when initializing the tokenizer.
{"step": 162, "epoch": 1, "rows": 8, "skipped": 0, "answer_accuracy": 0.5, "updates": 1, "seconds": 6.679119110107422, "time": 1790882771.7060618, "loss": -0.7664876186996836, "confidence": 0.7140717330887111, "mass": 0.9997635169475096, "hinge_active": 0.0}
A decoder-only architecture is being used, but right-padding was detected! For correct generation results, please set `padding_side='left'` when initializing the tokenizer.
{"step": 163, "epoch": 1, "rows": 8, "skipped": 0, "answer_accuracy": 0.5, "updates": 1, "seconds": 6.786584138870239, "time": 1790882778.493827, "loss": -0.767794350881785, "confidence": 0.7114208626565519, "mass": 0.9997136746284283, "hinge_active": 0.0}
A decoder-only architecture is being used, but right-padding was detected! For correct generation results, please set `padding_side='left'` when initializing the tokenizer.
{"step": 164, "epoch": 1, "rows": 8, "skipped": 0, "answer_accuracy": 0.625, "updates": 1, "seconds": 6.400200605392456, "time": 1790882784.895375, "loss": -0.8296531601780673, "confidence": 0.7282016354250601, "mass": 0.999813889286146, "hinge_active": 0.0}
A decoder-only architecture is being used, but right-padding was detected! For correct generation results, please set `padding_side='left'` when initializing the tokenizer.
{"step": 165, "epoch": 1, "rows": 8, "skipped": 0, "answer_accuracy": 0.5, "updates": 1, "seconds": 12.528639793395996, "time": 1790882797.425187, "loss": -0.8118139731402064, "confidence": 0.6941769115143777, "mass": 0.9902164760015092, "hinge_active": 0.125}
A decoder-only architecture is being used, but right-padding was detected! For correct generation results, please set `padding_side='left'` when initializing the tokenizer.
{"step": 166, "epoch": 1, "rows": 8, "skipped": 0, "answer_accuracy": 0.875, "updates": 1, "seconds": 6.385777473449707, "time": 1790882803.8121576, "loss": -0.882211712012029, "confidence": 0.7233959070193883, "mass": 0.9997709519457109, "hinge_active": 0.0}
A decoder-only architecture is being used, but right-padding was detected! For correct generation results, please set `padding_side='left'` when initializing the tokenizer.
{"step": 167, "epoch": 1, "rows": 8, "skipped": 0, "answer_accuracy": 0.75, "updates": 1, "seconds": 6.526125907897949, "time": 1790882810.3395846, "loss": -0.8417669016121916, "confidence": 0.7017941162678986, "mass": 0.9997482996772856, "hinge_active": 0.0}
A decoder-only architecture is being used, but right-padding was detected! For correct generation results, please set `padding_side='left'` when initializing the tokenizer.
{"step": 168, "epoch": 1, "rows": 8, "skipped": 0, "answer_accuracy": 0.625, "updates": 1, "seconds": 6.495765447616577, "time": 1790882816.8367155, "loss": -0.8532924991664275, "confidence": 0.6308451729444674, "mass": 0.9981830073635718, "hinge_active": 0.0}
A decoder-only architecture is being used, but right-padding was detected! For correct generation results, please set `padding_side='left'` when initializing the tokenizer.
{"step": 169, "epoch": 1, "rows": 8, "skipped": 0, "answer_accuracy": 0.5, "updates": 1, "seconds": 6.501978874206543, "time": 1790882823.340267, "loss": -0.7857208888194593, "confidence": 0.6981149855532223, "mass": 0.9995360716154886, "hinge_active": 0.0}
A decoder-only architecture is being used, but right-padding was detected! For correct generation results, please set `padding_side='left'` when initializing the tokenizer.
{"step": 170, "epoch": 1, "rows": 8, "skipped": 0, "answer_accuracy": 0.5, "updates": 1, "seconds": 12.40532398223877, "time": 1790882835.7470083, "loss": -0.788773835792621, "confidence": 0.6972981878199926, "mass": 0.9888253957438662, "hinge_active": 0.125}
A decoder-only architecture is being used, but right-padding was detected! For correct generation results, please set `padding_side='left'` when initializing the tokenizer.
{"step": 171, "epoch": 1, "rows": 8, "skipped": 0, "answer_accuracy": 0.625, "updates": 1, "seconds": 6.576280355453491, "time": 1790882842.3245687, "loss": -0.8263159862716426, "confidence": 0.7294552420811549, "mass": 0.9997967236397659, "hinge_active": 0.0}
A decoder-only architecture is being used, but right-padding was detected! For correct generation results, please set `padding_side='left'` when initializing the tokenizer.
{"step": 172, "epoch": 1, "rows": 8, "skipped": 0, "answer_accuracy": 0.625, "updates": 1, "seconds": 6.829483985900879, "time": 1790882849.1549652, "loss": -0.809860167536554, "confidence": 0.7044159493279516, "mass": 0.999754548402829, "hinge_active": 0.0}
A decoder-only architecture is being used, but right-padding was detected! For correct generation results, please set `padding_side='left'` when initializing the tokenizer.
{"step": 173, "epoch": 1, "rows": 8, "skipped": 0, "answer_accuracy": 0.75, "updates": 1, "seconds": 6.770941734313965, "time": 1790882855.9274914, "loss": -0.8534557643531318, "confidence": 0.7333923739270961, "mass": 0.9998243884560019, "hinge_active": 0.0}
A decoder-only architecture is being used, but right-padding was detected! For correct generation results, please set `padding_side='left'` when initializing the tokenizer.
{"step": 174, "epoch": 1, "rows": 8, "skipped": 0, "answer_accuracy": 0.375, "updates": 1, "seconds": 6.584960222244263, "time": 1790882862.5136573, "loss": -0.7266233561471205, "confidence": 0.7116400371379948, "mass": 0.999748363550886, "hinge_active": 0.0}
A decoder-only architecture is being used, but right-padding was detected! For correct generation results, please set `padding_side='left'` when initializing the tokenizer.
{"step": 175, "epoch": 1, "rows": 8, "skipped": 0, "answer_accuracy": 0.25, "updates": 1, "seconds": 7.189921855926514, "time": 1790882869.7048278, "loss": -0.7083128626560322, "confidence": 0.654413977377884, "mass": 0.998910041672321, "hinge_active": 0.0}
A decoder-only architecture is being used, but right-padding was detected! For correct generation results, please set `padding_side='left'` when initializing the tokenizer.
{"step": 176, "epoch": 1, "rows": 8, "skipped": 0, "answer_accuracy": 0.625, "updates": 1, "seconds": 6.52141261100769, "time": 1790882876.2274501, "loss": -0.8155982038626794, "confidence": 0.7197306321027632, "mass": 0.9995689833906535, "hinge_active": 0.0}
A decoder-only architecture is being used, but right-padding was detected! For correct generation results, please set `padding_side='left'` when initializing the tokenizer.
{"step": 177, "epoch": 1, "rows": 8, "skipped": 0, "answer_accuracy": 0.625, "updates": 1, "seconds": 6.723084449768066, "time": 1790882882.951749, "loss": -0.8241887738757829, "confidence": 0.6989768028860606, "mass": 0.9997491830015169, "hinge_active": 0.0}
A decoder-only architecture is being used, but right-padding was detected! For correct generation results, please set `padding_side='left'` when initializing the tokenizer.
{"step": 178, "epoch": 1, "rows": 8, "skipped": 0, "answer_accuracy": 0.75, "updates": 1, "seconds": 6.617666244506836, "time": 1790882889.5709, "loss": -0.848192631485589, "confidence": 0.7302869375678356, "mass": 0.9995765250908467, "hinge_active": 0.0}
A decoder-only architecture is being used, but right-padding was detected! For correct generation results, please set `padding_side='left'` when initializing the tokenizer.
{"step": 179, "epoch": 1, "rows": 8, "skipped": 0, "answer_accuracy": 0.375, "updates": 1, "seconds": 6.667612075805664, "time": 1790882896.239865, "loss": -0.7712732578636132, "confidence": 0.6654285105141249, "mass": 0.9989964586264121, "hinge_active": 0.0}
A decoder-only architecture is being used, but right-padding was detected! For correct generation results, please set `padding_side='left'` when initializing the tokenizer.
{"step": 180, "epoch": 1, "rows": 8, "skipped": 0, "answer_accuracy": 0.5, "updates": 1, "seconds": 12.603273630142212, "time": 1790882908.8442848, "loss": -0.7956611747960521, "confidence": 0.686365225684301, "mass": 0.9899939618702924, "hinge_active": 0.125}
A decoder-only architecture is being used, but right-padding was detected! For correct generation results, please set `padding_side='left'` when initializing the tokenizer.
{"step": 181, "epoch": 1, "rows": 8, "skipped": 0, "answer_accuracy": 0.75, "updates": 1, "seconds": 6.652514219284058, "time": 1790882915.4980128, "loss": -0.840538797844181, "confidence": 0.6925494196298312, "mass": 0.9997536876797135, "hinge_active": 0.0}
A decoder-only architecture is being used, but right-padding was detected! For correct generation results, please set `padding_side='left'` when initializing the tokenizer.
{"step": 182, "epoch": 1, "rows": 8, "skipped": 0, "answer_accuracy": 0.625, "updates": 1, "seconds": 12.715803384780884, "time": 1790882928.2148688, "loss": -0.8396556857678058, "confidence": 0.6933815091012975, "mass": 0.9909985633607655, "hinge_active": 0.125}
A decoder-only architecture is being used, but right-padding was detected! For correct generation results, please set `padding_side='left'` when initializing the tokenizer.
{"step": 183, "epoch": 1, "rows": 8, "skipped": 0, "answer_accuracy": 0.125, "updates": 1, "seconds": 6.307277202606201, "time": 1790882934.5231957, "loss": -0.7038617327583082, "confidence": 0.6732105589750864, "mass": 0.9994856043778304, "hinge_active": 0.0}
A decoder-only architecture is being used, but right-padding was detected! For correct generation results, please set `padding_side='left'` when initializing the tokenizer.
{"step": 184, "epoch": 1, "rows": 8, "skipped": 0, "answer_accuracy": 0.5, "updates": 1, "seconds": 6.529736757278442, "time": 1790882941.054118, "loss": -0.7914311466766185, "confidence": 0.656486089528646, "mass": 0.9996244730489957, "hinge_active": 0.0}
A decoder-only architecture is being used, but right-padding was detected! For correct generation results, please set `padding_side='left'` when initializing the tokenizer.
{"step": 185, "epoch": 1, "rows": 8, "skipped": 0, "answer_accuracy": 0.5, "updates": 1, "seconds": 6.750288486480713, "time": 1790882947.8059158, "loss": -0.7876711566071617, "confidence": 0.6889474253947516, "mass": 0.9996824656741613, "hinge_active": 0.0}
A decoder-only architecture is being used, but right-padding was detected! For correct generation results, please set `padding_side='left'` when initializing the tokenizer.
{"step": 186, "epoch": 1, "rows": 8, "skipped": 0, "answer_accuracy": 0.75, "updates": 1, "seconds": 6.448917627334595, "time": 1790882954.2560802, "loss": -0.8202296344131396, "confidence": 0.7183393183397923, "mass": 0.9997938732821541, "hinge_active": 0.0}
A decoder-only architecture is being used, but right-padding was detected! For correct generation results, please set `padding_side='left'` when initializing the tokenizer.
{"step": 187, "epoch": 1, "rows": 7, "skipped": 1, "answer_accuracy": 0.5714285714285714, "updates": 1, "seconds": 7.077783584594727, "time": 1790882961.3351629, "loss": -0.8176792164173442, "confidence": 0.6589112774540025, "mass": 0.9996108652216165, "hinge_active": 0.0}
A decoder-only architecture is being used, but right-padding was detected! For correct generation results, please set `padding_side='left'` when initializing the tokenizer.
{"step": 188, "epoch": 1, "rows": 8, "skipped": 0, "answer_accuracy": 0.75, "updates": 1, "seconds": 6.5907323360443115, "time": 1790882967.9271762, "loss": -0.8493036836391192, "confidence": 0.6809375774016547, "mass": 0.9995857610491109, "hinge_active": 0.0}
A decoder-only architecture is being used, but right-padding was detected! For correct generation results, please set `padding_side='left'` when initializing the tokenizer.
{"step": 189, "epoch": 1, "rows": 8, "skipped": 0, "answer_accuracy": 0.125, "updates": 1, "seconds": 12.94836950302124, "time": 1790882980.876911, "loss": -0.6757734046018214, "confidence": 0.6850410589548283, "mass": 0.9811213515611689, "hinge_active": 0.25}
A decoder-only architecture is being used, but right-padding was detected! For correct generation results, please set `padding_side='left'` when initializing the tokenizer.
{"step": 190, "epoch": 1, "rows": 8, "skipped": 0, "answer_accuracy": 0.125, "updates": 1, "seconds": 6.478391408920288, "time": 1790882987.3568134, "loss": -0.7133564881367498, "confidence": 0.6612484187035363, "mass": 0.9997320327472863, "hinge_active": 0.0}
A decoder-only architecture is being used, but right-padding was detected! For correct generation results, please set `padding_side='left'` when initializing the tokenizer.
{"step": 191, "epoch": 1, "rows": 8, "skipped": 0, "answer_accuracy": 0.625, "updates": 1, "seconds": 6.7277991771698, "time": 1790882994.0858767, "loss": -0.8594304902438786, "confidence": 0.6333317925502804, "mass": 0.9922929197299332, "hinge_active": 0.125}
A decoder-only architecture is being used, but right-padding was detected! For correct generation results, please set `padding_side='left'` when initializing the tokenizer.
{"step": 192, "epoch": 1, "rows": 8, "skipped": 0, "answer_accuracy": 0.375, "updates": 1, "seconds": 6.638418912887573, "time": 1790883000.7259414, "loss": -0.7546212282974502, "confidence": 0.6821631124965961, "mass": 0.999657492382319, "hinge_active": 0.0, "save_seconds": 0.8218283653259277}
A decoder-only architecture is being used, but right-padding was detected! For correct generation results, please set `padding_side='left'` when initializing the tokenizer.
{"step": 193, "epoch": 1, "rows": 8, "skipped": 0, "answer_accuracy": 0.375, "updates": 1, "seconds": 12.346645593643188, "time": 1790883013.89526, "loss": -0.7711078579399984, "confidence": 0.6226346045528627, "mass": 0.9903010260548276, "hinge_active": 0.125}
A decoder-only architecture is being used, but right-padding was detected! For correct generation results, please set `padding_side='left'` when initializing the tokenizer.
{"step": 194, "epoch": 1, "rows": 8, "skipped": 0, "answer_accuracy": 0.375, "updates": 1, "seconds": 6.547889947891235, "time": 1790883020.4441776, "loss": -0.763691161807894, "confidence": 0.6809236693868546, "mass": 0.9997697394295074, "hinge_active": 0.0}
A decoder-only architecture is being used, but right-padding was detected! For correct generation results, please set `padding_side='left'` when initializing the tokenizer.
{"step": 195, "epoch": 1, "rows": 8, "skipped": 0, "answer_accuracy": 0.375, "updates": 1, "seconds": 6.494912147521973, "time": 1790883026.940311, "loss": -0.771567077680192, "confidence": 0.6588183707403618, "mass": 0.9994630675880628, "hinge_active": 0.0}
A decoder-only architecture is being used, but right-padding was detected! For correct generation results, please set `padding_side='left'` when initializing the tokenizer.
{"step": 196, "epoch": 1, "rows": 8, "skipped": 0, "answer_accuracy": 0.25, "updates": 1, "seconds": 6.486066818237305, "time": 1790883033.4278383, "loss": -0.7300094383611583, "confidence": 0.6786903596896576, "mass": 0.9997790802430955, "hinge_active": 0.0}
A decoder-only architecture is being used, but right-padding was detected! For correct generation results, please set `padding_side='left'` when initializing the tokenizer.
{"step": 197, "epoch": 1, "rows": 8, "skipped": 0, "answer_accuracy": 0.375, "updates": 1, "seconds": 6.417341709136963, "time": 1790883039.846769, "loss": -0.804202296366857, "confidence": 0.5702301885783649, "mass": 0.9974095329286842, "hinge_active": 0.0}
A decoder-only architecture is being used, but right-padding was detected! For correct generation results, please set `padding_side='left'` when initializing the tokenizer.
{"step": 198, "epoch": 1, "rows": 8, "skipped": 0, "answer_accuracy": 0.625, "updates": 1, "seconds": 12.37758755683899, "time": 1790883052.2257888, "loss": -0.8207423154705038, "confidence": 0.6566561602996004, "mass": 0.9918296437239267, "hinge_active": 0.125}
A decoder-only architecture is being used, but right-padding was detected! For correct generation results, please set `padding_side='left'` when initializing the tokenizer.
{"step": 199, "epoch": 1, "rows": 8, "skipped": 0, "answer_accuracy": 0.625, "updates": 1, "seconds": 6.68008279800415, "time": 1790883058.907366, "loss": -0.8606361677601309, "confidence": 0.5996686084373227, "mass": 0.9994441751030028, "hinge_active": 0.0}
A decoder-only architecture is being used, but right-padding was detected! For correct generation results, please set `padding_side='left'` when initializing the tokenizer.
{"step": 200, "epoch": 1, "rows": 8, "skipped": 0, "answer_accuracy": 1.0, "updates": 1, "seconds": 6.229433536529541, "time": 1790883065.1383433, "loss": -0.8818316697669334, "confidence": 0.6701928867538127, "mass": 0.9998133698386085, "hinge_active": 0.0}
A decoder-only architecture is being used, but right-padding was detected! For correct generation results, please set `padding_side='left'` when initializing the tokenizer.
{"step": 201, "epoch": 1, "rows": 8, "skipped": 0, "answer_accuracy": 0.75, "updates": 1, "seconds": 6.544417142868042, "time": 1790883071.6838024, "loss": -0.8397608275247717, "confidence": 0.6920227447977704, "mass": 0.999801725174166, "hinge_active": 0.0}
A decoder-only architecture is being used, but right-padding was detected! For correct generation results, please set `padding_side='left'` when initializing the tokenizer.
{"step": 202, "epoch": 1, "rows": 7, "skipped": 1, "answer_accuracy": 0.5714285714285714, "updates": 1, "seconds": 7.114824056625366, "time": 1790883078.7996483, "loss": -0.7396583853705458, "confidence": 0.7287134003163451, "mass": 0.9390100586097225, "hinge_active": 0.14285714285714285}
A decoder-only architecture is being used, but right-padding was detected! For correct generation results, please set `padding_side='left'` when initializing the tokenizer.
{"step": 203, "epoch": 1, "rows": 7, "skipped": 1, "answer_accuracy": 0.42857142857142855, "updates": 1, "seconds": 7.467089891433716, "time": 1790883086.268393, "loss": -0.8059032343498198, "confidence": 0.6013646096414903, "mass": 0.9995787730994682, "hinge_active": 0.0}
A decoder-only architecture is being used, but right-padding was detected! For correct generation results, please set `padding_side='left'` when initializing the tokenizer.
{"step": 204, "epoch": 1, "rows": 8, "skipped": 0, "answer_accuracy": 0.75, "updates": 1, "seconds": 6.430028200149536, "time": 1790883092.699954, "loss": -0.8213618248693766, "confidence": 0.7256665203856508, "mass": 0.9998288092510668, "hinge_active": 0.0}
A decoder-only architecture is being used, but right-padding was detected! For correct generation results, please set `padding_side='left'` when initializing the tokenizer.
{"step": 205, "epoch": 1, "rows": 8, "skipped": 0, "answer_accuracy": 0.75, "updates": 1, "seconds": 6.705463171005249, "time": 1790883099.4066978, "loss": -0.8431168208418884, "confidence": 0.6518859453575967, "mass": 0.9996553823371042, "hinge_active": 0.0}
A decoder-only architecture is being used, but right-padding was detected! For correct generation results, please set `padding_side='left'` when initializing the tokenizer.
{"step": 206, "epoch": 1, "rows": 8, "skipped": 0, "answer_accuracy": 0.375, "updates": 1, "seconds": 6.437641620635986, "time": 1790883105.8456552, "loss": -0.7782745233328537, "confidence": 0.6605708967578005, "mass": 0.9997485940667996, "hinge_active": 0.0}
A decoder-only architecture is being used, but right-padding was detected! For correct generation results, please set `padding_side='left'` when initializing the tokenizer.
{"step": 207, "epoch": 1, "rows": 8, "skipped": 0, "answer_accuracy": 0.625, "updates": 1, "seconds": 6.856245517730713, "time": 1790883112.703203, "loss": -0.8333369234438823, "confidence": 0.6736850997110475, "mass": 0.999787401866846, "hinge_active": 0.0}
A decoder-only architecture is being used, but right-padding was detected! For correct generation results, please set `padding_side='left'` when initializing the tokenizer.
{"step": 208, "epoch": 1, "rows": 8, "skipped": 0, "answer_accuracy": 0.5, "updates": 1, "seconds": 12.712219715118408, "time": 1790883125.4166448, "loss": -0.7999799166918033, "confidence": 0.6590029294570682, "mass": 0.9911767924102529, "hinge_active": 0.125}
A decoder-only architecture is being used, but right-padding was detected! For correct generation results, please set `padding_side='left'` when initializing the tokenizer.
{"step": 209, "epoch": 1, "rows": 8, "skipped": 0, "answer_accuracy": 0.375, "updates": 1, "seconds": 12.767276525497437, "time": 1790883138.185233, "loss": -0.7455647594913115, "confidence": 0.7027873826931444, "mass": 0.9878050076390545, "hinge_active": 0.125}
A decoder-only architecture is being used, but right-padding was detected! For correct generation results, please set `padding_side='left'` when initializing the tokenizer.
{"step": 210, "epoch": 1, "rows": 8, "skipped": 0, "answer_accuracy": 0.625, "updates": 1, "seconds": 6.705270767211914, "time": 1790883144.8916898, "loss": -0.8199756237081174, "confidence": 0.656647922947605, "mass": 0.9997781994585451, "hinge_active": 0.0}
A decoder-only architecture is being used, but right-padding was detected! For correct generation results, please set `padding_side='left'` when initializing the tokenizer.
{"step": 211, "epoch": 1, "rows": 8, "skipped": 0, "answer_accuracy": 0.5, "updates": 1, "seconds": 6.421478033065796, "time": 1790883151.314257, "loss": -0.7831146422586724, "confidence": 0.6314713057783085, "mass": 0.9998313368542615, "hinge_active": 0.0}
A decoder-only architecture is being used, but right-padding was detected! For correct generation results, please set `padding_side='left'` when initializing the tokenizer.
{"step": 212, "epoch": 1, "rows": 7, "skipped": 1, "answer_accuracy": 0.5714285714285714, "updates": 1, "seconds": 8.154492855072021, "time": 1790883159.4699495, "loss": -0.8079540036544182, "confidence": 0.6594379487556762, "mass": 0.9997723519960322, "hinge_active": 0.0}
A decoder-only architecture is being used, but right-padding was detected! For correct generation results, please set `padding_side='left'` when initializing the tokenizer.
{"step": 213, "epoch": 1, "rows": 8, "skipped": 0, "answer_accuracy": 0.75, "updates": 1, "seconds": 6.47724461555481, "time": 1790883165.9484031, "loss": -0.8552375897388, "confidence": 0.5953146024950737, "mass": 0.9995167512797131, "hinge_active": 0.0}
A decoder-only architecture is being used, but right-padding was detected! For correct generation results, please set `padding_side='left'` when initializing the tokenizer.
{"step": 214, "epoch": 1, "rows": 8, "skipped": 0, "answer_accuracy": 0.5, "updates": 1, "seconds": 6.433973550796509, "time": 1790883172.3834703, "loss": -0.823053498451594, "confidence": 0.5951365900222497, "mass": 0.9997771660141982, "hinge_active": 0.0}
A decoder-only architecture is being used, but right-padding was detected! For correct generation results, please set `padding_side='left'` when initializing the tokenizer.
{"step": 215, "epoch": 1, "rows": 8, "skipped": 0, "answer_accuracy": 0.5, "updates": 1, "seconds": 12.414586067199707, "time": 1790883184.7989945, "loss": -0.7864262226430044, "confidence": 0.6164450385255331, "mass": 0.9921281596548764, "hinge_active": 0.125}
A decoder-only architecture is being used, but right-padding was detected! For correct generation results, please set `padding_side='left'` when initializing the tokenizer.
{"step": 216, "epoch": 1, "rows": 8, "skipped": 0, "answer_accuracy": 0.5, "updates": 1, "seconds": 6.47843861579895, "time": 1790883191.278296, "loss": -0.7227382647238254, "confidence": 0.6135580705212833, "mass": 0.9300338393515917, "hinge_active": 0.125}
A decoder-only architecture is being used, but right-padding was detected! For correct generation results, please set `padding_side='left'` when initializing the tokenizer.
{"step": 217, "epoch": 1, "rows": 8, "skipped": 0, "answer_accuracy": 0.5, "updates": 1, "seconds": 6.283504486083984, "time": 1790883197.563718, "loss": -0.8053832274165771, "confidence": 0.6939117189504139, "mass": 0.9998084614525025, "hinge_active": 0.0}
A decoder-only architecture is being used, but right-padding was detected! For correct generation results, please set `padding_side='left'` when initializing the tokenizer.
{"step": 218, "epoch": 1, "rows": 8, "skipped": 0, "answer_accuracy": 0.375, "updates": 1, "seconds": 12.49347972869873, "time": 1790883210.0584705, "loss": -0.7743461964159815, "confidence": 0.6484942608689283, "mass": 0.9913210224965946, "hinge_active": 0.125}
A decoder-only architecture is being used, but right-padding was detected! For correct generation results, please set `padding_side='left'` when initializing the tokenizer.
{"step": 219, "epoch": 1, "rows": 8, "skipped": 0, "answer_accuracy": 0.625, "updates": 1, "seconds": 6.296731948852539, "time": 1790883216.356103, "loss": -0.8205392578253436, "confidence": 0.6677881020470063, "mass": 0.9998430067451632, "hinge_active": 0.0}
A decoder-only architecture is being used, but right-padding was detected! For correct generation results, please set `padding_side='left'` when initializing the tokenizer.
{"step": 220, "epoch": 1, "rows": 8, "skipped": 0, "answer_accuracy": 0.375, "updates": 1, "seconds": 6.370804071426392, "time": 1790883222.7280102, "loss": -0.7669849857750398, "confidence": 0.6432888491537391, "mass": 0.9996879532218287, "hinge_active": 0.0}
A decoder-only architecture is being used, but right-padding was detected! For correct generation results, please set `padding_side='left'` when initializing the tokenizer.
{"step": 221, "epoch": 1, "rows": 8, "skipped": 0, "answer_accuracy": 0.625, "updates": 1, "seconds": 6.939582824707031, "time": 1790883229.6690888, "loss": -0.8118644333717375, "confidence": 0.6632366787718927, "mass": 0.9992938086394938, "hinge_active": 0.0}
A decoder-only architecture is being used, but right-padding was detected! For correct generation results, please set `padding_side='left'` when initializing the tokenizer.
{"step": 222, "epoch": 1, "rows": 8, "skipped": 0, "answer_accuracy": 0.5, "updates": 1, "seconds": 6.469857454299927, "time": 1790883236.140154, "loss": -0.7828372697082369, "confidence": 0.6534447076805528, "mass": 0.9998222048503027, "hinge_active": 0.0}
A decoder-only architecture is being used, but right-padding was detected! For correct generation results, please set `padding_side='left'` when initializing the tokenizer.
{"step": 223, "epoch": 1, "rows": 8, "skipped": 0, "answer_accuracy": 0.5, "updates": 1, "seconds": 6.396923542022705, "time": 1790883242.5385022, "loss": -0.7820169169731933, "confidence": 0.6519392376079669, "mass": 0.9998140020554954, "hinge_active": 0.0}
A decoder-only architecture is being used, but right-padding was detected! For correct generation results, please set `padding_side='left'` when initializing the tokenizer.
{"step": 224, "epoch": 1, "rows": 8, "skipped": 0, "answer_accuracy": 0.375, "updates": 1, "seconds": 7.30855655670166, "time": 1790883249.8482685, "loss": -0.7637416963500785, "confidence": 0.6701397870723204, "mass": 0.9996441279136153, "hinge_active": 0.0, "save_seconds": 0.827286958694458}
A decoder-only architecture is being used, but right-padding was detected! For correct generation results, please set `padding_side='left'` when initializing the tokenizer.
{"step": 225, "epoch": 1, "rows": 8, "skipped": 0, "answer_accuracy": 0.5, "updates": 1, "seconds": 12.54104208946228, "time": 1790883263.217421, "loss": -0.7540828345761633, "confidence": 0.6115561749676285, "mass": 0.9894101096647261, "hinge_active": 0.125}
A decoder-only architecture is being used, but right-padding was detected! For correct generation results, please set `padding_side='left'` when initializing the tokenizer.
{"step": 226, "epoch": 1, "rows": 8, "skipped": 0, "answer_accuracy": 0.625, "updates": 1, "seconds": 6.527631044387817, "time": 1790883269.7464807, "loss": -0.8271554363741064, "confidence": 0.6086492460914713, "mass": 0.9998053839918515, "hinge_active": 0.0}
A decoder-only architecture is being used, but right-padding was detected! For correct generation results, please set `padding_side='left'` when initializing the tokenizer.
{"step": 227, "epoch": 1, "rows": 8, "skipped": 0, "answer_accuracy": 0.625, "updates": 1, "seconds": 6.7113425731658936, "time": 1790883276.4590082, "loss": -0.8415965419617598, "confidence": 0.6547805235267665, "mass": 0.9998112015754709, "hinge_active": 0.0}
A decoder-only architecture is being used, but right-padding was detected! For correct generation results, please set `padding_side='left'` when initializing the tokenizer.
{"step": 228, "epoch": 1, "rows": 8, "skipped": 0, "answer_accuracy": 0.75, "updates": 1, "seconds": 6.5037806034088135, "time": 1790883282.9639504, "loss": -0.8495227117365687, "confidence": 0.6507453326020655, "mass": 0.9998341480296281, "hinge_active": 0.0}
A decoder-only architecture is being used, but right-padding was detected! For correct generation results, please set `padding_side='left'` when initializing the tokenizer.
{"step": 229, "epoch": 1, "rows": 8, "skipped": 0, "answer_accuracy": 0.5, "updates": 1, "seconds": 12.662925720214844, "time": 1790883295.6282692, "loss": -0.8162335263991555, "confidence": 0.5790899090744981, "mass": 0.9937922181503424, "hinge_active": 0.0}
A decoder-only architecture is being used, but right-padding was detected! For correct generation results, please set `padding_side='left'` when initializing the tokenizer.
{"step": 230, "epoch": 1, "rows": 8, "skipped": 0, "answer_accuracy": 0.5, "updates": 1, "seconds": 6.491815567016602, "time": 1790883302.1211417, "loss": -0.7893979925078949, "confidence": 0.6162109177641126, "mass": 0.9997097366862516, "hinge_active": 0.0}
A decoder-only architecture is being used, but right-padding was detected! For correct generation results, please set `padding_side='left'` when initializing the tokenizer.
{"step": 231, "epoch": 1, "rows": 8, "skipped": 0, "answer_accuracy": 0.375, "updates": 1, "seconds": 6.428128480911255, "time": 1790883308.5511274, "loss": -0.7848602935693713, "confidence": 0.6065677195386845, "mass": 0.9998260916901779, "hinge_active": 0.0}
A decoder-only architecture is being used, but right-padding was detected! For correct generation results, please set `padding_side='left'` when initializing the tokenizer.
{"step": 232, "epoch": 1, "rows": 8, "skipped": 0, "answer_accuracy": 0.25, "updates": 1, "seconds": 6.494218111038208, "time": 1790883315.0467632, "loss": -0.7522634903227661, "confidence": 0.6333943573795148, "mass": 0.9998280885177863, "hinge_active": 0.0}
A decoder-only architecture is being used, but right-padding was detected! For correct generation results, please set `padding_side='left'` when initializing the tokenizer.
{"step": 233, "epoch": 1, "rows": 8, "skipped": 0, "answer_accuracy": 0.625, "updates": 1, "seconds": 7.357147932052612, "time": 1790883322.40489, "loss": -0.8114870842016465, "confidence": 0.6380188938067703, "mass": 0.9995394712102731, "hinge_active": 0.0}
A decoder-only architecture is being used, but right-padding was detected! For correct generation results, please set `padding_side='left'` when initializing the tokenizer.
{"step": 234, "epoch": 1, "rows": 8, "skipped": 0, "answer_accuracy": 0.5, "updates": 1, "seconds": 12.45867395401001, "time": 1790883334.8646178, "loss": -0.7820467319527188, "confidence": 0.5831119439696513, "mass": 0.9922867150276553, "hinge_active": 0.125}
A decoder-only architecture is being used, but right-padding was detected! For correct generation results, please set `padding_side='left'` when initializing the tokenizer.
{"step": 235, "epoch": 1, "rows": 8, "skipped": 0, "answer_accuracy": 0.375, "updates": 1, "seconds": 12.815987348556519, "time": 1790883347.6817453, "loss": -0.7717282404394308, "confidence": 0.6038997033863974, "mass": 0.983866230309335, "hinge_active": 0.25}
A decoder-only architecture is being used, but right-padding was detected! For correct generation results, please set `padding_side='left'` when initializing the tokenizer.
{"step": 236, "epoch": 1, "rows": 8, "skipped": 0, "answer_accuracy": 0.125, "updates": 1, "seconds": 6.3651649951934814, "time": 1790883354.0484324, "loss": -0.7715235298801073, "confidence": 0.5584683613403473, "mass": 0.9988255240508224, "hinge_active": 0.0}
A decoder-only architecture is being used, but right-padding was detected! For correct generation results, please set `padding_side='left'` when initializing the tokenizer.
{"step": 237, "epoch": 1, "rows": 8, "skipped": 0, "answer_accuracy": 0.625, "updates": 1, "seconds": 12.622812747955322, "time": 1790883366.672642, "loss": -0.8107634608911705, "confidence": 0.65414002846127, "mass": 0.9948636001265109, "hinge_active": 0.0}
A decoder-only architecture is being used, but right-padding was detected! For correct generation results, please set `padding_side='left'` when initializing the tokenizer.
{"step": 238, "epoch": 1, "rows": 7, "skipped": 1, "answer_accuracy": 0.2857142857142857, "updates": 1, "seconds": 7.533653259277344, "time": 1790883374.2074754, "loss": -0.7693771723507234, "confidence": 0.6269711019479356, "mass": 0.999856049818115, "hinge_active": 0.0}
A decoder-only architecture is being used, but right-padding was detected! For correct generation results, please set `padding_side='left'` when initializing the tokenizer.
{"step": 239, "epoch": 1, "rows": 8, "skipped": 0, "answer_accuracy": 0.25, "updates": 1, "seconds": 12.613699674606323, "time": 1790883386.822668, "loss": -0.8122147568121909, "confidence": 0.5123410994215889, "mass": 0.9901476066587453, "hinge_active": 0.125}
A decoder-only architecture is being used, but right-padding was detected! For correct generation results, please set `padding_side='left'` when initializing the tokenizer.
{"step": 240, "epoch": 1, "rows": 8, "skipped": 0, "answer_accuracy": 0.375, "updates": 1, "seconds": 7.728408098220825, "time": 1790883394.5527313, "loss": -0.819555479321063, "confidence": 0.5327730124513241, "mass": 0.9990564534486585, "hinge_active": 0.0}
A decoder-only architecture is being used, but right-padding was detected! For correct generation results, please set `padding_side='left'` when initializing the tokenizer.
{"step": 241, "epoch": 1, "rows": 8, "skipped": 0, "answer_accuracy": 0.875, "updates": 1, "seconds": 6.529026985168457, "time": 1790883401.0831172, "loss": -0.8493775065950485, "confidence": 0.6289631201263715, "mass": 0.9998231727713986, "hinge_active": 0.0}
A decoder-only architecture is being used, but right-padding was detected! For correct generation results, please set `padding_side='left'` when initializing the tokenizer.
{"step": 242, "epoch": 1, "rows": 8, "skipped": 0, "answer_accuracy": 0.75, "updates": 1, "seconds": 12.526741743087769, "time": 1790883413.6112201, "loss": -0.8218142317566333, "confidence": 0.664375316862258, "mass": 0.9900579488360645, "hinge_active": 0.125}
A decoder-only architecture is being used, but right-padding was detected! For correct generation results, please set `padding_side='left'` when initializing the tokenizer.
{"step": 243, "epoch": 1, "rows": 8, "skipped": 0, "answer_accuracy": 0.375, "updates": 1, "seconds": 6.595685958862305, "time": 1790883420.2081666, "loss": -0.7819072021266049, "confidence": 0.5966191119289856, "mass": 0.9997744485603373, "hinge_active": 0.0}
A decoder-only architecture is being used, but right-padding was detected! For correct generation results, please set `padding_side='left'` when initializing the tokenizer.
{"step": 244, "epoch": 1, "rows": 8, "skipped": 0, "answer_accuracy": 0.5, "updates": 1, "seconds": 12.688572883605957, "time": 1790883432.898505, "loss": -0.7939803224983613, "confidence": 0.6177762586610193, "mass": 0.9945539619090366, "hinge_active": 0.0}
A decoder-only architecture is being used, but right-padding was detected! For correct generation results, please set `padding_side='left'` when initializing the tokenizer.
{"step": 245, "epoch": 1, "rows": 8, "skipped": 0, "answer_accuracy": 0.25, "updates": 1, "seconds": 12.653838157653809, "time": 1790883445.5541558, "loss": -0.7514713217153683, "confidence": 0.6130732212676502, "mass": 0.9920314140084722, "hinge_active": 0.125}
A decoder-only architecture is being used, but right-padding was detected! For correct generation results, please set `padding_side='left'` when initializing the tokenizer.
{"step": 246, "epoch": 1, "rows": 8, "skipped": 0, "answer_accuracy": 0.75, "updates": 1, "seconds": 6.493040084838867, "time": 1790883452.0487998, "loss": -0.8280117133419078, "confidence": 0.6138759712222545, "mass": 0.9996398251298343, "hinge_active": 0.0}
A decoder-only architecture is being used, but right-padding was detected! For correct generation results, please set `padding_side='left'` when initializing the tokenizer.
{"step": 247, "epoch": 1, "rows": 8, "skipped": 0, "answer_accuracy": 0.625, "updates": 1, "seconds": 6.787321090698242, "time": 1790883458.8374887, "loss": -0.8067409579264234, "confidence": 0.6611937680518299, "mass": 0.9998643460599425, "hinge_active": 0.0}
A decoder-only architecture is being used, but right-padding was detected! For correct generation results, please set `padding_side='left'` when initializing the tokenizer.
{"step": 248, "epoch": 1, "rows": 8, "skipped": 0, "answer_accuracy": 0.625, "updates": 1, "seconds": 12.698915243148804, "time": 1790883471.5383286, "loss": -0.8173688648835984, "confidence": 0.6251719049714756, "mass": 0.9953518235761621, "hinge_active": 0.0}
A decoder-only architecture is being used, but right-padding was detected! For correct generation results, please set `padding_side='left'` when initializing the tokenizer.
{"step": 249, "epoch": 1, "rows": 8, "skipped": 0, "answer_accuracy": 0.75, "updates": 1, "seconds": 6.4656431674957275, "time": 1790883478.0052586, "loss": -0.8555152436335638, "confidence": 0.607168245434835, "mass": 0.9998263118740736, "hinge_active": 0.0}
A decoder-only architecture is being used, but right-padding was detected! For correct generation results, please set `padding_side='left'` when initializing the tokenizer.
{"step": 250, "epoch": 1, "rows": 8, "skipped": 0, "answer_accuracy": 0.625, "updates": 1, "seconds": 6.57849383354187, "time": 1790883484.5848508, "loss": -0.8270931695815361, "confidence": 0.6329690743220424, "mass": 0.9998409109411687, "hinge_active": 0.0}
A decoder-only architecture is being used, but right-padding was detected! For correct generation results, please set `padding_side='left'` when initializing the tokenizer.
{"step": 251, "epoch": 1, "rows": 8, "skipped": 0, "answer_accuracy": 0.75, "updates": 1, "seconds": 6.659770250320435, "time": 1790883491.2459981, "loss": -0.8481702825019408, "confidence": 0.614094029434908, "mass": 0.9997991276744498, "hinge_active": 0.0}
A decoder-only architecture is being used, but right-padding was detected! For correct generation results, please set `padding_side='left'` when initializing the tokenizer.
{"step": 252, "epoch": 1, "rows": 8, "skipped": 0, "answer_accuracy": 0.5, "updates": 1, "seconds": 13.711822032928467, "time": 1790883504.9590294, "loss": -0.791397733632755, "confidence": 0.6446600605250474, "mass": 0.9792495171522937, "hinge_active": 0.25}
A decoder-only architecture is being used, but right-padding was detected! For correct generation results, please set `padding_side='left'` when initializing the tokenizer.
{"step": 253, "epoch": 1, "rows": 8, "skipped": 0, "answer_accuracy": 0.375, "updates": 1, "seconds": 6.897250175476074, "time": 1790883511.8576958, "loss": -0.7803226825116278, "confidence": 0.6449340039386258, "mass": 0.9995783260678438, "hinge_active": 0.0}
A decoder-only architecture is being used, but right-padding was detected! For correct generation results, please set `padding_side='left'` when initializing the tokenizer.
{"step": 254, "epoch": 1, "rows": 8, "skipped": 0, "answer_accuracy": 0.875, "updates": 1, "seconds": 6.3881354331970215, "time": 1790883518.246811, "loss": -0.8302250852583947, "confidence": 0.61005888953128, "mass": 0.9998257353194397, "hinge_active": 0.0}
A decoder-only architecture is being used, but right-padding was detected! For correct generation results, please set `padding_side='left'` when initializing the tokenizer.
{"step": 255, "epoch": 1, "rows": 8, "skipped": 0, "answer_accuracy": 0.5, "updates": 1, "seconds": 12.702286005020142, "time": 1790883530.9503558, "loss": -0.7895964383755478, "confidence": 0.6355744123972895, "mass": 0.9938917810569535, "hinge_active": 0.0}
A decoder-only architecture is being used, but right-padding was detected! For correct generation results, please set `padding_side='left'` when initializing the tokenizer.
{"step": 256, "epoch": 1, "rows": 8, "skipped": 0, "answer_accuracy": 0.25, "updates": 1, "seconds": 6.723146438598633, "time": 1790883537.675313, "loss": -0.7679824309222094, "confidence": 0.5819132407052416, "mass": 0.9997895803648559, "hinge_active": 0.0, "save_seconds": 0.7556564807891846}
