🦥 Unsloth: Will patch your computer to enable 2x faster free finetuning.
🦥 Unsloth Zoo will now patch everything to make training faster!
wandb: Currently logged in as: rrenaud (multi-tokenizer). Use `wandb login --relogin` to force relogin
wandb: Using wandb-core as the SDK backend.  Please refer to https://wandb.me/wandb-core for more information.
wandb: Tracking run with wandb version 0.19.2
wandb: Run data is saved locally in /workspace/runs/qwen-exactfast-fixedkl-s1/wandb/run-20261004_175554-3267f28368896756
wandb: Run `wandb offline` to turn off syncing.
wandb: Syncing run qwen-exactfast-fixedkl-s1
wandb: ⭐️ View project at https://wandb.ai/multi-tokenizer/rewarding-doubt
wandb: 🚀 View run at https://wandb.ai/multi-tokenizer/rewarding-doubt/runs/3267f28368896756
==((====))==  Unsloth 2025.1.5: Fast Qwen2 patching. Transformers: 4.48.0.
   \\   /|    GPU: NVIDIA GeForce RTX 4090. Max memory: 23.516 GB. Platform: Linux.
O^O/ \_/ \    Torch: 2.5.1+cu124. CUDA: 8.9. CUDA Toolkit: 12.4. Triton: 3.1.0
\        /    Bfloat16 = TRUE. FA [Xformers = 0.0.29.post1. FA2 = False]
 "-____-"     Free Apache license: http://github.com/unslothai/unsloth
Unsloth: Fast downloading is enabled - ignore downloading bars which are red colored!
Unsloth 2025.1.5 patched 36 layers with 36 QKV layers, 36 O layers and 36 MLP layers.
WARNING:root:The `device_map` argument is not provided. We will override the device_map argument. to set the entire model on the current device. If you want to set the model on multiple devices, please provide a custom `device_map` argument.
exact step 0: answers scored 8, mean expected reward -4.275, kl coef 0.0500, update 2.25 s, wall 1791136583.3
exact step 1: answers scored 8, mean expected reward 0.575, kl coef 0.0500, update 1.47 s, wall 1791136585.0
exact step 2: answers scored 8, mean expected reward 1.299, kl coef 0.0500, update 1.62 s, wall 1791136587.0
exact step 3: answers scored 7, mean expected reward 7.912, kl coef 0.0500, update 1.49 s, wall 1791136595.4
exact step 4: answers scored 8, mean expected reward 6.061, kl coef 0.0500, update 1.51 s, wall 1791136597.3
exact step 5: answers scored 8, mean expected reward 6.403, kl coef 0.0500, update 1.48 s, wall 1791136599.1
exact step 6: answers scored 8, mean expected reward 6.127, kl coef 0.0500, update 1.81 s, wall 1791136601.3
exact step 7: answers scored 8, mean expected reward 6.657, kl coef 0.0500, update 1.49 s, wall 1791136603.3
exact step 8: answers scored 8, mean expected reward 4.439, kl coef 0.0500, update 1.46 s, wall 1791136605.1
exact step 9: answers scored 8, mean expected reward 6.316, kl coef 0.0500, update 1.54 s, wall 1791136607.0
exact step 10: answers scored 8, mean expected reward 5.547, kl coef 0.0500, update 1.50 s, wall 1791136609.0
exact step 11: answers scored 8, mean expected reward 4.445, kl coef 0.0500, update 1.58 s, wall 1791136611.0
exact step 12: answers scored 8, mean expected reward 7.766, kl coef 0.0500, update 1.53 s, wall 1791136613.0
exact step 13: answers scored 8, mean expected reward 6.371, kl coef 0.0500, update 1.59 s, wall 1791136614.9
exact step 14: answers scored 7, mean expected reward 8.395, kl coef 0.0500, update 1.48 s, wall 1791136617.5
exact step 15: answers scored 8, mean expected reward 7.766, kl coef 0.0500, update 1.51 s, wall 1791136619.4
exact step 16: answers scored 8, mean expected reward 5.551, kl coef 0.0500, update 1.60 s, wall 1791136621.4
exact step 17: answers scored 8, mean expected reward 6.383, kl coef 0.0500, update 1.52 s, wall 1791136623.4
exact step 18: answers scored 8, mean expected reward 5.549, kl coef 0.0500, update 1.47 s, wall 1791136625.3
exact step 19: answers scored 8, mean expected reward 7.766, kl coef 0.0500, update 1.52 s, wall 1791136627.1
exact step 20: answers scored 8, mean expected reward 5.551, kl coef 0.0500, update 1.51 s, wall 1791136629.1
exact step 21: answers scored 8, mean expected reward 3.334, kl coef 0.0500, update 1.50 s, wall 1791136631.3
exact step 22: answers scored 8, mean expected reward 4.734, kl coef 0.0500, update 1.49 s, wall 1791136633.3
exact step 23: answers scored 8, mean expected reward 4.449, kl coef 0.0500, update 1.48 s, wall 1791136635.1
exact step 24: answers scored 7, mean expected reward 5.867, kl coef 0.0500, update 1.45 s, wall 1791136639.6
exact step 25: answers scored 8, mean expected reward 6.658, kl coef 0.0500, update 1.53 s, wall 1791136641.5
exact step 26: answers scored 8, mean expected reward 6.674, kl coef 0.0500, update 1.53 s, wall 1791136643.4
exact step 27: answers scored 8, mean expected reward 5.198, kl coef 0.0500, update 1.63 s, wall 1791136646.7
exact step 28: answers scored 8, mean expected reward 8.872, kl coef 0.0500, update 1.53 s, wall 1791136648.6
exact step 29: answers scored 8, mean expected reward 6.650, kl coef 0.0500, update 1.48 s, wall 1791136650.3
exact step 30: answers scored 8, mean expected reward 7.766, kl coef 0.0500, update 1.60 s, wall 1791136652.3
exact step 31: answers scored 8, mean expected reward 7.035, kl coef 0.0500, update 1.54 s, wall 1791136654.6
exact step 32: answers scored 8, mean expected reward 6.026, kl coef 0.0500, update 1.54 s, wall 1791136656.6
exact step 33: answers scored 8, mean expected reward 6.309, kl coef 0.0500, update 1.53 s, wall 1791136658.8
exact step 34: answers scored 8, mean expected reward 9.295, kl coef 0.0500, update 1.49 s, wall 1791136660.7
exact step 35: answers scored 8, mean expected reward 5.276, kl coef 0.0500, update 1.50 s, wall 1791136662.5
exact step 36: answers scored 8, mean expected reward 7.897, kl coef 0.0500, update 1.59 s, wall 1791136664.4
exact step 37: answers scored 8, mean expected reward 7.468, kl coef 0.0500, update 1.52 s, wall 1791136666.4
exact step 38: answers scored 8, mean expected reward 7.380, kl coef 0.0500, update 1.57 s, wall 1791136668.2
exact step 39: answers scored 8, mean expected reward 6.424, kl coef 0.0500, update 1.60 s, wall 1791136670.1
exact step 40: answers scored 7, mean expected reward 5.887, kl coef 0.0500, update 1.42 s, wall 1791136672.6
exact step 41: answers scored 8, mean expected reward 4.680, kl coef 0.0500, update 1.49 s, wall 1791136674.6
exact step 42: answers scored 8, mean expected reward 6.884, kl coef 0.0500, update 1.49 s, wall 1791136676.4
exact step 43: answers scored 8, mean expected reward 9.854, kl coef 0.0500, update 1.46 s, wall 1791136678.2
exact step 44: answers scored 8, mean expected reward 6.384, kl coef 0.0500, update 1.57 s, wall 1791136680.1
exact step 45: answers scored 8, mean expected reward 6.680, kl coef 0.0500, update 1.51 s, wall 1791136681.8
exact step 46: answers scored 8, mean expected reward 9.115, kl coef 0.0500, update 1.53 s, wall 1791136683.7
exact step 47: answers scored 8, mean expected reward 9.553, kl coef 0.0500, update 1.54 s, wall 1791136685.7
exact step 48: answers scored 8, mean expected reward 9.944, kl coef 0.0500, update 1.59 s, wall 1791136687.6
exact step 49: answers scored 8, mean expected reward 9.301, kl coef 0.0500, update 1.48 s, wall 1791136689.4
exact step 50: answers scored 8, mean expected reward 8.078, kl coef 0.0500, update 1.62 s, wall 1791136691.7
exact step 51: answers scored 7, mean expected reward 7.101, kl coef 0.0500, update 1.43 s, wall 1791136694.7
exact step 52: answers scored 8, mean expected reward 9.189, kl coef 0.0500, update 1.49 s, wall 1791136696.8
exact step 53: answers scored 8, mean expected reward 9.652, kl coef 0.0500, update 1.51 s, wall 1791136699.3
exact step 54: answers scored 8, mean expected reward 9.979, kl coef 0.0500, update 1.49 s, wall 1791136701.1
exact step 55: answers scored 8, mean expected reward 9.680, kl coef 0.0500, update 1.53 s, wall 1791136703.0
exact step 56: answers scored 8, mean expected reward 10.219, kl coef 0.0500, update 1.52 s, wall 1791136704.8
exact step 57: answers scored 8, mean expected reward 9.499, kl coef 0.0500, update 1.48 s, wall 1791136706.7
exact step 58: answers scored 8, mean expected reward 8.500, kl coef 0.0500, update 1.49 s, wall 1791136708.5
exact step 59: answers scored 7, mean expected reward 9.398, kl coef 0.0500, update 1.45 s, wall 1791136711.1
exact step 60: answers scored 8, mean expected reward 9.770, kl coef 0.0500, update 1.50 s, wall 1791136712.9
exact step 61: answers scored 8, mean expected reward 9.186, kl coef 0.0500, update 1.49 s, wall 1791136714.6
exact step 62: answers scored 8, mean expected reward 9.438, kl coef 0.0500, update 1.51 s, wall 1791136716.6
exact step 63: answers scored 8, mean expected reward 9.855, kl coef 0.0500, update 1.57 s, wall 1791136718.7
exact step 64: answers scored 8, mean expected reward 9.903, kl coef 0.0500, update 1.48 s, wall 1791136720.6
exact step 65: answers scored 8, mean expected reward 8.035, kl coef 0.0500, update 1.58 s, wall 1791136722.5
exact step 66: answers scored 8, mean expected reward 8.899, kl coef 0.0500, update 1.48 s, wall 1791136724.2
exact step 67: answers scored 8, mean expected reward 8.697, kl coef 0.0500, update 1.53 s, wall 1791136726.3
exact step 68: answers scored 8, mean expected reward 9.778, kl coef 0.0500, update 1.58 s, wall 1791136728.1
exact step 69: answers scored 8, mean expected reward 8.922, kl coef 0.0500, update 1.50 s, wall 1791136729.9
exact step 70: answers scored 8, mean expected reward 9.016, kl coef 0.0500, update 1.46 s, wall 1791136731.7
exact step 71: answers scored 8, mean expected reward 9.649, kl coef 0.0500, update 1.47 s, wall 1791136733.6
exact step 72: answers scored 8, mean expected reward 9.113, kl coef 0.0500, update 1.51 s, wall 1791136735.4
exact step 73: answers scored 8, mean expected reward 9.792, kl coef 0.0500, update 1.51 s, wall 1791136737.2
exact step 74: answers scored 8, mean expected reward 9.532, kl coef 0.0500, update 1.58 s, wall 1791136739.3
exact step 75: answers scored 8, mean expected reward 9.662, kl coef 0.0500, update 1.47 s, wall 1791136741.2
exact step 76: answers scored 8, mean expected reward 9.789, kl coef 0.0500, update 1.47 s, wall 1791136743.0
exact step 77: answers scored 8, mean expected reward 9.403, kl coef 0.0500, update 1.53 s, wall 1791136745.2
exact step 78: answers scored 8, mean expected reward 8.747, kl coef 0.0500, update 1.57 s, wall 1791136747.1
exact step 79: answers scored 8, mean expected reward 9.870, kl coef 0.0500, update 1.52 s, wall 1791136748.9
exact step 80: answers scored 8, mean expected reward 9.690, kl coef 0.0500, update 1.60 s, wall 1791136750.7
exact step 81: answers scored 8, mean expected reward 10.540, kl coef 0.0500, update 1.56 s, wall 1791136752.6
exact step 82: answers scored 8, mean expected reward 9.127, kl coef 0.0500, update 1.49 s, wall 1791136754.4
exact step 83: answers scored 8, mean expected reward 9.618, kl coef 0.0500, update 1.58 s, wall 1791136756.2
exact step 84: answers scored 8, mean expected reward 9.188, kl coef 0.0500, update 1.46 s, wall 1791136758.0
exact step 85: answers scored 8, mean expected reward 9.657, kl coef 0.0500, update 1.53 s, wall 1791136760.2
exact step 86: answers scored 8, mean expected reward 8.558, kl coef 0.0500, update 1.54 s, wall 1791136762.4
exact step 87: answers scored 8, mean expected reward 9.444, kl coef 0.0500, update 1.47 s, wall 1791136764.1
exact step 88: answers scored 8, mean expected reward 9.778, kl coef 0.0500, update 1.50 s, wall 1791136766.3
exact step 89: answers scored 8, mean expected reward 10.086, kl coef 0.0500, update 1.47 s, wall 1791136768.3
exact step 90: answers scored 8, mean expected reward 9.446, kl coef 0.0500, update 1.48 s, wall 1791136770.1
exact step 91: answers scored 8, mean expected reward 6.638, kl coef 0.0500, update 1.48 s, wall 1791136771.9
exact step 92: answers scored 8, mean expected reward 10.059, kl coef 0.0500, update 1.56 s, wall 1791136773.8
exact step 93: answers scored 8, mean expected reward 9.668, kl coef 0.0500, update 1.48 s, wall 1791136775.6
exact step 94: answers scored 8, mean expected reward 9.093, kl coef 0.0500, update 1.51 s, wall 1791136778.1
exact step 95: answers scored 7, mean expected reward 8.955, kl coef 0.0500, update 1.39 s, wall 1791136780.1
exact step 96: answers scored 8, mean expected reward 9.978, kl coef 0.0500, update 1.51 s, wall 1791136781.9
exact step 97: answers scored 8, mean expected reward 8.947, kl coef 0.0500, update 1.77 s, wall 1791136786.1
exact step 98: answers scored 8, mean expected reward 10.278, kl coef 0.0500, update 1.47 s, wall 1791136787.8
exact step 99: answers scored 8, mean expected reward 9.550, kl coef 0.0500, update 1.47 s, wall 1791136789.6
exact step 100: answers scored 8, mean expected reward 8.851, kl coef 0.0500, update 1.50 s, wall 1791136791.7
exact step 101: answers scored 8, mean expected reward 8.166, kl coef 0.0500, update 1.60 s, wall 1791136794.7
exact step 102: answers scored 8, mean expected reward 9.000, kl coef 0.0500, update 1.50 s, wall 1791136796.6
exact step 103: answers scored 8, mean expected reward 10.050, kl coef 0.0500, update 1.61 s, wall 1791136798.5
exact step 104: answers scored 8, mean expected reward 8.283, kl coef 0.0500, update 1.46 s, wall 1791136800.3
exact step 105: answers scored 8, mean expected reward 10.144, kl coef 0.0500, update 1.52 s, wall 1791136802.4
exact step 106: answers scored 8, mean expected reward 9.816, kl coef 0.0500, update 1.52 s, wall 1791136804.9
exact step 107: answers scored 8, mean expected reward 8.841, kl coef 0.0500, update 1.47 s, wall 1791136806.6
exact step 108: answers scored 7, mean expected reward 9.091, kl coef 0.0500, update 1.49 s, wall 1791136809.4
exact step 109: answers scored 8, mean expected reward 9.586, kl coef 0.0500, update 1.49 s, wall 1791136811.5
exact step 110: answers scored 8, mean expected reward 9.037, kl coef 0.0500, update 1.47 s, wall 1791136813.3
exact step 111: answers scored 8, mean expected reward 9.646, kl coef 0.0500, update 1.49 s, wall 1791136815.1
exact step 112: answers scored 8, mean expected reward 6.962, kl coef 0.0500, update 1.57 s, wall 1791136817.2
exact step 113: answers scored 8, mean expected reward 9.556, kl coef 0.0500, update 1.47 s, wall 1791136819.0
exact step 114: answers scored 8, mean expected reward 8.488, kl coef 0.0500, update 1.49 s, wall 1791136821.2
exact step 115: answers scored 8, mean expected reward 10.103, kl coef 0.0500, update 1.71 s, wall 1791136824.2
exact step 116: answers scored 8, mean expected reward 9.599, kl coef 0.0500, update 1.49 s, wall 1791136826.1
exact step 117: answers scored 8, mean expected reward 9.812, kl coef 0.0500, update 1.51 s, wall 1791136827.9
exact step 118: answers scored 8, mean expected reward 10.212, kl coef 0.0500, update 1.47 s, wall 1791136829.7
exact step 119: answers scored 8, mean expected reward 9.167, kl coef 0.0500, update 1.47 s, wall 1791136831.5
exact step 120: answers scored 8, mean expected reward 9.851, kl coef 0.0500, update 1.59 s, wall 1791136833.7
exact step 121: answers scored 8, mean expected reward 8.570, kl coef 0.0500, update 1.51 s, wall 1791136835.9
exact step 122: answers scored 8, mean expected reward 9.592, kl coef 0.0500, update 1.57 s, wall 1791136837.7
exact step 123: answers scored 8, mean expected reward 6.917, kl coef 0.0500, update 1.57 s, wall 1791136840.0
exact step 124: answers scored 8, mean expected reward 9.664, kl coef 0.0500, update 1.51 s, wall 1791136842.0
exact step 125: answers scored 7, mean expected reward 8.962, kl coef 0.0500, update 1.48 s, wall 1791136845.1
exact step 126: answers scored 7, mean expected reward 10.013, kl coef 0.0500, update 1.39 s, wall 1791136847.6
exact step 127: answers scored 8, mean expected reward 9.732, kl coef 0.0500, update 1.56 s, wall 1791136849.5
exact step 128: answers scored 8, mean expected reward 9.426, kl coef 0.0500, update 1.50 s, wall 1791136851.3
exact step 129: answers scored 8, mean expected reward 9.238, kl coef 0.0500, update 1.58 s, wall 1791136854.1
exact step 130: answers scored 8, mean expected reward 9.563, kl coef 0.0500, update 1.50 s, wall 1791136856.2
exact step 131: answers scored 8, mean expected reward 9.764, kl coef 0.0500, update 1.47 s, wall 1791136857.9
exact step 132: answers scored 7, mean expected reward 9.434, kl coef 0.0500, update 1.41 s, wall 1791136860.3
exact step 133: answers scored 8, mean expected reward 9.411, kl coef 0.0500, update 1.56 s, wall 1791136862.5
exact step 134: answers scored 8, mean expected reward 10.163, kl coef 0.0500, update 1.58 s, wall 1791136864.4
exact step 135: answers scored 8, mean expected reward 9.395, kl coef 0.0500, update 1.64 s, wall 1791136866.4
exact step 136: answers scored 8, mean expected reward 9.574, kl coef 0.0500, update 1.47 s, wall 1791136868.2
exact step 137: answers scored 8, mean expected reward 9.624, kl coef 0.0500, update 1.69 s, wall 1791136871.9
exact step 138: answers scored 8, mean expected reward 7.540, kl coef 0.0500, update 1.60 s, wall 1791136874.0
exact step 139: answers scored 8, mean expected reward 9.536, kl coef 0.0500, update 1.61 s, wall 1791136876.7
exact step 140: answers scored 8, mean expected reward 10.614, kl coef 0.0500, update 1.48 s, wall 1791136878.4
exact step 141: answers scored 8, mean expected reward 9.430, kl coef 0.0500, update 1.45 s, wall 1791136880.2
exact step 142: answers scored 8, mean expected reward 9.743, kl coef 0.0500, update 1.51 s, wall 1791136882.0
exact step 143: answers scored 7, mean expected reward 9.963, kl coef 0.0500, update 1.36 s, wall 1791136884.0
exact step 144: answers scored 8, mean expected reward 9.047, kl coef 0.0500, update 1.46 s, wall 1791136885.8
exact step 145: answers scored 8, mean expected reward 7.492, kl coef 0.0500, update 1.49 s, wall 1791136887.6
exact step 146: answers scored 8, mean expected reward 9.419, kl coef 0.0500, update 1.47 s, wall 1791136889.3
exact step 147: answers scored 8, mean expected reward 7.597, kl coef 0.0500, update 1.51 s, wall 1791136891.5
exact step 148: answers scored 8, mean expected reward 10.275, kl coef 0.0500, update 1.51 s, wall 1791136893.6
exact step 149: answers scored 8, mean expected reward 9.488, kl coef 0.0500, update 1.56 s, wall 1791136895.4
exact step 150: answers scored 8, mean expected reward 8.542, kl coef 0.0500, update 1.50 s, wall 1791136897.4
exact step 151: answers scored 8, mean expected reward 8.960, kl coef 0.0500, update 1.73 s, wall 1791136900.4
exact step 152: answers scored 8, mean expected reward 9.908, kl coef 0.0500, update 1.53 s, wall 1791136902.4
exact step 153: answers scored 8, mean expected reward 8.872, kl coef 0.0500, update 1.47 s, wall 1791136904.1
exact step 154: answers scored 8, mean expected reward 9.266, kl coef 0.0500, update 1.52 s, wall 1791136906.4
exact step 155: answers scored 8, mean expected reward 9.573, kl coef 0.0500, update 1.50 s, wall 1791136908.4
exact step 156: answers scored 8, mean expected reward 9.642, kl coef 0.0500, update 1.60 s, wall 1791136911.4
exact step 157: answers scored 8, mean expected reward 9.801, kl coef 0.0500, update 1.51 s, wall 1791136913.2
exact step 158: answers scored 8, mean expected reward 9.850, kl coef 0.0500, update 1.45 s, wall 1791136914.9
exact step 159: answers scored 8, mean expected reward 9.154, kl coef 0.0500, update 1.56 s, wall 1791136917.1
exact step 160: answers scored 8, mean expected reward 10.444, kl coef 0.0500, update 1.47 s, wall 1791136919.1
exact step 161: answers scored 8, mean expected reward 10.180, kl coef 0.0500, update 1.51 s, wall 1791136920.9
exact step 162: answers scored 8, mean expected reward 8.175, kl coef 0.0500, update 1.61 s, wall 1791136922.9
exact step 163: answers scored 8, mean expected reward 10.417, kl coef 0.0500, update 1.50 s, wall 1791136924.9
exact step 164: answers scored 8, mean expected reward 9.354, kl coef 0.0500, update 1.46 s, wall 1791136926.7
exact step 165: answers scored 8, mean expected reward 9.397, kl coef 0.0500, update 1.52 s, wall 1791136928.6
exact step 166: answers scored 8, mean expected reward 10.112, kl coef 0.0500, update 1.56 s, wall 1791136930.5
exact step 167: answers scored 8, mean expected reward 10.713, kl coef 0.0500, update 1.49 s, wall 1791136932.3
exact step 168: answers scored 8, mean expected reward 10.404, kl coef 0.0500, update 1.51 s, wall 1791136934.2
exact step 169: answers scored 7, mean expected reward 9.184, kl coef 0.0500, update 1.37 s, wall 1791136937.1
exact step 170: answers scored 8, mean expected reward 9.484, kl coef 0.0500, update 1.50 s, wall 1791136939.2
exact step 171: answers scored 8, mean expected reward 9.561, kl coef 0.0500, update 1.50 s, wall 1791136941.2
exact step 172: answers scored 8, mean expected reward 8.584, kl coef 0.0500, update 1.51 s, wall 1791136943.0
exact step 173: answers scored 8, mean expected reward 10.001, kl coef 0.0500, update 1.47 s, wall 1791136944.8
exact step 174: answers scored 8, mean expected reward 10.953, kl coef 0.0500, update 1.51 s, wall 1791136946.6
exact step 175: answers scored 8, mean expected reward 9.511, kl coef 0.0500, update 1.59 s, wall 1791136948.4
exact step 176: answers scored 8, mean expected reward 8.348, kl coef 0.0500, update 1.49 s, wall 1791136950.6
exact step 177: answers scored 8, mean expected reward 10.276, kl coef 0.0500, update 1.47 s, wall 1791136952.4
exact step 178: answers scored 8, mean expected reward 10.335, kl coef 0.0500, update 1.56 s, wall 1791136954.2
exact step 179: answers scored 8, mean expected reward 6.853, kl coef 0.0500, update 1.46 s, wall 1791136956.0
exact step 180: answers scored 7, mean expected reward 7.050, kl coef 0.0500, update 1.41 s, wall 1791136963.3
exact step 181: answers scored 6, mean expected reward 8.199, kl coef 0.0500, update 1.45 s, wall 1791136965.7
exact step 182: answers scored 8, mean expected reward 11.182, kl coef 0.0500, update 1.56 s, wall 1791136967.5
exact step 183: answers scored 8, mean expected reward 10.480, kl coef 0.0500, update 1.52 s, wall 1791136969.3
exact step 184: answers scored 8, mean expected reward 9.603, kl coef 0.0500, update 1.52 s, wall 1791136971.3
exact step 185: answers scored 8, mean expected reward 9.212, kl coef 0.0500, update 1.63 s, wall 1791136973.2
exact step 186: answers scored 8, mean expected reward 8.509, kl coef 0.0500, update 1.61 s, wall 1791136975.2
exact step 187: answers scored 8, mean expected reward 10.007, kl coef 0.0500, update 1.47 s, wall 1791136977.1
exact step 188: answers scored 8, mean expected reward 9.370, kl coef 0.0500, update 1.47 s, wall 1791136978.9
exact step 189: answers scored 6, mean expected reward 9.458, kl coef 0.0500, update 1.36 s, wall 1791136983.2
exact step 190: answers scored 8, mean expected reward 7.686, kl coef 0.0500, update 1.55 s, wall 1791136985.0
exact step 191: answers scored 8, mean expected reward 9.203, kl coef 0.0500, update 1.49 s, wall 1791136986.7
exact step 192: answers scored 8, mean expected reward 9.564, kl coef 0.0500, update 1.49 s, wall 1791136988.5
exact step 193: answers scored 8, mean expected reward 8.395, kl coef 0.0500, update 1.56 s, wall 1791136990.5
exact step 194: answers scored 8, mean expected reward 9.244, kl coef 0.0500, update 1.50 s, wall 1791136992.3
exact step 195: answers scored 8, mean expected reward 8.690, kl coef 0.0500, update 1.61 s, wall 1791136994.9
exact step 196: answers scored 8, mean expected reward 10.179, kl coef 0.0500, update 1.47 s, wall 1791136996.8
exact step 197: answers scored 8, mean expected reward 10.148, kl coef 0.0500, update 1.47 s, wall 1791136998.6
exact step 198: answers scored 8, mean expected reward 10.165, kl coef 0.0500, update 1.66 s, wall 1791137002.0
checkpoint at step 200 (0.5 s)
exact step 199: answers scored 8, mean expected reward 10.380, kl coef 0.0500, update 1.92 s, wall 1791137004.1
exact step 200: answers scored 8, mean expected reward 8.468, kl coef 0.0500, update 1.57 s, wall 1791137006.0
exact step 201: answers scored 8, mean expected reward 9.472, kl coef 0.0500, update 1.55 s, wall 1791137007.9
exact step 202: answers scored 8, mean expected reward 10.400, kl coef 0.0500, update 1.64 s, wall 1791137010.8
exact step 203: answers scored 8, mean expected reward 9.986, kl coef 0.0500, update 1.47 s, wall 1791137012.5
exact step 204: answers scored 8, mean expected reward 8.862, kl coef 0.0500, update 1.56 s, wall 1791137014.4
exact step 205: answers scored 8, mean expected reward 9.426, kl coef 0.0500, update 1.60 s, wall 1791137017.2
exact step 206: answers scored 8, mean expected reward 8.525, kl coef 0.0500, update 1.47 s, wall 1791137019.0
exact step 207: answers scored 8, mean expected reward 9.507, kl coef 0.0500, update 1.53 s, wall 1791137020.8
exact step 208: answers scored 8, mean expected reward 10.660, kl coef 0.0500, update 1.45 s, wall 1791137022.6
exact step 209: answers scored 7, mean expected reward 9.577, kl coef 0.0500, update 1.37 s, wall 1791137024.9
exact step 210: answers scored 8, mean expected reward 10.699, kl coef 0.0500, update 1.52 s, wall 1791137026.9
exact step 211: answers scored 8, mean expected reward 9.100, kl coef 0.0500, update 1.47 s, wall 1791137028.8
exact step 212: answers scored 7, mean expected reward 10.360, kl coef 0.0500, update 1.36 s, wall 1791137031.2
exact step 213: answers scored 7, mean expected reward 9.018, kl coef 0.0500, update 1.36 s, wall 1791137033.3
exact step 214: answers scored 8, mean expected reward 10.041, kl coef 0.0500, update 1.49 s, wall 1791137035.1
exact step 215: answers scored 8, mean expected reward 9.605, kl coef 0.0500, update 1.47 s, wall 1791137037.0
exact step 216: answers scored 8, mean expected reward 8.141, kl coef 0.0500, update 1.50 s, wall 1791137039.3
exact step 217: answers scored 8, mean expected reward 9.447, kl coef 0.0500, update 1.61 s, wall 1791137042.3
exact step 218: answers scored 8, mean expected reward 9.981, kl coef 0.0500, update 1.52 s, wall 1791137044.2
exact step 219: answers scored 8, mean expected reward 10.432, kl coef 0.0500, update 1.61 s, wall 1791137046.1
exact step 220: answers scored 8, mean expected reward 9.576, kl coef 0.0500, update 1.46 s, wall 1791137047.8
exact step 221: answers scored 8, mean expected reward 10.479, kl coef 0.0500, update 1.57 s, wall 1791137049.8
exact step 222: answers scored 8, mean expected reward 9.339, kl coef 0.0500, update 1.56 s, wall 1791137051.7
exact step 223: answers scored 8, mean expected reward 9.388, kl coef 0.0500, update 1.75 s, wall 1791137054.1
exact step 224: answers scored 8, mean expected reward 10.060, kl coef 0.0500, update 1.50 s, wall 1791137056.0
exact step 225: answers scored 8, mean expected reward 8.349, kl coef 0.0500, update 1.46 s, wall 1791137057.9
exact step 226: answers scored 8, mean expected reward 9.551, kl coef 0.0500, update 1.55 s, wall 1791137060.2
exact step 227: answers scored 8, mean expected reward 8.205, kl coef 0.0500, update 1.54 s, wall 1791137062.6
exact step 228: answers scored 8, mean expected reward 9.295, kl coef 0.0500, update 1.49 s, wall 1791137064.6
exact step 229: answers scored 8, mean expected reward 9.247, kl coef 0.0500, update 1.61 s, wall 1791137067.6
exact step 230: answers scored 8, mean expected reward 8.702, kl coef 0.0500, update 1.46 s, wall 1791137069.4
exact step 231: answers scored 8, mean expected reward 10.600, kl coef 0.0500, update 1.51 s, wall 1791137071.2
exact step 232: answers scored 8, mean expected reward 8.455, kl coef 0.0500, update 1.59 s, wall 1791137073.0
exact step 233: answers scored 8, mean expected reward 9.837, kl coef 0.0500, update 1.47 s, wall 1791137074.8
exact step 234: answers scored 8, mean expected reward 9.205, kl coef 0.0500, update 1.47 s, wall 1791137076.8
exact step 235: answers scored 8, mean expected reward 9.278, kl coef 0.0500, update 1.61 s, wall 1791137079.3
exact step 236: answers scored 8, mean expected reward 9.563, kl coef 0.0500, update 1.44 s, wall 1791137081.0
exact step 237: answers scored 8, mean expected reward 9.365, kl coef 0.0500, update 1.50 s, wall 1791137083.0
exact step 238: answers scored 8, mean expected reward 9.150, kl coef 0.0500, update 1.50 s, wall 1791137084.9
exact step 239: answers scored 8, mean expected reward 9.307, kl coef 0.0500, update 1.65 s, wall 1791137087.0
exact step 240: answers scored 8, mean expected reward 9.712, kl coef 0.0500, update 1.49 s, wall 1791137088.7
exact step 241: answers scored 8, mean expected reward 10.241, kl coef 0.0500, update 1.51 s, wall 1791137090.8
exact step 242: answers scored 7, mean expected reward 10.454, kl coef 0.0500, update 1.45 s, wall 1791137093.1
exact step 243: answers scored 8, mean expected reward 8.726, kl coef 0.0500, update 1.50 s, wall 1791137095.0
exact step 244: answers scored 8, mean expected reward 10.268, kl coef 0.0500, update 1.59 s, wall 1791137097.5
exact step 245: answers scored 8, mean expected reward 9.833, kl coef 0.0500, update 1.53 s, wall 1791137099.7
exact step 246: answers scored 8, mean expected reward 9.527, kl coef 0.0500, update 1.49 s, wall 1791137101.5
exact step 247: answers scored 8, mean expected reward 10.149, kl coef 0.0500, update 1.49 s, wall 1791137103.4
exact step 248: answers scored 7, mean expected reward 9.504, kl coef 0.0500, update 1.33 s, wall 1791137105.6
exact step 249: answers scored 8, mean expected reward 9.348, kl coef 0.0500, update 1.47 s, wall 1791137107.5
exact step 250: answers scored 8, mean expected reward 9.509, kl coef 0.0500, update 1.56 s, wall 1791137109.8
exact step 251: answers scored 8, mean expected reward 9.908, kl coef 0.0500, update 1.53 s, wall 1791137112.0
exact step 252: answers scored 8, mean expected reward 9.963, kl coef 0.0500, update 1.58 s, wall 1791137113.9
exact step 253: answers scored 8, mean expected reward 9.884, kl coef 0.0500, update 1.53 s, wall 1791137116.2
exact step 254: answers scored 8, mean expected reward 10.782, kl coef 0.0500, update 1.50 s, wall 1791137117.9
exact step 255: answers scored 8, mean expected reward 10.050, kl coef 0.0500, update 1.68 s, wall 1791137121.3
exact step 256: answers scored 8, mean expected reward 9.487, kl coef 0.0500, update 1.56 s, wall 1791137123.6
exact step 257: answers scored 8, mean expected reward 8.619, kl coef 0.0500, update 1.52 s, wall 1791137125.4
exact step 258: answers scored 8, mean expected reward 9.838, kl coef 0.0500, update 1.75 s, wall 1791137128.7
exact step 259: answers scored 8, mean expected reward 9.392, kl coef 0.0500, update 1.50 s, wall 1791137130.8
exact step 260: answers scored 7, mean expected reward 9.213, kl coef 0.0500, update 1.46 s, wall 1791137133.8
exact step 261: answers scored 8, mean expected reward 10.366, kl coef 0.0500, update 1.45 s, wall 1791137135.5
exact step 262: answers scored 8, mean expected reward 9.024, kl coef 0.0500, update 1.49 s, wall 1791137137.3
exact step 263: answers scored 8, mean expected reward 9.572, kl coef 0.0500, update 1.49 s, wall 1791137139.1
exact step 264: answers scored 8, mean expected reward 9.495, kl coef 0.0500, update 1.49 s, wall 1791137140.9
exact step 265: answers scored 8, mean expected reward 10.299, kl coef 0.0500, update 1.45 s, wall 1791137142.7
exact step 266: answers scored 8, mean expected reward 10.488, kl coef 0.0500, update 1.42 s, wall 1791137144.4
exact step 267: answers scored 8, mean expected reward 9.239, kl coef 0.0500, update 1.49 s, wall 1791137146.1
exact step 268: answers scored 8, mean expected reward 9.105, kl coef 0.0500, update 1.47 s, wall 1791137147.9
exact step 269: answers scored 8, mean expected reward 9.074, kl coef 0.0500, update 1.53 s, wall 1791137149.8
exact step 270: answers scored 8, mean expected reward 9.917, kl coef 0.0500, update 1.51 s, wall 1791137151.6
exact step 271: answers scored 8, mean expected reward 10.753, kl coef 0.0500, update 1.60 s, wall 1791137154.6
exact step 272: answers scored 8, mean expected reward 9.705, kl coef 0.0500, update 1.57 s, wall 1791137156.4
exact step 273: answers scored 8, mean expected reward 9.613, kl coef 0.0500, update 1.51 s, wall 1791137158.5
exact step 274: answers scored 8, mean expected reward 8.678, kl coef 0.0500, update 1.57 s, wall 1791137160.3
exact step 275: answers scored 8, mean expected reward 9.099, kl coef 0.0500, update 1.47 s, wall 1791137162.2
exact step 276: answers scored 8, mean expected reward 9.645, kl coef 0.0500, update 1.50 s, wall 1791137164.1
exact step 277: answers scored 8, mean expected reward 9.789, kl coef 0.0500, update 1.50 s, wall 1791137166.3
exact step 278: answers scored 8, mean expected reward 9.603, kl coef 0.0500, update 1.50 s, wall 1791137168.2
exact step 279: answers scored 8, mean expected reward 9.045, kl coef 0.0500, update 1.58 s, wall 1791137170.2
exact step 280: answers scored 7, mean expected reward 9.414, kl coef 0.0500, update 1.40 s, wall 1791137172.6
exact step 281: answers scored 8, mean expected reward 9.240, kl coef 0.0500, update 1.44 s, wall 1791137174.3
exact step 282: answers scored 8, mean expected reward 10.609, kl coef 0.0500, update 1.48 s, wall 1791137176.2
exact step 283: answers scored 8, mean expected reward 9.202, kl coef 0.0500, update 1.53 s, wall 1791137178.4
exact step 284: answers scored 8, mean expected reward 9.994, kl coef 0.0500, update 1.51 s, wall 1791137180.2
exact step 285: answers scored 8, mean expected reward 9.505, kl coef 0.0500, update 1.49 s, wall 1791137182.0
exact step 286: answers scored 8, mean expected reward 10.051, kl coef 0.0500, update 1.60 s, wall 1791137184.0
exact step 287: answers scored 8, mean expected reward 7.675, kl coef 0.0500, update 1.61 s, wall 1791137187.4
exact step 288: answers scored 7, mean expected reward 10.245, kl coef 0.0500, update 1.38 s, wall 1791137189.6
exact step 289: answers scored 7, mean expected reward 10.339, kl coef 0.0500, update 1.35 s, wall 1791137191.7
exact step 290: answers scored 8, mean expected reward 8.885, kl coef 0.0500, update 1.65 s, wall 1791137193.7
exact step 291: answers scored 8, mean expected reward 9.659, kl coef 0.0500, update 1.47 s, wall 1791137195.4
exact step 292: answers scored 8, mean expected reward 9.887, kl coef 0.0500, update 1.48 s, wall 1791137197.2
exact step 293: answers scored 8, mean expected reward 10.231, kl coef 0.0500, update 1.52 s, wall 1791137199.1
exact step 294: answers scored 8, mean expected reward 8.803, kl coef 0.0500, update 1.50 s, wall 1791137200.9
exact step 295: answers scored 8, mean expected reward 9.096, kl coef 0.0500, update 1.49 s, wall 1791137203.0
exact step 296: answers scored 8, mean expected reward 9.967, kl coef 0.0500, update 1.59 s, wall 1791137205.5
exact step 297: answers scored 8, mean expected reward 10.619, kl coef 0.0500, update 1.56 s, wall 1791137208.0
exact step 298: answers scored 8, mean expected reward 10.082, kl coef 0.0500, update 1.46 s, wall 1791137209.7
exact step 299: answers scored 8, mean expected reward 9.850, kl coef 0.0500, update 1.59 s, wall 1791137212.0
exact step 300: answers scored 8, mean expected reward 8.505, kl coef 0.0500, update 1.51 s, wall 1791137214.0
exact step 301: answers scored 8, mean expected reward 9.540, kl coef 0.0500, update 1.46 s, wall 1791137215.8
exact step 302: answers scored 8, mean expected reward 9.850, kl coef 0.0500, update 1.49 s, wall 1791137218.1
exact step 303: answers scored 7, mean expected reward 9.284, kl coef 0.0500, update 1.36 s, wall 1791137220.6
exact step 304: answers scored 7, mean expected reward 10.627, kl coef 0.0500, update 1.38 s, wall 1791137227.8
exact step 305: answers scored 7, mean expected reward 8.513, kl coef 0.0500, update 1.46 s, wall 1791137230.1
exact step 306: answers scored 8, mean expected reward 9.395, kl coef 0.0500, update 1.55 s, wall 1791137232.0
exact step 307: answers scored 8, mean expected reward 7.897, kl coef 0.0500, update 1.49 s, wall 1791137234.0
exact step 308: answers scored 7, mean expected reward 11.164, kl coef 0.0500, update 1.37 s, wall 1791137236.0
exact step 309: answers scored 8, mean expected reward 10.153, kl coef 0.0500, update 1.57 s, wall 1791137238.0
exact step 310: answers scored 8, mean expected reward 9.666, kl coef 0.0500, update 1.69 s, wall 1791137240.6
exact step 311: answers scored 8, mean expected reward 9.852, kl coef 0.0500, update 1.49 s, wall 1791137242.7
exact step 312: answers scored 8, mean expected reward 10.137, kl coef 0.0500, update 1.52 s, wall 1791137244.8
exact step 313: answers scored 8, mean expected reward 9.036, kl coef 0.0500, update 1.58 s, wall 1791137246.7
exact step 314: answers scored 7, mean expected reward 8.529, kl coef 0.0500, update 1.36 s, wall 1791137249.3
exact step 315: answers scored 8, mean expected reward 9.889, kl coef 0.0500, update 1.50 s, wall 1791137251.3
exact step 316: answers scored 8, mean expected reward 9.926, kl coef 0.0500, update 1.53 s, wall 1791137253.1
exact step 317: answers scored 8, mean expected reward 9.062, kl coef 0.0500, update 1.60 s, wall 1791137255.0
exact step 318: answers scored 7, mean expected reward 10.025, kl coef 0.0500, update 1.50 s, wall 1791137256.9
exact step 319: answers scored 8, mean expected reward 9.779, kl coef 0.0500, update 1.55 s, wall 1791137258.7
exact step 320: answers scored 8, mean expected reward 10.503, kl coef 0.0500, update 1.52 s, wall 1791137260.5
exact step 321: answers scored 8, mean expected reward 9.412, kl coef 0.0500, update 1.51 s, wall 1791137262.3
exact step 322: answers scored 8, mean expected reward 10.048, kl coef 0.0500, update 1.47 s, wall 1791137264.3
exact step 323: answers scored 8, mean expected reward 7.828, kl coef 0.0500, update 1.62 s, wall 1791137266.4
exact step 324: answers scored 8, mean expected reward 9.164, kl coef 0.0500, update 1.49 s, wall 1791137268.2
exact step 325: answers scored 8, mean expected reward 9.393, kl coef 0.0500, update 1.79 s, wall 1791137270.5
exact step 326: answers scored 8, mean expected reward 10.041, kl coef 0.0500, update 1.44 s, wall 1791137272.2
exact step 327: answers scored 8, mean expected reward 9.288, kl coef 0.0500, update 1.50 s, wall 1791137274.1
exact step 328: answers scored 8, mean expected reward 9.367, kl coef 0.0500, update 1.49 s, wall 1791137276.3
exact step 329: answers scored 8, mean expected reward 9.419, kl coef 0.0500, update 1.55 s, wall 1791137278.6
exact step 330: answers scored 7, mean expected reward 10.246, kl coef 0.0500, update 1.45 s, wall 1791137281.1
exact step 331: answers scored 8, mean expected reward 9.758, kl coef 0.0500, update 1.50 s, wall 1791137283.0
exact step 332: answers scored 8, mean expected reward 9.741, kl coef 0.0500, update 1.47 s, wall 1791137284.9
exact step 333: answers scored 8, mean expected reward 9.814, kl coef 0.0500, update 1.68 s, wall 1791137288.7
exact step 334: answers scored 8, mean expected reward 10.339, kl coef 0.0500, update 1.50 s, wall 1791137290.5
exact step 335: answers scored 8, mean expected reward 10.290, kl coef 0.0500, update 1.48 s, wall 1791137292.5
exact step 336: answers scored 8, mean expected reward 9.917, kl coef 0.0500, update 1.91 s, wall 1791137296.2
exact step 337: answers scored 8, mean expected reward 10.538, kl coef 0.0500, update 1.50 s, wall 1791137298.4
exact step 338: answers scored 8, mean expected reward 9.785, kl coef 0.0500, update 1.52 s, wall 1791137300.2
exact step 339: answers scored 8, mean expected reward 11.065, kl coef 0.0500, update 1.47 s, wall 1791137301.9
exact step 340: answers scored 8, mean expected reward 9.033, kl coef 0.0500, update 1.50 s, wall 1791137303.9
exact step 341: answers scored 8, mean expected reward 10.205, kl coef 0.0500, update 1.50 s, wall 1791137306.0
exact step 342: answers scored 8, mean expected reward 8.594, kl coef 0.0500, update 1.61 s, wall 1791137307.9
exact step 343: answers scored 7, mean expected reward 9.016, kl coef 0.0500, update 1.39 s, wall 1791137310.0
exact step 344: answers scored 8, mean expected reward 10.122, kl coef 0.0500, update 1.52 s, wall 1791137312.1
exact step 345: answers scored 7, mean expected reward 10.048, kl coef 0.0500, update 1.47 s, wall 1791137315.0
exact step 346: answers scored 8, mean expected reward 9.960, kl coef 0.0500, update 1.46 s, wall 1791137316.8
exact step 347: answers scored 8, mean expected reward 9.807, kl coef 0.0500, update 1.57 s, wall 1791137318.6
exact step 348: answers scored 8, mean expected reward 10.198, kl coef 0.0500, update 1.45 s, wall 1791137320.3
exact step 349: answers scored 6, mean expected reward 10.052, kl coef 0.0500, update 1.37 s, wall 1791137322.4
exact step 350: answers scored 8, mean expected reward 8.530, kl coef 0.0500, update 1.49 s, wall 1791137324.3
exact step 351: answers scored 8, mean expected reward 8.819, kl coef 0.0500, update 1.60 s, wall 1791137326.2
exact step 352: answers scored 7, mean expected reward 9.512, kl coef 0.0500, update 1.39 s, wall 1791137330.5
exact step 353: answers scored 8, mean expected reward 9.585, kl coef 0.0500, update 1.47 s, wall 1791137332.5
exact step 354: answers scored 8, mean expected reward 9.672, kl coef 0.0500, update 1.71 s, wall 1791137334.4
exact step 355: answers scored 8, mean expected reward 10.082, kl coef 0.0500, update 1.58 s, wall 1791137336.6
exact step 356: answers scored 8, mean expected reward 11.128, kl coef 0.0500, update 1.52 s, wall 1791137338.4
exact step 357: answers scored 8, mean expected reward 10.286, kl coef 0.0500, update 1.58 s, wall 1791137340.3
exact step 358: answers scored 8, mean expected reward 9.848, kl coef 0.0500, update 1.52 s, wall 1791137342.1
exact step 359: answers scored 8, mean expected reward 8.827, kl coef 0.0500, update 1.51 s, wall 1791137344.1
exact step 360: answers scored 8, mean expected reward 8.664, kl coef 0.0500, update 1.49 s, wall 1791137345.9
exact step 361: answers scored 8, mean expected reward 9.877, kl coef 0.0500, update 1.52 s, wall 1791137347.8
exact step 362: answers scored 8, mean expected reward 7.975, kl coef 0.0500, update 1.54 s, wall 1791137349.7
exact step 363: answers scored 8, mean expected reward 9.614, kl coef 0.0500, update 1.52 s, wall 1791137351.5
exact step 364: answers scored 8, mean expected reward 9.533, kl coef 0.0500, update 1.53 s, wall 1791137353.3
exact step 365: answers scored 7, mean expected reward 9.536, kl coef 0.0500, update 1.50 s, wall 1791137357.0
exact step 366: answers scored 8, mean expected reward 9.799, kl coef 0.0500, update 1.51 s, wall 1791137359.0
exact step 367: answers scored 8, mean expected reward 8.038, kl coef 0.0500, update 1.51 s, wall 1791137360.9
exact step 368: answers scored 8, mean expected reward 9.280, kl coef 0.0500, update 1.68 s, wall 1791137363.1
exact step 369: answers scored 8, mean expected reward 9.546, kl coef 0.0500, update 1.49 s, wall 1791137365.0
exact step 370: answers scored 8, mean expected reward 9.994, kl coef 0.0500, update 1.69 s, wall 1791137367.7
exact step 371: answers scored 8, mean expected reward 9.440, kl coef 0.0500, update 1.49 s, wall 1791137369.7
exact step 372: answers scored 8, mean expected reward 8.924, kl coef 0.0500, update 1.59 s, wall 1791137372.3
exact step 373: answers scored 8, mean expected reward 9.955, kl coef 0.0500, update 1.53 s, wall 1791137374.2
exact step 374: answers scored 8, mean expected reward 8.731, kl coef 0.0500, update 1.48 s, wall 1791137376.2
exact step 375: answers scored 7, mean expected reward 9.818, kl coef 0.0500, update 1.45 s, wall 1791137380.0
exact step 376: answers scored 8, mean expected reward 9.620, kl coef 0.0500, update 1.59 s, wall 1791137382.7
exact step 377: answers scored 8, mean expected reward 8.702, kl coef 0.0500, update 1.52 s, wall 1791137385.1
exact step 378: answers scored 8, mean expected reward 10.256, kl coef 0.0500, update 1.59 s, wall 1791137387.6
exact step 379: answers scored 8, mean expected reward 9.041, kl coef 0.0500, update 1.50 s, wall 1791137389.7
exact step 380: answers scored 8, mean expected reward 9.849, kl coef 0.0500, update 1.47 s, wall 1791137391.5
exact step 381: answers scored 8, mean expected reward 9.531, kl coef 0.0500, update 1.51 s, wall 1791137393.5
exact step 382: answers scored 8, mean expected reward 9.860, kl coef 0.0500, update 1.48 s, wall 1791137395.2
exact step 383: answers scored 8, mean expected reward 9.948, kl coef 0.0500, update 1.52 s, wall 1791137397.7
exact step 384: answers scored 8, mean expected reward 9.648, kl coef 0.0500, update 1.61 s, wall 1791137400.4
exact step 385: answers scored 8, mean expected reward 10.083, kl coef 0.0500, update 1.48 s, wall 1791137402.2
exact step 386: answers scored 8, mean expected reward 9.691, kl coef 0.0500, update 1.48 s, wall 1791137404.0
exact step 387: answers scored 8, mean expected reward 9.008, kl coef 0.0500, update 1.53 s, wall 1791137406.1
exact step 388: answers scored 8, mean expected reward 10.251, kl coef 0.0500, update 1.51 s, wall 1791137407.9
exact step 389: answers scored 8, mean expected reward 8.783, kl coef 0.0500, update 1.64 s, wall 1791137411.4
exact step 390: answers scored 8, mean expected reward 9.319, kl coef 0.0500, update 1.52 s, wall 1791137413.6
exact step 391: answers scored 8, mean expected reward 9.523, kl coef 0.0500, update 1.65 s, wall 1791137415.5
exact step 392: answers scored 8, mean expected reward 9.701, kl coef 0.0500, update 1.51 s, wall 1791137417.4
exact step 393: answers scored 7, mean expected reward 10.611, kl coef 0.0500, update 1.42 s, wall 1791137419.1
exact step 394: answers scored 7, mean expected reward 10.371, kl coef 0.0500, update 1.53 s, wall 1791137422.1
exact step 395: answers scored 8, mean expected reward 9.492, kl coef 0.0500, update 1.53 s, wall 1791137423.9
exact step 396: answers scored 8, mean expected reward 10.448, kl coef 0.0500, update 1.52 s, wall 1791137426.1
exact step 397: answers scored 7, mean expected reward 9.486, kl coef 0.0500, update 1.42 s, wall 1791137428.5
exact step 398: answers scored 8, mean expected reward 9.561, kl coef 0.0500, update 1.50 s, wall 1791137430.3
checkpoint at step 400 (0.6 s)
exact step 399: answers scored 8, mean expected reward 10.338, kl coef 0.0500, update 2.13 s, wall 1791137432.9
exact step 400: answers scored 8, mean expected reward 8.739, kl coef 0.0500, update 1.52 s, wall 1791137435.0
exact step 401: answers scored 7, mean expected reward 10.141, kl coef 0.0500, update 1.43 s, wall 1791137438.1
exact step 402: answers scored 8, mean expected reward 9.749, kl coef 0.0500, update 1.46 s, wall 1791137439.8
exact step 403: answers scored 8, mean expected reward 10.294, kl coef 0.0500, update 1.51 s, wall 1791137441.6
exact step 404: answers scored 8, mean expected reward 9.334, kl coef 0.0500, update 1.47 s, wall 1791137443.3
exact step 405: answers scored 8, mean expected reward 9.222, kl coef 0.0500, update 1.48 s, wall 1791137445.0
exact step 406: answers scored 8, mean expected reward 10.528, kl coef 0.0500, update 1.54 s, wall 1791137447.0
exact step 407: answers scored 7, mean expected reward 9.752, kl coef 0.0500, update 1.89 s, wall 1791137451.0
exact step 408: answers scored 8, mean expected reward 9.121, kl coef 0.0500, update 1.60 s, wall 1791137452.9
exact step 409: answers scored 8, mean expected reward 8.892, kl coef 0.0500, update 1.52 s, wall 1791137454.7
exact step 410: answers scored 8, mean expected reward 9.508, kl coef 0.0500, update 1.61 s, wall 1791137456.9
exact step 411: answers scored 7, mean expected reward 10.805, kl coef 0.0500, update 1.50 s, wall 1791137459.8
exact step 412: answers scored 8, mean expected reward 8.980, kl coef 0.0500, update 1.58 s, wall 1791137461.8
exact step 413: answers scored 8, mean expected reward 10.366, kl coef 0.0500, update 1.52 s, wall 1791137463.7
exact step 414: answers scored 7, mean expected reward 10.402, kl coef 0.0500, update 1.46 s, wall 1791137465.5
exact step 415: answers scored 8, mean expected reward 9.830, kl coef 0.0500, update 1.69 s, wall 1791137469.2
exact step 416: answers scored 8, mean expected reward 9.857, kl coef 0.0500, update 1.59 s, wall 1791137471.5
exact step 417: answers scored 8, mean expected reward 9.935, kl coef 0.0500, update 1.63 s, wall 1791137473.4
exact step 418: answers scored 7, mean expected reward 9.327, kl coef 0.0500, update 1.41 s, wall 1791137475.6
exact step 419: answers scored 8, mean expected reward 9.924, kl coef 0.0500, update 1.53 s, wall 1791137478.0
exact step 420: answers scored 8, mean expected reward 9.882, kl coef 0.0500, update 1.49 s, wall 1791137480.1
exact step 421: answers scored 8, mean expected reward 8.270, kl coef 0.0500, update 1.52 s, wall 1791137482.1
exact step 422: answers scored 8, mean expected reward 9.930, kl coef 0.0500, update 1.50 s, wall 1791137483.9
exact step 423: answers scored 8, mean expected reward 10.059, kl coef 0.0500, update 1.52 s, wall 1791137485.8
exact step 424: answers scored 8, mean expected reward 9.566, kl coef 0.0500, update 1.49 s, wall 1791137487.8
exact step 425: answers scored 8, mean expected reward 9.040, kl coef 0.0500, update 1.51 s, wall 1791137489.6
exact step 426: answers scored 8, mean expected reward 9.333, kl coef 0.0500, update 1.52 s, wall 1791137491.5
exact step 427: answers scored 7, mean expected reward 10.645, kl coef 0.0500, update 1.45 s, wall 1791137494.3
exact step 428: answers scored 8, mean expected reward 10.796, kl coef 0.0500, update 1.53 s, wall 1791137496.1
exact step 429: answers scored 8, mean expected reward 10.120, kl coef 0.0500, update 1.48 s, wall 1791137498.0
exact step 430: answers scored 8, mean expected reward 9.036, kl coef 0.0500, update 1.48 s, wall 1791137499.7
exact step 431: answers scored 8, mean expected reward 9.640, kl coef 0.0500, update 1.48 s, wall 1791137501.6
exact step 432: answers scored 8, mean expected reward 8.952, kl coef 0.0500, update 1.51 s, wall 1791137503.5
exact step 433: answers scored 8, mean expected reward 9.388, kl coef 0.0500, update 1.49 s, wall 1791137505.3
exact step 434: answers scored 7, mean expected reward 8.230, kl coef 0.0500, update 1.41 s, wall 1791137508.2
exact step 435: answers scored 7, mean expected reward 9.859, kl coef 0.0500, update 1.49 s, wall 1791137510.5
exact step 436: answers scored 8, mean expected reward 10.408, kl coef 0.0500, update 1.65 s, wall 1791137513.6
exact step 437: answers scored 8, mean expected reward 9.310, kl coef 0.0500, update 1.45 s, wall 1791137515.3
exact step 438: answers scored 8, mean expected reward 7.809, kl coef 0.0500, update 1.47 s, wall 1791137517.1
exact step 439: answers scored 8, mean expected reward 9.337, kl coef 0.0500, update 1.52 s, wall 1791137519.5
exact step 440: answers scored 7, mean expected reward 9.946, kl coef 0.0500, update 1.41 s, wall 1791137521.2
exact step 441: answers scored 7, mean expected reward 9.835, kl coef 0.0500, update 1.43 s, wall 1791137523.3
exact step 442: answers scored 8, mean expected reward 8.938, kl coef 0.0500, update 1.54 s, wall 1791137525.3
exact step 443: answers scored 7, mean expected reward 9.546, kl coef 0.0500, update 1.43 s, wall 1791137527.6
exact step 444: answers scored 8, mean expected reward 7.897, kl coef 0.0500, update 1.58 s, wall 1791137529.6
exact step 445: answers scored 8, mean expected reward 10.125, kl coef 0.0500, update 1.51 s, wall 1791137531.9
exact step 446: answers scored 8, mean expected reward 9.182, kl coef 0.0500, update 1.47 s, wall 1791137533.7
exact step 447: answers scored 8, mean expected reward 9.245, kl coef 0.0500, update 1.59 s, wall 1791137536.7
exact step 448: answers scored 8, mean expected reward 9.437, kl coef 0.0500, update 1.59 s, wall 1791137539.0
exact step 449: answers scored 7, mean expected reward 9.487, kl coef 0.0500, update 1.45 s, wall 1791137541.6
exact step 450: answers scored 8, mean expected reward 10.310, kl coef 0.0500, update 1.49 s, wall 1791137543.4
exact step 451: answers scored 8, mean expected reward 10.560, kl coef 0.0500, update 1.53 s, wall 1791137545.6
exact step 452: answers scored 8, mean expected reward 10.489, kl coef 0.0500, update 1.67 s, wall 1791137547.6
exact step 453: answers scored 8, mean expected reward 10.256, kl coef 0.0500, update 1.49 s, wall 1791137549.6
exact step 454: answers scored 8, mean expected reward 8.665, kl coef 0.0500, update 1.51 s, wall 1791137551.9
exact step 455: answers scored 8, mean expected reward 9.312, kl coef 0.0500, update 1.52 s, wall 1791137553.7
exact step 456: answers scored 8, mean expected reward 10.848, kl coef 0.0500, update 1.48 s, wall 1791137555.9
exact step 457: answers scored 5, mean expected reward 10.337, kl coef 0.0500, update 1.41 s, wall 1791137558.8
exact step 458: answers scored 8, mean expected reward 10.263, kl coef 0.0500, update 1.51 s, wall 1791137560.7
exact step 459: answers scored 8, mean expected reward 10.335, kl coef 0.0500, update 1.53 s, wall 1791137562.5
exact step 460: answers scored 6, mean expected reward 8.433, kl coef 0.0500, update 1.42 s, wall 1791137565.5
exact step 461: answers scored 8, mean expected reward 9.171, kl coef 0.0500, update 1.55 s, wall 1791137567.4
exact step 462: answers scored 8, mean expected reward 9.825, kl coef 0.0500, update 1.51 s, wall 1791137569.3
exact step 463: answers scored 8, mean expected reward 9.741, kl coef 0.0500, update 1.50 s, wall 1791137571.2
exact step 464: answers scored 8, mean expected reward 9.760, kl coef 0.0500, update 1.54 s, wall 1791137573.5
exact step 465: answers scored 8, mean expected reward 10.085, kl coef 0.0500, update 1.61 s, wall 1791137576.4
exact step 466: answers scored 7, mean expected reward 7.574, kl coef 0.0500, update 1.49 s, wall 1791137579.1
exact step 467: answers scored 8, mean expected reward 9.711, kl coef 0.0500, update 1.54 s, wall 1791137580.9
exact step 468: answers scored 8, mean expected reward 8.402, kl coef 0.0500, update 1.53 s, wall 1791137583.4
exact step 469: answers scored 8, mean expected reward 10.284, kl coef 0.0500, update 1.50 s, wall 1791137585.5
exact step 470: answers scored 8, mean expected reward 9.517, kl coef 0.0500, update 1.48 s, wall 1791137587.4
exact step 471: answers scored 8, mean expected reward 9.491, kl coef 0.0500, update 1.55 s, wall 1791137589.6
exact step 472: answers scored 8, mean expected reward 10.437, kl coef 0.0500, update 1.50 s, wall 1791137591.4
exact step 473: answers scored 8, mean expected reward 8.900, kl coef 0.0500, update 1.52 s, wall 1791137593.4
exact step 474: answers scored 8, mean expected reward 9.318, kl coef 0.0500, update 1.59 s, wall 1791137595.9
exact step 475: answers scored 8, mean expected reward 9.868, kl coef 0.0500, update 1.54 s, wall 1791137598.0
exact step 476: answers scored 8, mean expected reward 9.841, kl coef 0.0500, update 1.49 s, wall 1791137599.9
exact step 477: answers scored 8, mean expected reward 10.158, kl coef 0.0500, update 1.48 s, wall 1791137601.7
exact step 478: answers scored 7, mean expected reward 9.575, kl coef 0.0500, update 1.48 s, wall 1791137604.3
exact step 479: answers scored 8, mean expected reward 9.091, kl coef 0.0500, update 1.48 s, wall 1791137606.0
exact step 480: answers scored 8, mean expected reward 9.438, kl coef 0.0500, update 1.55 s, wall 1791137607.8
exact step 481: answers scored 8, mean expected reward 10.094, kl coef 0.0500, update 1.56 s, wall 1791137609.9
exact step 482: answers scored 8, mean expected reward 9.791, kl coef 0.0500, update 1.51 s, wall 1791137611.7
exact step 483: answers scored 8, mean expected reward 9.916, kl coef 0.0500, update 1.57 s, wall 1791137613.9
exact step 484: answers scored 8, mean expected reward 9.851, kl coef 0.0500, update 1.47 s, wall 1791137615.6
exact step 485: answers scored 6, mean expected reward 9.304, kl coef 0.0500, update 1.31 s, wall 1791137617.5
exact step 486: answers scored 8, mean expected reward 8.755, kl coef 0.0500, update 1.50 s, wall 1791137619.5
exact step 487: answers scored 8, mean expected reward 10.012, kl coef 0.0500, update 1.50 s, wall 1791137621.3
exact step 488: answers scored 8, mean expected reward 8.815, kl coef 0.0500, update 1.56 s, wall 1791137623.1
exact step 489: answers scored 8, mean expected reward 9.589, kl coef 0.0500, update 1.51 s, wall 1791137625.3
exact step 490: answers scored 8, mean expected reward 9.061, kl coef 0.0500, update 1.61 s, wall 1791137627.2
exact step 491: answers scored 8, mean expected reward 9.290, kl coef 0.0500, update 1.52 s, wall 1791137629.3
exact step 492: answers scored 8, mean expected reward 9.315, kl coef 0.0500, update 1.56 s, wall 1791137631.1
exact step 493: answers scored 8, mean expected reward 9.193, kl coef 0.0500, update 1.58 s, wall 1791137633.1
exact step 494: answers scored 6, mean expected reward 9.897, kl coef 0.0500, update 1.36 s, wall 1791137635.2
exact step 495: answers scored 8, mean expected reward 8.612, kl coef 0.0500, update 1.47 s, wall 1791137637.1
exact step 496: answers scored 7, mean expected reward 9.911, kl coef 0.0500, update 1.37 s, wall 1791137641.0
exact step 497: answers scored 8, mean expected reward 10.789, kl coef 0.0500, update 1.47 s, wall 1791137642.9
exact step 498: answers scored 8, mean expected reward 8.896, kl coef 0.0500, update 1.49 s, wall 1791137644.7
exact step 499: answers scored 8, mean expected reward 10.052, kl coef 0.0500, update 2.79 s, wall 1791137647.8
exact step 500: answers scored 8, mean expected reward 9.301, kl coef 0.0500, update 1.45 s, wall 1791137649.5
exact step 501: answers scored 8, mean expected reward 9.279, kl coef 0.0500, update 1.49 s, wall 1791137651.6
exact step 502: answers scored 7, mean expected reward 8.612, kl coef 0.0500, update 1.33 s, wall 1791137653.6
exact step 503: answers scored 8, mean expected reward 10.030, kl coef 0.0500, update 1.49 s, wall 1791137655.4
exact step 504: answers scored 7, mean expected reward 9.952, kl coef 0.0500, update 1.42 s, wall 1791137657.3
exact step 505: answers scored 8, mean expected reward 9.016, kl coef 0.0500, update 1.50 s, wall 1791137659.1
exact step 506: answers scored 8, mean expected reward 9.901, kl coef 0.0500, update 1.49 s, wall 1791137661.1
exact step 507: answers scored 8, mean expected reward 9.266, kl coef 0.0500, update 1.49 s, wall 1791137663.1
exact step 508: answers scored 8, mean expected reward 10.467, kl coef 0.0500, update 1.58 s, wall 1791137665.7
exact step 509: answers scored 8, mean expected reward 10.185, kl coef 0.0500, update 1.47 s, wall 1791137667.4
exact step 510: answers scored 8, mean expected reward 9.984, kl coef 0.0500, update 1.48 s, wall 1791137669.3
exact step 511: answers scored 8, mean expected reward 9.950, kl coef 0.0500, update 1.59 s, wall 1791137671.2
exact step 512: answers scored 7, mean expected reward 9.560, kl coef 0.0500, update 1.38 s, wall 1791137673.6
exact step 513: answers scored 8, mean expected reward 8.911, kl coef 0.0500, update 1.47 s, wall 1791137675.4
exact step 514: answers scored 8, mean expected reward 7.714, kl coef 0.0500, update 1.46 s, wall 1791137677.1
exact step 515: answers scored 8, mean expected reward 7.844, kl coef 0.0500, update 1.49 s, wall 1791137679.2
exact step 516: answers scored 8, mean expected reward 8.574, kl coef 0.0500, update 1.50 s, wall 1791137680.9
exact step 517: answers scored 8, mean expected reward 10.194, kl coef 0.0500, update 1.52 s, wall 1791137682.9
exact step 518: answers scored 8, mean expected reward 9.542, kl coef 0.0500, update 1.50 s, wall 1791137684.8
exact step 519: answers scored 8, mean expected reward 10.278, kl coef 0.0500, update 1.47 s, wall 1791137686.6
exact step 520: answers scored 7, mean expected reward 10.165, kl coef 0.0500, update 1.34 s, wall 1791137688.7
exact step 521: answers scored 8, mean expected reward 10.207, kl coef 0.0500, update 1.70 s, wall 1791137691.0
exact step 522: answers scored 8, mean expected reward 9.101, kl coef 0.0500, update 1.45 s, wall 1791137692.8
exact step 523: answers scored 8, mean expected reward 9.127, kl coef 0.0500, update 1.49 s, wall 1791137694.8
exact step 524: answers scored 8, mean expected reward 9.948, kl coef 0.0500, update 1.50 s, wall 1791137696.6
exact step 525: answers scored 8, mean expected reward 10.271, kl coef 0.0500, update 1.46 s, wall 1791137698.3
exact step 526: answers scored 8, mean expected reward 9.367, kl coef 0.0500, update 1.49 s, wall 1791137700.1
exact step 527: answers scored 7, mean expected reward 9.569, kl coef 0.0500, update 1.34 s, wall 1791137702.2
exact step 528: answers scored 8, mean expected reward 9.773, kl coef 0.0500, update 1.61 s, wall 1791137705.0
exact step 529: answers scored 7, mean expected reward 8.715, kl coef 0.0500, update 1.39 s, wall 1791137707.1
exact step 530: answers scored 8, mean expected reward 9.420, kl coef 0.0500, update 1.51 s, wall 1791137708.9
exact step 531: answers scored 7, mean expected reward 9.650, kl coef 0.0500, update 1.37 s, wall 1791137711.2
exact step 532: answers scored 8, mean expected reward 8.788, kl coef 0.0500, update 1.55 s, wall 1791137713.7
exact step 533: answers scored 7, mean expected reward 7.958, kl coef 0.0500, update 1.34 s, wall 1791137716.6
exact step 534: answers scored 8, mean expected reward 10.269, kl coef 0.0500, update 1.50 s, wall 1791137718.4
exact step 535: answers scored 8, mean expected reward 9.846, kl coef 0.0500, update 1.50 s, wall 1791137720.5
exact step 536: answers scored 8, mean expected reward 9.492, kl coef 0.0500, update 1.51 s, wall 1791137722.4
exact step 537: answers scored 8, mean expected reward 9.821, kl coef 0.0500, update 1.71 s, wall 1791137725.7
exact step 538: answers scored 8, mean expected reward 9.158, kl coef 0.0500, update 1.40 s, wall 1791137727.4
exact step 539: answers scored 8, mean expected reward 9.897, kl coef 0.0500, update 1.70 s, wall 1791137729.4
exact step 540: answers scored 8, mean expected reward 10.085, kl coef 0.0500, update 1.50 s, wall 1791137731.1
exact step 541: answers scored 8, mean expected reward 8.898, kl coef 0.0500, update 1.50 s, wall 1791137733.4
exact step 542: answers scored 8, mean expected reward 10.204, kl coef 0.0500, update 1.47 s, wall 1791137735.3
exact step 543: answers scored 8, mean expected reward 9.831, kl coef 0.0500, update 1.50 s, wall 1791137737.5
exact step 544: answers scored 7, mean expected reward 10.285, kl coef 0.0500, update 1.37 s, wall 1791137739.7
exact step 545: answers scored 8, mean expected reward 9.928, kl coef 0.0500, update 1.53 s, wall 1791137741.6
exact step 546: answers scored 8, mean expected reward 8.893, kl coef 0.0500, update 1.58 s, wall 1791137743.4
exact step 547: answers scored 8, mean expected reward 9.526, kl coef 0.0500, update 1.57 s, wall 1791137745.3
exact step 548: answers scored 8, mean expected reward 9.276, kl coef 0.0500, update 1.52 s, wall 1791137747.6
exact step 549: answers scored 8, mean expected reward 9.788, kl coef 0.0500, update 1.47 s, wall 1791137749.3
exact step 550: answers scored 8, mean expected reward 9.578, kl coef 0.0500, update 1.49 s, wall 1791137751.2
exact step 551: answers scored 8, mean expected reward 10.154, kl coef 0.0500, update 1.50 s, wall 1791137753.0
exact step 552: answers scored 8, mean expected reward 9.584, kl coef 0.0500, update 1.49 s, wall 1791137754.9
exact step 553: answers scored 8, mean expected reward 8.841, kl coef 0.0500, update 1.55 s, wall 1791137756.9
exact step 554: answers scored 7, mean expected reward 9.225, kl coef 0.0500, update 1.38 s, wall 1791137758.9
exact step 555: answers scored 8, mean expected reward 8.178, kl coef 0.0500, update 1.51 s, wall 1791137761.0
exact step 556: answers scored 8, mean expected reward 9.602, kl coef 0.0500, update 1.58 s, wall 1791137762.9
exact step 557: answers scored 7, mean expected reward 10.703, kl coef 0.0500, update 1.38 s, wall 1791137765.0
exact step 558: answers scored 8, mean expected reward 9.953, kl coef 0.0500, update 1.47 s, wall 1791137766.7
exact step 559: answers scored 8, mean expected reward 9.028, kl coef 0.0500, update 1.57 s, wall 1791137769.0
exact step 560: answers scored 8, mean expected reward 9.392, kl coef 0.0500, update 1.60 s, wall 1791137771.4
exact step 561: answers scored 7, mean expected reward 11.451, kl coef 0.0500, update 1.37 s, wall 1791137773.3
exact step 562: answers scored 8, mean expected reward 10.356, kl coef 0.0500, update 1.48 s, wall 1791137775.0
exact step 563: answers scored 8, mean expected reward 9.081, kl coef 0.0500, update 1.50 s, wall 1791137777.0
exact step 564: answers scored 7, mean expected reward 9.246, kl coef 0.0500, update 1.37 s, wall 1791137779.2
exact step 565: answers scored 8, mean expected reward 9.784, kl coef 0.0500, update 1.49 s, wall 1791137781.2
exact step 566: answers scored 8, mean expected reward 9.697, kl coef 0.0500, update 1.53 s, wall 1791137783.1
exact step 567: answers scored 8, mean expected reward 8.569, kl coef 0.0500, update 1.46 s, wall 1791137784.8
exact step 568: answers scored 8, mean expected reward 8.630, kl coef 0.0500, update 1.46 s, wall 1791137786.6
exact step 569: answers scored 8, mean expected reward 9.544, kl coef 0.0500, update 1.70 s, wall 1791137788.6
exact step 570: answers scored 7, mean expected reward 9.699, kl coef 0.0500, update 1.35 s, wall 1791137791.4
exact step 571: answers scored 8, mean expected reward 9.161, kl coef 0.0500, update 1.56 s, wall 1791137793.3
exact step 572: answers scored 8, mean expected reward 9.689, kl coef 0.0500, update 1.47 s, wall 1791137795.1
exact step 573: answers scored 8, mean expected reward 9.492, kl coef 0.0500, update 1.56 s, wall 1791137796.9
exact step 574: answers scored 8, mean expected reward 8.710, kl coef 0.0500, update 1.55 s, wall 1791137798.8
exact step 575: answers scored 7, mean expected reward 10.167, kl coef 0.0500, update 1.33 s, wall 1791137801.5
exact step 576: answers scored 7, mean expected reward 9.597, kl coef 0.0500, update 1.37 s, wall 1791137803.4
exact step 577: answers scored 8, mean expected reward 9.048, kl coef 0.0500, update 1.57 s, wall 1791137805.9
exact step 578: answers scored 8, mean expected reward 9.808, kl coef 0.0500, update 1.50 s, wall 1791137807.7
exact step 579: answers scored 8, mean expected reward 9.039, kl coef 0.0500, update 1.50 s, wall 1791137809.4
exact step 580: answers scored 8, mean expected reward 9.817, kl coef 0.0500, update 1.47 s, wall 1791137811.2
exact step 581: answers scored 8, mean expected reward 9.684, kl coef 0.0500, update 1.57 s, wall 1791137813.1
exact step 582: answers scored 8, mean expected reward 9.758, kl coef 0.0500, update 1.46 s, wall 1791137814.9
exact step 583: answers scored 8, mean expected reward 8.997, kl coef 0.0500, update 1.47 s, wall 1791137816.7
exact step 584: answers scored 8, mean expected reward 10.190, kl coef 0.0500, update 1.47 s, wall 1791137818.7
exact step 585: answers scored 8, mean expected reward 8.587, kl coef 0.0500, update 1.52 s, wall 1791137820.5
exact step 586: answers scored 8, mean expected reward 10.066, kl coef 0.0500, update 1.52 s, wall 1791137822.8
exact step 587: answers scored 8, mean expected reward 8.036, kl coef 0.0500, update 1.47 s, wall 1791137824.5
exact step 588: answers scored 8, mean expected reward 10.128, kl coef 0.0500, update 1.56 s, wall 1791137827.0
exact step 589: answers scored 8, mean expected reward 9.868, kl coef 0.0500, update 1.58 s, wall 1791137828.8
exact step 590: answers scored 8, mean expected reward 10.192, kl coef 0.0500, update 1.53 s, wall 1791137830.6
exact step 591: answers scored 8, mean expected reward 8.276, kl coef 0.0500, update 1.47 s, wall 1791137832.7
exact step 592: answers scored 8, mean expected reward 9.045, kl coef 0.0500, update 1.50 s, wall 1791137834.4
exact step 593: answers scored 8, mean expected reward 9.778, kl coef 0.0500, update 1.52 s, wall 1791137836.3
exact step 594: answers scored 8, mean expected reward 9.634, kl coef 0.0500, update 1.47 s, wall 1791137838.0
exact step 595: answers scored 7, mean expected reward 9.830, kl coef 0.0500, update 1.38 s, wall 1791137839.9
exact step 596: answers scored 8, mean expected reward 9.304, kl coef 0.0500, update 1.51 s, wall 1791137841.8
exact step 597: answers scored 8, mean expected reward 9.041, kl coef 0.0500, update 1.48 s, wall 1791137843.8
exact step 598: answers scored 8, mean expected reward 9.390, kl coef 0.0500, update 1.46 s, wall 1791137845.6
checkpoint at step 600 (0.8 s)
exact step 599: answers scored 8, mean expected reward 10.147, kl coef 0.0500, update 2.26 s, wall 1791137848.2
exact step 600: answers scored 8, mean expected reward 9.135, kl coef 0.0500, update 1.47 s, wall 1791137849.9
exact step 601: answers scored 8, mean expected reward 9.254, kl coef 0.0500, update 1.52 s, wall 1791137851.9
exact step 602: answers scored 8, mean expected reward 9.404, kl coef 0.0500, update 1.50 s, wall 1791137853.7
exact step 603: answers scored 8, mean expected reward 8.658, kl coef 0.0500, update 1.58 s, wall 1791137855.6
exact step 604: answers scored 8, mean expected reward 8.899, kl coef 0.0500, update 1.50 s, wall 1791137857.7
exact step 605: answers scored 8, mean expected reward 10.361, kl coef 0.0500, update 1.81 s, wall 1791137860.4
exact step 606: answers scored 8, mean expected reward 9.496, kl coef 0.0500, update 1.54 s, wall 1791137862.2
exact step 607: answers scored 8, mean expected reward 10.231, kl coef 0.0500, update 1.47 s, wall 1791137864.0
exact step 608: answers scored 7, mean expected reward 10.038, kl coef 0.0500, update 1.43 s, wall 1791137866.0
exact step 609: answers scored 8, mean expected reward 8.945, kl coef 0.0500, update 1.48 s, wall 1791137867.8
exact step 610: answers scored 8, mean expected reward 10.085, kl coef 0.0500, update 1.49 s, wall 1791137869.8
exact step 611: answers scored 8, mean expected reward 10.085, kl coef 0.0500, update 1.53 s, wall 1791137871.7
exact step 612: answers scored 8, mean expected reward 10.135, kl coef 0.0500, update 1.49 s, wall 1791137873.5
exact step 613: answers scored 8, mean expected reward 9.617, kl coef 0.0500, update 1.52 s, wall 1791137875.4
exact step 614: answers scored 7, mean expected reward 10.633, kl coef 0.0500, update 1.42 s, wall 1791137880.2
exact step 615: answers scored 8, mean expected reward 8.373, kl coef 0.0500, update 1.56 s, wall 1791137882.1
exact step 616: answers scored 8, mean expected reward 10.981, kl coef 0.0500, update 1.63 s, wall 1791137884.0
exact step 617: answers scored 7, mean expected reward 10.053, kl coef 0.0500, update 1.91 s, wall 1791137891.7
exact step 618: answers scored 8, mean expected reward 10.121, kl coef 0.0500, update 1.51 s, wall 1791137893.5
exact step 619: answers scored 8, mean expected reward 8.866, kl coef 0.0500, update 1.53 s, wall 1791137895.3
exact step 620: answers scored 8, mean expected reward 9.608, kl coef 0.0500, update 1.53 s, wall 1791137897.4
exact step 621: answers scored 8, mean expected reward 9.650, kl coef 0.0500, update 1.62 s, wall 1791137900.0
exact step 622: answers scored 8, mean expected reward 9.328, kl coef 0.0500, update 1.52 s, wall 1791137902.4
exact step 623: answers scored 8, mean expected reward 8.563, kl coef 0.0500, update 1.46 s, wall 1791137904.1
exact step 624: answers scored 7, mean expected reward 9.102, kl coef 0.0500, update 1.42 s, wall 1791137906.1
exact step 625: answers scored 8, mean expected reward 10.117, kl coef 0.0500, update 1.53 s, wall 1791137908.4
exact step 626: answers scored 7, mean expected reward 10.942, kl coef 0.0500, update 1.44 s, wall 1791137910.7
exact step 627: answers scored 8, mean expected reward 8.992, kl coef 0.0500, update 1.50 s, wall 1791137912.5
exact step 628: answers scored 7, mean expected reward 9.118, kl coef 0.0500, update 1.43 s, wall 1791137914.9
exact step 629: answers scored 8, mean expected reward 9.173, kl coef 0.0500, update 1.48 s, wall 1791137916.8
exact step 630: answers scored 8, mean expected reward 10.104, kl coef 0.0500, update 1.58 s, wall 1791137918.7
exact step 631: answers scored 7, mean expected reward 9.912, kl coef 0.0500, update 1.40 s, wall 1791137921.0
exact step 632: answers scored 8, mean expected reward 9.560, kl coef 0.0500, update 1.49 s, wall 1791137922.8
exact step 633: answers scored 8, mean expected reward 10.172, kl coef 0.0500, update 1.58 s, wall 1791137924.8
exact step 634: answers scored 8, mean expected reward 9.514, kl coef 0.0500, update 1.60 s, wall 1791137927.0
exact step 635: answers scored 8, mean expected reward 9.830, kl coef 0.0500, update 1.50 s, wall 1791137928.9
exact step 636: answers scored 8, mean expected reward 9.802, kl coef 0.0500, update 1.59 s, wall 1791137931.7
exact step 637: answers scored 8, mean expected reward 8.801, kl coef 0.0500, update 1.53 s, wall 1791137934.1
exact step 638: answers scored 8, mean expected reward 9.648, kl coef 0.0500, update 1.60 s, wall 1791137936.7
exact step 639: answers scored 8, mean expected reward 10.747, kl coef 0.0500, update 1.95 s, wall 1791137939.3
exact step 640: answers scored 8, mean expected reward 9.440, kl coef 0.0500, update 1.51 s, wall 1791137941.7
exact step 641: answers scored 8, mean expected reward 10.228, kl coef 0.0500, update 1.68 s, wall 1791137943.8
exact step 642: answers scored 8, mean expected reward 9.457, kl coef 0.0500, update 1.51 s, wall 1791137945.8
exact step 643: answers scored 8, mean expected reward 9.343, kl coef 0.0500, update 1.53 s, wall 1791137948.0
exact step 644: answers scored 8, mean expected reward 10.069, kl coef 0.0500, update 1.49 s, wall 1791137949.9
exact step 645: answers scored 8, mean expected reward 10.193, kl coef 0.0500, update 1.51 s, wall 1791137952.0
exact step 646: answers scored 7, mean expected reward 9.375, kl coef 0.0500, update 1.46 s, wall 1791137954.7
exact step 647: answers scored 8, mean expected reward 9.673, kl coef 0.0500, update 1.59 s, wall 1791137957.0
exact step 648: answers scored 8, mean expected reward 10.121, kl coef 0.0500, update 1.53 s, wall 1791137958.8
exact step 649: answers scored 8, mean expected reward 10.030, kl coef 0.0500, update 1.52 s, wall 1791137960.7
exact step 650: answers scored 8, mean expected reward 11.015, kl coef 0.0500, update 1.51 s, wall 1791137962.5
exact step 651: answers scored 8, mean expected reward 9.750, kl coef 0.0500, update 1.62 s, wall 1791137965.7
exact step 652: answers scored 8, mean expected reward 10.042, kl coef 0.0500, update 1.57 s, wall 1791137967.7
exact step 653: answers scored 8, mean expected reward 10.038, kl coef 0.0500, update 1.49 s, wall 1791137969.4
exact step 654: answers scored 7, mean expected reward 10.408, kl coef 0.0500, update 1.50 s, wall 1791137971.7
exact step 655: answers scored 8, mean expected reward 9.643, kl coef 0.0500, update 1.54 s, wall 1791137973.6
exact step 656: answers scored 7, mean expected reward 10.355, kl coef 0.0500, update 1.42 s, wall 1791137976.0
exact step 657: answers scored 8, mean expected reward 9.581, kl coef 0.0500, update 1.50 s, wall 1791137977.8
exact step 658: answers scored 8, mean expected reward 8.661, kl coef 0.0500, update 1.50 s, wall 1791137979.6
exact step 659: answers scored 8, mean expected reward 11.004, kl coef 0.0500, update 1.62 s, wall 1791137982.9
exact step 660: answers scored 8, mean expected reward 9.961, kl coef 0.0500, update 1.47 s, wall 1791137984.7
exact step 661: answers scored 8, mean expected reward 8.207, kl coef 0.0500, update 1.51 s, wall 1791137986.9
exact step 662: answers scored 8, mean expected reward 9.865, kl coef 0.0500, update 1.48 s, wall 1791137988.8
exact step 663: answers scored 8, mean expected reward 9.207, kl coef 0.0500, update 1.53 s, wall 1791137990.7
exact step 664: answers scored 8, mean expected reward 9.979, kl coef 0.0500, update 1.52 s, wall 1791137992.6
exact step 665: answers scored 7, mean expected reward 11.050, kl coef 0.0500, update 1.50 s, wall 1791137995.6
exact step 666: answers scored 7, mean expected reward 9.877, kl coef 0.0500, update 1.40 s, wall 1791137997.3
exact step 667: answers scored 8, mean expected reward 8.451, kl coef 0.0500, update 1.58 s, wall 1791137999.3
exact step 668: answers scored 8, mean expected reward 9.629, kl coef 0.0500, update 1.50 s, wall 1791138001.0
exact step 669: answers scored 8, mean expected reward 8.820, kl coef 0.0500, update 1.49 s, wall 1791138002.8
exact step 670: answers scored 8, mean expected reward 8.681, kl coef 0.0500, update 1.48 s, wall 1791138004.7
exact step 671: answers scored 7, mean expected reward 10.138, kl coef 0.0500, update 1.47 s, wall 1791138007.4
exact step 672: answers scored 7, mean expected reward 9.437, kl coef 0.0500, update 1.44 s, wall 1791138009.5
exact step 673: answers scored 7, mean expected reward 9.934, kl coef 0.0500, update 1.50 s, wall 1791138011.8
exact step 674: answers scored 8, mean expected reward 10.073, kl coef 0.0500, update 1.59 s, wall 1791138014.2
exact step 675: answers scored 8, mean expected reward 10.341, kl coef 0.0500, update 1.50 s, wall 1791138016.0
exact step 676: answers scored 8, mean expected reward 9.803, kl coef 0.0500, update 1.48 s, wall 1791138018.0
exact step 677: answers scored 8, mean expected reward 10.031, kl coef 0.0500, update 1.49 s, wall 1791138020.0
exact step 678: answers scored 8, mean expected reward 9.542, kl coef 0.0500, update 1.57 s, wall 1791138022.1
exact step 679: answers scored 8, mean expected reward 9.303, kl coef 0.0500, update 1.48 s, wall 1791138023.8
exact step 680: answers scored 7, mean expected reward 8.810, kl coef 0.0500, update 1.49 s, wall 1791138026.3
exact step 681: answers scored 7, mean expected reward 9.092, kl coef 0.0500, update 1.44 s, wall 1791138030.6
exact step 682: answers scored 8, mean expected reward 9.175, kl coef 0.0500, update 1.54 s, wall 1791138032.5
exact step 683: answers scored 8, mean expected reward 10.021, kl coef 0.0500, update 1.49 s, wall 1791138034.3
exact step 684: answers scored 8, mean expected reward 9.823, kl coef 0.0500, update 1.51 s, wall 1791138036.3
exact step 685: answers scored 7, mean expected reward 9.743, kl coef 0.0500, update 1.42 s, wall 1791138038.4
exact step 686: answers scored 8, mean expected reward 10.215, kl coef 0.0500, update 1.72 s, wall 1791138041.7
exact step 687: answers scored 7, mean expected reward 10.162, kl coef 0.0500, update 1.47 s, wall 1791138044.4
exact step 688: answers scored 8, mean expected reward 7.758, kl coef 0.0500, update 1.49 s, wall 1791138046.4
exact step 689: answers scored 7, mean expected reward 9.475, kl coef 0.0500, update 1.42 s, wall 1791138048.5
exact step 690: answers scored 7, mean expected reward 10.022, kl coef 0.0500, update 1.45 s, wall 1791138050.9
exact step 691: answers scored 8, mean expected reward 8.571, kl coef 0.0500, update 1.51 s, wall 1791138052.7
exact step 692: answers scored 8, mean expected reward 8.974, kl coef 0.0500, update 1.50 s, wall 1791138054.5
exact step 693: answers scored 8, mean expected reward 10.000, kl coef 0.0500, update 1.49 s, wall 1791138056.3
exact step 694: answers scored 8, mean expected reward 10.151, kl coef 0.0500, update 1.48 s, wall 1791138058.1
exact step 695: answers scored 8, mean expected reward 9.473, kl coef 0.0500, update 1.64 s, wall 1791138060.6
exact step 696: answers scored 6, mean expected reward 8.706, kl coef 0.0500, update 1.41 s, wall 1791138068.8
exact step 697: answers scored 8, mean expected reward 9.540, kl coef 0.0500, update 1.54 s, wall 1791138071.5
exact step 698: answers scored 7, mean expected reward 9.865, kl coef 0.0500, update 1.41 s, wall 1791138073.8
exact step 699: answers scored 8, mean expected reward 9.784, kl coef 0.0500, update 1.53 s, wall 1791138076.1
exact step 700: answers scored 8, mean expected reward 9.135, kl coef 0.0500, update 1.49 s, wall 1791138077.8
exact step 701: answers scored 8, mean expected reward 9.133, kl coef 0.0500, update 1.53 s, wall 1791138079.9
exact step 702: answers scored 8, mean expected reward 9.883, kl coef 0.0500, update 1.51 s, wall 1791138081.7
exact step 703: answers scored 8, mean expected reward 10.042, kl coef 0.0500, update 1.51 s, wall 1791138083.5
exact step 704: answers scored 8, mean expected reward 9.098, kl coef 0.0500, update 1.48 s, wall 1791138085.4
exact step 705: answers scored 8, mean expected reward 9.598, kl coef 0.0500, update 1.57 s, wall 1791138087.2
exact step 706: answers scored 7, mean expected reward 9.596, kl coef 0.0500, update 1.47 s, wall 1791138091.0
exact step 707: answers scored 8, mean expected reward 10.414, kl coef 0.0500, update 1.50 s, wall 1791138093.0
exact step 708: answers scored 8, mean expected reward 9.976, kl coef 0.0500, update 1.49 s, wall 1791138094.8
exact step 709: answers scored 8, mean expected reward 10.174, kl coef 0.0500, update 1.50 s, wall 1791138096.9
exact step 710: answers scored 8, mean expected reward 9.311, kl coef 0.0500, update 1.52 s, wall 1791138098.7
exact step 711: answers scored 7, mean expected reward 10.076, kl coef 0.0500, update 1.43 s, wall 1791138101.1
exact step 712: answers scored 7, mean expected reward 9.811, kl coef 0.0500, update 1.68 s, wall 1791138104.0
exact step 713: answers scored 8, mean expected reward 9.393, kl coef 0.0500, update 1.54 s, wall 1791138105.9
exact step 714: answers scored 8, mean expected reward 10.083, kl coef 0.0500, update 1.57 s, wall 1791138108.4
exact step 715: answers scored 7, mean expected reward 10.006, kl coef 0.0500, update 1.44 s, wall 1791138110.9
exact step 716: answers scored 8, mean expected reward 8.008, kl coef 0.0500, update 1.52 s, wall 1791138112.7
exact step 717: answers scored 7, mean expected reward 10.146, kl coef 0.0500, update 1.43 s, wall 1791138115.3
exact step 718: answers scored 8, mean expected reward 9.220, kl coef 0.0500, update 1.60 s, wall 1791138117.2
exact step 719: answers scored 6, mean expected reward 9.640, kl coef 0.0500, update 1.32 s, wall 1791138121.7
exact step 720: answers scored 8, mean expected reward 10.551, kl coef 0.0500, update 1.51 s, wall 1791138123.8
exact step 721: answers scored 8, mean expected reward 9.975, kl coef 0.0500, update 1.58 s, wall 1791138125.6
exact step 722: answers scored 8, mean expected reward 9.907, kl coef 0.0500, update 1.48 s, wall 1791138127.4
exact step 723: answers scored 8, mean expected reward 9.604, kl coef 0.0500, update 1.49 s, wall 1791138129.4
exact step 724: answers scored 7, mean expected reward 10.127, kl coef 0.0500, update 1.55 s, wall 1791138136.8
exact step 725: answers scored 8, mean expected reward 9.314, kl coef 0.0500, update 1.46 s, wall 1791138138.6
exact step 726: answers scored 8, mean expected reward 9.227, kl coef 0.0500, update 1.51 s, wall 1791138140.4
exact step 727: answers scored 8, mean expected reward 9.142, kl coef 0.0500, update 1.69 s, wall 1791138142.3
exact step 728: answers scored 8, mean expected reward 10.393, kl coef 0.0500, update 1.50 s, wall 1791138144.1
exact step 729: answers scored 8, mean expected reward 9.408, kl coef 0.0500, update 1.46 s, wall 1791138145.9
exact step 730: answers scored 8, mean expected reward 10.010, kl coef 0.0500, update 1.59 s, wall 1791138148.3
exact step 731: answers scored 8, mean expected reward 8.224, kl coef 0.0500, update 1.52 s, wall 1791138150.5
exact step 732: answers scored 8, mean expected reward 9.610, kl coef 0.0500, update 1.49 s, wall 1791138152.6
exact step 733: answers scored 8, mean expected reward 9.881, kl coef 0.0500, update 1.57 s, wall 1791138154.5
exact step 734: answers scored 8, mean expected reward 10.989, kl coef 0.0500, update 1.51 s, wall 1791138156.3
exact step 735: answers scored 8, mean expected reward 9.275, kl coef 0.0500, update 1.51 s, wall 1791138158.2
exact step 736: answers scored 7, mean expected reward 10.119, kl coef 0.0500, update 1.36 s, wall 1791138165.4
exact step 737: answers scored 8, mean expected reward 9.693, kl coef 0.0500, update 1.59 s, wall 1791138167.5
exact step 738: answers scored 7, mean expected reward 8.537, kl coef 0.0500, update 1.35 s, wall 1791138169.1
exact step 739: answers scored 7, mean expected reward 10.231, kl coef 0.0500, update 1.43 s, wall 1791138171.1
exact step 740: answers scored 8, mean expected reward 9.563, kl coef 0.0500, update 1.59 s, wall 1791138173.0
exact step 741: answers scored 7, mean expected reward 10.074, kl coef 0.0500, update 1.41 s, wall 1791138175.7
exact step 742: answers scored 8, mean expected reward 9.074, kl coef 0.0500, update 1.47 s, wall 1791138177.6
exact step 743: answers scored 8, mean expected reward 8.870, kl coef 0.0500, update 1.57 s, wall 1791138179.5
exact step 744: answers scored 8, mean expected reward 9.041, kl coef 0.0500, update 1.62 s, wall 1791138181.4
exact step 745: answers scored 8, mean expected reward 9.881, kl coef 0.0500, update 1.51 s, wall 1791138183.2
exact step 746: answers scored 8, mean expected reward 10.699, kl coef 0.0500, update 1.57 s, wall 1791138185.2
exact step 747: answers scored 6, mean expected reward 9.707, kl coef 0.0500, update 1.39 s, wall 1791138187.4
exact step 748: answers scored 8, mean expected reward 9.186, kl coef 0.0500, update 1.51 s, wall 1791138189.3
exact step 749: answers scored 8, mean expected reward 10.561, kl coef 0.0500, update 1.41 s, wall 1791138191.2
exact step 750: answers scored 8, mean expected reward 9.496, kl coef 0.0500, update 1.46 s, wall 1791138192.9
exact step 751: answers scored 8, mean expected reward 10.881, kl coef 0.0500, update 1.61 s, wall 1791138195.6
exact step 752: answers scored 8, mean expected reward 9.295, kl coef 0.0500, update 1.50 s, wall 1791138197.5
exact step 753: answers scored 8, mean expected reward 9.780, kl coef 0.0500, update 1.52 s, wall 1791138199.5
exact step 754: answers scored 6, mean expected reward 8.615, kl coef 0.0500, update 1.34 s, wall 1791138202.0
exact step 755: answers scored 7, mean expected reward 9.204, kl coef 0.0500, update 1.41 s, wall 1791138203.8
exact step 756: answers scored 7, mean expected reward 9.487, kl coef 0.0500, update 1.36 s, wall 1791138205.7
exact step 757: answers scored 7, mean expected reward 9.793, kl coef 0.0500, update 1.35 s, wall 1791138207.3
exact step 758: answers scored 8, mean expected reward 9.547, kl coef 0.0500, update 1.56 s, wall 1791138210.0
exact step 759: answers scored 8, mean expected reward 9.525, kl coef 0.0500, update 1.43 s, wall 1791138211.7
exact step 760: answers scored 8, mean expected reward 8.748, kl coef 0.0500, update 1.52 s, wall 1791138213.9
exact step 761: answers scored 8, mean expected reward 9.800, kl coef 0.0500, update 1.51 s, wall 1791138216.0
exact step 762: answers scored 8, mean expected reward 9.532, kl coef 0.0500, update 1.57 s, wall 1791138218.0
exact step 763: answers scored 8, mean expected reward 9.761, kl coef 0.0500, update 1.50 s, wall 1791138219.8
exact step 764: answers scored 8, mean expected reward 9.346, kl coef 0.0500, update 1.52 s, wall 1791138221.9
exact step 765: answers scored 8, mean expected reward 8.795, kl coef 0.0500, update 1.50 s, wall 1791138223.6
exact step 766: answers scored 8, mean expected reward 9.371, kl coef 0.0500, update 1.49 s, wall 1791138225.7
exact step 767: answers scored 8, mean expected reward 8.750, kl coef 0.0500, update 1.47 s, wall 1791138227.5
exact step 768: answers scored 8, mean expected reward 10.626, kl coef 0.0500, update 1.48 s, wall 1791138229.2
exact step 769: answers scored 8, mean expected reward 10.066, kl coef 0.0500, update 1.47 s, wall 1791138231.1
exact step 770: answers scored 8, mean expected reward 9.682, kl coef 0.0500, update 1.49 s, wall 1791138232.9
exact step 771: answers scored 7, mean expected reward 9.272, kl coef 0.0500, update 1.42 s, wall 1791138234.8
exact step 772: answers scored 8, mean expected reward 9.360, kl coef 0.0500, update 1.47 s, wall 1791138236.7
exact step 773: answers scored 8, mean expected reward 10.551, kl coef 0.0500, update 1.56 s, wall 1791138238.8
exact step 774: answers scored 8, mean expected reward 10.625, kl coef 0.0500, update 1.51 s, wall 1791138240.5
exact step 775: answers scored 7, mean expected reward 9.302, kl coef 0.0500, update 1.38 s, wall 1791138242.3
exact step 776: answers scored 8, mean expected reward 9.665, kl coef 0.0500, update 1.46 s, wall 1791138244.2
exact step 777: answers scored 8, mean expected reward 10.693, kl coef 0.0500, update 1.55 s, wall 1791138246.0
exact step 778: answers scored 7, mean expected reward 9.595, kl coef 0.0500, update 1.38 s, wall 1791138248.8
exact step 779: answers scored 7, mean expected reward 8.782, kl coef 0.0500, update 1.34 s, wall 1791138251.0
exact step 780: answers scored 8, mean expected reward 8.775, kl coef 0.0500, update 1.50 s, wall 1791138252.8
exact step 781: answers scored 8, mean expected reward 9.525, kl coef 0.0500, update 1.51 s, wall 1791138254.6
exact step 782: answers scored 7, mean expected reward 9.908, kl coef 0.0500, update 1.37 s, wall 1791138256.9
exact step 783: answers scored 8, mean expected reward 9.801, kl coef 0.0500, update 1.49 s, wall 1791138258.8
exact step 784: answers scored 8, mean expected reward 9.752, kl coef 0.0500, update 1.50 s, wall 1791138260.7
exact step 785: answers scored 8, mean expected reward 10.487, kl coef 0.0500, update 1.47 s, wall 1791138262.4
exact step 786: answers scored 8, mean expected reward 9.897, kl coef 0.0500, update 1.67 s, wall 1791138265.4
exact step 787: answers scored 8, mean expected reward 10.012, kl coef 0.0500, update 1.47 s, wall 1791138267.4
exact step 788: answers scored 8, mean expected reward 9.903, kl coef 0.0500, update 1.47 s, wall 1791138269.3
exact step 789: answers scored 8, mean expected reward 9.289, kl coef 0.0500, update 1.58 s, wall 1791138271.7
exact step 790: answers scored 8, mean expected reward 10.412, kl coef 0.0500, update 1.49 s, wall 1791138273.9
exact step 791: answers scored 8, mean expected reward 9.088, kl coef 0.0500, update 1.47 s, wall 1791138275.7
exact step 792: answers scored 8, mean expected reward 9.310, kl coef 0.0500, update 1.47 s, wall 1791138277.4
exact step 793: answers scored 8, mean expected reward 10.122, kl coef 0.0500, update 1.49 s, wall 1791138279.3
exact step 794: answers scored 8, mean expected reward 10.176, kl coef 0.0500, update 1.51 s, wall 1791138281.0
exact step 795: answers scored 8, mean expected reward 9.920, kl coef 0.0500, update 1.51 s, wall 1791138282.8
exact step 796: answers scored 7, mean expected reward 9.095, kl coef 0.0500, update 1.45 s, wall 1791138285.1
exact step 797: answers scored 8, mean expected reward 10.308, kl coef 0.0500, update 1.49 s, wall 1791138286.9
exact step 798: answers scored 8, mean expected reward 9.727, kl coef 0.0500, update 1.49 s, wall 1791138288.7
checkpoint at step 800 (0.6 s)
exact step 799: answers scored 8, mean expected reward 10.207, kl coef 0.0500, update 2.13 s, wall 1791138291.1
exact step 800: answers scored 8, mean expected reward 8.991, kl coef 0.0500, update 1.59 s, wall 1791138293.6
exact step 801: answers scored 7, mean expected reward 9.322, kl coef 0.0500, update 1.41 s, wall 1791138296.1
exact step 802: answers scored 8, mean expected reward 9.349, kl coef 0.0500, update 1.53 s, wall 1791138297.9
exact step 803: answers scored 8, mean expected reward 10.784, kl coef 0.0500, update 1.50 s, wall 1791138299.6
exact step 804: answers scored 8, mean expected reward 9.825, kl coef 0.0500, update 1.63 s, wall 1791138302.1
exact step 805: answers scored 8, mean expected reward 10.552, kl coef 0.0500, update 1.57 s, wall 1791138304.0
exact step 806: answers scored 8, mean expected reward 8.933, kl coef 0.0500, update 1.51 s, wall 1791138306.1
exact step 807: answers scored 8, mean expected reward 8.858, kl coef 0.0500, update 1.47 s, wall 1791138308.4
exact step 808: answers scored 8, mean expected reward 9.599, kl coef 0.0500, update 1.56 s, wall 1791138310.3
exact step 809: answers scored 8, mean expected reward 10.322, kl coef 0.0500, update 1.58 s, wall 1791138312.3
exact step 810: answers scored 8, mean expected reward 9.872, kl coef 0.0500, update 1.44 s, wall 1791138314.0
exact step 811: answers scored 8, mean expected reward 10.939, kl coef 0.0500, update 1.52 s, wall 1791138316.2
exact step 812: answers scored 7, mean expected reward 10.429, kl coef 0.0500, update 1.37 s, wall 1791138319.6
exact step 813: answers scored 8, mean expected reward 9.673, kl coef 0.0500, update 1.49 s, wall 1791138321.5
exact step 814: answers scored 8, mean expected reward 10.040, kl coef 0.0500, update 1.57 s, wall 1791138324.1
exact step 815: answers scored 8, mean expected reward 9.272, kl coef 0.0500, update 1.49 s, wall 1791138326.3
exact step 816: answers scored 8, mean expected reward 9.381, kl coef 0.0500, update 1.47 s, wall 1791138328.1
exact step 817: answers scored 8, mean expected reward 8.636, kl coef 0.0500, update 1.46 s, wall 1791138329.8
exact step 818: answers scored 7, mean expected reward 7.807, kl coef 0.0500, update 1.33 s, wall 1791138331.5
exact step 819: answers scored 7, mean expected reward 10.447, kl coef 0.0500, update 1.39 s, wall 1791138333.2
exact step 820: answers scored 8, mean expected reward 10.107, kl coef 0.0500, update 1.50 s, wall 1791138335.0
exact step 821: answers scored 7, mean expected reward 9.556, kl coef 0.0500, update 1.35 s, wall 1791138337.6
exact step 822: answers scored 8, mean expected reward 9.822, kl coef 0.0500, update 1.50 s, wall 1791138339.5
exact step 823: answers scored 8, mean expected reward 10.117, kl coef 0.0500, update 1.48 s, wall 1791138341.3
exact step 824: answers scored 8, mean expected reward 10.153, kl coef 0.0500, update 1.47 s, wall 1791138343.0
exact step 825: answers scored 8, mean expected reward 9.838, kl coef 0.0500, update 1.49 s, wall 1791138344.8
exact step 826: answers scored 8, mean expected reward 9.991, kl coef 0.0500, update 1.66 s, wall 1791138347.5
exact step 827: answers scored 8, mean expected reward 8.688, kl coef 0.0500, update 1.50 s, wall 1791138349.5
exact step 828: answers scored 8, mean expected reward 9.586, kl coef 0.0500, update 1.50 s, wall 1791138351.3
exact step 829: answers scored 8, mean expected reward 9.802, kl coef 0.0500, update 1.57 s, wall 1791138353.1
exact step 830: answers scored 8, mean expected reward 9.344, kl coef 0.0500, update 1.44 s, wall 1791138355.0
exact step 831: answers scored 8, mean expected reward 10.021, kl coef 0.0500, update 1.51 s, wall 1791138356.8
exact step 832: answers scored 7, mean expected reward 9.525, kl coef 0.0500, update 1.36 s, wall 1791138358.4
exact step 833: answers scored 8, mean expected reward 10.667, kl coef 0.0500, update 1.50 s, wall 1791138360.3
exact step 834: answers scored 7, mean expected reward 9.320, kl coef 0.0500, update 1.47 s, wall 1791138366.0
exact step 835: answers scored 7, mean expected reward 8.513, kl coef 0.0500, update 1.35 s, wall 1791138368.6
exact step 836: answers scored 8, mean expected reward 10.326, kl coef 0.0500, update 1.52 s, wall 1791138370.8
exact step 837: answers scored 8, mean expected reward 9.403, kl coef 0.0500, update 1.56 s, wall 1791138372.8
exact step 838: answers scored 8, mean expected reward 9.494, kl coef 0.0500, update 1.53 s, wall 1791138374.8
exact step 839: answers scored 7, mean expected reward 9.822, kl coef 0.0500, update 1.47 s, wall 1791138377.7
exact step 840: answers scored 8, mean expected reward 9.134, kl coef 0.0500, update 1.71 s, wall 1791138380.8
exact step 841: answers scored 8, mean expected reward 9.609, kl coef 0.0500, update 1.48 s, wall 1791138382.6
exact step 842: answers scored 8, mean expected reward 10.253, kl coef 0.0500, update 1.49 s, wall 1791138384.3
exact step 843: answers scored 8, mean expected reward 10.454, kl coef 0.0500, update 1.60 s, wall 1791138386.2
exact step 844: answers scored 7, mean expected reward 10.157, kl coef 0.0500, update 1.38 s, wall 1791138389.9
exact step 845: answers scored 8, mean expected reward 10.042, kl coef 0.0500, update 1.54 s, wall 1791138391.7
exact step 846: answers scored 7, mean expected reward 9.421, kl coef 0.0500, update 1.37 s, wall 1791138393.8
exact step 847: answers scored 7, mean expected reward 9.009, kl coef 0.0500, update 1.39 s, wall 1791138396.3
exact step 848: answers scored 8, mean expected reward 8.803, kl coef 0.0500, update 1.51 s, wall 1791138398.5
exact step 849: answers scored 8, mean expected reward 9.621, kl coef 0.0500, update 1.47 s, wall 1791138400.3
exact step 850: answers scored 8, mean expected reward 9.223, kl coef 0.0500, update 1.46 s, wall 1791138402.0
exact step 851: answers scored 8, mean expected reward 9.920, kl coef 0.0500, update 1.54 s, wall 1791138403.9
exact step 852: answers scored 8, mean expected reward 10.026, kl coef 0.0500, update 1.56 s, wall 1791138405.8
exact step 853: answers scored 7, mean expected reward 9.812, kl coef 0.0500, update 1.43 s, wall 1791138409.0
exact step 854: answers scored 8, mean expected reward 8.383, kl coef 0.0500, update 1.60 s, wall 1791138411.4
exact step 855: answers scored 8, mean expected reward 10.136, kl coef 0.0500, update 1.52 s, wall 1791138413.2
exact step 856: answers scored 8, mean expected reward 10.384, kl coef 0.0500, update 1.46 s, wall 1791138415.0
exact step 857: answers scored 8, mean expected reward 10.014, kl coef 0.0500, update 1.51 s, wall 1791138416.8
exact step 858: answers scored 8, mean expected reward 9.599, kl coef 0.0500, update 1.51 s, wall 1791138418.8
exact step 859: answers scored 7, mean expected reward 10.843, kl coef 0.0500, update 1.41 s, wall 1791138420.9
exact step 860: answers scored 8, mean expected reward 8.587, kl coef 0.0500, update 1.51 s, wall 1791138422.6
exact step 861: answers scored 7, mean expected reward 9.923, kl coef 0.0500, update 1.44 s, wall 1791138424.9
exact step 862: answers scored 8, mean expected reward 10.090, kl coef 0.0500, update 1.55 s, wall 1791138427.1
exact step 863: answers scored 8, mean expected reward 9.688, kl coef 0.0500, update 1.74 s, wall 1791138429.6
exact step 864: answers scored 8, mean expected reward 7.787, kl coef 0.0500, update 1.61 s, wall 1791138431.6
exact step 865: answers scored 8, mean expected reward 9.454, kl coef 0.0500, update 1.52 s, wall 1791138433.8
exact step 866: answers scored 7, mean expected reward 9.548, kl coef 0.0500, update 1.44 s, wall 1791138436.8
exact step 867: answers scored 8, mean expected reward 9.166, kl coef 0.0500, update 1.50 s, wall 1791138438.9
exact step 868: answers scored 8, mean expected reward 10.302, kl coef 0.0500, update 1.56 s, wall 1791138441.1
exact step 869: answers scored 7, mean expected reward 9.923, kl coef 0.0500, update 1.45 s, wall 1791138443.4
exact step 870: answers scored 8, mean expected reward 9.772, kl coef 0.0500, update 1.48 s, wall 1791138445.1
exact step 871: answers scored 8, mean expected reward 9.086, kl coef 0.0500, update 1.53 s, wall 1791138446.9
exact step 872: answers scored 8, mean expected reward 10.684, kl coef 0.0500, update 1.51 s, wall 1791138448.8
exact step 873: answers scored 8, mean expected reward 9.816, kl coef 0.0500, update 1.58 s, wall 1791138450.8
exact step 874: answers scored 8, mean expected reward 8.295, kl coef 0.0500, update 1.58 s, wall 1791138452.9
exact step 875: answers scored 8, mean expected reward 9.952, kl coef 0.0500, update 1.52 s, wall 1791138455.2
exact step 876: answers scored 8, mean expected reward 9.374, kl coef 0.0500, update 1.65 s, wall 1791138457.6
exact step 877: answers scored 8, mean expected reward 10.424, kl coef 0.0500, update 1.50 s, wall 1791138459.4
exact step 878: answers scored 8, mean expected reward 9.811, kl coef 0.0500, update 1.50 s, wall 1791138461.2
exact step 879: answers scored 8, mean expected reward 10.098, kl coef 0.0500, update 1.59 s, wall 1791138464.4
exact step 880: answers scored 8, mean expected reward 9.262, kl coef 0.0500, update 1.62 s, wall 1791138466.4
exact step 881: answers scored 8, mean expected reward 9.360, kl coef 0.0500, update 1.57 s, wall 1791138468.7
exact step 882: answers scored 8, mean expected reward 9.552, kl coef 0.0500, update 1.53 s, wall 1791138470.9
exact step 883: answers scored 8, mean expected reward 10.167, kl coef 0.0500, update 1.48 s, wall 1791138472.6
exact step 884: answers scored 8, mean expected reward 9.130, kl coef 0.0500, update 1.49 s, wall 1791138474.4
exact step 885: answers scored 6, mean expected reward 9.818, kl coef 0.0500, update 1.42 s, wall 1791138477.8
exact step 886: answers scored 8, mean expected reward 10.248, kl coef 0.0500, update 1.51 s, wall 1791138479.6
exact step 887: answers scored 8, mean expected reward 10.267, kl coef 0.0500, update 1.52 s, wall 1791138481.5
exact step 888: answers scored 8, mean expected reward 10.706, kl coef 0.0500, update 1.51 s, wall 1791138483.3
exact step 889: answers scored 8, mean expected reward 10.330, kl coef 0.0500, update 1.52 s, wall 1791138485.1
exact step 890: answers scored 8, mean expected reward 10.030, kl coef 0.0500, update 1.59 s, wall 1791138488.0
exact step 891: answers scored 8, mean expected reward 9.567, kl coef 0.0500, update 1.51 s, wall 1791138489.8
exact step 892: answers scored 8, mean expected reward 9.785, kl coef 0.0500, update 1.51 s, wall 1791138492.0
exact step 893: answers scored 8, mean expected reward 10.586, kl coef 0.0500, update 1.53 s, wall 1791138493.9
exact step 894: answers scored 8, mean expected reward 9.419, kl coef 0.0500, update 1.49 s, wall 1791138495.7
exact step 895: answers scored 8, mean expected reward 9.925, kl coef 0.0500, update 1.58 s, wall 1791138498.1
exact step 896: answers scored 7, mean expected reward 9.717, kl coef 0.0500, update 1.45 s, wall 1791138500.2
exact step 897: answers scored 8, mean expected reward 9.915, kl coef 0.0500, update 1.66 s, wall 1791138502.2
exact step 898: answers scored 8, mean expected reward 10.124, kl coef 0.0500, update 1.51 s, wall 1791138504.0
exact step 899: answers scored 8, mean expected reward 9.860, kl coef 0.0500, update 1.49 s, wall 1791138505.8
exact step 900: answers scored 7, mean expected reward 10.389, kl coef 0.0500, update 1.44 s, wall 1791138508.0
exact step 901: answers scored 7, mean expected reward 9.868, kl coef 0.0500, update 1.43 s, wall 1791138509.9
exact step 902: answers scored 8, mean expected reward 10.521, kl coef 0.0500, update 1.52 s, wall 1791138511.9
exact step 903: answers scored 8, mean expected reward 10.663, kl coef 0.0500, update 1.57 s, wall 1791138513.8
exact step 904: answers scored 7, mean expected reward 9.905, kl coef 0.0500, update 1.47 s, wall 1791138516.8
exact step 905: answers scored 8, mean expected reward 10.049, kl coef 0.0500, update 1.52 s, wall 1791138518.7
exact step 906: answers scored 8, mean expected reward 9.306, kl coef 0.0500, update 1.53 s, wall 1791138520.5
exact step 907: answers scored 7, mean expected reward 9.575, kl coef 0.0500, update 1.41 s, wall 1791138522.5
exact step 908: answers scored 8, mean expected reward 9.608, kl coef 0.0500, update 1.51 s, wall 1791138524.3
exact step 909: answers scored 8, mean expected reward 9.128, kl coef 0.0500, update 1.52 s, wall 1791138526.5
exact step 910: answers scored 8, mean expected reward 9.291, kl coef 0.0500, update 1.59 s, wall 1791138528.5
exact step 911: answers scored 8, mean expected reward 8.940, kl coef 0.0500, update 1.59 s, wall 1791138531.4
exact step 912: answers scored 8, mean expected reward 10.348, kl coef 0.0500, update 1.53 s, wall 1791138533.5
exact step 913: answers scored 8, mean expected reward 10.119, kl coef 0.0500, update 1.49 s, wall 1791138535.7
exact step 914: answers scored 8, mean expected reward 9.952, kl coef 0.0500, update 1.84 s, wall 1791138539.3
exact step 915: answers scored 8, mean expected reward 10.667, kl coef 0.0500, update 1.58 s, wall 1791138541.2
exact step 916: answers scored 8, mean expected reward 9.613, kl coef 0.0500, update 1.59 s, wall 1791138543.4
exact step 917: answers scored 8, mean expected reward 10.239, kl coef 0.0500, update 1.48 s, wall 1791138545.2
exact step 918: answers scored 8, mean expected reward 8.788, kl coef 0.0500, update 1.59 s, wall 1791138547.3
exact step 919: answers scored 8, mean expected reward 9.022, kl coef 0.0500, update 1.62 s, wall 1791138549.3
exact step 920: answers scored 8, mean expected reward 9.063, kl coef 0.0500, update 1.58 s, wall 1791138551.3
exact step 921: answers scored 7, mean expected reward 9.387, kl coef 0.0500, update 1.40 s, wall 1791138554.4
exact step 922: answers scored 7, mean expected reward 9.706, kl coef 0.0500, update 1.44 s, wall 1791138556.5
exact step 923: answers scored 8, mean expected reward 10.043, kl coef 0.0500, update 1.49 s, wall 1791138558.2
exact step 924: answers scored 8, mean expected reward 9.580, kl coef 0.0500, update 1.54 s, wall 1791138560.0
exact step 925: answers scored 8, mean expected reward 9.910, kl coef 0.0500, update 1.57 s, wall 1791138561.9
exact step 926: answers scored 8, mean expected reward 10.645, kl coef 0.0500, update 1.53 s, wall 1791138563.8
exact step 927: answers scored 8, mean expected reward 9.832, kl coef 0.0500, update 1.49 s, wall 1791138565.7
exact step 928: answers scored 8, mean expected reward 8.052, kl coef 0.0500, update 1.73 s, wall 1791138568.6
exact step 929: answers scored 8, mean expected reward 9.755, kl coef 0.0500, update 1.61 s, wall 1791138571.0
exact step 930: answers scored 8, mean expected reward 10.224, kl coef 0.0500, update 1.52 s, wall 1791138572.8
exact step 931: answers scored 8, mean expected reward 9.118, kl coef 0.0500, update 1.58 s, wall 1791138575.3
exact step 932: answers scored 8, mean expected reward 9.144, kl coef 0.0500, update 1.54 s, wall 1791138577.1
exact step 933: answers scored 7, mean expected reward 10.099, kl coef 0.0500, update 1.76 s, wall 1791138581.0
exact step 934: answers scored 8, mean expected reward 10.123, kl coef 0.0500, update 1.62 s, wall 1791138583.0
exact step 935: answers scored 6, mean expected reward 9.563, kl coef 0.0500, update 1.47 s, wall 1791138585.5
exact step 936: answers scored 8, mean expected reward 9.079, kl coef 0.0500, update 1.59 s, wall 1791138587.4
exact step 937: answers scored 8, mean expected reward 9.138, kl coef 0.0500, update 1.50 s, wall 1791138589.3
exact step 938: answers scored 8, mean expected reward 10.185, kl coef 0.0500, update 1.62 s, wall 1791138592.3
exact step 939: answers scored 8, mean expected reward 9.908, kl coef 0.0500, update 1.48 s, wall 1791138594.3
exact step 940: answers scored 8, mean expected reward 9.819, kl coef 0.0500, update 1.48 s, wall 1791138596.1
exact step 941: answers scored 8, mean expected reward 10.472, kl coef 0.0500, update 1.49 s, wall 1791138598.3
exact step 942: answers scored 8, mean expected reward 9.843, kl coef 0.0500, update 1.45 s, wall 1791138600.1
exact step 943: answers scored 8, mean expected reward 9.520, kl coef 0.0500, update 1.68 s, wall 1791138602.1
exact step 944: answers scored 8, mean expected reward 10.004, kl coef 0.0500, update 1.51 s, wall 1791138604.3
exact step 945: answers scored 7, mean expected reward 9.650, kl coef 0.0500, update 1.50 s, wall 1791138607.7
exact step 946: answers scored 8, mean expected reward 10.135, kl coef 0.0500, update 1.50 s, wall 1791138609.5
exact step 947: answers scored 8, mean expected reward 10.267, kl coef 0.0500, update 1.54 s, wall 1791138611.5
exact step 948: answers scored 7, mean expected reward 10.283, kl coef 0.0500, update 1.44 s, wall 1791138613.6
exact step 949: answers scored 7, mean expected reward 9.880, kl coef 0.0500, update 1.48 s, wall 1791138616.2
exact step 950: answers scored 8, mean expected reward 10.336, kl coef 0.0500, update 1.53 s, wall 1791138618.4
exact step 951: answers scored 7, mean expected reward 9.741, kl coef 0.0500, update 1.53 s, wall 1791138621.2
exact step 952: answers scored 8, mean expected reward 9.510, kl coef 0.0500, update 1.51 s, wall 1791138623.0
exact step 953: answers scored 7, mean expected reward 8.754, kl coef 0.0500, update 1.43 s, wall 1791138624.9
exact step 954: answers scored 8, mean expected reward 10.516, kl coef 0.0500, update 1.49 s, wall 1791138626.7
exact step 955: answers scored 8, mean expected reward 9.607, kl coef 0.0500, update 1.52 s, wall 1791138628.8
exact step 956: answers scored 8, mean expected reward 10.520, kl coef 0.0500, update 1.59 s, wall 1791138631.0
exact step 957: answers scored 8, mean expected reward 9.924, kl coef 0.0500, update 1.52 s, wall 1791138633.1
exact step 958: answers scored 8, mean expected reward 10.080, kl coef 0.0500, update 1.50 s, wall 1791138635.2
exact step 959: answers scored 8, mean expected reward 9.320, kl coef 0.0500, update 1.66 s, wall 1791138637.8
exact step 960: answers scored 8, mean expected reward 9.459, kl coef 0.0500, update 1.51 s, wall 1791138639.6
exact step 961: answers scored 8, mean expected reward 9.035, kl coef 0.0500, update 1.51 s, wall 1791138641.6
exact step 962: answers scored 8, mean expected reward 9.837, kl coef 0.0500, update 1.52 s, wall 1791138643.4
exact step 963: answers scored 8, mean expected reward 9.265, kl coef 0.0500, update 1.51 s, wall 1791138645.6
exact step 964: answers scored 8, mean expected reward 8.026, kl coef 0.0500, update 1.48 s, wall 1791138647.4
exact step 965: answers scored 8, mean expected reward 9.783, kl coef 0.0500, update 1.51 s, wall 1791138649.3
exact step 966: answers scored 8, mean expected reward 9.599, kl coef 0.0500, update 1.52 s, wall 1791138651.1
exact step 967: answers scored 8, mean expected reward 9.991, kl coef 0.0500, update 1.49 s, wall 1791138653.0
exact step 968: answers scored 7, mean expected reward 9.985, kl coef 0.0500, update 1.41 s, wall 1791138654.7
exact step 969: answers scored 8, mean expected reward 10.348, kl coef 0.0500, update 1.52 s, wall 1791138656.6
exact step 970: answers scored 8, mean expected reward 9.960, kl coef 0.0500, update 1.51 s, wall 1791138658.5
exact step 971: answers scored 8, mean expected reward 9.928, kl coef 0.0500, update 1.48 s, wall 1791138660.3
exact step 972: answers scored 8, mean expected reward 9.730, kl coef 0.0500, update 1.51 s, wall 1791138662.1
exact step 973: answers scored 8, mean expected reward 9.924, kl coef 0.0500, update 1.51 s, wall 1791138664.2
exact step 974: answers scored 8, mean expected reward 10.742, kl coef 0.0500, update 1.55 s, wall 1791138666.5
exact step 975: answers scored 8, mean expected reward 10.545, kl coef 0.0500, update 1.50 s, wall 1791138668.4
exact step 976: answers scored 8, mean expected reward 10.340, kl coef 0.0500, update 1.54 s, wall 1791138670.9
exact step 977: answers scored 8, mean expected reward 9.588, kl coef 0.0500, update 1.64 s, wall 1791138673.6
exact step 978: answers scored 8, mean expected reward 9.316, kl coef 0.0500, update 1.59 s, wall 1791138675.5
exact step 979: answers scored 8, mean expected reward 9.786, kl coef 0.0500, update 1.63 s, wall 1791138677.6
exact step 980: answers scored 8, mean expected reward 9.401, kl coef 0.0500, update 1.47 s, wall 1791138679.4
exact step 981: answers scored 7, mean expected reward 9.837, kl coef 0.0500, update 1.52 s, wall 1791138681.6
exact step 982: answers scored 7, mean expected reward 9.338, kl coef 0.0500, update 1.45 s, wall 1791138684.1
exact step 983: answers scored 8, mean expected reward 9.275, kl coef 0.0500, update 1.49 s, wall 1791138685.8
exact step 984: answers scored 8, mean expected reward 9.548, kl coef 0.0500, update 1.59 s, wall 1791138687.7
exact step 985: answers scored 8, mean expected reward 8.793, kl coef 0.0500, update 1.72 s, wall 1791138691.2
exact step 986: answers scored 8, mean expected reward 8.738, kl coef 0.0500, update 1.61 s, wall 1791138694.0
exact step 987: answers scored 8, mean expected reward 9.759, kl coef 0.0500, update 1.54 s, wall 1791138695.9
exact step 988: answers scored 7, mean expected reward 9.078, kl coef 0.0500, update 1.43 s, wall 1791138699.0
exact step 989: answers scored 7, mean expected reward 9.509, kl coef 0.0500, update 1.36 s, wall 1791138701.6
exact step 990: answers scored 7, mean expected reward 10.251, kl coef 0.0500, update 1.39 s, wall 1791138704.2
exact step 991: answers scored 8, mean expected reward 10.381, kl coef 0.0500, update 1.53 s, wall 1791138706.0
exact step 992: answers scored 8, mean expected reward 10.467, kl coef 0.0500, update 1.47 s, wall 1791138707.7
exact step 993: answers scored 6, mean expected reward 10.550, kl coef 0.0500, update 1.34 s, wall 1791138710.2
exact step 994: answers scored 8, mean expected reward 10.058, kl coef 0.0500, update 1.50 s, wall 1791138712.0
exact step 995: answers scored 8, mean expected reward 9.450, kl coef 0.0500, update 1.49 s, wall 1791138713.9
exact step 996: answers scored 8, mean expected reward 10.509, kl coef 0.0500, update 1.48 s, wall 1791138715.8
exact step 997: answers scored 8, mean expected reward 9.686, kl coef 0.0500, update 1.51 s, wall 1791138717.5
exact step 998: answers scored 7, mean expected reward 8.167, kl coef 0.0500, update 1.36 s, wall 1791138719.3
checkpoint at step 1000 (0.6 s)
exact step 999: answers scored 6, mean expected reward 10.838, kl coef 0.0500, update 3.23 s, wall 1791138724.8
exact step 1000: answers scored 8, mean expected reward 7.410, kl coef 0.0500, update 1.46 s, wall 1791138726.5
exact step 1001: answers scored 7, mean expected reward 9.904, kl coef 0.0500, update 1.42 s, wall 1791138728.8
exact step 1002: answers scored 7, mean expected reward 9.938, kl coef 0.0500, update 1.32 s, wall 1791138731.3
exact step 1003: answers scored 7, mean expected reward 9.268, kl coef 0.0500, update 1.37 s, wall 1791138732.9
exact step 1004: answers scored 8, mean expected reward 8.210, kl coef 0.0500, update 1.47 s, wall 1791138734.7
exact step 1005: answers scored 8, mean expected reward 10.274, kl coef 0.0500, update 1.51 s, wall 1791138736.7
exact step 1006: answers scored 8, mean expected reward 9.575, kl coef 0.0500, update 1.47 s, wall 1791138738.4
exact step 1007: answers scored 8, mean expected reward 10.484, kl coef 0.0500, update 1.56 s, wall 1791138740.2
exact step 1008: answers scored 8, mean expected reward 10.038, kl coef 0.0500, update 1.60 s, wall 1791138743.3
exact step 1009: answers scored 8, mean expected reward 10.329, kl coef 0.0500, update 1.67 s, wall 1791138746.1
exact step 1010: answers scored 7, mean expected reward 9.753, kl coef 0.0500, update 1.40 s, wall 1791138748.9
exact step 1011: answers scored 8, mean expected reward 9.835, kl coef 0.0500, update 1.51 s, wall 1791138750.7
exact step 1012: answers scored 8, mean expected reward 9.091, kl coef 0.0500, update 1.50 s, wall 1791138752.4
exact step 1013: answers scored 7, mean expected reward 8.654, kl coef 0.0500, update 1.49 s, wall 1791138755.3
exact step 1014: answers scored 8, mean expected reward 9.652, kl coef 0.0500, update 1.47 s, wall 1791138757.3
exact step 1015: answers scored 8, mean expected reward 10.311, kl coef 0.0500, update 1.47 s, wall 1791138759.0
exact step 1016: answers scored 7, mean expected reward 9.438, kl coef 0.0500, update 1.38 s, wall 1791138761.6
exact step 1017: answers scored 8, mean expected reward 10.635, kl coef 0.0500, update 1.56 s, wall 1791138764.1
exact step 1018: answers scored 8, mean expected reward 8.873, kl coef 0.0500, update 1.58 s, wall 1791138766.4
exact step 1019: answers scored 8, mean expected reward 9.367, kl coef 0.0500, update 1.48 s, wall 1791138768.2
exact step 1020: answers scored 7, mean expected reward 10.080, kl coef 0.0500, update 1.38 s, wall 1791138770.0
exact step 1021: answers scored 8, mean expected reward 10.118, kl coef 0.0500, update 1.52 s, wall 1791138772.2
exact step 1022: answers scored 8, mean expected reward 9.168, kl coef 0.0500, update 1.57 s, wall 1791138774.1
exact step 1023: answers scored 8, mean expected reward 9.430, kl coef 0.0500, update 1.61 s, wall 1791138776.1
exact step 1024: answers scored 8, mean expected reward 10.299, kl coef 0.0500, update 1.47 s, wall 1791138777.8
exact step 1025: answers scored 8, mean expected reward 9.457, kl coef 0.0500, update 1.56 s, wall 1791138780.0
exact step 1026: answers scored 7, mean expected reward 8.165, kl coef 0.0500, update 1.42 s, wall 1791138781.8
exact step 1027: answers scored 7, mean expected reward 9.870, kl coef 0.0500, update 1.34 s, wall 1791138783.7
exact step 1028: answers scored 8, mean expected reward 9.100, kl coef 0.0500, update 1.48 s, wall 1791138785.4
exact step 1029: answers scored 7, mean expected reward 8.426, kl coef 0.0500, update 1.35 s, wall 1791138792.6
exact step 1030: answers scored 8, mean expected reward 10.387, kl coef 0.0500, update 1.48 s, wall 1791138794.4
exact step 1031: answers scored 8, mean expected reward 9.445, kl coef 0.0500, update 1.50 s, wall 1791138796.2
exact step 1032: answers scored 8, mean expected reward 10.170, kl coef 0.0500, update 1.47 s, wall 1791138797.8
exact step 1033: answers scored 8, mean expected reward 9.611, kl coef 0.0500, update 1.56 s, wall 1791138800.2
exact step 1034: answers scored 6, mean expected reward 7.480, kl coef 0.0500, update 1.33 s, wall 1791138802.0
exact step 1035: answers scored 8, mean expected reward 10.030, kl coef 0.0500, update 1.51 s, wall 1791138804.0
exact step 1036: answers scored 8, mean expected reward 9.240, kl coef 0.0500, update 1.57 s, wall 1791138806.1
exact step 1037: answers scored 8, mean expected reward 10.006, kl coef 0.0500, update 1.50 s, wall 1791138808.0
exact step 1038: answers scored 8, mean expected reward 10.355, kl coef 0.0500, update 1.46 s, wall 1791138809.7
exact step 1039: answers scored 8, mean expected reward 9.311, kl coef 0.0500, update 1.51 s, wall 1791138811.6
exact step 1040: answers scored 8, mean expected reward 10.438, kl coef 0.0500, update 1.64 s, wall 1791138814.6
exact step 1041: answers scored 8, mean expected reward 8.934, kl coef 0.0500, update 1.47 s, wall 1791138816.5
exact step 1042: answers scored 8, mean expected reward 8.716, kl coef 0.0500, update 1.51 s, wall 1791138818.3
exact step 1043: answers scored 8, mean expected reward 9.837, kl coef 0.0500, update 1.50 s, wall 1791138820.2
exact step 1044: answers scored 8, mean expected reward 9.734, kl coef 0.0500, update 1.57 s, wall 1791138823.0
exact step 1045: answers scored 8, mean expected reward 9.596, kl coef 0.0500, update 1.80 s, wall 1791138826.1
exact step 1046: answers scored 7, mean expected reward 8.765, kl coef 0.0500, update 1.34 s, wall 1791138829.7
exact step 1047: answers scored 8, mean expected reward 9.629, kl coef 0.0500, update 1.53 s, wall 1791138831.7
exact step 1048: answers scored 8, mean expected reward 10.410, kl coef 0.0500, update 1.52 s, wall 1791138833.6
exact step 1049: answers scored 8, mean expected reward 9.439, kl coef 0.0500, update 1.50 s, wall 1791138835.5
exact step 1050: answers scored 8, mean expected reward 9.864, kl coef 0.0500, update 1.51 s, wall 1791138837.5
exact step 1051: answers scored 8, mean expected reward 9.386, kl coef 0.0500, update 1.48 s, wall 1791138839.3
exact step 1052: answers scored 8, mean expected reward 9.707, kl coef 0.0500, update 1.51 s, wall 1791138841.2
exact step 1053: answers scored 8, mean expected reward 10.124, kl coef 0.0500, update 1.47 s, wall 1791138843.0
exact step 1054: answers scored 8, mean expected reward 9.946, kl coef 0.0500, update 1.51 s, wall 1791138845.0
exact step 1055: answers scored 8, mean expected reward 10.147, kl coef 0.0500, update 1.51 s, wall 1791138847.0
exact step 1056: answers scored 7, mean expected reward 9.296, kl coef 0.0500, update 1.43 s, wall 1791138849.0
exact step 1057: answers scored 8, mean expected reward 10.791, kl coef 0.0500, update 1.49 s, wall 1791138850.7
exact step 1058: answers scored 8, mean expected reward 9.483, kl coef 0.0500, update 1.47 s, wall 1791138852.5
exact step 1059: answers scored 8, mean expected reward 9.696, kl coef 0.0500, update 1.50 s, wall 1791138854.2
exact step 1060: answers scored 8, mean expected reward 10.362, kl coef 0.0500, update 1.47 s, wall 1791138856.0
exact step 1061: answers scored 8, mean expected reward 9.606, kl coef 0.0500, update 1.47 s, wall 1791138857.8
exact step 1062: answers scored 8, mean expected reward 10.314, kl coef 0.0500, update 1.49 s, wall 1791138859.7
exact step 1063: answers scored 8, mean expected reward 9.725, kl coef 0.0500, update 1.51 s, wall 1791138861.5
exact step 1064: answers scored 7, mean expected reward 10.023, kl coef 0.0500, update 1.40 s, wall 1791138864.1
exact step 1065: answers scored 8, mean expected reward 8.929, kl coef 0.0500, update 1.48 s, wall 1791138865.9
exact step 1066: answers scored 8, mean expected reward 10.413, kl coef 0.0500, update 1.51 s, wall 1791138867.8
exact step 1067: answers scored 6, mean expected reward 10.638, kl coef 0.0500, update 1.31 s, wall 1791138869.8
exact step 1068: answers scored 8, mean expected reward 10.102, kl coef 0.0500, update 1.52 s, wall 1791138871.7
exact step 1069: answers scored 8, mean expected reward 9.635, kl coef 0.0500, update 1.51 s, wall 1791138873.5
exact step 1070: answers scored 8, mean expected reward 9.638, kl coef 0.0500, update 1.50 s, wall 1791138875.3
exact step 1071: answers scored 8, mean expected reward 9.652, kl coef 0.0500, update 1.47 s, wall 1791138877.0
exact step 1072: answers scored 8, mean expected reward 10.336, kl coef 0.0500, update 1.45 s, wall 1791138878.7
exact step 1073: answers scored 8, mean expected reward 10.173, kl coef 0.0500, update 1.50 s, wall 1791138881.0
exact step 1074: answers scored 8, mean expected reward 8.675, kl coef 0.0500, update 1.50 s, wall 1791138882.9
exact step 1075: answers scored 8, mean expected reward 9.783, kl coef 0.0500, update 1.51 s, wall 1791138884.7
exact step 1076: answers scored 8, mean expected reward 9.827, kl coef 0.0500, update 1.50 s, wall 1791138886.6
exact step 1077: answers scored 8, mean expected reward 9.880, kl coef 0.0500, update 1.50 s, wall 1791138888.4
exact step 1078: answers scored 8, mean expected reward 9.948, kl coef 0.0500, update 1.51 s, wall 1791138890.2
exact step 1079: answers scored 8, mean expected reward 7.692, kl coef 0.0500, update 1.58 s, wall 1791138892.0
exact step 1080: answers scored 8, mean expected reward 9.170, kl coef 0.0500, update 1.48 s, wall 1791138893.8
exact step 1081: answers scored 8, mean expected reward 8.728, kl coef 0.0500, update 1.47 s, wall 1791138895.5
exact step 1082: answers scored 8, mean expected reward 10.238, kl coef 0.0500, update 1.51 s, wall 1791138897.7
exact step 1083: answers scored 8, mean expected reward 9.766, kl coef 0.0500, update 1.49 s, wall 1791138899.5
exact step 1084: answers scored 8, mean expected reward 9.498, kl coef 0.0500, update 1.47 s, wall 1791138901.4
exact step 1085: answers scored 8, mean expected reward 9.201, kl coef 0.0500, update 1.51 s, wall 1791138903.4
exact step 1086: answers scored 8, mean expected reward 9.792, kl coef 0.0500, update 1.50 s, wall 1791138905.6
exact step 1087: answers scored 6, mean expected reward 10.504, kl coef 0.0500, update 1.35 s, wall 1791138907.4
exact step 1088: answers scored 8, mean expected reward 9.047, kl coef 0.0500, update 1.61 s, wall 1791138909.9
exact step 1089: answers scored 8, mean expected reward 9.539, kl coef 0.0500, update 1.62 s, wall 1791138912.2
exact step 1090: answers scored 8, mean expected reward 8.788, kl coef 0.0500, update 1.49 s, wall 1791138914.2
exact step 1091: answers scored 7, mean expected reward 10.262, kl coef 0.0500, update 1.35 s, wall 1791138916.1
exact step 1092: answers scored 8, mean expected reward 10.293, kl coef 0.0500, update 1.59 s, wall 1791138918.0
exact step 1093: answers scored 7, mean expected reward 9.041, kl coef 0.0500, update 1.43 s, wall 1791138920.0
exact step 1094: answers scored 8, mean expected reward 9.551, kl coef 0.0500, update 1.47 s, wall 1791138921.8
exact step 1095: answers scored 6, mean expected reward 10.007, kl coef 0.0500, update 1.31 s, wall 1791138924.0
exact step 1096: answers scored 8, mean expected reward 10.175, kl coef 0.0500, update 1.55 s, wall 1791138926.2
exact step 1097: answers scored 8, mean expected reward 9.962, kl coef 0.0500, update 1.47 s, wall 1791138928.1
exact step 1098: answers scored 8, mean expected reward 9.281, kl coef 0.0500, update 1.46 s, wall 1791138929.9
exact step 1099: answers scored 8, mean expected reward 10.284, kl coef 0.0500, update 1.50 s, wall 1791138931.6
exact step 1100: answers scored 8, mean expected reward 9.539, kl coef 0.0500, update 1.51 s, wall 1791138933.5
exact step 1101: answers scored 7, mean expected reward 9.746, kl coef 0.0500, update 1.35 s, wall 1791138935.5
exact step 1102: answers scored 8, mean expected reward 9.526, kl coef 0.0500, update 1.50 s, wall 1791138937.6
exact step 1103: answers scored 7, mean expected reward 8.587, kl coef 0.0500, update 1.35 s, wall 1791138939.2
exact step 1104: answers scored 8, mean expected reward 10.094, kl coef 0.0500, update 1.51 s, wall 1791138941.4
exact step 1105: answers scored 8, mean expected reward 9.506, kl coef 0.0500, update 1.47 s, wall 1791138943.3
exact step 1106: answers scored 7, mean expected reward 10.607, kl coef 0.0500, update 1.33 s, wall 1791138945.6
exact step 1107: answers scored 7, mean expected reward 8.325, kl coef 0.0500, update 1.39 s, wall 1791138948.1
exact step 1108: answers scored 7, mean expected reward 8.911, kl coef 0.0500, update 1.35 s, wall 1791138950.2
exact step 1109: answers scored 8, mean expected reward 9.274, kl coef 0.0500, update 1.51 s, wall 1791138952.4
exact step 1110: answers scored 8, mean expected reward 10.120, kl coef 0.0500, update 1.58 s, wall 1791138954.3
exact step 1111: answers scored 8, mean expected reward 9.509, kl coef 0.0500, update 1.48 s, wall 1791138956.2
exact step 1112: answers scored 8, mean expected reward 9.944, kl coef 0.0500, update 1.63 s, wall 1791138958.3
exact step 1113: answers scored 8, mean expected reward 9.996, kl coef 0.0500, update 1.50 s, wall 1791138960.0
exact step 1114: answers scored 8, mean expected reward 9.848, kl coef 0.0500, update 1.57 s, wall 1791138962.1
exact step 1115: answers scored 6, mean expected reward 9.729, kl coef 0.0500, update 1.31 s, wall 1791138964.3
exact step 1116: answers scored 7, mean expected reward 9.431, kl coef 0.0500, update 1.39 s, wall 1791138965.9
exact step 1117: answers scored 8, mean expected reward 9.751, kl coef 0.0500, update 1.47 s, wall 1791138967.7
exact step 1118: answers scored 7, mean expected reward 10.158, kl coef 0.0500, update 1.35 s, wall 1791138969.8
exact step 1119: answers scored 8, mean expected reward 10.194, kl coef 0.0500, update 1.56 s, wall 1791138971.9
exact step 1120: answers scored 7, mean expected reward 8.793, kl coef 0.0500, update 1.38 s, wall 1791138974.9
exact step 1121: answers scored 8, mean expected reward 10.726, kl coef 0.0500, update 1.47 s, wall 1791138976.9
exact step 1122: answers scored 8, mean expected reward 9.380, kl coef 0.0500, update 1.48 s, wall 1791138978.8
exact step 1123: answers scored 8, mean expected reward 9.529, kl coef 0.0500, update 1.63 s, wall 1791138982.0
exact step 1124: answers scored 7, mean expected reward 10.500, kl coef 0.0500, update 1.39 s, wall 1791138984.3
exact step 1125: answers scored 8, mean expected reward 10.178, kl coef 0.0500, update 1.47 s, wall 1791138986.1
exact step 1126: answers scored 8, mean expected reward 9.612, kl coef 0.0500, update 1.46 s, wall 1791138987.9
exact step 1127: answers scored 8, mean expected reward 9.158, kl coef 0.0500, update 1.58 s, wall 1791138989.8
exact step 1128: answers scored 7, mean expected reward 10.057, kl coef 0.0500, update 1.39 s, wall 1791138991.9
exact step 1129: answers scored 8, mean expected reward 8.887, kl coef 0.0500, update 1.66 s, wall 1791138993.8
exact step 1130: answers scored 8, mean expected reward 9.897, kl coef 0.0500, update 1.70 s, wall 1791138996.6
exact step 1131: answers scored 6, mean expected reward 10.306, kl coef 0.0500, update 1.38 s, wall 1791138999.1
exact step 1132: answers scored 7, mean expected reward 10.997, kl coef 0.0500, update 1.43 s, wall 1791139001.3
exact step 1133: answers scored 8, mean expected reward 7.915, kl coef 0.0500, update 1.48 s, wall 1791139003.0
exact step 1134: answers scored 8, mean expected reward 9.833, kl coef 0.0500, update 1.47 s, wall 1791139004.9
exact step 1135: answers scored 8, mean expected reward 9.273, kl coef 0.0500, update 1.51 s, wall 1791139006.6
exact step 1136: answers scored 8, mean expected reward 9.340, kl coef 0.0500, update 1.49 s, wall 1791139008.8
exact step 1137: answers scored 7, mean expected reward 10.412, kl coef 0.0500, update 1.34 s, wall 1791139010.6
exact step 1138: answers scored 7, mean expected reward 9.474, kl coef 0.0500, update 1.37 s, wall 1791139017.8
exact step 1139: answers scored 8, mean expected reward 10.360, kl coef 0.0500, update 1.49 s, wall 1791139020.0
exact step 1140: answers scored 8, mean expected reward 9.621, kl coef 0.0500, update 1.50 s, wall 1791139021.9
exact step 1141: answers scored 8, mean expected reward 9.386, kl coef 0.0500, update 1.50 s, wall 1791139024.0
exact step 1142: answers scored 7, mean expected reward 9.466, kl coef 0.0500, update 1.34 s, wall 1791139026.4
exact step 1143: answers scored 8, mean expected reward 10.520, kl coef 0.0500, update 1.52 s, wall 1791139028.3
exact step 1144: answers scored 8, mean expected reward 10.399, kl coef 0.0500, update 1.49 s, wall 1791139030.0
exact step 1145: answers scored 8, mean expected reward 10.162, kl coef 0.0500, update 1.58 s, wall 1791139032.3
exact step 1146: answers scored 8, mean expected reward 9.575, kl coef 0.0500, update 1.46 s, wall 1791139034.0
exact step 1147: answers scored 7, mean expected reward 9.343, kl coef 0.0500, update 1.36 s, wall 1791139036.9
exact step 1148: answers scored 8, mean expected reward 9.811, kl coef 0.0500, update 1.51 s, wall 1791139038.6
exact step 1149: answers scored 7, mean expected reward 10.797, kl coef 0.0500, update 1.37 s, wall 1791139043.5
exact step 1150: answers scored 7, mean expected reward 9.638, kl coef 0.0500, update 1.37 s, wall 1791139045.2
exact step 1151: answers scored 8, mean expected reward 10.053, kl coef 0.0500, update 1.51 s, wall 1791139047.0
exact step 1152: answers scored 6, mean expected reward 9.521, kl coef 0.0500, update 1.34 s, wall 1791139048.7
exact step 1153: answers scored 8, mean expected reward 9.077, kl coef 0.0500, update 1.47 s, wall 1791139050.6
exact step 1154: answers scored 7, mean expected reward 9.907, kl coef 0.0500, update 1.36 s, wall 1791139052.3
exact step 1155: answers scored 8, mean expected reward 9.128, kl coef 0.0500, update 1.49 s, wall 1791139054.1
exact step 1156: answers scored 8, mean expected reward 9.800, kl coef 0.0500, update 1.62 s, wall 1791139056.1
exact step 1157: answers scored 8, mean expected reward 8.059, kl coef 0.0500, update 1.49 s, wall 1791139057.8
exact step 1158: answers scored 7, mean expected reward 10.095, kl coef 0.0500, update 1.46 s, wall 1791139060.0
exact step 1159: answers scored 8, mean expected reward 9.697, kl coef 0.0500, update 1.49 s, wall 1791139061.8
exact step 1160: answers scored 8, mean expected reward 10.408, kl coef 0.0500, update 1.74 s, wall 1791139063.9
exact step 1161: answers scored 8, mean expected reward 9.796, kl coef 0.0500, update 1.47 s, wall 1791139065.8
exact step 1162: answers scored 8, mean expected reward 9.449, kl coef 0.0500, update 1.67 s, wall 1791139068.5
exact step 1163: answers scored 8, mean expected reward 10.726, kl coef 0.0500, update 1.51 s, wall 1791139070.4
exact step 1164: answers scored 7, mean expected reward 9.867, kl coef 0.0500, update 1.35 s, wall 1791139073.0
exact step 1165: answers scored 8, mean expected reward 10.331, kl coef 0.0500, update 1.49 s, wall 1791139074.7
exact step 1166: answers scored 8, mean expected reward 8.599, kl coef 0.0500, update 1.48 s, wall 1791139076.5
exact step 1167: answers scored 8, mean expected reward 9.915, kl coef 0.0500, update 1.46 s, wall 1791139078.2
exact step 1168: answers scored 8, mean expected reward 9.784, kl coef 0.0500, update 1.49 s, wall 1791139080.0
exact step 1169: answers scored 8, mean expected reward 11.156, kl coef 0.0500, update 1.47 s, wall 1791139081.7
exact step 1170: answers scored 8, mean expected reward 10.086, kl coef 0.0500, update 1.49 s, wall 1791139083.4
exact step 1171: answers scored 8, mean expected reward 9.811, kl coef 0.0500, update 1.53 s, wall 1791139085.7
exact step 1172: answers scored 8, mean expected reward 10.421, kl coef 0.0500, update 1.49 s, wall 1791139087.5
exact step 1173: answers scored 8, mean expected reward 9.193, kl coef 0.0500, update 1.71 s, wall 1791139091.4
exact step 1174: answers scored 8, mean expected reward 7.735, kl coef 0.0500, update 1.55 s, wall 1791139093.3
exact step 1175: answers scored 8, mean expected reward 9.987, kl coef 0.0500, update 1.49 s, wall 1791139095.1
exact step 1176: answers scored 8, mean expected reward 9.953, kl coef 0.0500, update 1.47 s, wall 1791139096.8
exact step 1177: answers scored 7, mean expected reward 8.573, kl coef 0.0500, update 1.39 s, wall 1791139099.1
exact step 1178: answers scored 8, mean expected reward 10.514, kl coef 0.0500, update 1.50 s, wall 1791139100.9
exact step 1179: answers scored 8, mean expected reward 9.886, kl coef 0.0500, update 1.59 s, wall 1791139103.5
exact step 1180: answers scored 8, mean expected reward 10.326, kl coef 0.0500, update 1.54 s, wall 1791139105.3
exact step 1181: answers scored 8, mean expected reward 9.946, kl coef 0.0500, update 1.51 s, wall 1791139107.2
exact step 1182: answers scored 8, mean expected reward 10.021, kl coef 0.0500, update 1.49 s, wall 1791139109.2
exact step 1183: answers scored 8, mean expected reward 9.808, kl coef 0.0500, update 1.41 s, wall 1791139110.9
exact step 1184: answers scored 8, mean expected reward 10.009, kl coef 0.0500, update 1.65 s, wall 1791139113.0
exact step 1185: answers scored 8, mean expected reward 9.467, kl coef 0.0500, update 1.46 s, wall 1791139114.8
exact step 1186: answers scored 7, mean expected reward 10.070, kl coef 0.0500, update 1.42 s, wall 1791139117.1
exact step 1187: answers scored 8, mean expected reward 9.868, kl coef 0.0500, update 1.47 s, wall 1791139118.9
exact step 1188: answers scored 8, mean expected reward 10.379, kl coef 0.0500, update 1.51 s, wall 1791139120.8
exact step 1189: answers scored 7, mean expected reward 10.227, kl coef 0.0500, update 1.33 s, wall 1791139123.1
exact step 1190: answers scored 7, mean expected reward 8.840, kl coef 0.0500, update 1.41 s, wall 1791139124.8
exact step 1191: answers scored 8, mean expected reward 10.367, kl coef 0.0500, update 1.50 s, wall 1791139126.9
exact step 1192: answers scored 7, mean expected reward 9.855, kl coef 0.0500, update 1.46 s, wall 1791139129.6
exact step 1193: answers scored 8, mean expected reward 8.964, kl coef 0.0500, update 1.50 s, wall 1791139131.3
exact step 1194: answers scored 8, mean expected reward 10.413, kl coef 0.0500, update 1.45 s, wall 1791139133.1
exact step 1195: answers scored 8, mean expected reward 10.172, kl coef 0.0500, update 1.55 s, wall 1791139135.6
exact step 1196: answers scored 8, mean expected reward 9.527, kl coef 0.0500, update 1.46 s, wall 1791139137.4
exact step 1197: answers scored 7, mean expected reward 10.260, kl coef 0.0500, update 1.41 s, wall 1791139139.0
exact step 1198: answers scored 8, mean expected reward 10.752, kl coef 0.0500, update 1.47 s, wall 1791139140.8
checkpoint at step 1200 (0.9 s)
exact step 1199: answers scored 8, mean expected reward 10.104, kl coef 0.0500, update 2.37 s, wall 1791139143.5
exact step 1200: answers scored 8, mean expected reward 10.985, kl coef 0.0500, update 1.47 s, wall 1791139145.2
exact step 1201: answers scored 8, mean expected reward 8.622, kl coef 0.0500, update 1.49 s, wall 1791139146.9
exact step 1202: answers scored 8, mean expected reward 10.382, kl coef 0.0500, update 1.49 s, wall 1791139148.7
exact step 1203: answers scored 8, mean expected reward 9.143, kl coef 0.0500, update 1.57 s, wall 1791139151.3
exact step 1204: answers scored 8, mean expected reward 9.517, kl coef 0.0500, update 1.56 s, wall 1791139153.5
exact step 1205: answers scored 7, mean expected reward 9.041, kl coef 0.0500, update 1.38 s, wall 1791139155.1
exact step 1206: answers scored 8, mean expected reward 9.535, kl coef 0.0500, update 1.59 s, wall 1791139157.0
exact step 1207: answers scored 8, mean expected reward 10.066, kl coef 0.0500, update 1.56 s, wall 1791139158.8
exact step 1208: answers scored 7, mean expected reward 10.188, kl coef 0.0500, update 1.36 s, wall 1791139161.4
exact step 1209: answers scored 8, mean expected reward 9.982, kl coef 0.0500, update 1.50 s, wall 1791139163.7
exact step 1210: answers scored 8, mean expected reward 9.613, kl coef 0.0500, update 1.50 s, wall 1791139165.8
exact step 1211: answers scored 7, mean expected reward 8.982, kl coef 0.0500, update 1.33 s, wall 1791139167.4
exact step 1212: answers scored 8, mean expected reward 9.802, kl coef 0.0500, update 1.50 s, wall 1791139169.5
exact step 1213: answers scored 6, mean expected reward 9.155, kl coef 0.0500, update 1.44 s, wall 1791139171.6
exact step 1214: answers scored 7, mean expected reward 11.084, kl coef 0.0500, update 1.39 s, wall 1791139174.1
exact step 1215: answers scored 8, mean expected reward 9.856, kl coef 0.0500, update 1.75 s, wall 1791139176.2
exact step 1216: answers scored 7, mean expected reward 9.312, kl coef 0.0500, update 1.43 s, wall 1791139178.7
exact step 1217: answers scored 8, mean expected reward 10.523, kl coef 0.0500, update 1.48 s, wall 1791139180.5
exact step 1218: answers scored 8, mean expected reward 9.450, kl coef 0.0500, update 1.47 s, wall 1791139182.3
exact step 1219: answers scored 8, mean expected reward 9.982, kl coef 0.0500, update 1.52 s, wall 1791139184.3
exact step 1220: answers scored 8, mean expected reward 9.398, kl coef 0.0500, update 1.51 s, wall 1791139186.1
exact step 1221: answers scored 8, mean expected reward 9.182, kl coef 0.0500, update 1.46 s, wall 1791139187.9
exact step 1222: answers scored 8, mean expected reward 9.350, kl coef 0.0500, update 1.51 s, wall 1791139189.7
exact step 1223: answers scored 7, mean expected reward 10.302, kl coef 0.0500, update 1.34 s, wall 1791139192.1
exact step 1224: answers scored 8, mean expected reward 9.146, kl coef 0.0500, update 1.59 s, wall 1791139194.0
exact step 1225: answers scored 8, mean expected reward 10.641, kl coef 0.0500, update 1.48 s, wall 1791139196.0
exact step 1226: answers scored 8, mean expected reward 8.960, kl coef 0.0500, update 1.46 s, wall 1791139197.8
exact step 1227: answers scored 7, mean expected reward 8.755, kl coef 0.0500, update 1.33 s, wall 1791139199.4
exact step 1228: answers scored 8, mean expected reward 8.795, kl coef 0.0500, update 1.46 s, wall 1791139201.1
exact step 1229: answers scored 7, mean expected reward 10.183, kl coef 0.0500, update 1.73 s, wall 1791139205.4
exact step 1230: answers scored 8, mean expected reward 9.166, kl coef 0.0500, update 1.47 s, wall 1791139207.2
exact step 1231: answers scored 8, mean expected reward 9.811, kl coef 0.0500, update 1.56 s, wall 1791139209.5
exact step 1232: answers scored 8, mean expected reward 8.572, kl coef 0.0500, update 1.58 s, wall 1791139212.0
exact step 1233: answers scored 8, mean expected reward 10.321, kl coef 0.0500, update 1.50 s, wall 1791139213.8
exact step 1234: answers scored 8, mean expected reward 9.207, kl coef 0.0500, update 1.46 s, wall 1791139215.5
exact step 1235: answers scored 8, mean expected reward 9.710, kl coef 0.0500, update 1.51 s, wall 1791139217.3
exact step 1236: answers scored 6, mean expected reward 9.400, kl coef 0.0500, update 1.34 s, wall 1791139219.2
exact step 1237: answers scored 7, mean expected reward 9.530, kl coef 0.0500, update 1.38 s, wall 1791139221.3
exact step 1238: answers scored 7, mean expected reward 9.860, kl coef 0.0500, update 1.41 s, wall 1791139224.1
exact step 1239: answers scored 7, mean expected reward 8.118, kl coef 0.0500, update 1.33 s, wall 1791139225.6
exact step 1240: answers scored 8, mean expected reward 10.140, kl coef 0.0500, update 1.49 s, wall 1791139227.4
exact step 1241: answers scored 7, mean expected reward 10.390, kl coef 0.0500, update 1.39 s, wall 1791139229.8
exact step 1242: answers scored 8, mean expected reward 8.214, kl coef 0.0500, update 1.49 s, wall 1791139231.6
exact step 1243: answers scored 7, mean expected reward 10.139, kl coef 0.0500, update 1.40 s, wall 1791139233.9
exact step 1244: answers scored 8, mean expected reward 9.684, kl coef 0.0500, update 1.56 s, wall 1791139236.1
exact step 1245: answers scored 8, mean expected reward 10.163, kl coef 0.0500, update 1.57 s, wall 1791139238.5
exact step 1246: answers scored 8, mean expected reward 10.733, kl coef 0.0500, update 1.46 s, wall 1791139240.2
exact step 1247: answers scored 8, mean expected reward 8.957, kl coef 0.0500, update 1.47 s, wall 1791139242.0
exact step 1248: answers scored 8, mean expected reward 10.715, kl coef 0.0500, update 1.47 s, wall 1791139243.7
exact step 1249: answers scored 8, mean expected reward 10.606, kl coef 0.0500, update 1.60 s, wall 1791139246.2
exact step 1250: answers scored 8, mean expected reward 9.374, kl coef 0.0500, update 1.75 s, wall 1791139250.1
exact step 1251: answers scored 8, mean expected reward 9.189, kl coef 0.0500, update 1.51 s, wall 1791139252.0
exact step 1252: answers scored 8, mean expected reward 9.343, kl coef 0.0500, update 1.47 s, wall 1791139253.7
exact step 1253: answers scored 7, mean expected reward 9.319, kl coef 0.0500, update 1.37 s, wall 1791139255.7
exact step 1254: answers scored 8, mean expected reward 10.121, kl coef 0.0500, update 1.46 s, wall 1791139257.5
exact step 1255: answers scored 8, mean expected reward 9.374, kl coef 0.0500, update 1.50 s, wall 1791139259.3
exact step 1256: answers scored 7, mean expected reward 9.910, kl coef 0.0500, update 1.40 s, wall 1791139261.7
exact step 1257: answers scored 8, mean expected reward 9.986, kl coef 0.0500, update 1.57 s, wall 1791139263.7
exact step 1258: answers scored 8, mean expected reward 9.603, kl coef 0.0500, update 1.51 s, wall 1791139265.5
exact step 1259: answers scored 7, mean expected reward 9.510, kl coef 0.0500, update 1.43 s, wall 1791139267.2
exact step 1260: answers scored 8, mean expected reward 9.277, kl coef 0.0500, update 1.50 s, wall 1791139269.0
exact step 1261: answers scored 8, mean expected reward 10.909, kl coef 0.0500, update 1.49 s, wall 1791139271.1
exact step 1262: answers scored 8, mean expected reward 9.602, kl coef 0.0500, update 1.50 s, wall 1791139272.9
exact step 1263: answers scored 8, mean expected reward 9.616, kl coef 0.0500, update 1.64 s, wall 1791139275.6
exact step 1264: answers scored 8, mean expected reward 8.894, kl coef 0.0500, update 1.50 s, wall 1791139277.3
exact step 1265: answers scored 8, mean expected reward 9.596, kl coef 0.0500, update 1.48 s, wall 1791139279.1
exact step 1266: answers scored 8, mean expected reward 10.403, kl coef 0.0500, update 1.50 s, wall 1791139281.1
exact step 1267: answers scored 8, mean expected reward 10.396, kl coef 0.0500, update 1.61 s, wall 1791139283.0
exact step 1268: answers scored 8, mean expected reward 9.916, kl coef 0.0500, update 1.47 s, wall 1791139284.8
exact step 1269: answers scored 8, mean expected reward 9.181, kl coef 0.0500, update 1.59 s, wall 1791139287.3
exact step 1270: answers scored 7, mean expected reward 9.409, kl coef 0.0500, update 1.35 s, wall 1791139288.9
exact step 1271: answers scored 8, mean expected reward 9.063, kl coef 0.0500, update 1.47 s, wall 1791139290.7
exact step 1272: answers scored 8, mean expected reward 9.387, kl coef 0.0500, update 1.49 s, wall 1791139292.4
exact step 1273: answers scored 8, mean expected reward 9.954, kl coef 0.0500, update 1.49 s, wall 1791139294.4
exact step 1274: answers scored 8, mean expected reward 10.326, kl coef 0.0500, update 1.51 s, wall 1791139296.1
exact step 1275: answers scored 8, mean expected reward 10.862, kl coef 0.0500, update 1.50 s, wall 1791139297.9
exact step 1276: answers scored 8, mean expected reward 9.446, kl coef 0.0500, update 1.57 s, wall 1791139299.7
exact step 1277: answers scored 8, mean expected reward 10.746, kl coef 0.0500, update 1.55 s, wall 1791139302.1
exact step 1278: answers scored 8, mean expected reward 10.003, kl coef 0.0500, update 1.49 s, wall 1791139304.2
exact step 1279: answers scored 8, mean expected reward 10.285, kl coef 0.0500, update 1.46 s, wall 1791139305.9
exact step 1280: answers scored 7, mean expected reward 10.581, kl coef 0.0500, update 1.36 s, wall 1791139308.3
exact step 1281: answers scored 8, mean expected reward 10.397, kl coef 0.0500, update 1.51 s, wall 1791139310.1
exact step 1282: answers scored 8, mean expected reward 9.079, kl coef 0.0500, update 1.48 s, wall 1791139311.9
exact step 1283: answers scored 7, mean expected reward 10.319, kl coef 0.0500, update 1.33 s, wall 1791139313.6
exact step 1284: answers scored 8, mean expected reward 10.292, kl coef 0.0500, update 1.49 s, wall 1791139315.8
exact step 1285: answers scored 8, mean expected reward 10.071, kl coef 0.0500, update 1.50 s, wall 1791139318.0
exact step 1286: answers scored 8, mean expected reward 9.322, kl coef 0.0500, update 1.53 s, wall 1791139319.8
exact step 1287: answers scored 8, mean expected reward 9.432, kl coef 0.0500, update 1.50 s, wall 1791139321.6
exact step 1288: answers scored 7, mean expected reward 9.197, kl coef 0.0500, update 1.47 s, wall 1791139323.5
exact step 1289: answers scored 8, mean expected reward 9.009, kl coef 0.0500, update 1.45 s, wall 1791139325.3
exact step 1290: answers scored 8, mean expected reward 10.432, kl coef 0.0500, update 1.58 s, wall 1791139327.9
exact step 1291: answers scored 8, mean expected reward 9.908, kl coef 0.0500, update 1.47 s, wall 1791139329.9
exact step 1292: answers scored 8, mean expected reward 10.299, kl coef 0.0500, update 1.48 s, wall 1791139331.8
exact step 1293: answers scored 7, mean expected reward 9.153, kl coef 0.0500, update 1.36 s, wall 1791139334.1
exact step 1294: answers scored 7, mean expected reward 10.665, kl coef 0.0500, update 1.47 s, wall 1791139336.7
exact step 1295: answers scored 6, mean expected reward 9.798, kl coef 0.0500, update 1.33 s, wall 1791139338.7
exact step 1296: answers scored 8, mean expected reward 8.379, kl coef 0.0500, update 1.50 s, wall 1791139340.4
exact step 1297: answers scored 8, mean expected reward 9.242, kl coef 0.0500, update 1.62 s, wall 1791139342.4
exact step 1298: answers scored 7, mean expected reward 10.038, kl coef 0.0500, update 1.45 s, wall 1791139344.3
exact step 1299: answers scored 8, mean expected reward 10.658, kl coef 0.0500, update 1.46 s, wall 1791139346.1
exact step 1300: answers scored 8, mean expected reward 8.095, kl coef 0.0500, update 1.47 s, wall 1791139348.0
exact step 1301: answers scored 8, mean expected reward 8.881, kl coef 0.0500, update 1.48 s, wall 1791139349.7
exact step 1302: answers scored 8, mean expected reward 9.295, kl coef 0.0500, update 1.48 s, wall 1791139351.5
exact step 1303: answers scored 8, mean expected reward 9.540, kl coef 0.0500, update 1.47 s, wall 1791139353.3
exact step 1304: answers scored 8, mean expected reward 9.589, kl coef 0.0500, update 1.47 s, wall 1791139355.0
exact step 1305: answers scored 8, mean expected reward 8.372, kl coef 0.0500, update 1.45 s, wall 1791139356.7
exact step 1306: answers scored 8, mean expected reward 9.315, kl coef 0.0500, update 1.52 s, wall 1791139358.5
exact step 1307: answers scored 8, mean expected reward 9.575, kl coef 0.0500, update 1.48 s, wall 1791139360.2
exact step 1308: answers scored 8, mean expected reward 9.692, kl coef 0.0500, update 1.46 s, wall 1791139362.0
exact step 1309: answers scored 7, mean expected reward 10.062, kl coef 0.0500, update 1.42 s, wall 1791139364.1
exact step 1310: answers scored 8, mean expected reward 10.164, kl coef 0.0500, update 1.59 s, wall 1791139366.0
exact step 1311: answers scored 8, mean expected reward 10.673, kl coef 0.0500, update 1.47 s, wall 1791139367.9
exact step 1312: answers scored 8, mean expected reward 9.984, kl coef 0.0500, update 1.51 s, wall 1791139369.7
exact step 1313: answers scored 8, mean expected reward 8.908, kl coef 0.0500, update 1.50 s, wall 1791139371.7
exact step 1314: answers scored 7, mean expected reward 9.866, kl coef 0.0500, update 1.44 s, wall 1791139374.1
exact step 1315: answers scored 8, mean expected reward 10.022, kl coef 0.0500, update 1.61 s, wall 1791139376.3
exact step 1316: answers scored 8, mean expected reward 8.340, kl coef 0.0500, update 1.50 s, wall 1791139378.1
exact step 1317: answers scored 7, mean expected reward 8.132, kl coef 0.0500, update 1.35 s, wall 1791139380.3
exact step 1318: answers scored 6, mean expected reward 10.215, kl coef 0.0500, update 1.32 s, wall 1791139383.2
exact step 1319: answers scored 8, mean expected reward 10.007, kl coef 0.0500, update 1.56 s, wall 1791139385.3
exact step 1320: answers scored 8, mean expected reward 10.363, kl coef 0.0500, update 1.64 s, wall 1791139388.1
exact step 1321: answers scored 8, mean expected reward 10.052, kl coef 0.0500, update 1.61 s, wall 1791139390.7
exact step 1322: answers scored 8, mean expected reward 10.213, kl coef 0.0500, update 1.47 s, wall 1791139392.5
exact step 1323: answers scored 7, mean expected reward 8.014, kl coef 0.0500, update 1.54 s, wall 1791139395.8
exact step 1324: answers scored 8, mean expected reward 10.680, kl coef 0.0500, update 1.47 s, wall 1791139397.8
exact step 1325: answers scored 8, mean expected reward 9.252, kl coef 0.0500, update 1.53 s, wall 1791139399.7
exact step 1326: answers scored 8, mean expected reward 8.917, kl coef 0.0500, update 1.51 s, wall 1791139401.4
exact step 1327: answers scored 8, mean expected reward 9.430, kl coef 0.0500, update 1.65 s, wall 1791139403.4
exact step 1328: answers scored 8, mean expected reward 9.345, kl coef 0.0500, update 1.52 s, wall 1791139405.4
exact step 1329: answers scored 8, mean expected reward 10.435, kl coef 0.0500, update 1.65 s, wall 1791139407.9
exact step 1330: answers scored 8, mean expected reward 10.690, kl coef 0.0500, update 1.47 s, wall 1791139409.8
exact step 1331: answers scored 7, mean expected reward 9.981, kl coef 0.0500, update 1.33 s, wall 1791139411.3
exact step 1332: answers scored 8, mean expected reward 9.831, kl coef 0.0500, update 1.53 s, wall 1791139413.3
exact step 1333: answers scored 7, mean expected reward 9.803, kl coef 0.0500, update 1.38 s, wall 1791139416.0
exact step 1334: answers scored 8, mean expected reward 8.940, kl coef 0.0500, update 1.48 s, wall 1791139417.7
exact step 1335: answers scored 8, mean expected reward 9.588, kl coef 0.0500, update 1.51 s, wall 1791139419.5
exact step 1336: answers scored 8, mean expected reward 9.579, kl coef 0.0500, update 1.56 s, wall 1791139421.4
exact step 1337: answers scored 8, mean expected reward 9.350, kl coef 0.0500, update 1.67 s, wall 1791139425.0
exact step 1338: answers scored 7, mean expected reward 10.090, kl coef 0.0500, update 1.37 s, wall 1791139428.0
exact step 1339: answers scored 8, mean expected reward 8.627, kl coef 0.0500, update 1.49 s, wall 1791139429.7
exact step 1340: answers scored 8, mean expected reward 8.777, kl coef 0.0500, update 1.64 s, wall 1791139432.2
exact step 1341: answers scored 8, mean expected reward 9.027, kl coef 0.0500, update 1.49 s, wall 1791139433.9
exact step 1342: answers scored 8, mean expected reward 9.283, kl coef 0.0500, update 1.49 s, wall 1791139435.7
exact step 1343: answers scored 8, mean expected reward 10.504, kl coef 0.0500, update 1.49 s, wall 1791139437.5
exact step 1344: answers scored 8, mean expected reward 9.586, kl coef 0.0500, update 1.57 s, wall 1791139439.4
exact step 1345: answers scored 8, mean expected reward 9.351, kl coef 0.0500, update 1.50 s, wall 1791139441.3
exact step 1346: answers scored 8, mean expected reward 10.374, kl coef 0.0500, update 1.51 s, wall 1791139443.0
exact step 1347: answers scored 8, mean expected reward 10.115, kl coef 0.0500, update 1.49 s, wall 1791139444.9
exact step 1348: answers scored 7, mean expected reward 9.587, kl coef 0.0500, update 1.36 s, wall 1791139447.5
exact step 1349: answers scored 8, mean expected reward 8.891, kl coef 0.0500, update 1.47 s, wall 1791139449.2
exact step 1350: answers scored 8, mean expected reward 9.129, kl coef 0.0500, update 1.50 s, wall 1791139451.3
exact step 1351: answers scored 8, mean expected reward 9.582, kl coef 0.0500, update 1.58 s, wall 1791139453.3
exact step 1352: answers scored 8, mean expected reward 9.987, kl coef 0.0500, update 1.56 s, wall 1791139455.2
exact step 1353: answers scored 8, mean expected reward 9.342, kl coef 0.0500, update 1.58 s, wall 1791139457.8
exact step 1354: answers scored 8, mean expected reward 10.004, kl coef 0.0500, update 1.46 s, wall 1791139459.5
exact step 1355: answers scored 8, mean expected reward 9.205, kl coef 0.0500, update 1.46 s, wall 1791139461.2
exact step 1356: answers scored 8, mean expected reward 9.337, kl coef 0.0500, update 1.51 s, wall 1791139462.9
exact step 1357: answers scored 8, mean expected reward 9.458, kl coef 0.0500, update 1.47 s, wall 1791139464.7
exact step 1358: answers scored 8, mean expected reward 9.868, kl coef 0.0500, update 1.58 s, wall 1791139466.6
exact step 1359: answers scored 8, mean expected reward 10.021, kl coef 0.0500, update 1.51 s, wall 1791139468.6
exact step 1360: answers scored 8, mean expected reward 10.320, kl coef 0.0500, update 1.49 s, wall 1791139470.3
exact step 1361: answers scored 7, mean expected reward 9.152, kl coef 0.0500, update 1.33 s, wall 1791139471.9
exact step 1362: answers scored 8, mean expected reward 10.230, kl coef 0.0500, update 1.56 s, wall 1791139474.1
exact step 1363: answers scored 7, mean expected reward 11.052, kl coef 0.0500, update 1.38 s, wall 1791139475.8
exact step 1364: answers scored 8, mean expected reward 10.679, kl coef 0.0500, update 1.46 s, wall 1791139477.6
exact step 1365: answers scored 8, mean expected reward 9.273, kl coef 0.0500, update 1.52 s, wall 1791139479.5
exact step 1366: answers scored 8, mean expected reward 9.448, kl coef 0.0500, update 1.47 s, wall 1791139481.3
exact step 1367: answers scored 8, mean expected reward 10.166, kl coef 0.0500, update 1.51 s, wall 1791139483.2
exact step 1368: answers scored 7, mean expected reward 10.132, kl coef 0.0500, update 1.36 s, wall 1791139485.3
exact step 1369: answers scored 7, mean expected reward 9.755, kl coef 0.0500, update 1.36 s, wall 1791139487.4
exact step 1370: answers scored 8, mean expected reward 10.174, kl coef 0.0500, update 1.65 s, wall 1791139491.0
exact step 1371: answers scored 8, mean expected reward 10.113, kl coef 0.0500, update 1.49 s, wall 1791139492.8
exact step 1372: answers scored 8, mean expected reward 10.427, kl coef 0.0500, update 1.47 s, wall 1791139494.5
exact step 1373: answers scored 7, mean expected reward 10.115, kl coef 0.0500, update 1.41 s, wall 1791139496.3
exact step 1374: answers scored 8, mean expected reward 9.999, kl coef 0.0500, update 1.46 s, wall 1791139498.0
exact step 1375: answers scored 8, mean expected reward 10.055, kl coef 0.0500, update 1.57 s, wall 1791139499.9
exact step 1376: answers scored 8, mean expected reward 8.998, kl coef 0.0500, update 1.47 s, wall 1791139501.7
exact step 1377: answers scored 7, mean expected reward 9.290, kl coef 0.0500, update 1.39 s, wall 1791139503.6
exact step 1378: answers scored 8, mean expected reward 9.939, kl coef 0.0500, update 1.42 s, wall 1791139505.3
exact step 1379: answers scored 8, mean expected reward 8.499, kl coef 0.0500, update 1.47 s, wall 1791139507.0
exact step 1380: answers scored 8, mean expected reward 8.613, kl coef 0.0500, update 1.47 s, wall 1791139508.7
exact step 1381: answers scored 8, mean expected reward 9.493, kl coef 0.0500, update 1.45 s, wall 1791139510.4
exact step 1382: answers scored 8, mean expected reward 9.989, kl coef 0.0500, update 1.52 s, wall 1791139512.6
exact step 1383: answers scored 8, mean expected reward 9.785, kl coef 0.0500, update 1.49 s, wall 1791139514.4
exact step 1384: answers scored 8, mean expected reward 10.159, kl coef 0.0500, update 1.48 s, wall 1791139516.1
exact step 1385: answers scored 7, mean expected reward 9.781, kl coef 0.0500, update 1.38 s, wall 1791139518.5
exact step 1386: answers scored 8, mean expected reward 10.011, kl coef 0.0500, update 1.46 s, wall 1791139520.2
exact step 1387: answers scored 8, mean expected reward 10.481, kl coef 0.0500, update 1.50 s, wall 1791139522.3
exact step 1388: answers scored 8, mean expected reward 9.838, kl coef 0.0500, update 1.62 s, wall 1791139525.1
exact step 1389: answers scored 8, mean expected reward 9.712, kl coef 0.0500, update 1.47 s, wall 1791139527.0
exact step 1390: answers scored 7, mean expected reward 9.603, kl coef 0.0500, update 1.34 s, wall 1791139528.6
exact step 1391: answers scored 7, mean expected reward 9.745, kl coef 0.0500, update 1.35 s, wall 1791139530.4
exact step 1392: answers scored 8, mean expected reward 8.944, kl coef 0.0500, update 1.50 s, wall 1791139532.2
exact step 1393: answers scored 8, mean expected reward 9.067, kl coef 0.0500, update 1.51 s, wall 1791139534.0
exact step 1394: answers scored 8, mean expected reward 10.044, kl coef 0.0500, update 1.49 s, wall 1791139535.8
exact step 1395: answers scored 8, mean expected reward 10.033, kl coef 0.0500, update 1.47 s, wall 1791139537.7
exact step 1396: answers scored 8, mean expected reward 10.205, kl coef 0.0500, update 1.51 s, wall 1791139540.0
exact step 1397: answers scored 8, mean expected reward 9.715, kl coef 0.0500, update 1.47 s, wall 1791139541.7
exact step 1398: answers scored 8, mean expected reward 9.547, kl coef 0.0500, update 1.48 s, wall 1791139543.4
checkpoint at step 1400 (0.8 s)
exact step 1399: answers scored 7, mean expected reward 8.791, kl coef 0.0500, update 2.16 s, wall 1791139546.4
exact step 1400: answers scored 8, mean expected reward 9.939, kl coef 0.0500, update 1.50 s, wall 1791139548.3
exact step 1401: answers scored 8, mean expected reward 10.608, kl coef 0.0500, update 1.58 s, wall 1791139550.2
exact step 1402: answers scored 8, mean expected reward 9.846, kl coef 0.0500, update 1.47 s, wall 1791139551.9
exact step 1403: answers scored 8, mean expected reward 10.311, kl coef 0.0500, update 1.50 s, wall 1791139553.8
exact step 1404: answers scored 8, mean expected reward 10.052, kl coef 0.0500, update 1.70 s, wall 1791139557.8
exact step 1405: answers scored 8, mean expected reward 9.430, kl coef 0.0500, update 1.59 s, wall 1791139559.9
exact step 1406: answers scored 8, mean expected reward 10.397, kl coef 0.0500, update 1.49 s, wall 1791139561.6
exact step 1407: answers scored 8, mean expected reward 10.018, kl coef 0.0500, update 1.56 s, wall 1791139563.5
exact step 1408: answers scored 8, mean expected reward 9.214, kl coef 0.0500, update 1.48 s, wall 1791139565.2
exact step 1409: answers scored 8, mean expected reward 9.857, kl coef 0.0500, update 1.51 s, wall 1791139567.0
exact step 1410: answers scored 8, mean expected reward 9.393, kl coef 0.0500, update 1.50 s, wall 1791139568.9
exact step 1411: answers scored 8, mean expected reward 9.573, kl coef 0.0500, update 1.58 s, wall 1791139570.7
exact step 1412: answers scored 8, mean expected reward 9.854, kl coef 0.0500, update 1.47 s, wall 1791139572.5
exact step 1413: answers scored 8, mean expected reward 9.242, kl coef 0.0500, update 1.51 s, wall 1791139574.3
exact step 1414: answers scored 7, mean expected reward 10.822, kl coef 0.0500, update 1.53 s, wall 1791139576.9
exact step 1415: answers scored 8, mean expected reward 9.118, kl coef 0.0500, update 1.48 s, wall 1791139578.7
exact step 1416: answers scored 7, mean expected reward 10.184, kl coef 0.0500, update 1.37 s, wall 1791139581.2
exact step 1417: answers scored 7, mean expected reward 8.882, kl coef 0.0500, update 1.34 s, wall 1791139583.6
exact step 1418: answers scored 8, mean expected reward 9.081, kl coef 0.0500, update 1.47 s, wall 1791139585.3
exact step 1419: answers scored 8, mean expected reward 9.501, kl coef 0.0500, update 1.50 s, wall 1791139587.6
exact step 1420: answers scored 8, mean expected reward 9.367, kl coef 0.0500, update 1.56 s, wall 1791139589.7
exact step 1421: answers scored 8, mean expected reward 8.834, kl coef 0.0500, update 1.48 s, wall 1791139591.6
exact step 1422: answers scored 8, mean expected reward 9.593, kl coef 0.0500, update 1.50 s, wall 1791139593.4
exact step 1423: answers scored 7, mean expected reward 9.874, kl coef 0.0500, update 1.33 s, wall 1791139595.9
exact step 1424: answers scored 8, mean expected reward 8.481, kl coef 0.0500, update 1.46 s, wall 1791139597.7
exact step 1425: answers scored 8, mean expected reward 10.537, kl coef 0.0500, update 1.56 s, wall 1791139599.6
exact step 1426: answers scored 7, mean expected reward 9.831, kl coef 0.0500, update 1.66 s, wall 1791139603.0
exact step 1427: answers scored 8, mean expected reward 9.964, kl coef 0.0500, update 1.57 s, wall 1791139605.6
exact step 1428: answers scored 7, mean expected reward 10.303, kl coef 0.0500, update 1.35 s, wall 1791139607.3
exact step 1429: answers scored 8, mean expected reward 9.461, kl coef 0.0500, update 1.56 s, wall 1791139609.2
exact step 1430: answers scored 8, mean expected reward 9.753, kl coef 0.0500, update 1.56 s, wall 1791139611.0
exact step 1431: answers scored 8, mean expected reward 9.897, kl coef 0.0500, update 1.46 s, wall 1791139612.7
exact step 1432: answers scored 8, mean expected reward 9.409, kl coef 0.0500, update 1.47 s, wall 1791139614.4
exact step 1433: answers scored 8, mean expected reward 9.782, kl coef 0.0500, update 1.49 s, wall 1791139616.3
exact step 1434: answers scored 7, mean expected reward 10.700, kl coef 0.0500, update 1.37 s, wall 1791139618.1
exact step 1435: answers scored 8, mean expected reward 10.056, kl coef 0.0500, update 1.47 s, wall 1791139619.8
exact step 1436: answers scored 8, mean expected reward 8.853, kl coef 0.0500, update 1.49 s, wall 1791139621.6
exact step 1437: answers scored 8, mean expected reward 9.633, kl coef 0.0500, update 1.56 s, wall 1791139623.4
exact step 1438: answers scored 8, mean expected reward 8.316, kl coef 0.0500, update 1.57 s, wall 1791139625.8
exact step 1439: answers scored 8, mean expected reward 9.284, kl coef 0.0500, update 1.61 s, wall 1791139628.2
exact step 1440: answers scored 8, mean expected reward 9.262, kl coef 0.0500, update 1.50 s, wall 1791139630.0
exact step 1441: answers scored 7, mean expected reward 10.080, kl coef 0.0500, update 1.33 s, wall 1791139631.6
exact step 1442: answers scored 8, mean expected reward 10.417, kl coef 0.0500, update 1.57 s, wall 1791139633.5
exact step 1443: answers scored 8, mean expected reward 9.357, kl coef 0.0500, update 1.46 s, wall 1791139635.2
exact step 1444: answers scored 8, mean expected reward 8.968, kl coef 0.0500, update 1.60 s, wall 1791139637.7
exact step 1445: answers scored 8, mean expected reward 8.906, kl coef 0.0500, update 1.47 s, wall 1791139639.6
exact step 1446: answers scored 7, mean expected reward 9.803, kl coef 0.0500, update 1.41 s, wall 1791139641.8
exact step 1447: answers scored 8, mean expected reward 9.207, kl coef 0.0500, update 1.57 s, wall 1791139643.7
exact step 1448: answers scored 8, mean expected reward 9.222, kl coef 0.0500, update 1.62 s, wall 1791139646.3
exact step 1449: answers scored 8, mean expected reward 10.025, kl coef 0.0500, update 1.49 s, wall 1791139648.1
exact step 1450: answers scored 7, mean expected reward 9.255, kl coef 0.0500, update 1.36 s, wall 1791139650.4
exact step 1451: answers scored 8, mean expected reward 10.126, kl coef 0.0500, update 1.51 s, wall 1791139652.2
exact step 1452: answers scored 8, mean expected reward 9.982, kl coef 0.0500, update 1.60 s, wall 1791139654.2
exact step 1453: answers scored 8, mean expected reward 10.361, kl coef 0.0500, update 1.47 s, wall 1791139655.9
exact step 1454: answers scored 7, mean expected reward 9.577, kl coef 0.0500, update 1.33 s, wall 1791139658.3
exact step 1455: answers scored 8, mean expected reward 9.942, kl coef 0.0500, update 1.59 s, wall 1791139660.9
exact step 1456: answers scored 8, mean expected reward 9.198, kl coef 0.0500, update 1.57 s, wall 1791139663.1
exact step 1457: answers scored 8, mean expected reward 9.585, kl coef 0.0500, update 1.49 s, wall 1791139665.3
exact step 1458: answers scored 8, mean expected reward 9.730, kl coef 0.0500, update 1.58 s, wall 1791139667.1
exact step 1459: answers scored 8, mean expected reward 11.173, kl coef 0.0500, update 1.50 s, wall 1791139668.9
exact step 1460: answers scored 8, mean expected reward 10.599, kl coef 0.0500, update 1.66 s, wall 1791139672.5
exact step 1461: answers scored 8, mean expected reward 8.926, kl coef 0.0500, update 1.47 s, wall 1791139674.3
exact step 1462: answers scored 8, mean expected reward 8.999, kl coef 0.0500, update 1.76 s, wall 1791139678.1
exact step 1463: answers scored 7, mean expected reward 8.770, kl coef 0.0500, update 1.37 s, wall 1791139679.8
exact step 1464: answers scored 8, mean expected reward 10.254, kl coef 0.0500, update 1.42 s, wall 1791139681.5
exact step 1465: answers scored 8, mean expected reward 9.678, kl coef 0.0500, update 1.74 s, wall 1791139683.8
exact step 1466: answers scored 8, mean expected reward 9.523, kl coef 0.0500, update 1.50 s, wall 1791139685.5
exact step 1467: answers scored 7, mean expected reward 10.031, kl coef 0.0500, update 1.39 s, wall 1791139687.6
exact step 1468: answers scored 8, mean expected reward 9.239, kl coef 0.0500, update 1.56 s, wall 1791139689.5
exact step 1469: answers scored 7, mean expected reward 10.330, kl coef 0.0500, update 1.37 s, wall 1791139691.5
exact step 1470: answers scored 8, mean expected reward 9.810, kl coef 0.0500, update 1.56 s, wall 1791139693.8
exact step 1471: answers scored 7, mean expected reward 9.331, kl coef 0.0500, update 1.34 s, wall 1791139696.7
exact step 1472: answers scored 8, mean expected reward 9.422, kl coef 0.0500, update 1.47 s, wall 1791139698.6
exact step 1473: answers scored 8, mean expected reward 10.037, kl coef 0.0500, update 1.60 s, wall 1791139700.5
exact step 1474: answers scored 8, mean expected reward 8.757, kl coef 0.0500, update 1.53 s, wall 1791139702.3
exact step 1475: answers scored 7, mean expected reward 9.286, kl coef 0.0500, update 1.37 s, wall 1791139704.4
exact step 1476: answers scored 8, mean expected reward 9.093, kl coef 0.0500, update 1.53 s, wall 1791139706.6
exact step 1477: answers scored 7, mean expected reward 9.955, kl coef 0.0500, update 1.37 s, wall 1791139708.6
exact step 1478: answers scored 8, mean expected reward 10.257, kl coef 0.0500, update 1.51 s, wall 1791139710.4
exact step 1479: answers scored 8, mean expected reward 10.595, kl coef 0.0500, update 1.51 s, wall 1791139712.2
exact step 1480: answers scored 8, mean expected reward 10.395, kl coef 0.0500, update 1.48 s, wall 1791139714.0
exact step 1481: answers scored 8, mean expected reward 9.505, kl coef 0.0500, update 1.50 s, wall 1791139715.8
exact step 1482: answers scored 8, mean expected reward 9.085, kl coef 0.0500, update 1.45 s, wall 1791139717.5
exact step 1483: answers scored 8, mean expected reward 10.200, kl coef 0.0500, update 1.51 s, wall 1791139719.4
exact step 1484: answers scored 8, mean expected reward 10.687, kl coef 0.0500, update 1.50 s, wall 1791139721.2
exact step 1485: answers scored 8, mean expected reward 9.195, kl coef 0.0500, update 1.50 s, wall 1791139723.4
exact step 1486: answers scored 8, mean expected reward 9.870, kl coef 0.0500, update 1.65 s, wall 1791139726.7
exact step 1487: answers scored 8, mean expected reward 9.478, kl coef 0.0500, update 1.58 s, wall 1791139728.9
exact step 1488: answers scored 7, mean expected reward 10.147, kl coef 0.0500, update 1.46 s, wall 1791139731.7
exact step 1489: answers scored 8, mean expected reward 7.072, kl coef 0.0500, update 1.50 s, wall 1791139733.5
exact step 1490: answers scored 8, mean expected reward 10.170, kl coef 0.0500, update 1.58 s, wall 1791139735.5
exact step 1491: answers scored 8, mean expected reward 9.283, kl coef 0.0500, update 1.57 s, wall 1791139737.8
exact step 1492: answers scored 8, mean expected reward 9.343, kl coef 0.0500, update 1.56 s, wall 1791139739.7
exact step 1493: answers scored 8, mean expected reward 10.642, kl coef 0.0500, update 1.47 s, wall 1791139741.4
exact step 1494: answers scored 8, mean expected reward 9.751, kl coef 0.0500, update 1.52 s, wall 1791139743.2
exact step 1495: answers scored 7, mean expected reward 9.586, kl coef 0.0500, update 1.36 s, wall 1791139745.5
exact step 1496: answers scored 8, mean expected reward 9.520, kl coef 0.0500, update 1.51 s, wall 1791139747.3
exact step 1497: answers scored 8, mean expected reward 9.333, kl coef 0.0500, update 1.49 s, wall 1791139749.3
exact step 1498: answers scored 8, mean expected reward 10.223, kl coef 0.0500, update 1.49 s, wall 1791139751.1
exact step 1499: answers scored 8, mean expected reward 9.957, kl coef 0.0500, update 2.69 s, wall 1791139754.2
exact step 1500: answers scored 8, mean expected reward 9.754, kl coef 0.0500, update 1.50 s, wall 1791139756.0
exact step 1501: answers scored 8, mean expected reward 10.381, kl coef 0.0500, update 1.55 s, wall 1791139757.9
exact step 1502: answers scored 8, mean expected reward 9.688, kl coef 0.0500, update 1.47 s, wall 1791139759.6
exact step 1503: answers scored 8, mean expected reward 10.255, kl coef 0.0500, update 1.59 s, wall 1791139761.5
exact step 1504: answers scored 8, mean expected reward 10.176, kl coef 0.0500, update 1.72 s, wall 1791139764.9
exact step 1505: answers scored 8, mean expected reward 10.516, kl coef 0.0500, update 1.47 s, wall 1791139766.6
exact step 1506: answers scored 8, mean expected reward 9.953, kl coef 0.0500, update 1.65 s, wall 1791139769.6
exact step 1507: answers scored 7, mean expected reward 10.229, kl coef 0.0500, update 1.44 s, wall 1791139772.0
exact step 1508: answers scored 8, mean expected reward 8.413, kl coef 0.0500, update 1.72 s, wall 1791139774.4
exact step 1509: answers scored 8, mean expected reward 10.347, kl coef 0.0500, update 1.55 s, wall 1791139776.8
exact step 1510: answers scored 8, mean expected reward 7.704, kl coef 0.0500, update 1.49 s, wall 1791139778.6
exact step 1511: answers scored 8, mean expected reward 9.451, kl coef 0.0500, update 1.60 s, wall 1791139780.6
exact step 1512: answers scored 7, mean expected reward 10.568, kl coef 0.0500, update 1.37 s, wall 1791139782.7
exact step 1513: answers scored 8, mean expected reward 10.468, kl coef 0.0500, update 1.52 s, wall 1791139785.1
exact step 1514: answers scored 8, mean expected reward 7.777, kl coef 0.0500, update 1.45 s, wall 1791139786.8
exact step 1515: answers scored 8, mean expected reward 10.038, kl coef 0.0500, update 1.48 s, wall 1791139788.6
exact step 1516: answers scored 8, mean expected reward 9.965, kl coef 0.0500, update 1.47 s, wall 1791139790.4
exact step 1517: answers scored 8, mean expected reward 9.710, kl coef 0.0500, update 1.52 s, wall 1791139792.4
exact step 1518: answers scored 8, mean expected reward 10.119, kl coef 0.0500, update 1.50 s, wall 1791139794.5
exact step 1519: answers scored 8, mean expected reward 10.214, kl coef 0.0500, update 1.50 s, wall 1791139796.2
exact step 1520: answers scored 8, mean expected reward 9.373, kl coef 0.0500, update 1.48 s, wall 1791139797.9
exact step 1521: answers scored 8, mean expected reward 9.694, kl coef 0.0500, update 1.52 s, wall 1791139799.8
exact step 1522: answers scored 7, mean expected reward 8.879, kl coef 0.0500, update 1.35 s, wall 1791139801.5
exact step 1523: answers scored 8, mean expected reward 8.944, kl coef 0.0500, update 1.50 s, wall 1791139803.4
exact step 1524: answers scored 8, mean expected reward 10.494, kl coef 0.0500, update 1.49 s, wall 1791139805.1
exact step 1525: answers scored 8, mean expected reward 9.711, kl coef 0.0500, update 1.49 s, wall 1791139806.9
exact step 1526: answers scored 8, mean expected reward 8.467, kl coef 0.0500, update 1.49 s, wall 1791139808.7
exact step 1527: answers scored 8, mean expected reward 9.894, kl coef 0.0500, update 1.69 s, wall 1791139810.6
exact step 1528: answers scored 7, mean expected reward 9.718, kl coef 0.0500, update 1.34 s, wall 1791139813.2
exact step 1529: answers scored 8, mean expected reward 9.836, kl coef 0.0500, update 1.49 s, wall 1791139815.0
exact step 1530: answers scored 8, mean expected reward 8.817, kl coef 0.0500, update 1.46 s, wall 1791139816.7
exact step 1531: answers scored 8, mean expected reward 9.357, kl coef 0.0500, update 1.66 s, wall 1791139819.6
exact step 1532: answers scored 8, mean expected reward 9.756, kl coef 0.0500, update 1.59 s, wall 1791139822.5
exact step 1533: answers scored 8, mean expected reward 9.283, kl coef 0.0500, update 1.49 s, wall 1791139824.6
exact step 1534: answers scored 7, mean expected reward 10.062, kl coef 0.0500, update 1.38 s, wall 1791139826.8
exact step 1535: answers scored 8, mean expected reward 10.106, kl coef 0.0500, update 1.56 s, wall 1791139828.9
exact step 1536: answers scored 8, mean expected reward 9.917, kl coef 0.0500, update 1.50 s, wall 1791139830.7
exact step 1537: answers scored 8, mean expected reward 9.768, kl coef 0.0500, update 1.47 s, wall 1791139832.5
exact step 1538: answers scored 8, mean expected reward 8.273, kl coef 0.0500, update 1.47 s, wall 1791139834.2
exact step 1539: answers scored 8, mean expected reward 9.778, kl coef 0.0500, update 1.45 s, wall 1791139835.9
exact step 1540: answers scored 8, mean expected reward 10.107, kl coef 0.0500, update 1.48 s, wall 1791139837.7
exact step 1541: answers scored 8, mean expected reward 10.658, kl coef 0.0500, update 1.53 s, wall 1791139839.4
exact step 1542: answers scored 8, mean expected reward 9.852, kl coef 0.0500, update 1.50 s, wall 1791139841.2
exact step 1543: answers scored 8, mean expected reward 11.169, kl coef 0.0500, update 1.56 s, wall 1791139843.0
exact step 1544: answers scored 8, mean expected reward 10.354, kl coef 0.0500, update 1.49 s, wall 1791139844.8
exact step 1545: answers scored 8, mean expected reward 11.057, kl coef 0.0500, update 1.52 s, wall 1791139847.3
exact step 1546: answers scored 7, mean expected reward 10.243, kl coef 0.0500, update 1.38 s, wall 1791139849.4
exact step 1547: answers scored 8, mean expected reward 10.969, kl coef 0.0500, update 1.51 s, wall 1791139851.2
exact step 1548: answers scored 7, mean expected reward 10.805, kl coef 0.0500, update 1.49 s, wall 1791139853.5
exact step 1549: answers scored 8, mean expected reward 10.084, kl coef 0.0500, update 1.49 s, wall 1791139855.5
exact step 1550: answers scored 8, mean expected reward 10.964, kl coef 0.0500, update 1.57 s, wall 1791139857.6
exact step 1551: answers scored 8, mean expected reward 9.824, kl coef 0.0500, update 1.50 s, wall 1791139859.3
exact step 1552: answers scored 8, mean expected reward 9.682, kl coef 0.0500, update 1.49 s, wall 1791139861.1
exact step 1553: answers scored 8, mean expected reward 9.159, kl coef 0.0500, update 1.52 s, wall 1791139862.9
exact step 1554: answers scored 8, mean expected reward 9.820, kl coef 0.0500, update 1.50 s, wall 1791139864.6
exact step 1555: answers scored 8, mean expected reward 8.360, kl coef 0.0500, update 1.61 s, wall 1791139866.5
exact step 1556: answers scored 8, mean expected reward 9.937, kl coef 0.0500, update 1.61 s, wall 1791139869.2
exact step 1557: answers scored 8, mean expected reward 9.374, kl coef 0.0500, update 1.49 s, wall 1791139871.0
exact step 1558: answers scored 8, mean expected reward 10.435, kl coef 0.0500, update 1.83 s, wall 1791139875.4
exact step 1559: answers scored 8, mean expected reward 9.535, kl coef 0.0500, update 1.56 s, wall 1791139877.3
exact step 1560: answers scored 8, mean expected reward 10.477, kl coef 0.0500, update 1.52 s, wall 1791139879.5
exact step 1561: answers scored 8, mean expected reward 10.012, kl coef 0.0500, update 1.49 s, wall 1791139881.3
exact step 1562: answers scored 7, mean expected reward 10.875, kl coef 0.0500, update 1.37 s, wall 1791139883.2
exact step 1563: answers scored 8, mean expected reward 8.119, kl coef 0.0500, update 1.46 s, wall 1791139884.9
exact step 1564: answers scored 7, mean expected reward 9.420, kl coef 0.0500, update 1.40 s, wall 1791139886.6
exact step 1565: answers scored 8, mean expected reward 9.796, kl coef 0.0500, update 1.51 s, wall 1791139888.4
exact step 1566: answers scored 7, mean expected reward 10.247, kl coef 0.0500, update 1.35 s, wall 1791139890.8
exact step 1567: answers scored 8, mean expected reward 10.348, kl coef 0.0500, update 1.47 s, wall 1791139892.6
exact step 1568: answers scored 8, mean expected reward 10.611, kl coef 0.0500, update 1.47 s, wall 1791139894.3
exact step 1569: answers scored 7, mean expected reward 10.799, kl coef 0.0500, update 1.34 s, wall 1791139897.2
exact step 1570: answers scored 8, mean expected reward 9.930, kl coef 0.0500, update 1.44 s, wall 1791139898.9
exact step 1571: answers scored 8, mean expected reward 10.185, kl coef 0.0500, update 1.50 s, wall 1791139901.0
exact step 1572: answers scored 8, mean expected reward 9.056, kl coef 0.0500, update 1.58 s, wall 1791139903.6
exact step 1573: answers scored 8, mean expected reward 9.496, kl coef 0.0500, update 1.55 s, wall 1791139905.5
exact step 1574: answers scored 7, mean expected reward 9.827, kl coef 0.0500, update 1.35 s, wall 1791139907.2
exact step 1575: answers scored 8, mean expected reward 10.431, kl coef 0.0500, update 1.47 s, wall 1791139909.0
exact step 1576: answers scored 8, mean expected reward 10.699, kl coef 0.0500, update 1.49 s, wall 1791139910.8
exact step 1577: answers scored 8, mean expected reward 10.249, kl coef 0.0500, update 1.61 s, wall 1791139913.4
exact step 1578: answers scored 8, mean expected reward 10.000, kl coef 0.0500, update 1.49 s, wall 1791139915.2
exact step 1579: answers scored 8, mean expected reward 9.969, kl coef 0.0500, update 1.49 s, wall 1791139917.1
exact step 1580: answers scored 8, mean expected reward 10.044, kl coef 0.0500, update 1.63 s, wall 1791139919.0
exact step 1581: answers scored 8, mean expected reward 8.012, kl coef 0.0500, update 1.50 s, wall 1791139920.8
exact step 1582: answers scored 8, mean expected reward 9.438, kl coef 0.0500, update 1.55 s, wall 1791139922.7
exact step 1583: answers scored 8, mean expected reward 9.709, kl coef 0.0500, update 1.46 s, wall 1791139924.4
exact step 1584: answers scored 8, mean expected reward 9.275, kl coef 0.0500, update 1.46 s, wall 1791139926.1
exact step 1585: answers scored 8, mean expected reward 9.049, kl coef 0.0500, update 1.47 s, wall 1791139927.9
exact step 1586: answers scored 8, mean expected reward 9.983, kl coef 0.0500, update 1.53 s, wall 1791139929.7
exact step 1587: answers scored 8, mean expected reward 9.327, kl coef 0.0500, update 1.50 s, wall 1791139931.5
exact step 1588: answers scored 8, mean expected reward 10.213, kl coef 0.0500, update 1.48 s, wall 1791139933.4
exact step 1589: answers scored 8, mean expected reward 9.310, kl coef 0.0500, update 1.51 s, wall 1791139935.2
exact step 1590: answers scored 8, mean expected reward 10.505, kl coef 0.0500, update 1.50 s, wall 1791139937.1
exact step 1591: answers scored 7, mean expected reward 10.114, kl coef 0.0500, update 1.37 s, wall 1791139939.1
exact step 1592: answers scored 8, mean expected reward 10.102, kl coef 0.0500, update 1.48 s, wall 1791139941.1
exact step 1593: answers scored 8, mean expected reward 9.187, kl coef 0.0500, update 1.57 s, wall 1791139943.0
exact step 1594: answers scored 8, mean expected reward 8.680, kl coef 0.0500, update 1.50 s, wall 1791139944.9
exact step 1595: answers scored 8, mean expected reward 9.297, kl coef 0.0500, update 1.51 s, wall 1791139946.7
exact step 1596: answers scored 8, mean expected reward 9.959, kl coef 0.0500, update 1.53 s, wall 1791139948.5
exact step 1597: answers scored 8, mean expected reward 9.690, kl coef 0.0500, update 1.49 s, wall 1791139950.3
exact step 1598: answers scored 8, mean expected reward 8.903, kl coef 0.0500, update 1.50 s, wall 1791139952.2
checkpoint at step 1600 (0.6 s)
exact step 1599: answers scored 8, mean expected reward 10.195, kl coef 0.0500, update 2.15 s, wall 1791139954.6
exact step 1600: answers scored 8, mean expected reward 9.112, kl coef 0.0500, update 1.47 s, wall 1791139956.4
exact step 1601: answers scored 8, mean expected reward 10.613, kl coef 0.0500, update 1.58 s, wall 1791139958.6
exact step 1602: answers scored 8, mean expected reward 9.217, kl coef 0.0500, update 1.50 s, wall 1791139960.8
exact step 1603: answers scored 8, mean expected reward 10.335, kl coef 0.0500, update 1.49 s, wall 1791139962.5
exact step 1604: answers scored 8, mean expected reward 10.207, kl coef 0.0500, update 1.48 s, wall 1791139964.6
exact step 1605: answers scored 8, mean expected reward 10.169, kl coef 0.0500, update 1.47 s, wall 1791139966.5
exact step 1606: answers scored 8, mean expected reward 10.123, kl coef 0.0500, update 1.51 s, wall 1791139968.3
exact step 1607: answers scored 8, mean expected reward 9.564, kl coef 0.0500, update 1.47 s, wall 1791139970.0
exact step 1608: answers scored 8, mean expected reward 9.593, kl coef 0.0500, update 1.47 s, wall 1791139972.0
exact step 1609: answers scored 8, mean expected reward 9.727, kl coef 0.0500, update 1.50 s, wall 1791139973.8
exact step 1610: answers scored 8, mean expected reward 9.821, kl coef 0.0500, update 1.49 s, wall 1791139975.6
exact step 1611: answers scored 7, mean expected reward 10.138, kl coef 0.0500, update 1.37 s, wall 1791139977.6
exact step 1612: answers scored 8, mean expected reward 10.418, kl coef 0.0500, update 1.49 s, wall 1791139979.6
exact step 1613: answers scored 8, mean expected reward 10.213, kl coef 0.0500, update 1.48 s, wall 1791139981.3
exact step 1614: answers scored 8, mean expected reward 10.353, kl coef 0.0500, update 1.58 s, wall 1791139983.5
exact step 1615: answers scored 8, mean expected reward 9.675, kl coef 0.0500, update 1.45 s, wall 1791139985.3
exact step 1616: answers scored 8, mean expected reward 8.811, kl coef 0.0500, update 1.49 s, wall 1791139987.6
exact step 1617: answers scored 7, mean expected reward 9.780, kl coef 0.0500, update 1.35 s, wall 1791139990.4
exact step 1618: answers scored 8, mean expected reward 9.332, kl coef 0.0500, update 1.50 s, wall 1791139992.2
exact step 1619: answers scored 8, mean expected reward 10.506, kl coef 0.0500, update 1.50 s, wall 1791139994.5
exact step 1620: answers scored 7, mean expected reward 9.433, kl coef 0.0500, update 1.38 s, wall 1791139996.1
exact step 1621: answers scored 8, mean expected reward 9.388, kl coef 0.0500, update 1.50 s, wall 1791139998.0
exact step 1622: answers scored 8, mean expected reward 10.327, kl coef 0.0500, update 1.60 s, wall 1791140000.1
exact step 1623: answers scored 8, mean expected reward 9.168, kl coef 0.0500, update 1.52 s, wall 1791140001.9
exact step 1624: answers scored 8, mean expected reward 10.013, kl coef 0.0500, update 1.46 s, wall 1791140003.7
exact step 1625: answers scored 8, mean expected reward 9.792, kl coef 0.0500, update 1.59 s, wall 1791140005.6
exact step 1626: answers scored 8, mean expected reward 9.774, kl coef 0.0500, update 1.47 s, wall 1791140007.4
exact step 1627: answers scored 8, mean expected reward 9.577, kl coef 0.0500, update 1.51 s, wall 1791140009.2
exact step 1628: answers scored 8, mean expected reward 8.962, kl coef 0.0500, update 1.51 s, wall 1791140011.0
exact step 1629: answers scored 8, mean expected reward 9.883, kl coef 0.0500, update 1.51 s, wall 1791140012.8
exact step 1630: answers scored 8, mean expected reward 9.447, kl coef 0.0500, update 1.47 s, wall 1791140014.5
exact step 1631: answers scored 7, mean expected reward 9.773, kl coef 0.0500, update 1.33 s, wall 1791140016.1
exact step 1632: answers scored 8, mean expected reward 10.838, kl coef 0.0500, update 1.50 s, wall 1791140017.9
exact step 1633: answers scored 8, mean expected reward 10.092, kl coef 0.0500, update 1.43 s, wall 1791140019.6
exact step 1634: answers scored 8, mean expected reward 10.233, kl coef 0.0500, update 1.71 s, wall 1791140022.7
exact step 1635: answers scored 7, mean expected reward 10.126, kl coef 0.0500, update 1.38 s, wall 1791140024.7
exact step 1636: answers scored 8, mean expected reward 9.469, kl coef 0.0500, update 1.58 s, wall 1791140026.6
exact step 1637: answers scored 8, mean expected reward 9.845, kl coef 0.0500, update 1.52 s, wall 1791140028.8
exact step 1638: answers scored 8, mean expected reward 9.638, kl coef 0.0500, update 1.47 s, wall 1791140030.5
exact step 1639: answers scored 8, mean expected reward 9.641, kl coef 0.0500, update 1.46 s, wall 1791140032.2
exact step 1640: answers scored 8, mean expected reward 10.358, kl coef 0.0500, update 1.64 s, wall 1791140035.0
exact step 1641: answers scored 8, mean expected reward 10.456, kl coef 0.0500, update 1.52 s, wall 1791140036.9
exact step 1642: answers scored 7, mean expected reward 10.396, kl coef 0.0500, update 1.39 s, wall 1791140038.7
exact step 1643: answers scored 8, mean expected reward 8.032, kl coef 0.0500, update 1.49 s, wall 1791140040.5
exact step 1644: answers scored 8, mean expected reward 8.751, kl coef 0.0500, update 1.50 s, wall 1791140042.3
exact step 1645: answers scored 8, mean expected reward 9.136, kl coef 0.0500, update 1.50 s, wall 1791140044.3
exact step 1646: answers scored 8, mean expected reward 9.640, kl coef 0.0500, update 1.58 s, wall 1791140046.6
exact step 1647: answers scored 8, mean expected reward 9.961, kl coef 0.0500, update 1.47 s, wall 1791140048.4
exact step 1648: answers scored 7, mean expected reward 10.515, kl coef 0.0500, update 1.37 s, wall 1791140051.0
exact step 1649: answers scored 8, mean expected reward 10.413, kl coef 0.0500, update 1.46 s, wall 1791140052.8
exact step 1650: answers scored 8, mean expected reward 10.110, kl coef 0.0500, update 1.49 s, wall 1791140054.5
exact step 1651: answers scored 7, mean expected reward 9.073, kl coef 0.0500, update 1.43 s, wall 1791140056.7
exact step 1652: answers scored 8, mean expected reward 8.775, kl coef 0.0500, update 1.50 s, wall 1791140058.5
exact step 1653: answers scored 8, mean expected reward 10.668, kl coef 0.0500, update 1.50 s, wall 1791140060.4
exact step 1654: answers scored 8, mean expected reward 9.838, kl coef 0.0500, update 1.50 s, wall 1791140062.4
exact step 1655: answers scored 8, mean expected reward 8.654, kl coef 0.0500, update 1.50 s, wall 1791140064.2
exact step 1656: answers scored 7, mean expected reward 9.037, kl coef 0.0500, update 1.37 s, wall 1791140066.5
exact step 1657: answers scored 8, mean expected reward 9.673, kl coef 0.0500, update 1.59 s, wall 1791140068.4
exact step 1658: answers scored 8, mean expected reward 9.630, kl coef 0.0500, update 1.49 s, wall 1791140070.1
exact step 1659: answers scored 8, mean expected reward 9.510, kl coef 0.0500, update 1.47 s, wall 1791140072.0
exact step 1660: answers scored 8, mean expected reward 10.053, kl coef 0.0500, update 1.51 s, wall 1791140074.1
exact step 1661: answers scored 7, mean expected reward 10.020, kl coef 0.0500, update 1.33 s, wall 1791140075.7
exact step 1662: answers scored 8, mean expected reward 10.233, kl coef 0.0500, update 1.52 s, wall 1791140077.5
exact step 1663: answers scored 8, mean expected reward 10.436, kl coef 0.0500, update 1.66 s, wall 1791140080.3
exact step 1664: answers scored 7, mean expected reward 9.084, kl coef 0.0500, update 1.35 s, wall 1791140082.0
exact step 1665: answers scored 8, mean expected reward 9.842, kl coef 0.0500, update 1.63 s, wall 1791140084.0
exact step 1666: answers scored 8, mean expected reward 9.446, kl coef 0.0500, update 1.63 s, wall 1791140086.3
exact step 1667: answers scored 8, mean expected reward 10.217, kl coef 0.0500, update 1.44 s, wall 1791140088.0
exact step 1668: answers scored 8, mean expected reward 8.160, kl coef 0.0500, update 1.48 s, wall 1791140089.7
exact step 1669: answers scored 8, mean expected reward 10.560, kl coef 0.0500, update 1.50 s, wall 1791140091.5
exact step 1670: answers scored 8, mean expected reward 7.589, kl coef 0.0500, update 1.48 s, wall 1791140093.2
exact step 1671: answers scored 8, mean expected reward 10.510, kl coef 0.0500, update 1.48 s, wall 1791140095.1
exact step 1672: answers scored 7, mean expected reward 10.661, kl coef 0.0500, update 1.38 s, wall 1791140096.8
exact step 1673: answers scored 8, mean expected reward 10.382, kl coef 0.0500, update 1.47 s, wall 1791140098.5
exact step 1674: answers scored 8, mean expected reward 10.360, kl coef 0.0500, update 1.47 s, wall 1791140100.2
exact step 1675: answers scored 8, mean expected reward 9.370, kl coef 0.0500, update 1.50 s, wall 1791140102.0
exact step 1676: answers scored 7, mean expected reward 10.497, kl coef 0.0500, update 1.38 s, wall 1791140103.9
exact step 1677: answers scored 8, mean expected reward 9.587, kl coef 0.0500, update 1.47 s, wall 1791140105.6
exact step 1678: answers scored 8, mean expected reward 9.418, kl coef 0.0500, update 1.46 s, wall 1791140107.3
exact step 1679: answers scored 8, mean expected reward 9.927, kl coef 0.0500, update 1.57 s, wall 1791140109.2
exact step 1680: answers scored 8, mean expected reward 8.508, kl coef 0.0500, update 1.47 s, wall 1791140111.2
exact step 1681: answers scored 8, mean expected reward 10.793, kl coef 0.0500, update 1.58 s, wall 1791140113.0
exact step 1682: answers scored 8, mean expected reward 8.951, kl coef 0.0500, update 1.50 s, wall 1791140114.8
exact step 1683: answers scored 8, mean expected reward 9.987, kl coef 0.0500, update 1.47 s, wall 1791140116.7
exact step 1684: answers scored 7, mean expected reward 9.280, kl coef 0.0500, update 1.34 s, wall 1791140118.6
exact step 1685: answers scored 8, mean expected reward 9.362, kl coef 0.0500, update 1.57 s, wall 1791140121.2
exact step 1686: answers scored 7, mean expected reward 9.578, kl coef 0.0500, update 1.38 s, wall 1791140123.8
exact step 1687: answers scored 8, mean expected reward 9.521, kl coef 0.0500, update 1.49 s, wall 1791140125.5
exact step 1688: answers scored 8, mean expected reward 9.894, kl coef 0.0500, update 1.51 s, wall 1791140127.6
exact step 1689: answers scored 8, mean expected reward 9.224, kl coef 0.0500, update 1.47 s, wall 1791140129.5
exact step 1690: answers scored 8, mean expected reward 9.035, kl coef 0.0500, update 1.62 s, wall 1791140132.2
exact step 1691: answers scored 8, mean expected reward 9.218, kl coef 0.0500, update 1.49 s, wall 1791140134.0
exact step 1692: answers scored 8, mean expected reward 10.136, kl coef 0.0500, update 1.64 s, wall 1791140136.2
exact step 1693: answers scored 8, mean expected reward 10.030, kl coef 0.0500, update 1.59 s, wall 1791140138.1
exact step 1694: answers scored 8, mean expected reward 10.845, kl coef 0.0500, update 1.48 s, wall 1791140139.8
exact step 1695: answers scored 7, mean expected reward 10.267, kl coef 0.0500, update 1.36 s, wall 1791140141.4
exact step 1696: answers scored 8, mean expected reward 9.550, kl coef 0.0500, update 1.48 s, wall 1791140143.4
exact step 1697: answers scored 8, mean expected reward 10.240, kl coef 0.0500, update 1.55 s, wall 1791140145.2
exact step 1698: answers scored 8, mean expected reward 10.497, kl coef 0.0500, update 1.49 s, wall 1791140147.0
exact step 1699: answers scored 8, mean expected reward 9.223, kl coef 0.0500, update 1.51 s, wall 1791140148.8
exact step 1700: answers scored 8, mean expected reward 9.291, kl coef 0.0500, update 1.51 s, wall 1791140150.7
exact step 1701: answers scored 7, mean expected reward 9.227, kl coef 0.0500, update 1.34 s, wall 1791140152.4
exact step 1702: answers scored 8, mean expected reward 8.846, kl coef 0.0500, update 1.49 s, wall 1791140154.1
exact step 1703: answers scored 7, mean expected reward 6.813, kl coef 0.0500, update 1.37 s, wall 1791140156.0
exact step 1704: answers scored 8, mean expected reward 10.504, kl coef 0.0500, update 1.51 s, wall 1791140157.9
exact step 1705: answers scored 8, mean expected reward 10.335, kl coef 0.0500, update 1.47 s, wall 1791140159.8
exact step 1706: answers scored 8, mean expected reward 9.457, kl coef 0.0500, update 1.58 s, wall 1791140161.6
exact step 1707: answers scored 8, mean expected reward 9.952, kl coef 0.0500, update 1.48 s, wall 1791140163.4
exact step 1708: answers scored 7, mean expected reward 9.386, kl coef 0.0500, update 1.34 s, wall 1791140165.1
exact step 1709: answers scored 8, mean expected reward 9.156, kl coef 0.0500, update 1.51 s, wall 1791140167.1
exact step 1710: answers scored 7, mean expected reward 9.169, kl coef 0.0500, update 1.43 s, wall 1791140169.3
exact step 1711: answers scored 8, mean expected reward 9.647, kl coef 0.0500, update 1.50 s, wall 1791140171.1
exact step 1712: answers scored 8, mean expected reward 9.807, kl coef 0.0500, update 1.59 s, wall 1791140172.9
exact step 1713: answers scored 8, mean expected reward 9.229, kl coef 0.0500, update 1.48 s, wall 1791140174.9
exact step 1714: answers scored 8, mean expected reward 10.531, kl coef 0.0500, update 1.50 s, wall 1791140176.7
exact step 1715: answers scored 8, mean expected reward 10.043, kl coef 0.0500, update 1.50 s, wall 1791140178.5
exact step 1716: answers scored 8, mean expected reward 9.754, kl coef 0.0500, update 1.50 s, wall 1791140180.3
exact step 1717: answers scored 8, mean expected reward 10.320, kl coef 0.0500, update 1.69 s, wall 1791140182.2
exact step 1718: answers scored 6, mean expected reward 9.659, kl coef 0.0500, update 1.33 s, wall 1791140185.3
exact step 1719: answers scored 8, mean expected reward 8.060, kl coef 0.0500, update 1.56 s, wall 1791140187.1
exact step 1720: answers scored 8, mean expected reward 10.083, kl coef 0.0500, update 1.51 s, wall 1791140188.9
exact step 1721: answers scored 8, mean expected reward 10.495, kl coef 0.0500, update 1.49 s, wall 1791140190.7
exact step 1722: answers scored 8, mean expected reward 9.079, kl coef 0.0500, update 1.47 s, wall 1791140192.4
exact step 1723: answers scored 8, mean expected reward 9.128, kl coef 0.0500, update 1.46 s, wall 1791140194.1
exact step 1724: answers scored 8, mean expected reward 10.845, kl coef 0.0500, update 1.44 s, wall 1791140195.9
exact step 1725: answers scored 8, mean expected reward 9.944, kl coef 0.0500, update 1.50 s, wall 1791140197.6
exact step 1726: answers scored 7, mean expected reward 9.803, kl coef 0.0500, update 1.36 s, wall 1791140199.6
exact step 1727: answers scored 8, mean expected reward 10.408, kl coef 0.0500, update 1.50 s, wall 1791140201.4
exact step 1728: answers scored 8, mean expected reward 10.001, kl coef 0.0500, update 1.47 s, wall 1791140203.2
exact step 1729: answers scored 8, mean expected reward 10.347, kl coef 0.0500, update 1.47 s, wall 1791140204.9
exact step 1730: answers scored 8, mean expected reward 10.290, kl coef 0.0500, update 1.80 s, wall 1791140207.0
exact step 1731: answers scored 8, mean expected reward 9.305, kl coef 0.0500, update 1.56 s, wall 1791140208.9
exact step 1732: answers scored 8, mean expected reward 8.875, kl coef 0.0500, update 1.49 s, wall 1791140210.6
exact step 1733: answers scored 8, mean expected reward 10.871, kl coef 0.0500, update 1.48 s, wall 1791140212.4
exact step 1734: answers scored 8, mean expected reward 9.409, kl coef 0.0500, update 1.59 s, wall 1791140214.3
exact step 1735: answers scored 8, mean expected reward 8.604, kl coef 0.0500, update 1.51 s, wall 1791140216.0
exact step 1736: answers scored 7, mean expected reward 10.125, kl coef 0.0500, update 1.43 s, wall 1791140218.3
exact step 1737: answers scored 8, mean expected reward 10.343, kl coef 0.0500, update 1.49 s, wall 1791140220.1
exact step 1738: answers scored 8, mean expected reward 10.396, kl coef 0.0500, update 1.47 s, wall 1791140222.0
exact step 1739: answers scored 8, mean expected reward 9.991, kl coef 0.0500, update 1.46 s, wall 1791140223.7
exact step 1740: answers scored 8, mean expected reward 9.192, kl coef 0.0500, update 1.55 s, wall 1791140225.6
exact step 1741: answers scored 8, mean expected reward 9.894, kl coef 0.0500, update 1.46 s, wall 1791140227.3
exact step 1742: answers scored 8, mean expected reward 10.161, kl coef 0.0500, update 1.50 s, wall 1791140229.0
exact step 1743: answers scored 8, mean expected reward 9.576, kl coef 0.0500, update 1.47 s, wall 1791140230.9
exact step 1744: answers scored 8, mean expected reward 10.161, kl coef 0.0500, update 1.51 s, wall 1791140232.7
exact step 1745: answers scored 8, mean expected reward 9.580, kl coef 0.0500, update 1.49 s, wall 1791140234.4
exact step 1746: answers scored 8, mean expected reward 9.955, kl coef 0.0500, update 1.46 s, wall 1791140236.1
exact step 1747: answers scored 7, mean expected reward 9.582, kl coef 0.0500, update 1.35 s, wall 1791140237.9
exact step 1748: answers scored 8, mean expected reward 8.963, kl coef 0.0500, update 1.56 s, wall 1791140239.7
exact step 1749: answers scored 8, mean expected reward 8.537, kl coef 0.0500, update 1.49 s, wall 1791140241.5
exact step 1750: answers scored 7, mean expected reward 9.805, kl coef 0.0500, update 1.38 s, wall 1791140243.2
exact step 1751: answers scored 8, mean expected reward 9.705, kl coef 0.0500, update 1.63 s, wall 1791140246.6
exact step 1752: answers scored 8, mean expected reward 10.555, kl coef 0.0500, update 1.52 s, wall 1791140248.4
exact step 1753: answers scored 8, mean expected reward 10.691, kl coef 0.0500, update 1.53 s, wall 1791140250.3
exact step 1754: answers scored 7, mean expected reward 9.568, kl coef 0.0500, update 1.38 s, wall 1791140252.3
exact step 1755: answers scored 8, mean expected reward 7.437, kl coef 0.0500, update 1.53 s, wall 1791140254.1
exact step 1756: answers scored 8, mean expected reward 8.872, kl coef 0.0500, update 1.60 s, wall 1791140256.5
exact step 1757: answers scored 8, mean expected reward 8.851, kl coef 0.0500, update 1.60 s, wall 1791140258.7
exact step 1758: answers scored 8, mean expected reward 9.922, kl coef 0.0500, update 1.53 s, wall 1791140260.9
exact step 1759: answers scored 8, mean expected reward 9.511, kl coef 0.0500, update 1.50 s, wall 1791140262.8
exact step 1760: answers scored 8, mean expected reward 10.268, kl coef 0.0500, update 1.58 s, wall 1791140264.8
exact step 1761: answers scored 7, mean expected reward 9.088, kl coef 0.0500, update 1.40 s, wall 1791140266.5
exact step 1762: answers scored 7, mean expected reward 9.640, kl coef 0.0500, update 1.47 s, wall 1791140268.4
exact step 1763: answers scored 8, mean expected reward 9.612, kl coef 0.0500, update 1.57 s, wall 1791140270.2
exact step 1764: answers scored 8, mean expected reward 8.989, kl coef 0.0500, update 1.47 s, wall 1791140272.0
exact step 1765: answers scored 8, mean expected reward 8.900, kl coef 0.0500, update 1.58 s, wall 1791140274.0
exact step 1766: answers scored 8, mean expected reward 10.598, kl coef 0.0500, update 1.53 s, wall 1791140275.9
exact step 1767: answers scored 8, mean expected reward 9.478, kl coef 0.0500, update 1.53 s, wall 1791140278.3
exact step 1768: answers scored 8, mean expected reward 9.906, kl coef 0.0500, update 1.57 s, wall 1791140280.2
exact step 1769: answers scored 8, mean expected reward 9.660, kl coef 0.0500, update 1.63 s, wall 1791140282.5
exact step 1770: answers scored 7, mean expected reward 9.869, kl coef 0.0500, update 1.39 s, wall 1791140284.6
exact step 1771: answers scored 8, mean expected reward 10.078, kl coef 0.0500, update 1.53 s, wall 1791140286.9
exact step 1772: answers scored 8, mean expected reward 10.030, kl coef 0.0500, update 1.51 s, wall 1791140288.6
exact step 1773: answers scored 8, mean expected reward 9.204, kl coef 0.0500, update 1.48 s, wall 1791140290.4
exact step 1774: answers scored 7, mean expected reward 10.283, kl coef 0.0500, update 1.40 s, wall 1791140292.2
exact step 1775: answers scored 8, mean expected reward 9.030, kl coef 0.0500, update 1.52 s, wall 1791140294.1
exact step 1776: answers scored 8, mean expected reward 9.886, kl coef 0.0500, update 1.57 s, wall 1791140296.2
exact step 1777: answers scored 8, mean expected reward 10.330, kl coef 0.0500, update 1.52 s, wall 1791140298.5
exact step 1778: answers scored 8, mean expected reward 9.735, kl coef 0.0500, update 1.51 s, wall 1791140300.9
exact step 1779: answers scored 8, mean expected reward 10.824, kl coef 0.0500, update 1.52 s, wall 1791140302.8
exact step 1780: answers scored 8, mean expected reward 9.952, kl coef 0.0500, update 1.49 s, wall 1791140304.6
exact step 1781: answers scored 8, mean expected reward 9.168, kl coef 0.0500, update 1.50 s, wall 1791140306.4
exact step 1782: answers scored 8, mean expected reward 9.039, kl coef 0.0500, update 1.45 s, wall 1791140308.1
exact step 1783: answers scored 8, mean expected reward 9.707, kl coef 0.0500, update 1.48 s, wall 1791140310.1
exact step 1784: answers scored 8, mean expected reward 10.878, kl coef 0.0500, update 1.49 s, wall 1791140312.1
exact step 1785: answers scored 8, mean expected reward 10.679, kl coef 0.0500, update 1.47 s, wall 1791140313.9
exact step 1786: answers scored 8, mean expected reward 9.909, kl coef 0.0500, update 1.56 s, wall 1791140315.9
exact step 1787: answers scored 8, mean expected reward 10.662, kl coef 0.0500, update 1.47 s, wall 1791140317.7
exact step 1788: answers scored 8, mean expected reward 8.299, kl coef 0.0500, update 1.49 s, wall 1791140319.6
exact step 1789: answers scored 7, mean expected reward 9.110, kl coef 0.0500, update 1.37 s, wall 1791140321.3
exact step 1790: answers scored 8, mean expected reward 9.954, kl coef 0.0500, update 1.56 s, wall 1791140323.2
exact step 1791: answers scored 8, mean expected reward 10.830, kl coef 0.0500, update 1.62 s, wall 1791140325.2
exact step 1792: answers scored 8, mean expected reward 10.857, kl coef 0.0500, update 1.50 s, wall 1791140327.0
exact step 1793: answers scored 8, mean expected reward 9.925, kl coef 0.0500, update 1.48 s, wall 1791140328.9
exact step 1794: answers scored 8, mean expected reward 10.002, kl coef 0.0500, update 1.91 s, wall 1791140333.6
exact step 1795: answers scored 6, mean expected reward 10.512, kl coef 0.0500, update 1.34 s, wall 1791140335.1
exact step 1796: answers scored 7, mean expected reward 10.313, kl coef 0.0500, update 1.37 s, wall 1791140337.2
exact step 1797: answers scored 8, mean expected reward 10.307, kl coef 0.0500, update 1.57 s, wall 1791140339.1
exact step 1798: answers scored 8, mean expected reward 9.509, kl coef 0.0500, update 1.51 s, wall 1791140341.0
checkpoint at step 1800 (0.6 s)
exact step 1799: answers scored 8, mean expected reward 9.614, kl coef 0.0500, update 2.16 s, wall 1791140343.5
exact step 1800: answers scored 8, mean expected reward 8.323, kl coef 0.0500, update 1.55 s, wall 1791140345.3
exact step 1801: answers scored 8, mean expected reward 10.030, kl coef 0.0500, update 1.48 s, wall 1791140347.1
exact step 1802: answers scored 6, mean expected reward 9.893, kl coef 0.0500, update 1.31 s, wall 1791140349.3
exact step 1803: answers scored 8, mean expected reward 9.414, kl coef 0.0500, update 1.47 s, wall 1791140351.3
exact step 1804: answers scored 8, mean expected reward 9.523, kl coef 0.0500, update 1.47 s, wall 1791140353.2
exact step 1805: answers scored 8, mean expected reward 9.003, kl coef 0.0500, update 1.56 s, wall 1791140355.3
exact step 1806: answers scored 8, mean expected reward 9.782, kl coef 0.0500, update 1.57 s, wall 1791140357.2
exact step 1807: answers scored 8, mean expected reward 9.631, kl coef 0.0500, update 1.49 s, wall 1791140359.0
exact step 1808: answers scored 8, mean expected reward 10.876, kl coef 0.0500, update 1.46 s, wall 1791140360.7
exact step 1809: answers scored 8, mean expected reward 9.069, kl coef 0.0500, update 1.55 s, wall 1791140362.7
exact step 1810: answers scored 8, mean expected reward 10.272, kl coef 0.0500, update 1.51 s, wall 1791140364.5
exact step 1811: answers scored 8, mean expected reward 9.686, kl coef 0.0500, update 1.55 s, wall 1791140366.4
exact step 1812: answers scored 8, mean expected reward 10.986, kl coef 0.0500, update 1.46 s, wall 1791140368.1
exact step 1813: answers scored 8, mean expected reward 9.287, kl coef 0.0500, update 1.49 s, wall 1791140369.9
exact step 1814: answers scored 8, mean expected reward 9.616, kl coef 0.0500, update 1.50 s, wall 1791140371.8
exact step 1815: answers scored 8, mean expected reward 9.609, kl coef 0.0500, update 1.48 s, wall 1791140373.5
exact step 1816: answers scored 8, mean expected reward 11.119, kl coef 0.0500, update 1.47 s, wall 1791140375.3
exact step 1817: answers scored 8, mean expected reward 8.479, kl coef 0.0500, update 1.49 s, wall 1791140377.1
exact step 1818: answers scored 8, mean expected reward 9.048, kl coef 0.0500, update 1.44 s, wall 1791140379.0
exact step 1819: answers scored 8, mean expected reward 10.217, kl coef 0.0500, update 1.52 s, wall 1791140380.7
exact step 1820: answers scored 8, mean expected reward 9.921, kl coef 0.0500, update 1.53 s, wall 1791140382.8
exact step 1821: answers scored 8, mean expected reward 9.290, kl coef 0.0500, update 1.50 s, wall 1791140384.7
exact step 1822: answers scored 8, mean expected reward 9.558, kl coef 0.0500, update 1.48 s, wall 1791140386.4
exact step 1823: answers scored 7, mean expected reward 9.905, kl coef 0.0500, update 1.40 s, wall 1791140389.0
exact step 1824: answers scored 8, mean expected reward 9.933, kl coef 0.0500, update 1.47 s, wall 1791140391.2
exact step 1825: answers scored 8, mean expected reward 10.437, kl coef 0.0500, update 1.50 s, wall 1791140393.0
exact step 1826: answers scored 7, mean expected reward 10.769, kl coef 0.0500, update 1.41 s, wall 1791140394.7
exact step 1827: answers scored 8, mean expected reward 10.007, kl coef 0.0500, update 1.57 s, wall 1791140396.9
exact step 1828: answers scored 8, mean expected reward 10.092, kl coef 0.0500, update 1.47 s, wall 1791140398.6
exact step 1829: answers scored 8, mean expected reward 9.839, kl coef 0.0500, update 1.49 s, wall 1791140400.3
exact step 1830: answers scored 8, mean expected reward 11.329, kl coef 0.0500, update 1.49 s, wall 1791140402.1
exact step 1831: answers scored 8, mean expected reward 11.249, kl coef 0.0500, update 1.51 s, wall 1791140403.9
exact step 1832: answers scored 8, mean expected reward 9.718, kl coef 0.0500, update 1.58 s, wall 1791140405.8
exact step 1833: answers scored 8, mean expected reward 8.948, kl coef 0.0500, update 1.61 s, wall 1791140407.7
exact step 1834: answers scored 6, mean expected reward 9.548, kl coef 0.0500, update 1.44 s, wall 1791140410.0
exact step 1835: answers scored 8, mean expected reward 9.946, kl coef 0.0500, update 1.63 s, wall 1791140412.4
exact step 1836: answers scored 8, mean expected reward 7.693, kl coef 0.0500, update 1.63 s, wall 1791140415.3
exact step 1837: answers scored 8, mean expected reward 9.685, kl coef 0.0500, update 1.47 s, wall 1791140417.0
exact step 1838: answers scored 8, mean expected reward 9.373, kl coef 0.0500, update 1.58 s, wall 1791140419.8
exact step 1839: answers scored 8, mean expected reward 9.733, kl coef 0.0500, update 1.51 s, wall 1791140421.7
exact step 1840: answers scored 8, mean expected reward 9.021, kl coef 0.0500, update 1.50 s, wall 1791140423.6
exact step 1841: answers scored 7, mean expected reward 9.943, kl coef 0.0500, update 1.50 s, wall 1791140425.4
exact step 1842: answers scored 8, mean expected reward 7.586, kl coef 0.0500, update 1.52 s, wall 1791140427.3
exact step 1843: answers scored 8, mean expected reward 10.044, kl coef 0.0500, update 1.47 s, wall 1791140429.1
exact step 1844: answers scored 8, mean expected reward 9.052, kl coef 0.0500, update 1.46 s, wall 1791140430.8
exact step 1845: answers scored 7, mean expected reward 10.324, kl coef 0.0500, update 1.56 s, wall 1791140433.9
exact step 1846: answers scored 8, mean expected reward 9.276, kl coef 0.0500, update 1.49 s, wall 1791140435.7
exact step 1847: answers scored 8, mean expected reward 10.290, kl coef 0.0500, update 1.48 s, wall 1791140437.8
exact step 1848: answers scored 8, mean expected reward 9.208, kl coef 0.0500, update 1.50 s, wall 1791140439.8
exact step 1849: answers scored 8, mean expected reward 10.457, kl coef 0.0500, update 1.57 s, wall 1791140441.7
exact step 1850: answers scored 8, mean expected reward 10.425, kl coef 0.0500, update 1.67 s, wall 1791140443.7
exact step 1851: answers scored 8, mean expected reward 8.951, kl coef 0.0500, update 1.49 s, wall 1791140445.5
exact step 1852: answers scored 8, mean expected reward 9.686, kl coef 0.0500, update 1.47 s, wall 1791140447.3
exact step 1853: answers scored 8, mean expected reward 9.424, kl coef 0.0500, update 1.47 s, wall 1791140449.0
exact step 1854: answers scored 8, mean expected reward 8.803, kl coef 0.0500, update 1.50 s, wall 1791140450.8
exact step 1855: answers scored 8, mean expected reward 10.290, kl coef 0.0500, update 1.46 s, wall 1791140452.6
exact step 1856: answers scored 8, mean expected reward 9.801, kl coef 0.0500, update 1.51 s, wall 1791140454.7
exact step 1857: answers scored 7, mean expected reward 9.863, kl coef 0.0500, update 1.41 s, wall 1791140456.7
exact step 1858: answers scored 8, mean expected reward 9.515, kl coef 0.0500, update 1.46 s, wall 1791140458.5
exact step 1859: answers scored 7, mean expected reward 10.383, kl coef 0.0500, update 1.37 s, wall 1791140460.2
exact step 1860: answers scored 7, mean expected reward 8.431, kl coef 0.0500, update 1.40 s, wall 1791140462.4
exact step 1861: answers scored 8, mean expected reward 9.512, kl coef 0.0500, update 1.51 s, wall 1791140464.4
exact step 1862: answers scored 8, mean expected reward 10.094, kl coef 0.0500, update 1.58 s, wall 1791140466.4
exact step 1863: answers scored 7, mean expected reward 9.532, kl coef 0.0500, update 1.34 s, wall 1791140468.1
exact step 1864: answers scored 8, mean expected reward 10.298, kl coef 0.0500, update 1.48 s, wall 1791140469.8
exact step 1865: answers scored 8, mean expected reward 9.597, kl coef 0.0500, update 1.45 s, wall 1791140471.5
exact step 1866: answers scored 8, mean expected reward 9.055, kl coef 0.0500, update 1.50 s, wall 1791140473.3
exact step 1867: answers scored 7, mean expected reward 9.868, kl coef 0.0500, update 1.45 s, wall 1791140477.5
exact step 1868: answers scored 8, mean expected reward 9.746, kl coef 0.0500, update 1.59 s, wall 1791140479.6
exact step 1869: answers scored 8, mean expected reward 10.647, kl coef 0.0500, update 1.60 s, wall 1791140481.5
exact step 1870: answers scored 8, mean expected reward 9.511, kl coef 0.0500, update 1.58 s, wall 1791140483.3
exact step 1871: answers scored 8, mean expected reward 9.668, kl coef 0.0500, update 1.55 s, wall 1791140485.3
exact step 1872: answers scored 8, mean expected reward 10.186, kl coef 0.0500, update 1.49 s, wall 1791140487.1
exact step 1873: answers scored 8, mean expected reward 8.504, kl coef 0.0500, update 1.57 s, wall 1791140489.0
exact step 1874: answers scored 8, mean expected reward 10.043, kl coef 0.0500, update 1.47 s, wall 1791140490.7
exact step 1875: answers scored 7, mean expected reward 10.094, kl coef 0.0500, update 1.41 s, wall 1791140492.4
exact step 1876: answers scored 8, mean expected reward 10.095, kl coef 0.0500, update 1.47 s, wall 1791140494.1
exact step 1877: answers scored 7, mean expected reward 9.292, kl coef 0.0500, update 1.38 s, wall 1791140496.6
exact step 1878: answers scored 8, mean expected reward 9.140, kl coef 0.0500, update 1.50 s, wall 1791140498.4
exact step 1879: answers scored 8, mean expected reward 9.296, kl coef 0.0500, update 1.52 s, wall 1791140500.6
exact step 1880: answers scored 7, mean expected reward 9.989, kl coef 0.0500, update 1.35 s, wall 1791140502.6
exact step 1881: answers scored 8, mean expected reward 8.259, kl coef 0.0500, update 1.51 s, wall 1791140504.3
exact step 1882: answers scored 8, mean expected reward 9.601, kl coef 0.0500, update 1.50 s, wall 1791140506.1
exact step 1883: answers scored 7, mean expected reward 9.642, kl coef 0.0500, update 1.35 s, wall 1791140508.2
exact step 1884: answers scored 8, mean expected reward 10.028, kl coef 0.0500, update 1.48 s, wall 1791140510.0
exact step 1885: answers scored 8, mean expected reward 9.663, kl coef 0.0500, update 1.59 s, wall 1791140512.2
exact step 1886: answers scored 8, mean expected reward 9.908, kl coef 0.0500, update 1.48 s, wall 1791140514.3
exact step 1887: answers scored 8, mean expected reward 10.085, kl coef 0.0500, update 1.50 s, wall 1791140516.4
exact step 1888: answers scored 8, mean expected reward 9.722, kl coef 0.0500, update 1.52 s, wall 1791140518.2
exact step 1889: answers scored 7, mean expected reward 10.932, kl coef 0.0500, update 1.34 s, wall 1791140519.9
exact step 1890: answers scored 7, mean expected reward 10.110, kl coef 0.0500, update 1.33 s, wall 1791140522.3
exact step 1891: answers scored 8, mean expected reward 10.013, kl coef 0.0500, update 1.58 s, wall 1791140524.3
exact step 1892: answers scored 8, mean expected reward 9.184, kl coef 0.0500, update 1.51 s, wall 1791140526.4
exact step 1893: answers scored 8, mean expected reward 8.749, kl coef 0.0500, update 1.47 s, wall 1791140528.1
exact step 1894: answers scored 7, mean expected reward 9.412, kl coef 0.0500, update 1.38 s, wall 1791140531.8
exact step 1895: answers scored 8, mean expected reward 9.848, kl coef 0.0500, update 1.48 s, wall 1791140533.5
exact step 1896: answers scored 8, mean expected reward 9.166, kl coef 0.0500, update 1.69 s, wall 1791140537.4
exact step 1897: answers scored 8, mean expected reward 10.001, kl coef 0.0500, update 1.45 s, wall 1791140539.1
exact step 1898: answers scored 8, mean expected reward 10.019, kl coef 0.0500, update 1.52 s, wall 1791140540.9
exact step 1899: answers scored 8, mean expected reward 9.684, kl coef 0.0500, update 1.52 s, wall 1791140542.8
exact step 1900: answers scored 8, mean expected reward 10.348, kl coef 0.0500, update 1.50 s, wall 1791140544.5
exact step 1901: answers scored 8, mean expected reward 9.340, kl coef 0.0500, update 1.48 s, wall 1791140546.3
exact step 1902: answers scored 7, mean expected reward 8.999, kl coef 0.0500, update 1.50 s, wall 1791140548.5
exact step 1903: answers scored 8, mean expected reward 10.174, kl coef 0.0500, update 1.53 s, wall 1791140550.8
exact step 1904: answers scored 8, mean expected reward 10.050, kl coef 0.0500, update 1.56 s, wall 1791140552.6
exact step 1905: answers scored 8, mean expected reward 9.920, kl coef 0.0500, update 1.51 s, wall 1791140554.9
exact step 1906: answers scored 8, mean expected reward 9.525, kl coef 0.0500, update 1.50 s, wall 1791140556.7
exact step 1907: answers scored 7, mean expected reward 9.990, kl coef 0.0500, update 1.35 s, wall 1791140559.8
exact step 1908: answers scored 8, mean expected reward 10.079, kl coef 0.0500, update 1.53 s, wall 1791140561.7
exact step 1909: answers scored 8, mean expected reward 9.281, kl coef 0.0500, update 1.46 s, wall 1791140563.4
exact step 1910: answers scored 8, mean expected reward 9.896, kl coef 0.0500, update 1.50 s, wall 1791140565.2
exact step 1911: answers scored 8, mean expected reward 9.694, kl coef 0.0500, update 1.46 s, wall 1791140567.0
exact step 1912: answers scored 8, mean expected reward 9.668, kl coef 0.0500, update 1.49 s, wall 1791140568.8
exact step 1913: answers scored 7, mean expected reward 10.271, kl coef 0.0500, update 1.41 s, wall 1791140570.9
exact step 1914: answers scored 8, mean expected reward 10.070, kl coef 0.0500, update 1.60 s, wall 1791140573.2
exact step 1915: answers scored 8, mean expected reward 9.915, kl coef 0.0500, update 1.49 s, wall 1791140575.0
exact step 1916: answers scored 7, mean expected reward 11.037, kl coef 0.0500, update 1.37 s, wall 1791140576.7
exact step 1917: answers scored 8, mean expected reward 10.308, kl coef 0.0500, update 1.58 s, wall 1791140578.6
exact step 1918: answers scored 8, mean expected reward 9.518, kl coef 0.0500, update 1.50 s, wall 1791140580.3
exact step 1919: answers scored 8, mean expected reward 10.177, kl coef 0.0500, update 1.49 s, wall 1791140582.3
exact step 1920: answers scored 8, mean expected reward 10.569, kl coef 0.0500, update 1.49 s, wall 1791140584.1
exact step 1921: answers scored 7, mean expected reward 10.273, kl coef 0.0500, update 1.36 s, wall 1791140586.1
exact step 1922: answers scored 8, mean expected reward 9.643, kl coef 0.0500, update 1.52 s, wall 1791140588.6
exact step 1923: answers scored 8, mean expected reward 10.526, kl coef 0.0500, update 1.50 s, wall 1791140590.6
exact step 1924: answers scored 7, mean expected reward 10.858, kl coef 0.0500, update 1.60 s, wall 1791140593.1
exact step 1925: answers scored 8, mean expected reward 10.662, kl coef 0.0500, update 1.55 s, wall 1791140595.0
exact step 1926: answers scored 8, mean expected reward 10.720, kl coef 0.0500, update 1.50 s, wall 1791140596.9
exact step 1927: answers scored 8, mean expected reward 9.682, kl coef 0.0500, update 1.51 s, wall 1791140599.0
exact step 1928: answers scored 8, mean expected reward 9.326, kl coef 0.0500, update 1.49 s, wall 1791140600.9
exact step 1929: answers scored 8, mean expected reward 8.468, kl coef 0.0500, update 1.51 s, wall 1791140602.7
exact step 1930: answers scored 8, mean expected reward 9.169, kl coef 0.0500, update 1.51 s, wall 1791140604.8
exact step 1931: answers scored 8, mean expected reward 10.249, kl coef 0.0500, update 1.62 s, wall 1791140608.0
exact step 1932: answers scored 8, mean expected reward 10.609, kl coef 0.0500, update 1.46 s, wall 1791140609.7
exact step 1933: answers scored 8, mean expected reward 9.135, kl coef 0.0500, update 1.65 s, wall 1791140612.5
exact step 1934: answers scored 8, mean expected reward 9.377, kl coef 0.0500, update 1.47 s, wall 1791140614.2
exact step 1935: answers scored 8, mean expected reward 9.556, kl coef 0.0500, update 1.52 s, wall 1791140616.0
exact step 1936: answers scored 8, mean expected reward 9.244, kl coef 0.0500, update 1.51 s, wall 1791140618.1
exact step 1937: answers scored 8, mean expected reward 9.334, kl coef 0.0500, update 1.49 s, wall 1791140619.9
exact step 1938: answers scored 8, mean expected reward 10.281, kl coef 0.0500, update 1.46 s, wall 1791140621.6
exact step 1939: answers scored 8, mean expected reward 9.730, kl coef 0.0500, update 1.58 s, wall 1791140624.5
exact step 1940: answers scored 8, mean expected reward 10.307, kl coef 0.0500, update 1.58 s, wall 1791140626.4
exact step 1941: answers scored 8, mean expected reward 10.342, kl coef 0.0500, update 1.57 s, wall 1791140628.3
exact step 1942: answers scored 8, mean expected reward 9.346, kl coef 0.0500, update 1.61 s, wall 1791140630.4
exact step 1943: answers scored 8, mean expected reward 9.765, kl coef 0.0500, update 1.50 s, wall 1791140632.1
exact step 1944: answers scored 8, mean expected reward 9.990, kl coef 0.0500, update 1.51 s, wall 1791140633.9
exact step 1945: answers scored 8, mean expected reward 10.370, kl coef 0.0500, update 1.51 s, wall 1791140636.1
exact step 1946: answers scored 8, mean expected reward 9.962, kl coef 0.0500, update 1.47 s, wall 1791140638.2
exact step 1947: answers scored 8, mean expected reward 9.924, kl coef 0.0500, update 1.58 s, wall 1791140640.9
exact step 1948: answers scored 8, mean expected reward 9.849, kl coef 0.0500, update 1.59 s, wall 1791140642.8
exact step 1949: answers scored 8, mean expected reward 9.638, kl coef 0.0500, update 1.49 s, wall 1791140644.5
exact step 1950: answers scored 8, mean expected reward 11.167, kl coef 0.0500, update 1.51 s, wall 1791140646.4
exact step 1951: answers scored 8, mean expected reward 8.841, kl coef 0.0500, update 1.46 s, wall 1791140648.2
exact step 1952: answers scored 8, mean expected reward 8.911, kl coef 0.0500, update 1.51 s, wall 1791140650.3
exact step 1953: answers scored 8, mean expected reward 9.915, kl coef 0.0500, update 1.51 s, wall 1791140652.1
exact step 1954: answers scored 8, mean expected reward 8.476, kl coef 0.0500, update 1.59 s, wall 1791140654.3
exact step 1955: answers scored 8, mean expected reward 10.105, kl coef 0.0500, update 1.50 s, wall 1791140656.5
exact step 1956: answers scored 8, mean expected reward 9.148, kl coef 0.0500, update 1.47 s, wall 1791140658.3
exact step 1957: answers scored 8, mean expected reward 8.224, kl coef 0.0500, update 1.47 s, wall 1791140660.1
exact step 1958: answers scored 8, mean expected reward 9.507, kl coef 0.0500, update 1.50 s, wall 1791140661.9
exact step 1959: answers scored 8, mean expected reward 9.833, kl coef 0.0500, update 1.52 s, wall 1791140663.6
exact step 1960: answers scored 8, mean expected reward 9.541, kl coef 0.0500, update 1.51 s, wall 1791140665.8
exact step 1961: answers scored 8, mean expected reward 10.448, kl coef 0.0500, update 1.64 s, wall 1791140667.9
exact step 1962: answers scored 8, mean expected reward 10.518, kl coef 0.0500, update 1.46 s, wall 1791140669.6
exact step 1963: answers scored 8, mean expected reward 9.540, kl coef 0.0500, update 1.47 s, wall 1791140671.3
exact step 1964: answers scored 8, mean expected reward 9.535, kl coef 0.0500, update 1.53 s, wall 1791140673.1
exact step 1965: answers scored 8, mean expected reward 9.511, kl coef 0.0500, update 1.48 s, wall 1791140674.9
exact step 1966: answers scored 8, mean expected reward 9.971, kl coef 0.0500, update 1.57 s, wall 1791140677.4
exact step 1967: answers scored 8, mean expected reward 9.994, kl coef 0.0500, update 1.46 s, wall 1791140679.1
exact step 1968: answers scored 8, mean expected reward 9.992, kl coef 0.0500, update 1.56 s, wall 1791140681.1
exact step 1969: answers scored 8, mean expected reward 10.165, kl coef 0.0500, update 1.62 s, wall 1791140683.0
exact step 1970: answers scored 8, mean expected reward 9.034, kl coef 0.0500, update 1.73 s, wall 1791140685.5
exact step 1971: answers scored 8, mean expected reward 9.106, kl coef 0.0500, update 1.57 s, wall 1791140687.5
exact step 1972: answers scored 8, mean expected reward 9.909, kl coef 0.0500, update 1.46 s, wall 1791140689.2
exact step 1973: answers scored 8, mean expected reward 10.399, kl coef 0.0500, update 1.56 s, wall 1791140691.1
exact step 1974: answers scored 8, mean expected reward 10.215, kl coef 0.0500, update 1.64 s, wall 1791140694.1
exact step 1975: answers scored 8, mean expected reward 9.555, kl coef 0.0500, update 1.49 s, wall 1791140695.9
exact step 1976: answers scored 7, mean expected reward 8.870, kl coef 0.0500, update 1.36 s, wall 1791140698.0
exact step 1977: answers scored 8, mean expected reward 10.582, kl coef 0.0500, update 1.58 s, wall 1791140699.9
exact step 1978: answers scored 8, mean expected reward 10.327, kl coef 0.0500, update 1.44 s, wall 1791140701.6
exact step 1979: answers scored 8, mean expected reward 9.949, kl coef 0.0500, update 1.48 s, wall 1791140703.3
exact step 1980: answers scored 8, mean expected reward 9.878, kl coef 0.0500, update 1.56 s, wall 1791140705.3
exact step 1981: answers scored 8, mean expected reward 9.363, kl coef 0.0500, update 1.50 s, wall 1791140707.1
exact step 1982: answers scored 8, mean expected reward 9.728, kl coef 0.0500, update 1.50 s, wall 1791140709.1
exact step 1983: answers scored 8, mean expected reward 10.087, kl coef 0.0500, update 1.58 s, wall 1791140711.6
exact step 1984: answers scored 8, mean expected reward 10.390, kl coef 0.0500, update 1.51 s, wall 1791140714.1
exact step 1985: answers scored 8, mean expected reward 10.278, kl coef 0.0500, update 1.47 s, wall 1791140716.0
exact step 1986: answers scored 8, mean expected reward 9.809, kl coef 0.0500, update 1.49 s, wall 1791140718.0
exact step 1987: answers scored 7, mean expected reward 10.476, kl coef 0.0500, update 1.38 s, wall 1791140719.7
exact step 1988: answers scored 7, mean expected reward 10.086, kl coef 0.0500, update 1.35 s, wall 1791140721.3
exact step 1989: answers scored 8, mean expected reward 10.877, kl coef 0.0500, update 1.51 s, wall 1791140723.1
exact step 1990: answers scored 8, mean expected reward 9.750, kl coef 0.0500, update 1.50 s, wall 1791140725.1
exact step 1991: answers scored 8, mean expected reward 10.279, kl coef 0.0500, update 1.48 s, wall 1791140726.9
exact step 1992: answers scored 7, mean expected reward 8.917, kl coef 0.0500, update 1.50 s, wall 1791140728.7
exact step 1993: answers scored 7, mean expected reward 10.061, kl coef 0.0500, update 1.36 s, wall 1791140730.6
exact step 1994: answers scored 8, mean expected reward 9.466, kl coef 0.0500, update 1.49 s, wall 1791140732.3
exact step 1995: answers scored 7, mean expected reward 9.887, kl coef 0.0500, update 1.36 s, wall 1791140734.5
exact step 1996: answers scored 7, mean expected reward 10.591, kl coef 0.0500, update 1.34 s, wall 1791140736.9
exact step 1997: answers scored 8, mean expected reward 10.362, kl coef 0.0500, update 1.46 s, wall 1791140738.7
exact step 1998: answers scored 8, mean expected reward 9.841, kl coef 0.0500, update 1.47 s, wall 1791140740.4
checkpoint at step 2000 (0.6 s)
exact step 1999: answers scored 8, mean expected reward 8.789, kl coef 0.0500, update 3.26 s, wall 1791140744.0
exact step 2000: answers scored 8, mean expected reward 9.810, kl coef 0.0500, update 2.13 s, wall 1791140746.8
exact step 2001: answers scored 8, mean expected reward 10.473, kl coef 0.0500, update 1.48 s, wall 1791140748.6
exact step 2002: answers scored 7, mean expected reward 10.147, kl coef 0.0500, update 1.35 s, wall 1791140750.8
exact step 2003: answers scored 8, mean expected reward 10.382, kl coef 0.0500, update 1.54 s, wall 1791140752.6
exact step 2004: answers scored 8, mean expected reward 9.318, kl coef 0.0500, update 1.48 s, wall 1791140754.3
exact step 2005: answers scored 8, mean expected reward 9.702, kl coef 0.0500, update 1.51 s, wall 1791140756.1
exact step 2006: answers scored 7, mean expected reward 8.531, kl coef 0.0500, update 1.40 s, wall 1791140758.2
exact step 2007: answers scored 8, mean expected reward 9.577, kl coef 0.0500, update 1.49 s, wall 1791140760.0
exact step 2008: answers scored 7, mean expected reward 10.292, kl coef 0.0500, update 1.38 s, wall 1791140763.3
exact step 2009: answers scored 8, mean expected reward 9.921, kl coef 0.0500, update 1.58 s, wall 1791140766.0
exact step 2010: answers scored 8, mean expected reward 10.140, kl coef 0.0500, update 1.47 s, wall 1791140767.7
exact step 2011: answers scored 8, mean expected reward 9.055, kl coef 0.0500, update 1.49 s, wall 1791140769.6
exact step 2012: answers scored 8, mean expected reward 9.914, kl coef 0.0500, update 1.48 s, wall 1791140771.4
exact step 2013: answers scored 8, mean expected reward 10.306, kl coef 0.0500, update 1.51 s, wall 1791140773.6
exact step 2014: answers scored 8, mean expected reward 9.012, kl coef 0.0500, update 1.65 s, wall 1791140777.1
exact step 2015: answers scored 8, mean expected reward 10.397, kl coef 0.0500, update 1.51 s, wall 1791140778.9
exact step 2016: answers scored 8, mean expected reward 9.104, kl coef 0.0500, update 1.56 s, wall 1791140781.1
exact step 2017: answers scored 8, mean expected reward 10.291, kl coef 0.0500, update 1.58 s, wall 1791140782.9
exact step 2018: answers scored 8, mean expected reward 10.729, kl coef 0.0500, update 1.52 s, wall 1791140785.2
exact step 2019: answers scored 8, mean expected reward 10.080, kl coef 0.0500, update 1.45 s, wall 1791140787.0
exact step 2020: answers scored 8, mean expected reward 9.083, kl coef 0.0500, update 1.64 s, wall 1791140788.9
exact step 2021: answers scored 8, mean expected reward 10.305, kl coef 0.0500, update 1.51 s, wall 1791140790.8
exact step 2022: answers scored 8, mean expected reward 9.676, kl coef 0.0500, update 1.49 s, wall 1791140792.6
exact step 2023: answers scored 7, mean expected reward 8.893, kl coef 0.0500, update 1.39 s, wall 1791140794.6
exact step 2024: answers scored 8, mean expected reward 9.762, kl coef 0.0500, update 1.56 s, wall 1791140796.5
exact step 2025: answers scored 8, mean expected reward 10.045, kl coef 0.0500, update 1.50 s, wall 1791140798.2
exact step 2026: answers scored 8, mean expected reward 8.722, kl coef 0.0500, update 1.51 s, wall 1791140800.1
exact step 2027: answers scored 8, mean expected reward 9.589, kl coef 0.0500, update 1.64 s, wall 1791140802.1
exact step 2028: answers scored 8, mean expected reward 10.195, kl coef 0.0500, update 1.58 s, wall 1791140804.1
exact step 2029: answers scored 8, mean expected reward 10.364, kl coef 0.0500, update 1.50 s, wall 1791140805.8
exact step 2030: answers scored 8, mean expected reward 9.156, kl coef 0.0500, update 1.51 s, wall 1791140807.9
exact step 2031: answers scored 8, mean expected reward 10.353, kl coef 0.0500, update 1.49 s, wall 1791140809.8
exact step 2032: answers scored 8, mean expected reward 10.030, kl coef 0.0500, update 1.47 s, wall 1791140811.5
exact step 2033: answers scored 8, mean expected reward 9.841, kl coef 0.0500, update 1.58 s, wall 1791140813.8
exact step 2034: answers scored 7, mean expected reward 8.266, kl coef 0.0500, update 1.33 s, wall 1791140815.4
exact step 2035: answers scored 8, mean expected reward 10.310, kl coef 0.0500, update 1.54 s, wall 1791140817.2
exact step 2036: answers scored 8, mean expected reward 9.618, kl coef 0.0500, update 1.46 s, wall 1791140819.0
exact step 2037: answers scored 8, mean expected reward 10.088, kl coef 0.0500, update 1.47 s, wall 1791140820.8
exact step 2038: answers scored 8, mean expected reward 10.185, kl coef 0.0500, update 1.56 s, wall 1791140823.3
exact step 2039: answers scored 8, mean expected reward 9.290, kl coef 0.0500, update 1.57 s, wall 1791140825.2
exact step 2040: answers scored 7, mean expected reward 9.503, kl coef 0.0500, update 1.35 s, wall 1791140826.9
exact step 2041: answers scored 8, mean expected reward 10.038, kl coef 0.0500, update 1.50 s, wall 1791140828.7
exact step 2042: answers scored 8, mean expected reward 9.389, kl coef 0.0500, update 1.58 s, wall 1791140830.6
exact step 2043: answers scored 8, mean expected reward 10.269, kl coef 0.0500, update 1.50 s, wall 1791140832.3
exact step 2044: answers scored 8, mean expected reward 9.381, kl coef 0.0500, update 1.49 s, wall 1791140834.1
exact step 2045: answers scored 8, mean expected reward 8.812, kl coef 0.0500, update 1.52 s, wall 1791140835.9
exact step 2046: answers scored 8, mean expected reward 10.611, kl coef 0.0500, update 1.46 s, wall 1791140837.7
exact step 2047: answers scored 8, mean expected reward 10.270, kl coef 0.0500, update 1.47 s, wall 1791140839.7
exact step 2048: answers scored 8, mean expected reward 9.985, kl coef 0.0500, update 1.50 s, wall 1791140841.4
exact step 2049: answers scored 7, mean expected reward 9.297, kl coef 0.0500, update 1.33 s, wall 1791140843.0
exact step 2050: answers scored 8, mean expected reward 10.229, kl coef 0.0500, update 1.60 s, wall 1791140845.6
exact step 2051: answers scored 8, mean expected reward 10.099, kl coef 0.0500, update 1.52 s, wall 1791140847.5
exact step 2052: answers scored 8, mean expected reward 8.409, kl coef 0.0500, update 1.51 s, wall 1791140849.4
exact step 2053: answers scored 8, mean expected reward 9.995, kl coef 0.0500, update 1.46 s, wall 1791140851.1
exact step 2054: answers scored 8, mean expected reward 9.855, kl coef 0.0500, update 1.48 s, wall 1791140853.2
exact step 2055: answers scored 8, mean expected reward 9.781, kl coef 0.0500, update 1.74 s, wall 1791140855.9
exact step 2056: answers scored 8, mean expected reward 10.389, kl coef 0.0500, update 1.63 s, wall 1791140859.4
exact step 2057: answers scored 8, mean expected reward 10.324, kl coef 0.0500, update 1.50 s, wall 1791140861.3
exact step 2058: answers scored 8, mean expected reward 9.959, kl coef 0.0500, update 1.68 s, wall 1791140864.2
exact step 2059: answers scored 8, mean expected reward 9.960, kl coef 0.0500, update 1.57 s, wall 1791140866.1
exact step 2060: answers scored 8, mean expected reward 9.650, kl coef 0.0500, update 1.58 s, wall 1791140867.9
exact step 2061: answers scored 8, mean expected reward 9.277, kl coef 0.0500, update 1.47 s, wall 1791140869.9
exact step 2062: answers scored 8, mean expected reward 9.588, kl coef 0.0500, update 1.55 s, wall 1791140871.7
exact step 2063: answers scored 8, mean expected reward 9.770, kl coef 0.0500, update 1.68 s, wall 1791140875.3
exact step 2064: answers scored 8, mean expected reward 9.920, kl coef 0.0500, update 1.62 s, wall 1791140877.2
exact step 2065: answers scored 8, mean expected reward 10.266, kl coef 0.0500, update 1.46 s, wall 1791140878.9
exact step 2066: answers scored 8, mean expected reward 10.265, kl coef 0.0500, update 1.49 s, wall 1791140880.8
exact step 2067: answers scored 8, mean expected reward 9.872, kl coef 0.0500, update 1.65 s, wall 1791140883.6
exact step 2068: answers scored 8, mean expected reward 10.432, kl coef 0.0500, update 1.49 s, wall 1791140885.4
exact step 2069: answers scored 7, mean expected reward 10.193, kl coef 0.0500, update 1.47 s, wall 1791140889.0
exact step 2070: answers scored 8, mean expected reward 9.657, kl coef 0.0500, update 1.49 s, wall 1791140890.7
exact step 2071: answers scored 7, mean expected reward 9.716, kl coef 0.0500, update 1.38 s, wall 1791140892.4
exact step 2072: answers scored 8, mean expected reward 9.494, kl coef 0.0500, update 1.46 s, wall 1791140894.1
exact step 2073: answers scored 8, mean expected reward 9.443, kl coef 0.0500, update 1.50 s, wall 1791140896.0
exact step 2074: answers scored 8, mean expected reward 10.310, kl coef 0.0500, update 1.53 s, wall 1791140897.9
exact step 2075: answers scored 8, mean expected reward 10.435, kl coef 0.0500, update 1.65 s, wall 1791140900.0
exact step 2076: answers scored 7, mean expected reward 9.740, kl coef 0.0500, update 1.42 s, wall 1791140901.8
exact step 2077: answers scored 8, mean expected reward 9.626, kl coef 0.0500, update 1.47 s, wall 1791140903.6
exact step 2078: answers scored 8, mean expected reward 10.695, kl coef 0.0500, update 1.56 s, wall 1791140905.4
exact step 2079: answers scored 8, mean expected reward 9.326, kl coef 0.0500, update 1.54 s, wall 1791140907.2
exact step 2080: answers scored 8, mean expected reward 10.362, kl coef 0.0500, update 1.49 s, wall 1791140909.0
exact step 2081: answers scored 8, mean expected reward 10.581, kl coef 0.0500, update 1.47 s, wall 1791140910.8
exact step 2082: answers scored 8, mean expected reward 10.013, kl coef 0.0500, update 1.47 s, wall 1791140912.7
exact step 2083: answers scored 8, mean expected reward 9.775, kl coef 0.0500, update 1.49 s, wall 1791140914.7
exact step 2084: answers scored 8, mean expected reward 10.460, kl coef 0.0500, update 1.51 s, wall 1791140916.6
exact step 2085: answers scored 8, mean expected reward 9.036, kl coef 0.0500, update 1.50 s, wall 1791140918.5
exact step 2086: answers scored 8, mean expected reward 9.536, kl coef 0.0500, update 1.53 s, wall 1791140920.3
exact step 2087: answers scored 8, mean expected reward 9.922, kl coef 0.0500, update 1.49 s, wall 1791140922.1
exact step 2088: answers scored 8, mean expected reward 10.474, kl coef 0.0500, update 1.67 s, wall 1791140925.6
exact step 2089: answers scored 8, mean expected reward 8.977, kl coef 0.0500, update 1.45 s, wall 1791140927.3
exact step 2090: answers scored 7, mean expected reward 10.336, kl coef 0.0500, update 1.51 s, wall 1791140929.1
exact step 2091: answers scored 8, mean expected reward 10.786, kl coef 0.0500, update 1.46 s, wall 1791140930.8
exact step 2092: answers scored 8, mean expected reward 10.076, kl coef 0.0500, update 1.49 s, wall 1791140932.9
exact step 2093: answers scored 8, mean expected reward 8.742, kl coef 0.0500, update 1.48 s, wall 1791140934.6
exact step 2094: answers scored 7, mean expected reward 8.959, kl coef 0.0500, update 1.38 s, wall 1791140936.2
exact step 2095: answers scored 8, mean expected reward 8.737, kl coef 0.0500, update 1.56 s, wall 1791140938.5
exact step 2096: answers scored 8, mean expected reward 9.732, kl coef 0.0500, update 1.63 s, wall 1791140941.2
exact step 2097: answers scored 8, mean expected reward 9.191, kl coef 0.0500, update 1.60 s, wall 1791140944.0
exact step 2098: answers scored 8, mean expected reward 8.352, kl coef 0.0500, update 1.57 s, wall 1791140946.0
exact step 2099: answers scored 8, mean expected reward 10.654, kl coef 0.0500, update 1.46 s, wall 1791140947.7
exact step 2100: answers scored 8, mean expected reward 9.944, kl coef 0.0500, update 1.59 s, wall 1791140950.7
exact step 2101: answers scored 8, mean expected reward 9.021, kl coef 0.0500, update 1.64 s, wall 1791140952.7
exact step 2102: answers scored 8, mean expected reward 9.946, kl coef 0.0500, update 1.47 s, wall 1791140954.4
exact step 2103: answers scored 8, mean expected reward 8.779, kl coef 0.0500, update 1.49 s, wall 1791140956.1
exact step 2104: answers scored 8, mean expected reward 9.566, kl coef 0.0500, update 1.51 s, wall 1791140957.9
exact step 2105: answers scored 8, mean expected reward 9.940, kl coef 0.0500, update 1.49 s, wall 1791140959.8
exact step 2106: answers scored 8, mean expected reward 9.829, kl coef 0.0500, update 1.58 s, wall 1791140961.7
exact step 2107: answers scored 8, mean expected reward 10.020, kl coef 0.0500, update 1.69 s, wall 1791140964.0
exact step 2108: answers scored 8, mean expected reward 9.207, kl coef 0.0500, update 1.50 s, wall 1791140965.8
exact step 2109: answers scored 8, mean expected reward 7.944, kl coef 0.0500, update 1.45 s, wall 1791140967.5
exact step 2110: answers scored 7, mean expected reward 10.394, kl coef 0.0500, update 1.44 s, wall 1791140970.5
exact step 2111: answers scored 8, mean expected reward 10.430, kl coef 0.0500, update 1.62 s, wall 1791140972.5
exact step 2112: answers scored 7, mean expected reward 9.858, kl coef 0.0500, update 1.38 s, wall 1791140974.6
exact step 2113: answers scored 8, mean expected reward 10.488, kl coef 0.0500, update 1.56 s, wall 1791140976.5
exact step 2114: answers scored 8, mean expected reward 9.633, kl coef 0.0500, update 1.59 s, wall 1791140978.6
exact step 2115: answers scored 8, mean expected reward 9.273, kl coef 0.0500, update 1.52 s, wall 1791140980.4
exact step 2116: answers scored 7, mean expected reward 9.511, kl coef 0.0500, update 1.37 s, wall 1791140982.6
exact step 2117: answers scored 8, mean expected reward 10.148, kl coef 0.0500, update 1.86 s, wall 1791140984.8
exact step 2118: answers scored 8, mean expected reward 11.104, kl coef 0.0500, update 1.47 s, wall 1791140986.5
exact step 2119: answers scored 8, mean expected reward 9.511, kl coef 0.0500, update 1.59 s, wall 1791140988.4
exact step 2120: answers scored 8, mean expected reward 9.291, kl coef 0.0500, update 1.49 s, wall 1791140990.2
exact step 2121: answers scored 8, mean expected reward 9.990, kl coef 0.0500, update 1.61 s, wall 1791140992.8
exact step 2122: answers scored 7, mean expected reward 10.207, kl coef 0.0500, update 1.35 s, wall 1791140994.6
exact step 2123: answers scored 7, mean expected reward 10.078, kl coef 0.0500, update 1.32 s, wall 1791140996.8
exact step 2124: answers scored 8, mean expected reward 10.606, kl coef 0.0500, update 1.45 s, wall 1791140998.5
exact step 2125: answers scored 8, mean expected reward 8.853, kl coef 0.0500, update 1.55 s, wall 1791141000.3
exact step 2126: answers scored 8, mean expected reward 10.319, kl coef 0.0500, update 1.49 s, wall 1791141002.1
exact step 2127: answers scored 8, mean expected reward 10.131, kl coef 0.0500, update 1.62 s, wall 1791141004.7
exact step 2128: answers scored 8, mean expected reward 9.558, kl coef 0.0500, update 1.52 s, wall 1791141006.7
exact step 2129: answers scored 8, mean expected reward 10.000, kl coef 0.0500, update 1.48 s, wall 1791141008.5
exact step 2130: answers scored 8, mean expected reward 8.973, kl coef 0.0500, update 1.58 s, wall 1791141010.3
exact step 2131: answers scored 8, mean expected reward 9.717, kl coef 0.0500, update 1.49 s, wall 1791141012.3
exact step 2132: answers scored 7, mean expected reward 9.935, kl coef 0.0500, update 1.33 s, wall 1791141014.1
exact step 2133: answers scored 7, mean expected reward 10.042, kl coef 0.0500, update 1.38 s, wall 1791141016.0
exact step 2134: answers scored 8, mean expected reward 7.962, kl coef 0.0500, update 1.47 s, wall 1791141017.9
exact step 2135: answers scored 8, mean expected reward 10.161, kl coef 0.0500, update 1.50 s, wall 1791141020.0
exact step 2136: answers scored 8, mean expected reward 8.966, kl coef 0.0500, update 1.49 s, wall 1791141021.7
exact step 2137: answers scored 8, mean expected reward 9.860, kl coef 0.0500, update 1.52 s, wall 1791141023.9
exact step 2138: answers scored 8, mean expected reward 9.955, kl coef 0.0500, update 1.59 s, wall 1791141025.8
exact step 2139: answers scored 8, mean expected reward 10.113, kl coef 0.0500, update 1.63 s, wall 1791141028.8
exact step 2140: answers scored 8, mean expected reward 9.605, kl coef 0.0500, update 1.49 s, wall 1791141030.5
exact step 2141: answers scored 8, mean expected reward 10.183, kl coef 0.0500, update 1.48 s, wall 1791141032.3
exact step 2142: answers scored 8, mean expected reward 10.305, kl coef 0.0500, update 1.50 s, wall 1791141034.2
exact step 2143: answers scored 8, mean expected reward 9.959, kl coef 0.0500, update 1.58 s, wall 1791141036.5
exact step 2144: answers scored 8, mean expected reward 9.531, kl coef 0.0500, update 1.50 s, wall 1791141038.3
exact step 2145: answers scored 8, mean expected reward 9.372, kl coef 0.0500, update 1.47 s, wall 1791141040.0
exact step 2146: answers scored 8, mean expected reward 10.079, kl coef 0.0500, update 1.48 s, wall 1791141041.8
exact step 2147: answers scored 8, mean expected reward 10.799, kl coef 0.0500, update 1.48 s, wall 1791141043.7
exact step 2148: answers scored 8, mean expected reward 9.895, kl coef 0.0500, update 1.48 s, wall 1791141045.7
exact step 2149: answers scored 8, mean expected reward 9.995, kl coef 0.0500, update 1.76 s, wall 1791141049.4
exact step 2150: answers scored 8, mean expected reward 9.805, kl coef 0.0500, update 1.52 s, wall 1791141051.2
exact step 2151: answers scored 8, mean expected reward 10.321, kl coef 0.0500, update 1.46 s, wall 1791141053.1
exact step 2152: answers scored 7, mean expected reward 9.982, kl coef 0.0500, update 1.39 s, wall 1791141055.3
exact step 2153: answers scored 8, mean expected reward 8.467, kl coef 0.0500, update 1.52 s, wall 1791141057.7
exact step 2154: answers scored 8, mean expected reward 10.265, kl coef 0.0500, update 1.63 s, wall 1791141059.6
exact step 2155: answers scored 8, mean expected reward 10.506, kl coef 0.0500, update 1.50 s, wall 1791141061.4
exact step 2156: answers scored 8, mean expected reward 9.484, kl coef 0.0500, update 1.60 s, wall 1791141063.8
exact step 2157: answers scored 8, mean expected reward 9.268, kl coef 0.0500, update 1.67 s, wall 1791141065.9
exact step 2158: answers scored 8, mean expected reward 10.404, kl coef 0.0500, update 1.53 s, wall 1791141068.2
exact step 2159: answers scored 8, mean expected reward 10.218, kl coef 0.0500, update 1.56 s, wall 1791141070.1
exact step 2160: answers scored 8, mean expected reward 9.064, kl coef 0.0500, update 1.48 s, wall 1791141072.3
exact step 2161: answers scored 7, mean expected reward 10.632, kl coef 0.0500, update 1.36 s, wall 1791141074.9
exact step 2162: answers scored 8, mean expected reward 10.039, kl coef 0.0500, update 1.58 s, wall 1791141077.1
exact step 2163: answers scored 8, mean expected reward 10.060, kl coef 0.0500, update 1.45 s, wall 1791141078.8
exact step 2164: answers scored 8, mean expected reward 9.873, kl coef 0.0500, update 1.50 s, wall 1791141081.1
exact step 2165: answers scored 8, mean expected reward 10.044, kl coef 0.0500, update 1.51 s, wall 1791141082.9
exact step 2166: answers scored 8, mean expected reward 10.052, kl coef 0.0500, update 1.44 s, wall 1791141084.5
exact step 2167: answers scored 8, mean expected reward 9.399, kl coef 0.0500, update 1.52 s, wall 1791141086.4
exact step 2168: answers scored 8, mean expected reward 9.970, kl coef 0.0500, update 1.52 s, wall 1791141088.3
exact step 2169: answers scored 8, mean expected reward 9.803, kl coef 0.0500, update 1.57 s, wall 1791141090.1
exact step 2170: answers scored 7, mean expected reward 8.360, kl coef 0.0500, update 1.44 s, wall 1791141092.4
exact step 2171: answers scored 8, mean expected reward 9.963, kl coef 0.0500, update 1.48 s, wall 1791141094.1
exact step 2172: answers scored 8, mean expected reward 9.322, kl coef 0.0500, update 1.50 s, wall 1791141095.9
exact step 2173: answers scored 8, mean expected reward 10.171, kl coef 0.0500, update 1.51 s, wall 1791141098.3
exact step 2174: answers scored 8, mean expected reward 9.701, kl coef 0.0500, update 1.47 s, wall 1791141100.0
exact step 2175: answers scored 7, mean expected reward 9.525, kl coef 0.0500, update 1.46 s, wall 1791141102.5
exact step 2176: answers scored 8, mean expected reward 9.151, kl coef 0.0500, update 1.48 s, wall 1791141104.3
exact step 2177: answers scored 8, mean expected reward 9.011, kl coef 0.0500, update 1.52 s, wall 1791141106.1
exact step 2178: answers scored 8, mean expected reward 9.088, kl coef 0.0500, update 1.61 s, wall 1791141108.1
exact step 2179: answers scored 8, mean expected reward 9.871, kl coef 0.0500, update 1.50 s, wall 1791141109.8
exact step 2180: answers scored 8, mean expected reward 10.479, kl coef 0.0500, update 1.52 s, wall 1791141111.8
exact step 2181: answers scored 8, mean expected reward 8.543, kl coef 0.0500, update 1.52 s, wall 1791141113.6
exact step 2182: answers scored 8, mean expected reward 8.625, kl coef 0.0500, update 1.49 s, wall 1791141115.4
exact step 2183: answers scored 8, mean expected reward 10.007, kl coef 0.0500, update 1.49 s, wall 1791141117.2
exact step 2184: answers scored 8, mean expected reward 8.934, kl coef 0.0500, update 1.56 s, wall 1791141119.0
exact step 2185: answers scored 8, mean expected reward 8.979, kl coef 0.0500, update 1.54 s, wall 1791141120.9
exact step 2186: answers scored 8, mean expected reward 9.975, kl coef 0.0500, update 1.53 s, wall 1791141123.2
exact step 2187: answers scored 7, mean expected reward 9.961, kl coef 0.0500, update 1.36 s, wall 1791141125.6
exact step 2188: answers scored 8, mean expected reward 10.002, kl coef 0.0500, update 1.51 s, wall 1791141127.8
exact step 2189: answers scored 8, mean expected reward 9.178, kl coef 0.0500, update 1.59 s, wall 1791141130.1
exact step 2190: answers scored 8, mean expected reward 10.915, kl coef 0.0500, update 1.55 s, wall 1791141132.2
exact step 2191: answers scored 7, mean expected reward 9.593, kl coef 0.0500, update 1.34 s, wall 1791141134.1
exact step 2192: answers scored 8, mean expected reward 9.472, kl coef 0.0500, update 1.51 s, wall 1791141136.3
exact step 2193: answers scored 8, mean expected reward 9.956, kl coef 0.0500, update 1.51 s, wall 1791141138.1
exact step 2194: answers scored 8, mean expected reward 9.944, kl coef 0.0500, update 1.51 s, wall 1791141139.9
exact step 2195: answers scored 8, mean expected reward 10.622, kl coef 0.0500, update 1.52 s, wall 1791141141.7
exact step 2196: answers scored 8, mean expected reward 9.843, kl coef 0.0500, update 1.53 s, wall 1791141143.5
exact step 2197: answers scored 8, mean expected reward 9.646, kl coef 0.0500, update 1.58 s, wall 1791141145.4
exact step 2198: answers scored 8, mean expected reward 9.726, kl coef 0.0500, update 1.52 s, wall 1791141147.3
checkpoint at step 2200 (1.1 s)
exact step 2199: answers scored 8, mean expected reward 10.700, kl coef 0.0500, update 2.64 s, wall 1791141150.2
exact step 2200: answers scored 8, mean expected reward 10.097, kl coef 0.0500, update 1.58 s, wall 1791141152.5
exact step 2201: answers scored 7, mean expected reward 11.107, kl coef 0.0500, update 1.41 s, wall 1791141160.2
exact step 2202: answers scored 8, mean expected reward 9.553, kl coef 0.0500, update 1.60 s, wall 1791141162.1
exact step 2203: answers scored 8, mean expected reward 8.354, kl coef 0.0500, update 1.63 s, wall 1791141164.1
exact step 2204: answers scored 8, mean expected reward 10.583, kl coef 0.0500, update 1.67 s, wall 1791141166.0
exact step 2205: answers scored 8, mean expected reward 9.550, kl coef 0.0500, update 1.56 s, wall 1791141168.3
exact step 2206: answers scored 8, mean expected reward 9.666, kl coef 0.0500, update 1.56 s, wall 1791141170.1
exact step 2207: answers scored 8, mean expected reward 9.477, kl coef 0.0500, update 1.50 s, wall 1791141172.0
exact step 2208: answers scored 8, mean expected reward 9.690, kl coef 0.0500, update 1.50 s, wall 1791141173.9
exact step 2209: answers scored 8, mean expected reward 9.614, kl coef 0.0500, update 1.50 s, wall 1791141175.8
exact step 2210: answers scored 8, mean expected reward 9.393, kl coef 0.0500, update 1.47 s, wall 1791141177.6
exact step 2211: answers scored 8, mean expected reward 9.104, kl coef 0.0500, update 1.51 s, wall 1791141179.4
exact step 2212: answers scored 7, mean expected reward 9.490, kl coef 0.0500, update 1.44 s, wall 1791141181.6
exact step 2213: answers scored 8, mean expected reward 10.288, kl coef 0.0500, update 1.52 s, wall 1791141183.5
exact step 2214: answers scored 8, mean expected reward 9.678, kl coef 0.0500, update 1.56 s, wall 1791141185.3
exact step 2215: answers scored 8, mean expected reward 9.424, kl coef 0.0500, update 1.58 s, wall 1791141187.2
exact step 2216: answers scored 8, mean expected reward 10.015, kl coef 0.0500, update 1.51 s, wall 1791141189.0
exact step 2217: answers scored 8, mean expected reward 9.956, kl coef 0.0500, update 1.65 s, wall 1791141190.9
exact step 2218: answers scored 8, mean expected reward 9.439, kl coef 0.0500, update 1.60 s, wall 1791141192.8
exact step 2219: answers scored 7, mean expected reward 9.680, kl coef 0.0500, update 1.36 s, wall 1791141194.7
exact step 2220: answers scored 8, mean expected reward 9.815, kl coef 0.0500, update 1.47 s, wall 1791141196.6
exact step 2221: answers scored 8, mean expected reward 10.586, kl coef 0.0500, update 1.49 s, wall 1791141198.3
exact step 2222: answers scored 8, mean expected reward 10.049, kl coef 0.0500, update 1.47 s, wall 1791141200.3
exact step 2223: answers scored 8, mean expected reward 9.716, kl coef 0.0500, update 1.51 s, wall 1791141202.5
exact step 2224: answers scored 8, mean expected reward 10.059, kl coef 0.0500, update 1.49 s, wall 1791141204.3
exact step 2225: answers scored 8, mean expected reward 10.184, kl coef 0.0500, update 1.57 s, wall 1791141206.1
exact step 2226: answers scored 7, mean expected reward 10.017, kl coef 0.0500, update 1.40 s, wall 1791141207.8
exact step 2227: answers scored 8, mean expected reward 10.817, kl coef 0.0500, update 1.49 s, wall 1791141209.6
exact step 2228: answers scored 8, mean expected reward 10.051, kl coef 0.0500, update 1.47 s, wall 1791141211.3
exact step 2229: answers scored 8, mean expected reward 10.210, kl coef 0.0500, update 1.50 s, wall 1791141213.6
exact step 2230: answers scored 8, mean expected reward 9.229, kl coef 0.0500, update 1.51 s, wall 1791141215.4
exact step 2231: answers scored 8, mean expected reward 10.472, kl coef 0.0500, update 1.47 s, wall 1791141217.4
exact step 2232: answers scored 8, mean expected reward 10.176, kl coef 0.0500, update 1.49 s, wall 1791141219.2
exact step 2233: answers scored 7, mean expected reward 9.636, kl coef 0.0500, update 1.50 s, wall 1791141221.9
exact step 2234: answers scored 7, mean expected reward 10.162, kl coef 0.0500, update 1.35 s, wall 1791141229.1
exact step 2235: answers scored 7, mean expected reward 9.308, kl coef 0.0500, update 1.34 s, wall 1791141231.3
exact step 2236: answers scored 8, mean expected reward 10.619, kl coef 0.0500, update 1.49 s, wall 1791141233.1
exact step 2237: answers scored 8, mean expected reward 9.466, kl coef 0.0500, update 1.50 s, wall 1791141235.0
exact step 2238: answers scored 8, mean expected reward 10.427, kl coef 0.0500, update 1.47 s, wall 1791141236.8
exact step 2239: answers scored 8, mean expected reward 10.480, kl coef 0.0500, update 1.56 s, wall 1791141238.6
exact step 2240: answers scored 8, mean expected reward 9.617, kl coef 0.0500, update 1.45 s, wall 1791141240.4
exact step 2241: answers scored 8, mean expected reward 9.754, kl coef 0.0500, update 1.50 s, wall 1791141242.2
exact step 2242: answers scored 8, mean expected reward 8.370, kl coef 0.0500, update 1.49 s, wall 1791141243.9
exact step 2243: answers scored 8, mean expected reward 11.048, kl coef 0.0500, update 1.47 s, wall 1791141245.7
exact step 2244: answers scored 8, mean expected reward 9.209, kl coef 0.0500, update 1.52 s, wall 1791141247.5
exact step 2245: answers scored 8, mean expected reward 8.992, kl coef 0.0500, update 1.47 s, wall 1791141249.3
exact step 2246: answers scored 8, mean expected reward 7.079, kl coef 0.0500, update 1.47 s, wall 1791141251.0
exact step 2247: answers scored 8, mean expected reward 9.345, kl coef 0.0500, update 1.56 s, wall 1791141252.9
exact step 2248: answers scored 7, mean expected reward 9.637, kl coef 0.0500, update 1.34 s, wall 1791141254.6
exact step 2249: answers scored 8, mean expected reward 9.358, kl coef 0.0500, update 1.55 s, wall 1791141256.4
exact step 2250: answers scored 7, mean expected reward 10.020, kl coef 0.0500, update 1.45 s, wall 1791141258.1
exact step 2251: answers scored 8, mean expected reward 9.248, kl coef 0.0500, update 1.51 s, wall 1791141260.0
exact step 2252: answers scored 8, mean expected reward 10.089, kl coef 0.0500, update 1.49 s, wall 1791141262.0
exact step 2253: answers scored 8, mean expected reward 9.829, kl coef 0.0500, update 1.48 s, wall 1791141263.9
exact step 2254: answers scored 8, mean expected reward 10.247, kl coef 0.0500, update 1.47 s, wall 1791141265.6
exact step 2255: answers scored 8, mean expected reward 9.945, kl coef 0.0500, update 1.46 s, wall 1791141267.5
exact step 2256: answers scored 8, mean expected reward 9.515, kl coef 0.0500, update 1.57 s, wall 1791141269.3
exact step 2257: answers scored 8, mean expected reward 9.824, kl coef 0.0500, update 1.48 s, wall 1791141271.0
exact step 2258: answers scored 8, mean expected reward 9.919, kl coef 0.0500, update 1.52 s, wall 1791141272.8
exact step 2259: answers scored 8, mean expected reward 10.603, kl coef 0.0500, update 1.47 s, wall 1791141274.5
exact step 2260: answers scored 8, mean expected reward 9.999, kl coef 0.0500, update 1.47 s, wall 1791141276.3
exact step 2261: answers scored 8, mean expected reward 10.377, kl coef 0.0500, update 1.57 s, wall 1791141278.7
exact step 2262: answers scored 8, mean expected reward 10.096, kl coef 0.0500, update 1.47 s, wall 1791141280.5
exact step 2263: answers scored 8, mean expected reward 9.972, kl coef 0.0500, update 1.49 s, wall 1791141282.3
exact step 2264: answers scored 8, mean expected reward 9.074, kl coef 0.0500, update 1.59 s, wall 1791141284.2
exact step 2265: answers scored 8, mean expected reward 10.098, kl coef 0.0500, update 1.48 s, wall 1791141286.0
exact step 2266: answers scored 8, mean expected reward 8.989, kl coef 0.0500, update 1.50 s, wall 1791141287.8
exact step 2267: answers scored 8, mean expected reward 9.968, kl coef 0.0500, update 1.49 s, wall 1791141289.6
exact step 2268: answers scored 8, mean expected reward 8.373, kl coef 0.0500, update 1.49 s, wall 1791141291.4
exact step 2269: answers scored 8, mean expected reward 9.154, kl coef 0.0500, update 1.51 s, wall 1791141293.2
exact step 2270: answers scored 8, mean expected reward 9.898, kl coef 0.0500, update 1.69 s, wall 1791141295.7
exact step 2271: answers scored 8, mean expected reward 9.620, kl coef 0.0500, update 1.49 s, wall 1791141297.6
exact step 2272: answers scored 8, mean expected reward 10.251, kl coef 0.0500, update 1.59 s, wall 1791141299.8
exact step 2273: answers scored 8, mean expected reward 9.624, kl coef 0.0500, update 1.50 s, wall 1791141301.5
exact step 2274: answers scored 8, mean expected reward 9.577, kl coef 0.0500, update 1.55 s, wall 1791141304.1
exact step 2275: answers scored 7, mean expected reward 10.055, kl coef 0.0500, update 1.36 s, wall 1791141311.3
exact step 2276: answers scored 7, mean expected reward 10.038, kl coef 0.0500, update 1.44 s, wall 1791141313.6
exact step 2277: answers scored 8, mean expected reward 9.410, kl coef 0.0500, update 1.57 s, wall 1791141315.7
exact step 2278: answers scored 7, mean expected reward 9.368, kl coef 0.0500, update 1.36 s, wall 1791141317.7
exact step 2279: answers scored 8, mean expected reward 8.845, kl coef 0.0500, update 1.47 s, wall 1791141319.4
exact step 2280: answers scored 8, mean expected reward 8.968, kl coef 0.0500, update 1.56 s, wall 1791141321.4
exact step 2281: answers scored 8, mean expected reward 10.118, kl coef 0.0500, update 1.47 s, wall 1791141323.1
exact step 2282: answers scored 8, mean expected reward 10.878, kl coef 0.0500, update 1.50 s, wall 1791141324.9
exact step 2283: answers scored 7, mean expected reward 9.627, kl coef 0.0500, update 1.67 s, wall 1791141328.4
exact step 2284: answers scored 7, mean expected reward 9.034, kl coef 0.0500, update 1.40 s, wall 1791141330.6
exact step 2285: answers scored 8, mean expected reward 9.569, kl coef 0.0500, update 1.58 s, wall 1791141332.7
exact step 2286: answers scored 8, mean expected reward 10.753, kl coef 0.0500, update 1.47 s, wall 1791141334.8
exact step 2287: answers scored 8, mean expected reward 11.424, kl coef 0.0500, update 1.49 s, wall 1791141336.6
exact step 2288: answers scored 8, mean expected reward 10.096, kl coef 0.0500, update 1.46 s, wall 1791141338.3
exact step 2289: answers scored 8, mean expected reward 10.306, kl coef 0.0500, update 1.48 s, wall 1791141340.0
exact step 2290: answers scored 8, mean expected reward 9.911, kl coef 0.0500, update 1.59 s, wall 1791141342.2
exact step 2291: answers scored 8, mean expected reward 9.586, kl coef 0.0500, update 1.49 s, wall 1791141344.3
exact step 2292: answers scored 7, mean expected reward 9.019, kl coef 0.0500, update 1.38 s, wall 1791141346.3
exact step 2293: answers scored 8, mean expected reward 9.548, kl coef 0.0500, update 1.47 s, wall 1791141348.0
exact step 2294: answers scored 8, mean expected reward 9.775, kl coef 0.0500, update 1.61 s, wall 1791141349.9
exact step 2295: answers scored 8, mean expected reward 9.275, kl coef 0.0500, update 1.61 s, wall 1791141351.8
exact step 2296: answers scored 8, mean expected reward 8.697, kl coef 0.0500, update 1.49 s, wall 1791141353.6
exact step 2297: answers scored 7, mean expected reward 10.063, kl coef 0.0500, update 1.45 s, wall 1791141355.3
exact step 2298: answers scored 8, mean expected reward 9.535, kl coef 0.0500, update 1.57 s, wall 1791141357.1
exact step 2299: answers scored 7, mean expected reward 9.364, kl coef 0.0500, update 1.32 s, wall 1791141359.5
exact step 2300: answers scored 8, mean expected reward 10.203, kl coef 0.0500, update 1.49 s, wall 1791141361.5
exact step 2301: answers scored 8, mean expected reward 8.728, kl coef 0.0500, update 1.47 s, wall 1791141363.2
exact step 2302: answers scored 8, mean expected reward 8.170, kl coef 0.0500, update 1.62 s, wall 1791141365.2
exact step 2303: answers scored 7, mean expected reward 9.230, kl coef 0.0500, update 1.34 s, wall 1791141367.4
exact step 2304: answers scored 8, mean expected reward 9.576, kl coef 0.0500, update 1.49 s, wall 1791141369.2
exact step 2305: answers scored 8, mean expected reward 10.273, kl coef 0.0500, update 1.49 s, wall 1791141371.2
exact step 2306: answers scored 8, mean expected reward 9.550, kl coef 0.0500, update 1.49 s, wall 1791141373.0
exact step 2307: answers scored 8, mean expected reward 9.668, kl coef 0.0500, update 1.47 s, wall 1791141374.7
exact step 2308: answers scored 8, mean expected reward 9.561, kl coef 0.0500, update 1.58 s, wall 1791141376.6
exact step 2309: answers scored 8, mean expected reward 10.094, kl coef 0.0500, update 1.46 s, wall 1791141378.4
exact step 2310: answers scored 8, mean expected reward 10.070, kl coef 0.0500, update 1.60 s, wall 1791141380.3
exact step 2311: answers scored 7, mean expected reward 9.385, kl coef 0.0500, update 1.37 s, wall 1791141382.5
exact step 2312: answers scored 8, mean expected reward 9.679, kl coef 0.0500, update 1.46 s, wall 1791141384.2
exact step 2313: answers scored 8, mean expected reward 10.700, kl coef 0.0500, update 1.50 s, wall 1791141385.9
exact step 2314: answers scored 8, mean expected reward 10.187, kl coef 0.0500, update 1.51 s, wall 1791141387.8
exact step 2315: answers scored 7, mean expected reward 9.384, kl coef 0.0500, update 1.43 s, wall 1791141389.8
exact step 2316: answers scored 8, mean expected reward 8.996, kl coef 0.0500, update 1.56 s, wall 1791141391.9
exact step 2317: answers scored 7, mean expected reward 10.137, kl coef 0.0500, update 1.41 s, wall 1791141393.9
exact step 2318: answers scored 8, mean expected reward 10.079, kl coef 0.0500, update 1.50 s, wall 1791141395.8
exact step 2319: answers scored 8, mean expected reward 9.077, kl coef 0.0500, update 1.49 s, wall 1791141397.6
exact step 2320: answers scored 8, mean expected reward 10.343, kl coef 0.0500, update 1.47 s, wall 1791141399.5
exact step 2321: answers scored 8, mean expected reward 9.791, kl coef 0.0500, update 1.47 s, wall 1791141401.2
exact step 2322: answers scored 8, mean expected reward 9.625, kl coef 0.0500, update 1.46 s, wall 1791141402.9
exact step 2323: answers scored 8, mean expected reward 10.175, kl coef 0.0500, update 1.51 s, wall 1791141404.8
exact step 2324: answers scored 8, mean expected reward 9.658, kl coef 0.0500, update 1.52 s, wall 1791141406.6
exact step 2325: answers scored 8, mean expected reward 10.095, kl coef 0.0500, update 1.49 s, wall 1791141408.7
exact step 2326: answers scored 8, mean expected reward 9.875, kl coef 0.0500, update 1.51 s, wall 1791141411.1
exact step 2327: answers scored 8, mean expected reward 8.339, kl coef 0.0500, update 1.50 s, wall 1791141412.9
exact step 2328: answers scored 8, mean expected reward 9.388, kl coef 0.0500, update 1.47 s, wall 1791141414.7
exact step 2329: answers scored 8, mean expected reward 9.950, kl coef 0.0500, update 1.47 s, wall 1791141416.9
exact step 2330: answers scored 8, mean expected reward 10.155, kl coef 0.0500, update 1.49 s, wall 1791141418.6
exact step 2331: answers scored 8, mean expected reward 10.896, kl coef 0.0500, update 1.47 s, wall 1791141420.3
exact step 2332: answers scored 7, mean expected reward 10.082, kl coef 0.0500, update 1.36 s, wall 1791141422.3
exact step 2333: answers scored 8, mean expected reward 9.091, kl coef 0.0500, update 1.47 s, wall 1791141423.9
exact step 2334: answers scored 8, mean expected reward 9.878, kl coef 0.0500, update 1.49 s, wall 1791141425.7
exact step 2335: answers scored 7, mean expected reward 9.609, kl coef 0.0500, update 1.63 s, wall 1791141429.8
exact step 2336: answers scored 8, mean expected reward 10.353, kl coef 0.0500, update 1.48 s, wall 1791141431.9
exact step 2337: answers scored 8, mean expected reward 10.271, kl coef 0.0500, update 1.58 s, wall 1791141434.0
exact step 2338: answers scored 8, mean expected reward 9.028, kl coef 0.0500, update 1.46 s, wall 1791141435.7
exact step 2339: answers scored 8, mean expected reward 9.646, kl coef 0.0500, update 1.46 s, wall 1791141437.6
exact step 2340: answers scored 8, mean expected reward 10.402, kl coef 0.0500, update 1.47 s, wall 1791141439.3
exact step 2341: answers scored 8, mean expected reward 9.905, kl coef 0.0500, update 1.49 s, wall 1791141441.1
exact step 2342: answers scored 8, mean expected reward 9.652, kl coef 0.0500, update 1.49 s, wall 1791141442.9
exact step 2343: answers scored 8, mean expected reward 7.877, kl coef 0.0500, update 1.58 s, wall 1791141444.7
exact step 2344: answers scored 8, mean expected reward 10.252, kl coef 0.0500, update 1.61 s, wall 1791141446.8
exact step 2345: answers scored 8, mean expected reward 9.194, kl coef 0.0500, update 1.53 s, wall 1791141448.6
exact step 2346: answers scored 8, mean expected reward 9.948, kl coef 0.0500, update 1.50 s, wall 1791141450.5
exact step 2347: answers scored 8, mean expected reward 8.855, kl coef 0.0500, update 1.57 s, wall 1791141452.4
exact step 2348: answers scored 8, mean expected reward 9.387, kl coef 0.0500, update 1.49 s, wall 1791141454.5
exact step 2349: answers scored 8, mean expected reward 10.037, kl coef 0.0500, update 1.58 s, wall 1791141456.4
exact step 2350: answers scored 8, mean expected reward 8.976, kl coef 0.0500, update 1.50 s, wall 1791141458.2
exact step 2351: answers scored 8, mean expected reward 9.253, kl coef 0.0500, update 1.52 s, wall 1791141460.4
exact step 2352: answers scored 8, mean expected reward 10.644, kl coef 0.0500, update 1.47 s, wall 1791141462.2
exact step 2353: answers scored 8, mean expected reward 10.709, kl coef 0.0500, update 1.49 s, wall 1791141464.1
exact step 2354: answers scored 8, mean expected reward 9.239, kl coef 0.0500, update 1.50 s, wall 1791141465.9
exact step 2355: answers scored 8, mean expected reward 9.127, kl coef 0.0500, update 1.46 s, wall 1791141467.6
exact step 2356: answers scored 8, mean expected reward 9.963, kl coef 0.0500, update 1.49 s, wall 1791141469.5
exact step 2357: answers scored 8, mean expected reward 10.156, kl coef 0.0500, update 1.58 s, wall 1791141471.4
exact step 2358: answers scored 8, mean expected reward 10.144, kl coef 0.0500, update 1.57 s, wall 1791141473.2
exact step 2359: answers scored 8, mean expected reward 10.543, kl coef 0.0500, update 1.51 s, wall 1791141475.2
exact step 2360: answers scored 8, mean expected reward 9.097, kl coef 0.0500, update 1.55 s, wall 1791141477.0
exact step 2361: answers scored 8, mean expected reward 10.629, kl coef 0.0500, update 1.57 s, wall 1791141478.8
exact step 2362: answers scored 7, mean expected reward 10.837, kl coef 0.0500, update 1.37 s, wall 1791141480.5
exact step 2363: answers scored 8, mean expected reward 8.688, kl coef 0.0500, update 1.50 s, wall 1791141482.4
exact step 2364: answers scored 8, mean expected reward 10.390, kl coef 0.0500, update 1.50 s, wall 1791141484.2
exact step 2365: answers scored 8, mean expected reward 9.786, kl coef 0.0500, update 1.49 s, wall 1791141486.0
exact step 2366: answers scored 8, mean expected reward 9.200, kl coef 0.0500, update 1.50 s, wall 1791141487.9
exact step 2367: answers scored 8, mean expected reward 8.852, kl coef 0.0500, update 1.60 s, wall 1791141489.8
exact step 2368: answers scored 8, mean expected reward 9.164, kl coef 0.0500, update 1.50 s, wall 1791141491.5
exact step 2369: answers scored 8, mean expected reward 9.458, kl coef 0.0500, update 1.47 s, wall 1791141493.4
exact step 2370: answers scored 8, mean expected reward 10.182, kl coef 0.0500, update 1.58 s, wall 1791141495.8
exact step 2371: answers scored 8, mean expected reward 9.710, kl coef 0.0500, update 1.49 s, wall 1791141497.6
exact step 2372: answers scored 8, mean expected reward 10.434, kl coef 0.0500, update 1.56 s, wall 1791141499.4
exact step 2373: answers scored 8, mean expected reward 10.393, kl coef 0.0500, update 1.53 s, wall 1791141501.3
exact step 2374: answers scored 8, mean expected reward 9.795, kl coef 0.0500, update 1.58 s, wall 1791141503.5
exact step 2375: answers scored 8, mean expected reward 10.015, kl coef 0.0500, update 1.50 s, wall 1791141505.6
exact step 2376: answers scored 7, mean expected reward 9.330, kl coef 0.0500, update 1.38 s, wall 1791141508.3
exact step 2377: answers scored 7, mean expected reward 9.232, kl coef 0.0500, update 1.40 s, wall 1791141510.5
exact step 2378: answers scored 8, mean expected reward 10.020, kl coef 0.0500, update 1.52 s, wall 1791141512.3
exact step 2379: answers scored 8, mean expected reward 10.240, kl coef 0.0500, update 1.46 s, wall 1791141514.1
exact step 2380: answers scored 8, mean expected reward 10.457, kl coef 0.0500, update 1.47 s, wall 1791141515.9
exact step 2381: answers scored 8, mean expected reward 10.532, kl coef 0.0500, update 1.56 s, wall 1791141517.7
exact step 2382: answers scored 8, mean expected reward 9.805, kl coef 0.0500, update 1.64 s, wall 1791141519.7
exact step 2383: answers scored 7, mean expected reward 10.145, kl coef 0.0500, update 1.39 s, wall 1791141522.5
exact step 2384: answers scored 8, mean expected reward 10.114, kl coef 0.0500, update 1.52 s, wall 1791141524.3
exact step 2385: answers scored 8, mean expected reward 9.870, kl coef 0.0500, update 1.70 s, wall 1791141528.3
exact step 2386: answers scored 8, mean expected reward 8.593, kl coef 0.0500, update 1.47 s, wall 1791141530.2
exact step 2387: answers scored 8, mean expected reward 10.519, kl coef 0.0500, update 1.47 s, wall 1791141532.0
exact step 2388: answers scored 8, mean expected reward 8.878, kl coef 0.0500, update 1.50 s, wall 1791141534.0
exact step 2389: answers scored 8, mean expected reward 10.138, kl coef 0.0500, update 1.51 s, wall 1791141535.8
exact step 2390: answers scored 8, mean expected reward 10.378, kl coef 0.0500, update 1.48 s, wall 1791141537.5
exact step 2391: answers scored 8, mean expected reward 10.336, kl coef 0.0500, update 1.52 s, wall 1791141539.6
exact step 2392: answers scored 8, mean expected reward 9.906, kl coef 0.0500, update 1.49 s, wall 1791141541.3
exact step 2393: answers scored 8, mean expected reward 9.795, kl coef 0.0500, update 1.57 s, wall 1791141543.7
exact step 2394: answers scored 8, mean expected reward 9.746, kl coef 0.0500, update 1.50 s, wall 1791141545.4
exact step 2395: answers scored 8, mean expected reward 10.023, kl coef 0.0500, update 1.49 s, wall 1791141547.5
exact step 2396: answers scored 8, mean expected reward 10.079, kl coef 0.0500, update 1.50 s, wall 1791141549.2
exact step 2397: answers scored 8, mean expected reward 8.450, kl coef 0.0500, update 1.49 s, wall 1791141551.0
exact step 2398: answers scored 8, mean expected reward 7.846, kl coef 0.0500, update 1.57 s, wall 1791141553.7
checkpoint at step 2400 (0.8 s)
exact step 2399: answers scored 8, mean expected reward 9.129, kl coef 0.0500, update 2.33 s, wall 1791141556.7
exact step 2400: answers scored 8, mean expected reward 9.605, kl coef 0.0500, update 1.49 s, wall 1791141558.5
exact step 2401: answers scored 8, mean expected reward 9.559, kl coef 0.0500, update 1.51 s, wall 1791141560.3
exact step 2402: answers scored 8, mean expected reward 9.700, kl coef 0.0500, update 1.66 s, wall 1791141563.0
exact step 2403: answers scored 8, mean expected reward 9.729, kl coef 0.0500, update 1.46 s, wall 1791141564.8
exact step 2404: answers scored 8, mean expected reward 10.068, kl coef 0.0500, update 1.51 s, wall 1791141566.5
exact step 2405: answers scored 8, mean expected reward 9.533, kl coef 0.0500, update 1.49 s, wall 1791141568.3
exact step 2406: answers scored 8, mean expected reward 10.469, kl coef 0.0500, update 1.48 s, wall 1791141570.1
exact step 2407: answers scored 8, mean expected reward 9.636, kl coef 0.0500, update 1.47 s, wall 1791141571.8
exact step 2408: answers scored 8, mean expected reward 10.319, kl coef 0.0500, update 1.50 s, wall 1791141573.9
exact step 2409: answers scored 8, mean expected reward 9.420, kl coef 0.0500, update 1.51 s, wall 1791141575.7
exact step 2410: answers scored 8, mean expected reward 10.005, kl coef 0.0500, update 1.46 s, wall 1791141577.4
exact step 2411: answers scored 8, mean expected reward 9.749, kl coef 0.0500, update 1.57 s, wall 1791141579.3
exact step 2412: answers scored 8, mean expected reward 9.575, kl coef 0.0500, update 1.57 s, wall 1791141581.1
exact step 2413: answers scored 8, mean expected reward 9.859, kl coef 0.0500, update 1.47 s, wall 1791141583.0
exact step 2414: answers scored 8, mean expected reward 9.662, kl coef 0.0500, update 1.52 s, wall 1791141584.8
exact step 2415: answers scored 8, mean expected reward 9.956, kl coef 0.0500, update 1.58 s, wall 1791141586.7
exact step 2416: answers scored 8, mean expected reward 10.294, kl coef 0.0500, update 1.49 s, wall 1791141588.4
exact step 2417: answers scored 8, mean expected reward 9.629, kl coef 0.0500, update 1.53 s, wall 1791141590.8
exact step 2418: answers scored 8, mean expected reward 10.507, kl coef 0.0500, update 1.56 s, wall 1791141592.6
exact step 2419: answers scored 8, mean expected reward 9.343, kl coef 0.0500, update 1.52 s, wall 1791141594.4
exact step 2420: answers scored 8, mean expected reward 10.569, kl coef 0.0500, update 1.43 s, wall 1791141596.1
exact step 2421: answers scored 8, mean expected reward 9.967, kl coef 0.0500, update 1.48 s, wall 1791141598.2
exact step 2422: answers scored 8, mean expected reward 10.130, kl coef 0.0500, update 1.50 s, wall 1791141599.9
exact step 2423: answers scored 8, mean expected reward 8.407, kl coef 0.0500, update 1.49 s, wall 1791141601.7
exact step 2424: answers scored 8, mean expected reward 9.801, kl coef 0.0500, update 1.56 s, wall 1791141603.6
exact step 2425: answers scored 8, mean expected reward 10.059, kl coef 0.0500, update 1.58 s, wall 1791141605.7
exact step 2426: answers scored 8, mean expected reward 9.200, kl coef 0.0500, update 1.51 s, wall 1791141607.9
exact step 2427: answers scored 7, mean expected reward 9.543, kl coef 0.0500, update 1.32 s, wall 1791141610.3
exact step 2428: answers scored 8, mean expected reward 10.237, kl coef 0.0500, update 1.61 s, wall 1791141612.7
exact step 2429: answers scored 8, mean expected reward 9.271, kl coef 0.0500, update 1.47 s, wall 1791141614.4
exact step 2430: answers scored 8, mean expected reward 10.442, kl coef 0.0500, update 1.59 s, wall 1791141616.4
exact step 2431: answers scored 8, mean expected reward 8.135, kl coef 0.0500, update 1.47 s, wall 1791141618.2
exact step 2432: answers scored 8, mean expected reward 9.481, kl coef 0.0500, update 1.47 s, wall 1791141620.1
exact step 2433: answers scored 8, mean expected reward 8.947, kl coef 0.0500, update 1.62 s, wall 1791141622.0
exact step 2434: answers scored 8, mean expected reward 10.602, kl coef 0.0500, update 1.46 s, wall 1791141623.7
exact step 2435: answers scored 8, mean expected reward 9.529, kl coef 0.0500, update 1.47 s, wall 1791141625.7
exact step 2436: answers scored 8, mean expected reward 10.578, kl coef 0.0500, update 1.50 s, wall 1791141627.6
exact step 2437: answers scored 8, mean expected reward 10.003, kl coef 0.0500, update 1.49 s, wall 1791141629.4
exact step 2438: answers scored 8, mean expected reward 8.960, kl coef 0.0500, update 1.49 s, wall 1791141631.1
exact step 2439: answers scored 8, mean expected reward 9.089, kl coef 0.0500, update 1.49 s, wall 1791141632.9
exact step 2440: answers scored 8, mean expected reward 9.821, kl coef 0.0500, update 1.50 s, wall 1791141634.7
exact step 2441: answers scored 8, mean expected reward 10.121, kl coef 0.0500, update 1.49 s, wall 1791141636.5
exact step 2442: answers scored 8, mean expected reward 10.175, kl coef 0.0500, update 1.56 s, wall 1791141638.3
exact step 2443: answers scored 7, mean expected reward 9.534, kl coef 0.0500, update 1.37 s, wall 1791141640.2
exact step 2444: answers scored 8, mean expected reward 9.824, kl coef 0.0500, update 1.46 s, wall 1791141641.9
exact step 2445: answers scored 8, mean expected reward 9.773, kl coef 0.0500, update 1.56 s, wall 1791141643.7
exact step 2446: answers scored 8, mean expected reward 9.574, kl coef 0.0500, update 1.51 s, wall 1791141645.5
exact step 2447: answers scored 8, mean expected reward 9.079, kl coef 0.0500, update 1.47 s, wall 1791141647.3
exact step 2448: answers scored 7, mean expected reward 10.252, kl coef 0.0500, update 1.52 s, wall 1791141649.3
exact step 2449: answers scored 8, mean expected reward 10.046, kl coef 0.0500, update 1.47 s, wall 1791141651.3
exact step 2450: answers scored 8, mean expected reward 9.491, kl coef 0.0500, update 1.50 s, wall 1791141653.3
exact step 2451: answers scored 8, mean expected reward 9.194, kl coef 0.0500, update 1.52 s, wall 1791141655.1
exact step 2452: answers scored 8, mean expected reward 9.137, kl coef 0.0500, update 1.47 s, wall 1791141656.8
exact step 2453: answers scored 8, mean expected reward 9.311, kl coef 0.0500, update 1.49 s, wall 1791141658.6
exact step 2454: answers scored 7, mean expected reward 10.498, kl coef 0.0500, update 1.37 s, wall 1791141660.4
exact step 2455: answers scored 8, mean expected reward 9.307, kl coef 0.0500, update 1.43 s, wall 1791141662.1
exact step 2456: answers scored 8, mean expected reward 10.422, kl coef 0.0500, update 1.50 s, wall 1791141663.9
exact step 2457: answers scored 8, mean expected reward 9.745, kl coef 0.0500, update 1.47 s, wall 1791141665.7
exact step 2458: answers scored 8, mean expected reward 9.869, kl coef 0.0500, update 1.46 s, wall 1791141667.4
exact step 2459: answers scored 8, mean expected reward 10.322, kl coef 0.0500, update 1.44 s, wall 1791141669.2
exact step 2460: answers scored 7, mean expected reward 9.866, kl coef 0.0500, update 1.33 s, wall 1791141671.3
exact step 2461: answers scored 8, mean expected reward 9.751, kl coef 0.0500, update 1.52 s, wall 1791141673.0
exact step 2462: answers scored 8, mean expected reward 10.623, kl coef 0.0500, update 1.52 s, wall 1791141674.8
exact step 2463: answers scored 8, mean expected reward 9.814, kl coef 0.0500, update 1.49 s, wall 1791141676.8
exact step 2464: answers scored 8, mean expected reward 10.091, kl coef 0.0500, update 1.48 s, wall 1791141678.6
exact step 2465: answers scored 8, mean expected reward 10.410, kl coef 0.0500, update 1.50 s, wall 1791141680.4
exact step 2466: answers scored 8, mean expected reward 9.716, kl coef 0.0500, update 1.58 s, wall 1791141682.3
exact step 2467: answers scored 8, mean expected reward 10.481, kl coef 0.0500, update 1.46 s, wall 1791141684.1
exact step 2468: answers scored 8, mean expected reward 10.894, kl coef 0.0500, update 1.46 s, wall 1791141685.9
exact step 2469: answers scored 8, mean expected reward 9.205, kl coef 0.0500, update 1.45 s, wall 1791141687.6
exact step 2470: answers scored 8, mean expected reward 8.518, kl coef 0.0500, update 1.58 s, wall 1791141689.4
exact step 2471: answers scored 8, mean expected reward 9.886, kl coef 0.0500, update 1.57 s, wall 1791141691.3
exact step 2472: answers scored 7, mean expected reward 10.803, kl coef 0.0500, update 1.36 s, wall 1791141693.0
exact step 2473: answers scored 8, mean expected reward 9.205, kl coef 0.0500, update 1.47 s, wall 1791141694.7
exact step 2474: answers scored 8, mean expected reward 9.821, kl coef 0.0500, update 1.57 s, wall 1791141696.6
exact step 2475: answers scored 8, mean expected reward 9.322, kl coef 0.0500, update 1.57 s, wall 1791141699.2
exact step 2476: answers scored 8, mean expected reward 8.381, kl coef 0.0500, update 1.46 s, wall 1791141700.9
exact step 2477: answers scored 8, mean expected reward 9.264, kl coef 0.0500, update 1.50 s, wall 1791141702.8
exact step 2478: answers scored 8, mean expected reward 9.336, kl coef 0.0500, update 1.47 s, wall 1791141704.5
exact step 2479: answers scored 8, mean expected reward 10.278, kl coef 0.0500, update 1.50 s, wall 1791141706.3
exact step 2480: answers scored 8, mean expected reward 10.253, kl coef 0.0500, update 1.52 s, wall 1791141708.1
exact step 2481: answers scored 8, mean expected reward 9.456, kl coef 0.0500, update 1.58 s, wall 1791141710.2
exact step 2482: answers scored 8, mean expected reward 9.188, kl coef 0.0500, update 1.47 s, wall 1791141712.0
exact step 2483: answers scored 8, mean expected reward 9.240, kl coef 0.0500, update 1.49 s, wall 1791141714.2
exact step 2484: answers scored 8, mean expected reward 9.854, kl coef 0.0500, update 1.49 s, wall 1791141716.0
exact step 2485: answers scored 8, mean expected reward 10.080, kl coef 0.0500, update 1.49 s, wall 1791141717.7
exact step 2486: answers scored 8, mean expected reward 9.829, kl coef 0.0500, update 1.52 s, wall 1791141720.0
exact step 2487: answers scored 8, mean expected reward 10.062, kl coef 0.0500, update 1.61 s, wall 1791141722.0
exact step 2488: answers scored 8, mean expected reward 9.110, kl coef 0.0500, update 1.58 s, wall 1791141723.8
exact step 2489: answers scored 8, mean expected reward 10.512, kl coef 0.0500, update 1.59 s, wall 1791141725.8
exact step 2490: answers scored 8, mean expected reward 10.059, kl coef 0.0500, update 1.57 s, wall 1791141727.8
exact step 2491: answers scored 8, mean expected reward 10.022, kl coef 0.0500, update 1.50 s, wall 1791141730.1
exact step 2492: answers scored 8, mean expected reward 10.239, kl coef 0.0500, update 1.49 s, wall 1791141731.8
exact step 2493: answers scored 8, mean expected reward 10.450, kl coef 0.0500, update 1.50 s, wall 1791141733.6
exact step 2494: answers scored 8, mean expected reward 11.250, kl coef 0.0500, update 1.58 s, wall 1791141735.5
exact step 2495: answers scored 8, mean expected reward 9.833, kl coef 0.0500, update 1.67 s, wall 1791141737.4
exact step 2496: answers scored 8, mean expected reward 8.481, kl coef 0.0500, update 1.61 s, wall 1791141739.3
exact step 2497: answers scored 8, mean expected reward 9.969, kl coef 0.0500, update 1.50 s, wall 1791141741.1
exact step 2498: answers scored 8, mean expected reward 9.663, kl coef 0.0500, update 1.56 s, wall 1791141743.9
exact step 2499: answers scored 8, mean expected reward 9.588, kl coef 0.0500, update 3.00 s, wall 1791141747.7
exact step 2500: answers scored 8, mean expected reward 10.253, kl coef 0.0500, update 1.51 s, wall 1791141749.5
exact step 2501: answers scored 8, mean expected reward 10.541, kl coef 0.0500, update 1.49 s, wall 1791141751.2
exact step 2502: answers scored 8, mean expected reward 10.430, kl coef 0.0500, update 1.64 s, wall 1791141753.2
exact step 2503: answers scored 6, mean expected reward 9.192, kl coef 0.0500, update 1.36 s, wall 1791141760.4
exact step 2504: answers scored 8, mean expected reward 10.028, kl coef 0.0500, update 1.50 s, wall 1791141762.4
exact step 2505: answers scored 8, mean expected reward 10.688, kl coef 0.0500, update 1.56 s, wall 1791141764.2
exact step 2506: answers scored 7, mean expected reward 9.825, kl coef 0.0500, update 1.39 s, wall 1791141767.0
exact step 2507: answers scored 8, mean expected reward 9.697, kl coef 0.0500, update 1.50 s, wall 1791141768.8
exact step 2508: answers scored 8, mean expected reward 8.445, kl coef 0.0500, update 1.50 s, wall 1791141770.6
exact step 2509: answers scored 8, mean expected reward 7.916, kl coef 0.0500, update 1.52 s, wall 1791141772.5
exact step 2510: answers scored 8, mean expected reward 8.850, kl coef 0.0500, update 1.47 s, wall 1791141774.2
exact step 2511: answers scored 7, mean expected reward 9.961, kl coef 0.0500, update 1.37 s, wall 1791141776.3
exact step 2512: answers scored 8, mean expected reward 9.632, kl coef 0.0500, update 1.47 s, wall 1791141778.1
exact step 2513: answers scored 6, mean expected reward 9.824, kl coef 0.0500, update 1.32 s, wall 1791141780.3
exact step 2514: answers scored 8, mean expected reward 10.634, kl coef 0.0500, update 1.49 s, wall 1791141782.1
exact step 2515: answers scored 8, mean expected reward 10.799, kl coef 0.0500, update 1.59 s, wall 1791141785.0
exact step 2516: answers scored 8, mean expected reward 9.939, kl coef 0.0500, update 1.53 s, wall 1791141787.2
exact step 2517: answers scored 8, mean expected reward 9.347, kl coef 0.0500, update 1.46 s, wall 1791141788.9
exact step 2518: answers scored 8, mean expected reward 10.681, kl coef 0.0500, update 1.53 s, wall 1791141790.7
exact step 2519: answers scored 8, mean expected reward 10.183, kl coef 0.0500, update 1.42 s, wall 1791141792.3
exact step 2520: answers scored 8, mean expected reward 8.682, kl coef 0.0500, update 1.49 s, wall 1791141794.3
exact step 2521: answers scored 8, mean expected reward 10.108, kl coef 0.0500, update 1.46 s, wall 1791141796.0
exact step 2522: answers scored 8, mean expected reward 9.514, kl coef 0.0500, update 1.47 s, wall 1791141797.8
exact step 2523: answers scored 8, mean expected reward 10.456, kl coef 0.0500, update 1.56 s, wall 1791141799.7
exact step 2524: answers scored 8, mean expected reward 9.209, kl coef 0.0500, update 1.50 s, wall 1791141801.5
exact step 2525: answers scored 8, mean expected reward 7.458, kl coef 0.0500, update 1.47 s, wall 1791141803.5
exact step 2526: answers scored 8, mean expected reward 10.159, kl coef 0.0500, update 1.47 s, wall 1791141805.4
exact step 2527: answers scored 8, mean expected reward 8.933, kl coef 0.0500, update 1.62 s, wall 1791141807.3
exact step 2528: answers scored 8, mean expected reward 9.825, kl coef 0.0500, update 1.50 s, wall 1791141809.4
exact step 2529: answers scored 7, mean expected reward 9.845, kl coef 0.0500, update 1.35 s, wall 1791141811.7
exact step 2530: answers scored 8, mean expected reward 8.763, kl coef 0.0500, update 1.45 s, wall 1791141813.4
exact step 2531: answers scored 8, mean expected reward 9.805, kl coef 0.0500, update 1.58 s, wall 1791141815.5
exact step 2532: answers scored 7, mean expected reward 10.389, kl coef 0.0500, update 1.39 s, wall 1791141818.5
exact step 2533: answers scored 8, mean expected reward 11.093, kl coef 0.0500, update 1.56 s, wall 1791141821.2
exact step 2534: answers scored 8, mean expected reward 10.344, kl coef 0.0500, update 1.46 s, wall 1791141823.1
exact step 2535: answers scored 6, mean expected reward 10.290, kl coef 0.0500, update 1.35 s, wall 1791141825.2
exact step 2536: answers scored 7, mean expected reward 9.800, kl coef 0.0500, update 1.36 s, wall 1791141827.0
exact step 2537: answers scored 8, mean expected reward 10.160, kl coef 0.0500, update 1.47 s, wall 1791141828.7
exact step 2538: answers scored 8, mean expected reward 8.693, kl coef 0.0500, update 1.49 s, wall 1791141830.4
exact step 2539: answers scored 8, mean expected reward 9.995, kl coef 0.0500, update 1.47 s, wall 1791141832.1
exact step 2540: answers scored 8, mean expected reward 10.769, kl coef 0.0500, update 1.43 s, wall 1791141833.9
exact step 2541: answers scored 8, mean expected reward 9.866, kl coef 0.0500, update 1.52 s, wall 1791141835.9
exact step 2542: answers scored 8, mean expected reward 9.820, kl coef 0.0500, update 1.46 s, wall 1791141837.6
exact step 2543: answers scored 8, mean expected reward 9.466, kl coef 0.0500, update 1.58 s, wall 1791141839.5
exact step 2544: answers scored 8, mean expected reward 9.445, kl coef 0.0500, update 1.48 s, wall 1791141841.5
exact step 2545: answers scored 8, mean expected reward 9.482, kl coef 0.0500, update 1.49 s, wall 1791141843.7
exact step 2546: answers scored 8, mean expected reward 10.043, kl coef 0.0500, update 1.47 s, wall 1791141845.6
exact step 2547: answers scored 8, mean expected reward 10.040, kl coef 0.0500, update 1.46 s, wall 1791141847.3
exact step 2548: answers scored 8, mean expected reward 9.791, kl coef 0.0500, update 1.47 s, wall 1791141849.0
exact step 2549: answers scored 8, mean expected reward 9.105, kl coef 0.0500, update 1.59 s, wall 1791141851.3
exact step 2550: answers scored 8, mean expected reward 9.487, kl coef 0.0500, update 1.52 s, wall 1791141853.2
exact step 2551: answers scored 8, mean expected reward 10.062, kl coef 0.0500, update 1.48 s, wall 1791141854.9
exact step 2552: answers scored 8, mean expected reward 9.767, kl coef 0.0500, update 1.51 s, wall 1791141856.8
exact step 2553: answers scored 8, mean expected reward 10.058, kl coef 0.0500, update 1.53 s, wall 1791141858.6
exact step 2554: answers scored 8, mean expected reward 9.381, kl coef 0.0500, update 1.51 s, wall 1791141860.4
exact step 2555: answers scored 8, mean expected reward 8.866, kl coef 0.0500, update 1.62 s, wall 1791141862.4
exact step 2556: answers scored 8, mean expected reward 9.262, kl coef 0.0500, update 1.56 s, wall 1791141864.4
exact step 2557: answers scored 8, mean expected reward 10.038, kl coef 0.0500, update 1.57 s, wall 1791141866.3
exact step 2558: answers scored 8, mean expected reward 10.057, kl coef 0.0500, update 1.60 s, wall 1791141868.2
exact step 2559: answers scored 8, mean expected reward 10.066, kl coef 0.0500, update 1.47 s, wall 1791141870.1
exact step 2560: answers scored 8, mean expected reward 8.726, kl coef 0.0500, update 1.51 s, wall 1791141871.9
exact step 2561: answers scored 7, mean expected reward 9.827, kl coef 0.0500, update 1.45 s, wall 1791141873.9
exact step 2562: answers scored 8, mean expected reward 9.312, kl coef 0.0500, update 1.73 s, wall 1791141877.3
exact step 2563: answers scored 8, mean expected reward 7.604, kl coef 0.0500, update 1.54 s, wall 1791141879.2
exact step 2564: answers scored 8, mean expected reward 9.927, kl coef 0.0500, update 1.62 s, wall 1791141881.1
exact step 2565: answers scored 8, mean expected reward 10.094, kl coef 0.0500, update 1.56 s, wall 1791141883.1
exact step 2566: answers scored 8, mean expected reward 9.679, kl coef 0.0500, update 1.48 s, wall 1791141884.8
exact step 2567: answers scored 8, mean expected reward 9.665, kl coef 0.0500, update 1.52 s, wall 1791141886.6
exact step 2568: answers scored 8, mean expected reward 9.369, kl coef 0.0500, update 1.50 s, wall 1791141888.4
exact step 2569: answers scored 8, mean expected reward 9.998, kl coef 0.0500, update 1.50 s, wall 1791141890.3
exact step 2570: answers scored 8, mean expected reward 9.487, kl coef 0.0500, update 1.50 s, wall 1791141892.2
exact step 2571: answers scored 8, mean expected reward 9.514, kl coef 0.0500, update 1.54 s, wall 1791141894.0
exact step 2572: answers scored 8, mean expected reward 10.011, kl coef 0.0500, update 1.51 s, wall 1791141895.8
exact step 2573: answers scored 8, mean expected reward 9.526, kl coef 0.0500, update 1.51 s, wall 1791141897.5
exact step 2574: answers scored 8, mean expected reward 8.893, kl coef 0.0500, update 1.49 s, wall 1791141899.3
exact step 2575: answers scored 8, mean expected reward 10.705, kl coef 0.0500, update 1.49 s, wall 1791141901.1
exact step 2576: answers scored 8, mean expected reward 10.346, kl coef 0.0500, update 1.45 s, wall 1791141902.8
exact step 2577: answers scored 8, mean expected reward 10.363, kl coef 0.0500, update 1.44 s, wall 1791141904.5
exact step 2578: answers scored 8, mean expected reward 8.696, kl coef 0.0500, update 1.51 s, wall 1791141906.3
exact step 2579: answers scored 7, mean expected reward 9.870, kl coef 0.0500, update 1.41 s, wall 1791141907.9
exact step 2580: answers scored 8, mean expected reward 9.589, kl coef 0.0500, update 1.56 s, wall 1791141909.8
exact step 2581: answers scored 8, mean expected reward 9.934, kl coef 0.0500, update 1.48 s, wall 1791141911.6
exact step 2582: answers scored 7, mean expected reward 10.109, kl coef 0.0500, update 1.50 s, wall 1791141914.4
exact step 2583: answers scored 8, mean expected reward 9.914, kl coef 0.0500, update 1.51 s, wall 1791141916.7
exact step 2584: answers scored 8, mean expected reward 9.247, kl coef 0.0500, update 1.51 s, wall 1791141918.5
exact step 2585: answers scored 8, mean expected reward 9.365, kl coef 0.0500, update 1.48 s, wall 1791141920.4
exact step 2586: answers scored 8, mean expected reward 8.948, kl coef 0.0500, update 1.47 s, wall 1791141922.2
exact step 2587: answers scored 7, mean expected reward 9.475, kl coef 0.0500, update 1.39 s, wall 1791141923.9
exact step 2588: answers scored 8, mean expected reward 8.838, kl coef 0.0500, update 1.49 s, wall 1791141926.0
exact step 2589: answers scored 7, mean expected reward 8.753, kl coef 0.0500, update 1.39 s, wall 1791141928.7
exact step 2590: answers scored 7, mean expected reward 9.182, kl coef 0.0500, update 1.37 s, wall 1791141931.2
exact step 2591: answers scored 8, mean expected reward 10.099, kl coef 0.0500, update 1.74 s, wall 1791141934.5
exact step 2592: answers scored 8, mean expected reward 9.976, kl coef 0.0500, update 1.51 s, wall 1791141936.3
exact step 2593: answers scored 8, mean expected reward 10.043, kl coef 0.0500, update 1.48 s, wall 1791141938.0
exact step 2594: answers scored 8, mean expected reward 10.259, kl coef 0.0500, update 1.49 s, wall 1791141939.8
exact step 2595: answers scored 8, mean expected reward 9.624, kl coef 0.0500, update 1.48 s, wall 1791141941.7
exact step 2596: answers scored 8, mean expected reward 9.770, kl coef 0.0500, update 1.53 s, wall 1791141943.6
exact step 2597: answers scored 8, mean expected reward 9.589, kl coef 0.0500, update 1.58 s, wall 1791141945.5
exact step 2598: answers scored 8, mean expected reward 9.547, kl coef 0.0500, update 2.02 s, wall 1791141951.8
checkpoint at step 2600 (0.8 s)
exact step 2599: answers scored 8, mean expected reward 9.881, kl coef 0.0500, update 2.36 s, wall 1791141954.4
exact step 2600: answers scored 7, mean expected reward 10.184, kl coef 0.0500, update 1.39 s, wall 1791141956.7
exact step 2601: answers scored 8, mean expected reward 9.515, kl coef 0.0500, update 1.49 s, wall 1791141958.6
exact step 2602: answers scored 8, mean expected reward 8.496, kl coef 0.0500, update 1.50 s, wall 1791141960.4
exact step 2603: answers scored 7, mean expected reward 10.726, kl coef 0.0500, update 1.50 s, wall 1791141962.3
exact step 2604: answers scored 8, mean expected reward 9.454, kl coef 0.0500, update 1.47 s, wall 1791141964.1
exact step 2605: answers scored 8, mean expected reward 8.011, kl coef 0.0500, update 1.51 s, wall 1791141966.0
exact step 2606: answers scored 8, mean expected reward 10.368, kl coef 0.0500, update 1.47 s, wall 1791141967.8
exact step 2607: answers scored 8, mean expected reward 9.661, kl coef 0.0500, update 1.48 s, wall 1791141969.6
exact step 2608: answers scored 8, mean expected reward 9.757, kl coef 0.0500, update 1.59 s, wall 1791141971.5
exact step 2609: answers scored 8, mean expected reward 10.650, kl coef 0.0500, update 1.51 s, wall 1791141973.7
exact step 2610: answers scored 8, mean expected reward 9.163, kl coef 0.0500, update 1.50 s, wall 1791141975.5
exact step 2611: answers scored 8, mean expected reward 9.548, kl coef 0.0500, update 1.52 s, wall 1791141977.3
exact step 2612: answers scored 7, mean expected reward 10.294, kl coef 0.0500, update 1.42 s, wall 1791141979.6
exact step 2613: answers scored 8, mean expected reward 9.813, kl coef 0.0500, update 1.49 s, wall 1791141981.3
exact step 2614: answers scored 8, mean expected reward 9.648, kl coef 0.0500, update 1.47 s, wall 1791141983.2
exact step 2615: answers scored 8, mean expected reward 9.223, kl coef 0.0500, update 1.44 s, wall 1791141984.9
exact step 2616: answers scored 8, mean expected reward 9.707, kl coef 0.0500, update 1.59 s, wall 1791141987.5
exact step 2617: answers scored 8, mean expected reward 10.585, kl coef 0.0500, update 1.64 s, wall 1791141989.4
exact step 2618: answers scored 8, mean expected reward 10.195, kl coef 0.0500, update 1.49 s, wall 1791141991.2
exact step 2619: answers scored 8, mean expected reward 8.777, kl coef 0.0500, update 1.47 s, wall 1791141993.1
exact step 2620: answers scored 7, mean expected reward 10.203, kl coef 0.0500, update 1.34 s, wall 1791141994.9
exact step 2621: answers scored 8, mean expected reward 10.521, kl coef 0.0500, update 1.44 s, wall 1791141996.6
exact step 2622: answers scored 8, mean expected reward 11.286, kl coef 0.0500, update 1.49 s, wall 1791141998.4
exact step 2623: answers scored 8, mean expected reward 9.520, kl coef 0.0500, update 1.50 s, wall 1791142000.1
exact step 2624: answers scored 8, mean expected reward 9.967, kl coef 0.0500, update 1.57 s, wall 1791142001.9
exact step 2625: answers scored 8, mean expected reward 9.307, kl coef 0.0500, update 1.49 s, wall 1791142003.7
exact step 2626: answers scored 8, mean expected reward 9.649, kl coef 0.0500, update 1.50 s, wall 1791142005.5
exact step 2627: answers scored 8, mean expected reward 9.253, kl coef 0.0500, update 1.47 s, wall 1791142007.3
exact step 2628: answers scored 8, mean expected reward 9.377, kl coef 0.0500, update 1.47 s, wall 1791142009.0
exact step 2629: answers scored 8, mean expected reward 9.664, kl coef 0.0500, update 1.57 s, wall 1791142011.1
exact step 2630: answers scored 8, mean expected reward 10.260, kl coef 0.0500, update 1.47 s, wall 1791142013.0
exact step 2631: answers scored 7, mean expected reward 9.970, kl coef 0.0500, update 1.38 s, wall 1791142015.2
exact step 2632: answers scored 8, mean expected reward 9.359, kl coef 0.0500, update 1.46 s, wall 1791142016.9
exact step 2633: answers scored 8, mean expected reward 9.209, kl coef 0.0500, update 1.46 s, wall 1791142018.6
exact step 2634: answers scored 8, mean expected reward 10.230, kl coef 0.0500, update 1.52 s, wall 1791142020.4
exact step 2635: answers scored 8, mean expected reward 9.945, kl coef 0.0500, update 1.57 s, wall 1791142023.2
exact step 2636: answers scored 8, mean expected reward 8.559, kl coef 0.0500, update 1.60 s, wall 1791142026.4
exact step 2637: answers scored 8, mean expected reward 9.598, kl coef 0.0500, update 1.48 s, wall 1791142028.1
exact step 2638: answers scored 8, mean expected reward 9.926, kl coef 0.0500, update 1.49 s, wall 1791142030.0
exact step 2639: answers scored 8, mean expected reward 9.963, kl coef 0.0500, update 1.57 s, wall 1791142032.0
exact step 2640: answers scored 8, mean expected reward 9.956, kl coef 0.0500, update 1.45 s, wall 1791142033.7
exact step 2641: answers scored 8, mean expected reward 9.550, kl coef 0.0500, update 1.46 s, wall 1791142035.5
exact step 2642: answers scored 8, mean expected reward 9.637, kl coef 0.0500, update 1.56 s, wall 1791142037.3
exact step 2643: answers scored 8, mean expected reward 10.550, kl coef 0.0500, update 1.67 s, wall 1791142039.3
exact step 2644: answers scored 8, mean expected reward 10.649, kl coef 0.0500, update 1.47 s, wall 1791142041.1
exact step 2645: answers scored 8, mean expected reward 9.855, kl coef 0.0500, update 1.51 s, wall 1791142042.9
exact step 2646: answers scored 8, mean expected reward 10.785, kl coef 0.0500, update 1.47 s, wall 1791142044.6
exact step 2647: answers scored 8, mean expected reward 10.385, kl coef 0.0500, update 1.48 s, wall 1791142046.4
exact step 2648: answers scored 8, mean expected reward 8.991, kl coef 0.0500, update 1.59 s, wall 1791142048.9
exact step 2649: answers scored 8, mean expected reward 10.248, kl coef 0.0500, update 1.50 s, wall 1791142050.7
exact step 2650: answers scored 8, mean expected reward 10.745, kl coef 0.0500, update 1.50 s, wall 1791142052.5
exact step 2651: answers scored 8, mean expected reward 10.430, kl coef 0.0500, update 1.47 s, wall 1791142054.3
exact step 2652: answers scored 7, mean expected reward 9.189, kl coef 0.0500, update 1.32 s, wall 1791142055.9
exact step 2653: answers scored 8, mean expected reward 10.688, kl coef 0.0500, update 1.58 s, wall 1791142058.1
exact step 2654: answers scored 8, mean expected reward 9.603, kl coef 0.0500, update 1.50 s, wall 1791142059.9
exact step 2655: answers scored 8, mean expected reward 9.731, kl coef 0.0500, update 1.58 s, wall 1791142061.8
exact step 2656: answers scored 8, mean expected reward 10.023, kl coef 0.0500, update 1.50 s, wall 1791142063.5
exact step 2657: answers scored 7, mean expected reward 8.527, kl coef 0.0500, update 1.43 s, wall 1791142065.3
exact step 2658: answers scored 8, mean expected reward 8.576, kl coef 0.0500, update 1.50 s, wall 1791142067.1
exact step 2659: answers scored 8, mean expected reward 8.712, kl coef 0.0500, update 1.49 s, wall 1791142069.1
exact step 2660: answers scored 8, mean expected reward 9.913, kl coef 0.0500, update 1.60 s, wall 1791142071.0
exact step 2661: answers scored 8, mean expected reward 10.045, kl coef 0.0500, update 1.51 s, wall 1791142073.0
exact step 2662: answers scored 8, mean expected reward 10.141, kl coef 0.0500, update 1.52 s, wall 1791142074.8
exact step 2663: answers scored 7, mean expected reward 9.532, kl coef 0.0500, update 1.34 s, wall 1791142077.6
exact step 2664: answers scored 8, mean expected reward 10.752, kl coef 0.0500, update 1.49 s, wall 1791142079.4
exact step 2665: answers scored 8, mean expected reward 9.634, kl coef 0.0500, update 1.51 s, wall 1791142081.6
exact step 2666: answers scored 8, mean expected reward 9.687, kl coef 0.0500, update 1.52 s, wall 1791142083.4
exact step 2667: answers scored 8, mean expected reward 9.349, kl coef 0.0500, update 1.57 s, wall 1791142085.2
exact step 2668: answers scored 8, mean expected reward 9.241, kl coef 0.0500, update 1.48 s, wall 1791142087.0
exact step 2669: answers scored 8, mean expected reward 8.631, kl coef 0.0500, update 1.49 s, wall 1791142088.9
exact step 2670: answers scored 8, mean expected reward 10.158, kl coef 0.0500, update 1.47 s, wall 1791142090.7
exact step 2671: answers scored 8, mean expected reward 10.135, kl coef 0.0500, update 1.47 s, wall 1791142092.4
exact step 2672: answers scored 8, mean expected reward 10.107, kl coef 0.0500, update 1.50 s, wall 1791142094.3
exact step 2673: answers scored 8, mean expected reward 10.698, kl coef 0.0500, update 1.65 s, wall 1791142097.2
exact step 2674: answers scored 7, mean expected reward 11.511, kl coef 0.0500, update 1.33 s, wall 1791142099.9
exact step 2675: answers scored 8, mean expected reward 8.967, kl coef 0.0500, update 1.55 s, wall 1791142101.7
exact step 2676: answers scored 8, mean expected reward 10.508, kl coef 0.0500, update 1.46 s, wall 1791142103.4
exact step 2677: answers scored 8, mean expected reward 8.855, kl coef 0.0500, update 1.58 s, wall 1791142105.4
exact step 2678: answers scored 7, mean expected reward 10.830, kl coef 0.0500, update 1.27 s, wall 1791142108.4
exact step 2679: answers scored 7, mean expected reward 10.538, kl coef 0.0500, update 1.38 s, wall 1791142111.0
exact step 2680: answers scored 8, mean expected reward 10.451, kl coef 0.0500, update 1.47 s, wall 1791142112.8
exact step 2681: answers scored 7, mean expected reward 9.946, kl coef 0.0500, update 1.33 s, wall 1791142114.4
exact step 2682: answers scored 8, mean expected reward 10.302, kl coef 0.0500, update 1.47 s, wall 1791142116.1
exact step 2683: answers scored 7, mean expected reward 9.752, kl coef 0.0500, update 1.37 s, wall 1791142117.9
exact step 2684: answers scored 8, mean expected reward 11.012, kl coef 0.0500, update 1.51 s, wall 1791142119.7
exact step 2685: answers scored 8, mean expected reward 8.748, kl coef 0.0500, update 1.49 s, wall 1791142121.5
exact step 2686: answers scored 8, mean expected reward 10.990, kl coef 0.0500, update 1.47 s, wall 1791142123.3
exact step 2687: answers scored 8, mean expected reward 10.704, kl coef 0.0500, update 1.51 s, wall 1791142125.0
exact step 2688: answers scored 8, mean expected reward 9.358, kl coef 0.0500, update 1.51 s, wall 1791142126.9
exact step 2689: answers scored 8, mean expected reward 9.890, kl coef 0.0500, update 1.57 s, wall 1791142128.7
exact step 2690: answers scored 8, mean expected reward 10.150, kl coef 0.0500, update 1.50 s, wall 1791142130.9
exact step 2691: answers scored 8, mean expected reward 10.612, kl coef 0.0500, update 1.48 s, wall 1791142132.8
exact step 2692: answers scored 8, mean expected reward 10.032, kl coef 0.0500, update 1.49 s, wall 1791142134.7
exact step 2693: answers scored 8, mean expected reward 9.556, kl coef 0.0500, update 1.52 s, wall 1791142136.5
exact step 2694: answers scored 7, mean expected reward 9.495, kl coef 0.0500, update 1.41 s, wall 1791142138.9
exact step 2695: answers scored 8, mean expected reward 9.569, kl coef 0.0500, update 1.49 s, wall 1791142140.7
exact step 2696: answers scored 7, mean expected reward 9.786, kl coef 0.0500, update 1.48 s, wall 1791142143.6
exact step 2697: answers scored 8, mean expected reward 9.599, kl coef 0.0500, update 1.49 s, wall 1791142145.7
exact step 2698: answers scored 7, mean expected reward 9.932, kl coef 0.0500, update 1.37 s, wall 1791142152.9
exact step 2699: answers scored 8, mean expected reward 10.123, kl coef 0.0500, update 1.58 s, wall 1791142154.8
exact step 2700: answers scored 8, mean expected reward 10.241, kl coef 0.0500, update 1.50 s, wall 1791142156.7
exact step 2701: answers scored 8, mean expected reward 8.567, kl coef 0.0500, update 1.47 s, wall 1791142158.5
exact step 2702: answers scored 8, mean expected reward 9.482, kl coef 0.0500, update 1.50 s, wall 1791142160.3
exact step 2703: answers scored 8, mean expected reward 10.057, kl coef 0.0500, update 1.67 s, wall 1791142162.6
exact step 2704: answers scored 8, mean expected reward 9.164, kl coef 0.0500, update 1.56 s, wall 1791142164.7
exact step 2705: answers scored 8, mean expected reward 10.190, kl coef 0.0500, update 1.50 s, wall 1791142166.6
exact step 2706: answers scored 8, mean expected reward 9.387, kl coef 0.0500, update 1.56 s, wall 1791142168.4
exact step 2707: answers scored 8, mean expected reward 7.692, kl coef 0.0500, update 1.49 s, wall 1791142170.2
exact step 2708: answers scored 8, mean expected reward 9.680, kl coef 0.0500, update 1.46 s, wall 1791142171.9
exact step 2709: answers scored 8, mean expected reward 9.720, kl coef 0.0500, update 1.49 s, wall 1791142173.9
exact step 2710: answers scored 8, mean expected reward 9.739, kl coef 0.0500, update 1.60 s, wall 1791142175.8
exact step 2711: answers scored 8, mean expected reward 10.578, kl coef 0.0500, update 1.63 s, wall 1791142177.7
exact step 2712: answers scored 8, mean expected reward 10.450, kl coef 0.0500, update 1.52 s, wall 1791142179.5
exact step 2713: answers scored 8, mean expected reward 9.628, kl coef 0.0500, update 1.48 s, wall 1791142181.3
exact step 2714: answers scored 8, mean expected reward 9.927, kl coef 0.0500, update 1.58 s, wall 1791142183.2
exact step 2715: answers scored 8, mean expected reward 9.333, kl coef 0.0500, update 1.46 s, wall 1791142184.9
exact step 2716: answers scored 8, mean expected reward 9.977, kl coef 0.0500, update 1.51 s, wall 1791142186.7
exact step 2717: answers scored 8, mean expected reward 9.198, kl coef 0.0500, update 1.46 s, wall 1791142188.5
exact step 2718: answers scored 7, mean expected reward 9.320, kl coef 0.0500, update 1.33 s, wall 1791142190.2
exact step 2719: answers scored 8, mean expected reward 10.771, kl coef 0.0500, update 1.52 s, wall 1791142192.0
exact step 2720: answers scored 8, mean expected reward 9.587, kl coef 0.0500, update 1.55 s, wall 1791142194.0
exact step 2721: answers scored 8, mean expected reward 10.756, kl coef 0.0500, update 1.47 s, wall 1791142195.7
exact step 2722: answers scored 8, mean expected reward 8.274, kl coef 0.0500, update 1.49 s, wall 1791142197.6
exact step 2723: answers scored 8, mean expected reward 9.235, kl coef 0.0500, update 1.51 s, wall 1791142199.6
exact step 2724: answers scored 8, mean expected reward 10.386, kl coef 0.0500, update 1.50 s, wall 1791142201.4
exact step 2725: answers scored 7, mean expected reward 9.473, kl coef 0.0500, update 1.37 s, wall 1791142204.0
exact step 2726: answers scored 8, mean expected reward 9.751, kl coef 0.0500, update 1.50 s, wall 1791142206.3
exact step 2727: answers scored 8, mean expected reward 9.520, kl coef 0.0500, update 1.56 s, wall 1791142208.2
exact step 2728: answers scored 8, mean expected reward 9.889, kl coef 0.0500, update 1.46 s, wall 1791142209.9
exact step 2729: answers scored 8, mean expected reward 10.354, kl coef 0.0500, update 1.53 s, wall 1791142211.7
exact step 2730: answers scored 8, mean expected reward 9.901, kl coef 0.0500, update 1.52 s, wall 1791142213.5
exact step 2731: answers scored 7, mean expected reward 10.421, kl coef 0.0500, update 1.39 s, wall 1791142215.2
exact step 2732: answers scored 8, mean expected reward 9.710, kl coef 0.0500, update 1.45 s, wall 1791142216.9
exact step 2733: answers scored 8, mean expected reward 9.788, kl coef 0.0500, update 1.46 s, wall 1791142218.6
exact step 2734: answers scored 8, mean expected reward 9.914, kl coef 0.0500, update 1.51 s, wall 1791142221.0
exact step 2735: answers scored 8, mean expected reward 10.025, kl coef 0.0500, update 1.47 s, wall 1791142222.9
exact step 2736: answers scored 8, mean expected reward 9.816, kl coef 0.0500, update 1.57 s, wall 1791142225.0
exact step 2737: answers scored 8, mean expected reward 10.378, kl coef 0.0500, update 1.45 s, wall 1791142226.7
exact step 2738: answers scored 8, mean expected reward 10.157, kl coef 0.0500, update 1.51 s, wall 1791142228.6
exact step 2739: answers scored 8, mean expected reward 9.073, kl coef 0.0500, update 1.50 s, wall 1791142230.3
exact step 2740: answers scored 8, mean expected reward 10.217, kl coef 0.0500, update 1.47 s, wall 1791142232.0
exact step 2741: answers scored 7, mean expected reward 10.230, kl coef 0.0500, update 1.33 s, wall 1791142234.7
exact step 2742: answers scored 8, mean expected reward 8.149, kl coef 0.0500, update 1.62 s, wall 1791142236.6
exact step 2743: answers scored 8, mean expected reward 8.816, kl coef 0.0500, update 1.49 s, wall 1791142238.4
exact step 2744: answers scored 8, mean expected reward 10.199, kl coef 0.0500, update 1.52 s, wall 1791142240.4
exact step 2745: answers scored 8, mean expected reward 9.379, kl coef 0.0500, update 1.53 s, wall 1791142242.1
exact step 2746: answers scored 8, mean expected reward 10.129, kl coef 0.0500, update 1.60 s, wall 1791142244.9
exact step 2747: answers scored 8, mean expected reward 10.939, kl coef 0.0500, update 1.57 s, wall 1791142246.7
exact step 2748: answers scored 8, mean expected reward 9.635, kl coef 0.0500, update 1.50 s, wall 1791142248.7
exact step 2749: answers scored 8, mean expected reward 9.965, kl coef 0.0500, update 1.49 s, wall 1791142250.6
exact step 2750: answers scored 8, mean expected reward 8.855, kl coef 0.0500, update 1.47 s, wall 1791142252.3
exact step 2751: answers scored 8, mean expected reward 10.701, kl coef 0.0500, update 1.53 s, wall 1791142254.7
exact step 2752: answers scored 8, mean expected reward 9.684, kl coef 0.0500, update 1.55 s, wall 1791142256.6
exact step 2753: answers scored 8, mean expected reward 9.343, kl coef 0.0500, update 1.51 s, wall 1791142258.4
exact step 2754: answers scored 8, mean expected reward 10.409, kl coef 0.0500, update 1.49 s, wall 1791142260.5
exact step 2755: answers scored 8, mean expected reward 9.069, kl coef 0.0500, update 1.58 s, wall 1791142262.3
exact step 2756: answers scored 8, mean expected reward 8.573, kl coef 0.0500, update 1.49 s, wall 1791142264.2
exact step 2757: answers scored 8, mean expected reward 9.464, kl coef 0.0500, update 1.49 s, wall 1791142265.9
exact step 2758: answers scored 8, mean expected reward 10.250, kl coef 0.0500, update 1.51 s, wall 1791142267.7
exact step 2759: answers scored 8, mean expected reward 8.928, kl coef 0.0500, update 1.47 s, wall 1791142269.4
exact step 2760: answers scored 8, mean expected reward 9.373, kl coef 0.0500, update 1.57 s, wall 1791142272.1
exact step 2761: answers scored 8, mean expected reward 9.415, kl coef 0.0500, update 1.48 s, wall 1791142273.9
exact step 2762: answers scored 8, mean expected reward 10.519, kl coef 0.0500, update 1.50 s, wall 1791142275.6
exact step 2763: answers scored 7, mean expected reward 10.875, kl coef 0.0500, update 1.36 s, wall 1791142277.2
exact step 2764: answers scored 8, mean expected reward 9.054, kl coef 0.0500, update 1.49 s, wall 1791142279.1
exact step 2765: answers scored 8, mean expected reward 8.574, kl coef 0.0500, update 1.49 s, wall 1791142281.3
exact step 2766: answers scored 7, mean expected reward 9.696, kl coef 0.0500, update 1.38 s, wall 1791142283.3
exact step 2767: answers scored 7, mean expected reward 9.327, kl coef 0.0500, update 1.37 s, wall 1791142285.0
exact step 2768: answers scored 8, mean expected reward 10.218, kl coef 0.0500, update 1.56 s, wall 1791142286.8
exact step 2769: answers scored 8, mean expected reward 9.127, kl coef 0.0500, update 1.48 s, wall 1791142288.6
exact step 2770: answers scored 8, mean expected reward 8.806, kl coef 0.0500, update 1.50 s, wall 1791142290.3
exact step 2771: answers scored 8, mean expected reward 9.416, kl coef 0.0500, update 1.49 s, wall 1791142292.0
exact step 2772: answers scored 7, mean expected reward 8.896, kl coef 0.0500, update 1.32 s, wall 1791142293.6
exact step 2773: answers scored 8, mean expected reward 10.514, kl coef 0.0500, update 1.52 s, wall 1791142295.4
exact step 2774: answers scored 6, mean expected reward 10.037, kl coef 0.0500, update 1.36 s, wall 1791142302.7
exact step 2775: answers scored 8, mean expected reward 9.349, kl coef 0.0500, update 1.50 s, wall 1791142304.5
exact step 2776: answers scored 8, mean expected reward 10.256, kl coef 0.0500, update 1.51 s, wall 1791142306.3
exact step 2777: answers scored 8, mean expected reward 7.972, kl coef 0.0500, update 1.51 s, wall 1791142308.1
exact step 2778: answers scored 8, mean expected reward 10.069, kl coef 0.0500, update 1.49 s, wall 1791142309.9
exact step 2779: answers scored 8, mean expected reward 9.729, kl coef 0.0500, update 1.46 s, wall 1791142311.6
exact step 2780: answers scored 8, mean expected reward 10.511, kl coef 0.0500, update 1.47 s, wall 1791142313.4
exact step 2781: answers scored 8, mean expected reward 9.180, kl coef 0.0500, update 1.48 s, wall 1791142315.4
exact step 2782: answers scored 8, mean expected reward 10.525, kl coef 0.0500, update 1.47 s, wall 1791142317.2
exact step 2783: answers scored 8, mean expected reward 9.918, kl coef 0.0500, update 1.48 s, wall 1791142319.0
exact step 2784: answers scored 8, mean expected reward 9.570, kl coef 0.0500, update 1.47 s, wall 1791142321.2
exact step 2785: answers scored 8, mean expected reward 10.700, kl coef 0.0500, update 1.50 s, wall 1791142322.9
exact step 2786: answers scored 7, mean expected reward 9.784, kl coef 0.0500, update 1.38 s, wall 1791142325.2
exact step 2787: answers scored 8, mean expected reward 10.100, kl coef 0.0500, update 1.64 s, wall 1791142327.1
exact step 2788: answers scored 8, mean expected reward 10.246, kl coef 0.0500, update 1.46 s, wall 1791142328.9
exact step 2789: answers scored 8, mean expected reward 9.809, kl coef 0.0500, update 1.51 s, wall 1791142331.0
exact step 2790: answers scored 7, mean expected reward 10.881, kl coef 0.0500, update 1.43 s, wall 1791142333.5
exact step 2791: answers scored 8, mean expected reward 9.842, kl coef 0.0500, update 1.50 s, wall 1791142335.3
exact step 2792: answers scored 8, mean expected reward 10.052, kl coef 0.0500, update 1.51 s, wall 1791142337.1
exact step 2793: answers scored 8, mean expected reward 9.477, kl coef 0.0500, update 1.50 s, wall 1791142338.9
exact step 2794: answers scored 7, mean expected reward 9.471, kl coef 0.0500, update 1.33 s, wall 1791142340.6
exact step 2795: answers scored 8, mean expected reward 9.580, kl coef 0.0500, update 1.50 s, wall 1791142342.4
exact step 2796: answers scored 8, mean expected reward 9.601, kl coef 0.0500, update 1.59 s, wall 1791142344.3
exact step 2797: answers scored 8, mean expected reward 9.619, kl coef 0.0500, update 1.56 s, wall 1791142347.0
exact step 2798: answers scored 8, mean expected reward 9.719, kl coef 0.0500, update 1.47 s, wall 1791142348.7
checkpoint at step 2800 (1.0 s)
exact step 2799: answers scored 8, mean expected reward 10.230, kl coef 0.0500, update 2.47 s, wall 1791142351.4
exact step 2800: answers scored 8, mean expected reward 10.169, kl coef 0.0500, update 1.50 s, wall 1791142353.2
exact step 2801: answers scored 8, mean expected reward 8.695, kl coef 0.0500, update 1.57 s, wall 1791142355.0
exact step 2802: answers scored 8, mean expected reward 9.775, kl coef 0.0500, update 1.58 s, wall 1791142357.8
exact step 2803: answers scored 8, mean expected reward 9.757, kl coef 0.0500, update 1.50 s, wall 1791142359.6
exact step 2804: answers scored 8, mean expected reward 10.532, kl coef 0.0500, update 1.47 s, wall 1791142361.5
exact step 2805: answers scored 7, mean expected reward 10.380, kl coef 0.0500, update 1.40 s, wall 1791142363.9
exact step 2806: answers scored 8, mean expected reward 9.533, kl coef 0.0500, update 1.63 s, wall 1791142365.8
exact step 2807: answers scored 8, mean expected reward 10.381, kl coef 0.0500, update 1.56 s, wall 1791142367.6
exact step 2808: answers scored 8, mean expected reward 8.856, kl coef 0.0500, update 1.50 s, wall 1791142369.5
exact step 2809: answers scored 8, mean expected reward 10.690, kl coef 0.0500, update 1.66 s, wall 1791142371.4
exact step 2810: answers scored 8, mean expected reward 9.888, kl coef 0.0500, update 1.50 s, wall 1791142373.3
exact step 2811: answers scored 7, mean expected reward 10.498, kl coef 0.0500, update 1.38 s, wall 1791142375.0
exact step 2812: answers scored 8, mean expected reward 10.181, kl coef 0.0500, update 1.51 s, wall 1791142377.0
exact step 2813: answers scored 8, mean expected reward 9.004, kl coef 0.0500, update 1.57 s, wall 1791142379.2
exact step 2814: answers scored 7, mean expected reward 10.336, kl coef 0.0500, update 1.39 s, wall 1791142382.0
exact step 2815: answers scored 8, mean expected reward 9.850, kl coef 0.0500, update 1.49 s, wall 1791142383.8
exact step 2816: answers scored 8, mean expected reward 9.707, kl coef 0.0500, update 1.49 s, wall 1791142385.8
exact step 2817: answers scored 7, mean expected reward 9.191, kl coef 0.0500, update 1.39 s, wall 1791142388.5
exact step 2818: answers scored 7, mean expected reward 10.056, kl coef 0.0500, update 1.35 s, wall 1791142390.4
exact step 2819: answers scored 8, mean expected reward 10.357, kl coef 0.0500, update 1.47 s, wall 1791142392.2
exact step 2820: answers scored 8, mean expected reward 8.032, kl coef 0.0500, update 1.51 s, wall 1791142394.0
exact step 2821: answers scored 8, mean expected reward 9.741, kl coef 0.0500, update 1.47 s, wall 1791142395.8
exact step 2822: answers scored 8, mean expected reward 10.022, kl coef 0.0500, update 1.50 s, wall 1791142397.6
exact step 2823: answers scored 8, mean expected reward 10.350, kl coef 0.0500, update 1.47 s, wall 1791142399.5
exact step 2824: answers scored 8, mean expected reward 9.780, kl coef 0.0500, update 1.51 s, wall 1791142401.3
exact step 2825: answers scored 7, mean expected reward 9.273, kl coef 0.0500, update 1.37 s, wall 1791142404.2
exact step 2826: answers scored 7, mean expected reward 10.014, kl coef 0.0500, update 1.39 s, wall 1791142406.4
exact step 2827: answers scored 8, mean expected reward 10.190, kl coef 0.0500, update 1.58 s, wall 1791142408.4
exact step 2828: answers scored 8, mean expected reward 8.473, kl coef 0.0500, update 1.63 s, wall 1791142410.5
exact step 2829: answers scored 7, mean expected reward 9.982, kl coef 0.0500, update 1.59 s, wall 1791142413.7
exact step 2830: answers scored 8, mean expected reward 9.797, kl coef 0.0500, update 1.48 s, wall 1791142415.4
exact step 2831: answers scored 8, mean expected reward 9.377, kl coef 0.0500, update 1.47 s, wall 1791142417.3
exact step 2832: answers scored 8, mean expected reward 9.201, kl coef 0.0500, update 1.47 s, wall 1791142419.1
exact step 2833: answers scored 8, mean expected reward 7.596, kl coef 0.0500, update 1.49 s, wall 1791142420.9
exact step 2834: answers scored 7, mean expected reward 9.670, kl coef 0.0500, update 1.49 s, wall 1791142424.2
exact step 2835: answers scored 8, mean expected reward 9.452, kl coef 0.0500, update 1.58 s, wall 1791142426.1
exact step 2836: answers scored 8, mean expected reward 9.727, kl coef 0.0500, update 1.50 s, wall 1791142427.9
exact step 2837: answers scored 8, mean expected reward 10.982, kl coef 0.0500, update 1.51 s, wall 1791142429.9
exact step 2838: answers scored 7, mean expected reward 10.950, kl coef 0.0500, update 1.37 s, wall 1791142432.8
exact step 2839: answers scored 7, mean expected reward 9.715, kl coef 0.0500, update 1.40 s, wall 1791142434.7
exact step 2840: answers scored 8, mean expected reward 9.653, kl coef 0.0500, update 1.74 s, wall 1791142437.2
exact step 2841: answers scored 8, mean expected reward 9.069, kl coef 0.0500, update 1.47 s, wall 1791142438.9
exact step 2842: answers scored 8, mean expected reward 9.880, kl coef 0.0500, update 1.47 s, wall 1791142440.8
exact step 2843: answers scored 8, mean expected reward 10.996, kl coef 0.0500, update 1.52 s, wall 1791142443.0
exact step 2844: answers scored 8, mean expected reward 9.835, kl coef 0.0500, update 1.47 s, wall 1791142445.0
exact step 2845: answers scored 8, mean expected reward 10.676, kl coef 0.0500, update 1.60 s, wall 1791142448.2
exact step 2846: answers scored 8, mean expected reward 10.710, kl coef 0.0500, update 1.49 s, wall 1791142450.1
exact step 2847: answers scored 8, mean expected reward 9.673, kl coef 0.0500, update 1.55 s, wall 1791142452.5
exact step 2848: answers scored 8, mean expected reward 9.401, kl coef 0.0500, update 1.49 s, wall 1791142454.3
exact step 2849: answers scored 7, mean expected reward 9.997, kl coef 0.0500, update 1.70 s, wall 1791142459.1
exact step 2850: answers scored 8, mean expected reward 9.411, kl coef 0.0500, update 1.47 s, wall 1791142460.8
exact step 2851: answers scored 7, mean expected reward 8.919, kl coef 0.0500, update 1.33 s, wall 1791142463.2
exact step 2852: answers scored 8, mean expected reward 10.253, kl coef 0.0500, update 1.50 s, wall 1791142465.0
exact step 2853: answers scored 8, mean expected reward 10.809, kl coef 0.0500, update 1.47 s, wall 1791142466.9
exact step 2854: answers scored 7, mean expected reward 11.112, kl coef 0.0500, update 1.34 s, wall 1791142473.1
exact step 2855: answers scored 8, mean expected reward 8.206, kl coef 0.0500, update 1.50 s, wall 1791142475.1
exact step 2856: answers scored 8, mean expected reward 10.193, kl coef 0.0500, update 1.56 s, wall 1791142477.0
exact step 2857: answers scored 8, mean expected reward 10.016, kl coef 0.0500, update 1.47 s, wall 1791142478.7
exact step 2858: answers scored 8, mean expected reward 10.097, kl coef 0.0500, update 1.51 s, wall 1791142480.6
exact step 2859: answers scored 8, mean expected reward 10.032, kl coef 0.0500, update 1.48 s, wall 1791142482.3
exact step 2860: answers scored 8, mean expected reward 9.419, kl coef 0.0500, update 1.48 s, wall 1791142484.0
exact step 2861: answers scored 8, mean expected reward 9.794, kl coef 0.0500, update 1.67 s, wall 1791142486.5
exact step 2862: answers scored 8, mean expected reward 9.922, kl coef 0.0500, update 1.52 s, wall 1791142488.4
exact step 2863: answers scored 8, mean expected reward 9.198, kl coef 0.0500, update 1.47 s, wall 1791142490.1
exact step 2864: answers scored 8, mean expected reward 9.793, kl coef 0.0500, update 1.64 s, wall 1791142492.8
exact step 2865: answers scored 8, mean expected reward 10.474, kl coef 0.0500, update 1.49 s, wall 1791142494.9
exact step 2866: answers scored 7, mean expected reward 10.058, kl coef 0.0500, update 1.33 s, wall 1791142496.9
exact step 2867: answers scored 8, mean expected reward 9.904, kl coef 0.0500, update 1.46 s, wall 1791142498.6
exact step 2868: answers scored 8, mean expected reward 9.831, kl coef 0.0500, update 1.51 s, wall 1791142500.7
exact step 2869: answers scored 8, mean expected reward 9.534, kl coef 0.0500, update 1.46 s, wall 1791142502.4
exact step 2870: answers scored 8, mean expected reward 9.482, kl coef 0.0500, update 1.48 s, wall 1791142504.1
exact step 2871: answers scored 7, mean expected reward 10.296, kl coef 0.0500, update 1.41 s, wall 1791142506.0
exact step 2872: answers scored 8, mean expected reward 9.894, kl coef 0.0500, update 1.47 s, wall 1791142507.7
exact step 2873: answers scored 8, mean expected reward 10.173, kl coef 0.0500, update 1.49 s, wall 1791142509.7
exact step 2874: answers scored 8, mean expected reward 10.522, kl coef 0.0500, update 1.55 s, wall 1791142511.5
exact step 2875: answers scored 8, mean expected reward 9.935, kl coef 0.0500, update 1.47 s, wall 1791142513.3
exact step 2876: answers scored 8, mean expected reward 10.130, kl coef 0.0500, update 1.56 s, wall 1791142515.1
exact step 2877: answers scored 8, mean expected reward 10.690, kl coef 0.0500, update 1.47 s, wall 1791142516.9
exact step 2878: answers scored 8, mean expected reward 10.421, kl coef 0.0500, update 1.47 s, wall 1791142518.6
exact step 2879: answers scored 8, mean expected reward 9.713, kl coef 0.0500, update 1.47 s, wall 1791142520.4
exact step 2880: answers scored 8, mean expected reward 9.343, kl coef 0.0500, update 1.50 s, wall 1791142522.3
exact step 2881: answers scored 8, mean expected reward 8.985, kl coef 0.0500, update 1.52 s, wall 1791142524.1
exact step 2882: answers scored 8, mean expected reward 9.942, kl coef 0.0500, update 1.47 s, wall 1791142525.8
exact step 2883: answers scored 8, mean expected reward 9.902, kl coef 0.0500, update 1.55 s, wall 1791142527.7
exact step 2884: answers scored 8, mean expected reward 9.723, kl coef 0.0500, update 2.15 s, wall 1791142532.6
exact step 2885: answers scored 8, mean expected reward 10.220, kl coef 0.0500, update 1.49 s, wall 1791142534.3
exact step 2886: answers scored 7, mean expected reward 7.750, kl coef 0.0500, update 1.47 s, wall 1791142537.3
exact step 2887: answers scored 8, mean expected reward 9.273, kl coef 0.0500, update 1.56 s, wall 1791142539.7
exact step 2888: answers scored 8, mean expected reward 9.896, kl coef 0.0500, update 1.61 s, wall 1791142541.6
exact step 2889: answers scored 8, mean expected reward 10.410, kl coef 0.0500, update 1.47 s, wall 1791142543.3
exact step 2890: answers scored 8, mean expected reward 9.824, kl coef 0.0500, update 1.51 s, wall 1791142545.0
exact step 2891: answers scored 8, mean expected reward 10.906, kl coef 0.0500, update 1.46 s, wall 1791142546.7
exact step 2892: answers scored 8, mean expected reward 9.951, kl coef 0.0500, update 1.49 s, wall 1791142548.6
exact step 2893: answers scored 8, mean expected reward 10.303, kl coef 0.0500, update 1.49 s, wall 1791142550.4
exact step 2894: answers scored 8, mean expected reward 9.133, kl coef 0.0500, update 1.47 s, wall 1791142552.2
exact step 2895: answers scored 8, mean expected reward 10.367, kl coef 0.0500, update 1.71 s, wall 1791142554.5
exact step 2896: answers scored 8, mean expected reward 10.572, kl coef 0.0500, update 1.57 s, wall 1791142556.5
exact step 2897: answers scored 8, mean expected reward 9.640, kl coef 0.0500, update 1.47 s, wall 1791142558.2
exact step 2898: answers scored 8, mean expected reward 10.168, kl coef 0.0500, update 1.63 s, wall 1791142560.7
exact step 2899: answers scored 8, mean expected reward 9.007, kl coef 0.0500, update 1.51 s, wall 1791142562.6
exact step 2900: answers scored 8, mean expected reward 9.680, kl coef 0.0500, update 1.46 s, wall 1791142564.3
exact step 2901: answers scored 8, mean expected reward 9.945, kl coef 0.0500, update 1.51 s, wall 1791142566.2
exact step 2902: answers scored 8, mean expected reward 10.580, kl coef 0.0500, update 1.46 s, wall 1791142568.0
exact step 2903: answers scored 7, mean expected reward 9.953, kl coef 0.0500, update 1.39 s, wall 1791142570.4
exact step 2904: answers scored 8, mean expected reward 9.494, kl coef 0.0500, update 1.68 s, wall 1791142572.4
exact step 2905: answers scored 7, mean expected reward 9.347, kl coef 0.0500, update 1.41 s, wall 1791142575.0
exact step 2906: answers scored 7, mean expected reward 9.635, kl coef 0.0500, update 1.36 s, wall 1791142577.2
exact step 2907: answers scored 7, mean expected reward 9.238, kl coef 0.0500, update 1.35 s, wall 1791142579.8
exact step 2908: answers scored 8, mean expected reward 8.368, kl coef 0.0500, update 1.52 s, wall 1791142581.7
exact step 2909: answers scored 8, mean expected reward 9.554, kl coef 0.0500, update 1.50 s, wall 1791142583.9
exact step 2910: answers scored 7, mean expected reward 10.656, kl coef 0.0500, update 1.46 s, wall 1791142586.0
exact step 2911: answers scored 8, mean expected reward 8.002, kl coef 0.0500, update 1.50 s, wall 1791142587.8
exact step 2912: answers scored 8, mean expected reward 9.539, kl coef 0.0500, update 1.50 s, wall 1791142589.8
exact step 2913: answers scored 7, mean expected reward 10.246, kl coef 0.0500, update 1.37 s, wall 1791142591.9
exact step 2914: answers scored 8, mean expected reward 9.920, kl coef 0.0500, update 1.61 s, wall 1791142593.8
exact step 2915: answers scored 7, mean expected reward 9.178, kl coef 0.0500, update 1.37 s, wall 1791142595.7
exact step 2916: answers scored 8, mean expected reward 10.260, kl coef 0.0500, update 1.76 s, wall 1791142599.1
exact step 2917: answers scored 8, mean expected reward 9.985, kl coef 0.0500, update 1.46 s, wall 1791142600.8
exact step 2918: answers scored 8, mean expected reward 9.377, kl coef 0.0500, update 1.49 s, wall 1791142602.6
exact step 2919: answers scored 8, mean expected reward 10.626, kl coef 0.0500, update 1.50 s, wall 1791142604.4
exact step 2920: answers scored 8, mean expected reward 9.554, kl coef 0.0500, update 1.49 s, wall 1791142606.1
exact step 2921: answers scored 8, mean expected reward 8.449, kl coef 0.0500, update 1.48 s, wall 1791142607.8
exact step 2922: answers scored 8, mean expected reward 10.335, kl coef 0.0500, update 1.56 s, wall 1791142609.9
exact step 2923: answers scored 8, mean expected reward 9.997, kl coef 0.0500, update 1.47 s, wall 1791142611.6
exact step 2924: answers scored 8, mean expected reward 10.043, kl coef 0.0500, update 1.47 s, wall 1791142613.4
exact step 2925: answers scored 8, mean expected reward 9.104, kl coef 0.0500, update 1.50 s, wall 1791142615.1
exact step 2926: answers scored 8, mean expected reward 9.389, kl coef 0.0500, update 1.50 s, wall 1791142616.9
exact step 2927: answers scored 8, mean expected reward 10.137, kl coef 0.0500, update 1.47 s, wall 1791142618.7
exact step 2928: answers scored 8, mean expected reward 10.034, kl coef 0.0500, update 1.65 s, wall 1791142622.1
exact step 2929: answers scored 8, mean expected reward 9.721, kl coef 0.0500, update 1.58 s, wall 1791142624.5
exact step 2930: answers scored 8, mean expected reward 8.773, kl coef 0.0500, update 1.51 s, wall 1791142626.4
exact step 2931: answers scored 6, mean expected reward 10.268, kl coef 0.0500, update 1.50 s, wall 1791142630.0
exact step 2932: answers scored 8, mean expected reward 10.672, kl coef 0.0500, update 1.56 s, wall 1791142632.3
exact step 2933: answers scored 8, mean expected reward 10.859, kl coef 0.0500, update 1.51 s, wall 1791142634.2
exact step 2934: answers scored 8, mean expected reward 8.212, kl coef 0.0500, update 1.46 s, wall 1791142636.0
exact step 2935: answers scored 8, mean expected reward 8.121, kl coef 0.0500, update 1.56 s, wall 1791142638.6
exact step 2936: answers scored 8, mean expected reward 9.954, kl coef 0.0500, update 1.59 s, wall 1791142640.4
exact step 2937: answers scored 8, mean expected reward 10.494, kl coef 0.0500, update 1.50 s, wall 1791142642.2
exact step 2938: answers scored 8, mean expected reward 10.624, kl coef 0.0500, update 1.45 s, wall 1791142643.9
exact step 2939: answers scored 8, mean expected reward 9.877, kl coef 0.0500, update 1.50 s, wall 1791142645.9
exact step 2940: answers scored 8, mean expected reward 9.913, kl coef 0.0500, update 1.57 s, wall 1791142647.9
exact step 2941: answers scored 7, mean expected reward 9.586, kl coef 0.0500, update 1.36 s, wall 1791142649.5
exact step 2942: answers scored 8, mean expected reward 10.040, kl coef 0.0500, update 1.48 s, wall 1791142651.2
exact step 2943: answers scored 8, mean expected reward 10.541, kl coef 0.0500, update 1.51 s, wall 1791142653.4
exact step 2944: answers scored 8, mean expected reward 8.696, kl coef 0.0500, update 1.49 s, wall 1791142655.2
exact step 2945: answers scored 8, mean expected reward 7.995, kl coef 0.0500, update 1.43 s, wall 1791142657.0
exact step 2946: answers scored 8, mean expected reward 10.026, kl coef 0.0500, update 1.50 s, wall 1791142658.9
exact step 2947: answers scored 8, mean expected reward 9.008, kl coef 0.0500, update 1.47 s, wall 1791142660.6
exact step 2948: answers scored 8, mean expected reward 9.250, kl coef 0.0500, update 1.55 s, wall 1791142662.4
exact step 2949: answers scored 7, mean expected reward 9.910, kl coef 0.0500, update 1.42 s, wall 1791142666.0
exact step 2950: answers scored 8, mean expected reward 10.625, kl coef 0.0500, update 1.51 s, wall 1791142667.8
exact step 2951: answers scored 7, mean expected reward 8.909, kl coef 0.0500, update 1.37 s, wall 1791142669.4
exact step 2952: answers scored 7, mean expected reward 11.210, kl coef 0.0500, update 1.34 s, wall 1791142671.4
exact step 2953: answers scored 8, mean expected reward 10.070, kl coef 0.0500, update 1.52 s, wall 1791142673.8
exact step 2954: answers scored 8, mean expected reward 9.169, kl coef 0.0500, update 1.49 s, wall 1791142675.6
exact step 2955: answers scored 8, mean expected reward 9.827, kl coef 0.0500, update 1.47 s, wall 1791142677.4
exact step 2956: answers scored 8, mean expected reward 10.831, kl coef 0.0500, update 1.51 s, wall 1791142679.1
exact step 2957: answers scored 8, mean expected reward 9.825, kl coef 0.0500, update 1.47 s, wall 1791142681.0
exact step 2958: answers scored 8, mean expected reward 10.404, kl coef 0.0500, update 1.50 s, wall 1791142682.7
exact step 2959: answers scored 8, mean expected reward 10.497, kl coef 0.0500, update 1.49 s, wall 1791142684.5
exact step 2960: answers scored 8, mean expected reward 9.711, kl coef 0.0500, update 1.49 s, wall 1791142686.3
exact step 2961: answers scored 8, mean expected reward 8.492, kl coef 0.0500, update 1.56 s, wall 1791142688.2
exact step 2962: answers scored 8, mean expected reward 10.120, kl coef 0.0500, update 1.57 s, wall 1791142690.1
exact step 2963: answers scored 8, mean expected reward 9.202, kl coef 0.0500, update 1.44 s, wall 1791142691.8
exact step 2964: answers scored 8, mean expected reward 9.675, kl coef 0.0500, update 1.50 s, wall 1791142693.6
exact step 2965: answers scored 8, mean expected reward 9.332, kl coef 0.0500, update 1.52 s, wall 1791142696.0
exact step 2966: answers scored 8, mean expected reward 10.087, kl coef 0.0500, update 1.51 s, wall 1791142698.0
exact step 2967: answers scored 8, mean expected reward 10.450, kl coef 0.0500, update 1.47 s, wall 1791142699.8
exact step 2968: answers scored 8, mean expected reward 9.839, kl coef 0.0500, update 1.57 s, wall 1791142701.6
exact step 2969: answers scored 8, mean expected reward 9.079, kl coef 0.0500, update 1.52 s, wall 1791142703.4
exact step 2970: answers scored 8, mean expected reward 9.888, kl coef 0.0500, update 1.50 s, wall 1791142705.3
exact step 2971: answers scored 8, mean expected reward 9.160, kl coef 0.0500, update 1.49 s, wall 1791142707.0
exact step 2972: answers scored 8, mean expected reward 9.825, kl coef 0.0500, update 1.60 s, wall 1791142709.0
exact step 2973: answers scored 8, mean expected reward 9.004, kl coef 0.0500, update 1.46 s, wall 1791142710.8
exact step 2974: answers scored 8, mean expected reward 10.336, kl coef 0.0500, update 1.56 s, wall 1791142712.9
exact step 2975: answers scored 8, mean expected reward 9.553, kl coef 0.0500, update 1.58 s, wall 1791142714.8
exact step 2976: answers scored 8, mean expected reward 10.329, kl coef 0.0500, update 1.50 s, wall 1791142716.6
exact step 2977: answers scored 8, mean expected reward 10.438, kl coef 0.0500, update 1.48 s, wall 1791142718.4
exact step 2978: answers scored 8, mean expected reward 9.191, kl coef 0.0500, update 1.47 s, wall 1791142720.1
exact step 2979: answers scored 8, mean expected reward 9.346, kl coef 0.0500, update 1.51 s, wall 1791142722.0
exact step 2980: answers scored 8, mean expected reward 9.026, kl coef 0.0500, update 1.46 s, wall 1791142723.8
exact step 2981: answers scored 7, mean expected reward 8.288, kl coef 0.0500, update 1.34 s, wall 1791142725.4
exact step 2982: answers scored 6, mean expected reward 7.938, kl coef 0.0500, update 1.33 s, wall 1791142728.1
exact step 2983: answers scored 7, mean expected reward 9.504, kl coef 0.0500, update 1.37 s, wall 1791142730.7
exact step 2984: answers scored 8, mean expected reward 9.856, kl coef 0.0500, update 1.47 s, wall 1791142732.4
exact step 2985: answers scored 8, mean expected reward 9.822, kl coef 0.0500, update 1.64 s, wall 1791142734.4
exact step 2986: answers scored 8, mean expected reward 9.914, kl coef 0.0500, update 1.51 s, wall 1791142736.4
exact step 2987: answers scored 8, mean expected reward 9.963, kl coef 0.0500, update 1.50 s, wall 1791142738.1
exact step 2988: answers scored 8, mean expected reward 10.038, kl coef 0.0500, update 1.62 s, wall 1791142740.5
exact step 2989: answers scored 8, mean expected reward 10.003, kl coef 0.0500, update 1.46 s, wall 1791142742.3
exact step 2990: answers scored 8, mean expected reward 10.124, kl coef 0.0500, update 1.50 s, wall 1791142744.2
exact step 2991: answers scored 8, mean expected reward 9.148, kl coef 0.0500, update 1.49 s, wall 1791142745.9
exact step 2992: answers scored 8, mean expected reward 10.057, kl coef 0.0500, update 1.56 s, wall 1791142747.8
exact step 2993: answers scored 8, mean expected reward 9.913, kl coef 0.0500, update 1.51 s, wall 1791142749.6
exact step 2994: answers scored 8, mean expected reward 10.003, kl coef 0.0500, update 1.56 s, wall 1791142751.6
exact step 2995: answers scored 8, mean expected reward 9.623, kl coef 0.0500, update 1.49 s, wall 1791142753.5
exact step 2996: answers scored 8, mean expected reward 9.953, kl coef 0.0500, update 1.49 s, wall 1791142755.5
exact step 2997: answers scored 8, mean expected reward 9.461, kl coef 0.0500, update 1.49 s, wall 1791142757.4
exact step 2998: answers scored 8, mean expected reward 9.507, kl coef 0.0500, update 1.51 s, wall 1791142759.2
checkpoint at step 3000 (0.6 s)
wandb:                                                                                
wandb: 
wandb: Run history:
wandb:                         seconds ▄▂▃▅▃▅▅▃▄▃█▄▁▁▁▅▁▂▂▃▃▂▃▄▅▃▃▃▅▃▃▃▅▄▄▅▃▃▄▃
wandb:        stability/answers_scored ██▁████████████████████████████▁████▁███
wandb: stability/batch_confidence_mean ███▄▁▂▄▂▃▂▃▂▄▁▁▄▂▁▂▃▅▂▃▂▃▁▂▃▂▃▂▂▃▁▃▃▃▂▄▂
wandb:  stability/batch_confidence_std ▁▆██▇▇▆▆▇█▇▅▅▆▇▅▇▆▇█▆█▇█▇▇▅▅▆▇▅▇█▆▇▇██▆▇
wandb:    stability/batch_invalid_rate ▁▁▁▁▁▁▁▁▁▁▁▁▁▁▁▁▁▁▁▁▁▁▁▁▁▁▁▁▁▁▁▁▁▁▁▁▁▁▁▁
wandb:       stability/expected_reward ▁▃▅▆▆▄▆▃▅▅▇▆▆▄▆▆▇▆▅▆▇▆▅▆▅▇▆▇▇▆█▇█▆▇▆▆▇▇█
wandb:                    stability/kl ▄██▄▆▆▃▅▄▆▇▅▅▄▂▅▂▇▅▄▄▇▅▄▅▅█▄▇▄▃▆▁▄▇▅▇▆▅▃
wandb:               stability/kl_coef ▁▁▁▁▁▁▁▁▁▁▁▁▁▁▁▁▁▁▁▁▁▁▁▁▁▁▁▁▁▁▁▁▁▁▁▁▁▁▁▁
wandb:       stability/mean_confidence ▃▂▃▃▄▁▂▂▄▃▂▁▅▅▄▃▂▂▂▂▆▃▄▁▃▃▅█▂▄▄▂▄▄▄▅▁▃▃▄
wandb:  stability/window_calibration_n ▁▁▁▁▁▁▁▁▁▁▁▁▁▁▁▁▁▁▁▁▁▁▁▁▁▁▁▁▁▁▁▁▁▁▁▁▁▁▁▁
wandb: stability/window_confidence_std ▅█▃▄▃▄▃▁▅▅▅▄▆▅▃▇▅▄▅▅▆▅▅▇▇▇▄▅▅▆▄▄▅▆▆▆▆█▅▆
wandb:   stability/window_invalid_rate ▁▁▁▁▁▁▁▁▁▁▁▁▁▁▁▁▁▁▁▁▁▁▁▁▁▁▁▁▁▁▁▁▁▁▁▁▁▁▁▁
wandb:         stability/window_levels ██▅█████▅▅████▅███▅▁▅▅█▅███████▅█████▅▅█
wandb:     stability/window_mode_share ██▇▁▁▂▁▂▁▂▂▁▂▁▁▂▂▂▂▂▁▁▂▂▂▂▂▁▁▂▃▂▂▃▂▂▂▁▃▂
wandb: 
wandb: Run summary:
wandb:                         seconds 1.46397
wandb:        stability/answers_scored 8
wandb: stability/batch_confidence_mean 2.5
wandb:  stability/batch_confidence_std 3.33809
wandb:    stability/batch_invalid_rate 0
wandb:       stability/expected_reward 9.74636
wandb:                    stability/kl 11.52021
wandb:               stability/kl_coef 0.05
wandb:       stability/mean_confidence 2.50054
wandb:  stability/window_calibration_n 0
wandb: stability/window_confidence_std 2.72915
wandb:   stability/window_invalid_rate 0
wandb:         stability/window_levels 10
wandb:     stability/window_mode_share 0.34375
wandb: 
wandb: 🚀 View run qwen-exactfast-fixedkl-s1 at: https://wandb.ai/multi-tokenizer/rewarding-doubt/runs/3267f28368896756
wandb: ⭐️ View project at: https://wandb.ai/multi-tokenizer/rewarding-doubt
wandb: Synced 5 W&B file(s), 0 media file(s), 0 artifact file(s) and 0 other file(s)
wandb: Find logs at: /workspace/runs/qwen-exactfast-fixedkl-s1/wandb/run-20261004_175554-3267f28368896756/logs
reached --max-steps 3000
