🦥 Unsloth: Will patch your computer to enable 2x faster free finetuning.
🦥 Unsloth Zoo will now patch everything to make training faster!
==((====))==  Unsloth 2025.1.5: Fast Llama patching. Transformers: 4.48.0.
   \\   /|    GPU: NVIDIA L40S. Max memory: 44.392 GB. Platform: Linux.
O^O/ \_/ \    Torch: 2.5.1+cu124. CUDA: 8.9. CUDA Toolkit: 12.4. Triton: 3.1.0
\        /    Bfloat16 = TRUE. FA [Xformers = 0.0.29.post1. FA2 = False]
 "-____-"     Free Apache license: http://github.com/unslothai/unsloth
Unsloth: Fast downloading is enabled - ignore downloading bars which are red colored!
Unsloth 2025.1.5 patched 32 layers with 32 QKV layers, 32 O layers and 32 MLP layers.
{"step": 1, "epoch": 0, "rows": 8, "skipped": 0, "answer_accuracy": 0.25, "updates": 8, "seconds": 11.453792333602905, "time": 1790893162.1440408, "loss": -4.036564942843149, "confidence": 0.9011684278889112, "mass": 0.9999915844904853, "hinge_active": 0.0, "stop_prob": 0.9983605667948723, "sampled_number_rate": 1.0, "kl": 0.0005791516448729554, "kl_coef": 0.05}
A decoder-only architecture is being used, but right-padding was detected! For correct generation results, please set `padding_side='left'` when initializing the tokenizer.
{"step": 2, "epoch": 0, "rows": 8, "skipped": 0, "answer_accuracy": 0.25, "updates": 8, "seconds": 8.509920597076416, "time": 1790893170.6546714, "loss": -4.302965657280386, "confidence": 0.8166437479122688, "mass": 0.999965704425097, "hinge_active": 0.0, "stop_prob": 0.994468443095684, "sampled_number_rate": 1.0, "kl": 0.01609871786833567, "kl_coef": 0.049992}
A decoder-only architecture is being used, but right-padding was detected! For correct generation results, please set `padding_side='left'` when initializing the tokenizer.
{"step": 3, "epoch": 0, "rows": 8, "skipped": 0, "answer_accuracy": 0.25, "updates": 8, "seconds": 12.66407585144043, "time": 1790893183.3194625, "loss": -0.42330221478409435, "confidence": 0.9185975995698785, "mass": 0.8749977074994757, "hinge_active": 0.125, "stop_prob": 0.9987443089485168, "sampled_number_rate": 0.875, "kl": 0.2434855851296832, "kl_coef": 0.04998400128}
A decoder-only architecture is being used, but right-padding was detected! For correct generation results, please set `padding_side='left'` when initializing the tokenizer.
{"step": 4, "epoch": 0, "rows": 8, "skipped": 0, "answer_accuracy": 0.75, "updates": 8, "seconds": 7.1885552406311035, "time": 1790893190.5088055, "loss": -9.986360444000661, "confidence": 0.8812873505973664, "mass": 0.9999967686025235, "hinge_active": 0.0, "stop_prob": 0.9975697919726372, "sampled_number_rate": 1.0, "kl": 0.9063754371561362, "kl_coef": 0.0499760038397952}
A decoder-only architecture is being used, but right-padding was detected! For correct generation results, please set `padding_side='left'` when initializing the tokenizer.
{"step": 5, "epoch": 0, "rows": 8, "skipped": 0, "answer_accuracy": 0.75, "updates": 8, "seconds": 7.234640836715698, "time": 1790893197.7441523, "loss": -10.101413323916086, "confidence": 0.8473568696536508, "mass": 0.999998884197099, "hinge_active": 0.0, "stop_prob": 0.9998218789696693, "sampled_number_rate": 1.0, "kl": 1.8693074365931794, "kl_coef": 0.049968007679180824}
A decoder-only architecture is being used, but right-padding was detected! For correct generation results, please set `padding_side='left'` when initializing the tokenizer.
{"step": 6, "epoch": 0, "rows": 7, "skipped": 1, "answer_accuracy": 0.7142857142857143, "updates": 8, "seconds": 7.690097808837891, "time": 1790893205.434963, "loss": -9.914271271808039, "confidence": 0.8193338736630484, "mass": 0.9999987426967202, "hinge_active": 0.0, "stop_prob": 0.9997910857200623, "sampled_number_rate": 0.9999999999999998, "kl": 1.5959646308607296, "kl_coef": 0.049960012797952154}
A decoder-only architecture is being used, but right-padding was detected! For correct generation results, please set `padding_side='left'` when initializing the tokenizer.
{"step": 7, "epoch": 0, "rows": 8, "skipped": 0, "answer_accuracy": 0.5, "updates": 8, "seconds": 7.397791385650635, "time": 1790893212.833503, "loss": -8.69507383808412, "confidence": 0.7981643162016075, "mass": 0.9999988081280088, "hinge_active": 0.0, "stop_prob": 0.9998516887426376, "sampled_number_rate": 1.0, "kl": 2.4139939198070173, "kl_coef": 0.04995201919590448}
A decoder-only architecture is being used, but right-padding was detected! For correct generation results, please set `padding_side='left'` when initializing the tokenizer.
{"step": 8, "epoch": 0, "rows": 8, "skipped": 0, "answer_accuracy": 0.5, "updates": 8, "seconds": 7.514130592346191, "time": 1790893220.3484457, "loss": -8.469654927176276, "confidence": 0.8321853647515778, "mass": 0.9999984359357518, "hinge_active": 0.0, "stop_prob": 0.9998084306716919, "sampled_number_rate": 1.0, "kl": 2.615766790480518, "kl_coef": 0.049944026872833135}
A decoder-only architecture is being used, but right-padding was detected! For correct generation results, please set `padding_side='left'` when initializing the tokenizer.
{"step": 9, "epoch": 0, "rows": 8, "skipped": 0, "answer_accuracy": 0.875, "updates": 8, "seconds": 7.372016668319702, "time": 1790893227.721119, "loss": -10.854581499890394, "confidence": 0.7914682942342316, "mass": 0.9999984360775622, "hinge_active": 0.0, "stop_prob": 0.9998885095119476, "sampled_number_rate": 1.0, "kl": 2.5532895197415, "kl_coef": 0.04993603582853348}
A decoder-only architecture is being used, but right-padding was detected! For correct generation results, please set `padding_side='left'` when initializing the tokenizer.
{"step": 10, "epoch": 0, "rows": 8, "skipped": 0, "answer_accuracy": 0.375, "updates": 8, "seconds": 12.662500381469727, "time": 1790893240.384392, "loss": -3.7344264816093498, "confidence": 0.7552453670961627, "mass": 0.8749988741876377, "hinge_active": 0.125, "stop_prob": 0.9991453289985657, "sampled_number_rate": 0.875, "kl": 2.1817235373277475, "kl_coef": 0.049928046062800914}
A decoder-only architecture is being used, but right-padding was detected! For correct generation results, please set `padding_side='left'` when initializing the tokenizer.
{"step": 11, "epoch": 0, "rows": 8, "skipped": 0, "answer_accuracy": 0.25, "updates": 8, "seconds": 12.782281160354614, "time": 1790893253.1674228, "loss": 1.796264362592874, "confidence": 0.7695061701564633, "mass": 0.7499991460602207, "hinge_active": 0.25, "stop_prob": 0.9998790423075358, "sampled_number_rate": 0.75, "kl": 1.749481706811871, "kl_coef": 0.049920057575430866}
A decoder-only architecture is being used, but right-padding was detected! For correct generation results, please set `padding_side='left'` when initializing the tokenizer.
{"step": 12, "epoch": 0, "rows": 8, "skipped": 0, "answer_accuracy": 0.625, "updates": 8, "seconds": 7.5734453201293945, "time": 1790893260.741855, "loss": -9.471695638710855, "confidence": 0.7691592681065356, "mass": 0.9999991302989901, "hinge_active": 0.0, "stop_prob": 0.9998946636915207, "sampled_number_rate": 1.0, "kl": 2.885157927732335, "kl_coef": 0.049912070366218794}
A decoder-only architecture is being used, but right-padding was detected! For correct generation results, please set `padding_side='left'` when initializing the tokenizer.
{"step": 13, "epoch": 0, "rows": 8, "skipped": 0, "answer_accuracy": 0.75, "updates": 8, "seconds": 7.313907861709595, "time": 1790893268.0564299, "loss": -10.228037675598602, "confidence": 0.7642619199619658, "mass": 0.9999990757900151, "hinge_active": 0.0, "stop_prob": 0.999917522072792, "sampled_number_rate": 1.0, "kl": 3.5107798790389073, "kl_coef": 0.049904084434960194}
A decoder-only architecture is being used, but right-padding was detected! For correct generation results, please set `padding_side='left'` when initializing the tokenizer.
{"step": 14, "epoch": 0, "rows": 8, "skipped": 0, "answer_accuracy": 0.625, "updates": 8, "seconds": 7.3661274909973145, "time": 1790893275.423288, "loss": -9.398920534224052, "confidence": 0.7712930477632299, "mass": 0.9999988842113033, "hinge_active": 0.0, "stop_prob": 0.9999058768153191, "sampled_number_rate": 1.0, "kl": 3.6062463087058343, "kl_coef": 0.0498960997814506}
A decoder-only architecture is being used, but right-padding was detected! For correct generation results, please set `padding_side='left'` when initializing the tokenizer.
{"step": 15, "epoch": 0, "rows": 8, "skipped": 0, "answer_accuracy": 0.25, "updates": 8, "seconds": 7.465667486190796, "time": 1790893282.8898003, "loss": -7.360914512486698, "confidence": 0.7307690028498987, "mass": 0.9999981975593423, "hinge_active": 0.0, "stop_prob": 0.9998619183897972, "sampled_number_rate": 1.0, "kl": 3.8988294917065702, "kl_coef": 0.049888116405485565}
A decoder-only architecture is being used, but right-padding was detected! For correct generation results, please set `padding_side='left'` when initializing the tokenizer.
{"step": 16, "epoch": 0, "rows": 8, "skipped": 0, "answer_accuracy": 0.375, "updates": 8, "seconds": 12.624088525772095, "time": 1790893295.5195737, "loss": -3.6560787264392296, "confidence": 0.7185001514663933, "mass": 0.8749990459313653, "hinge_active": 0.125, "stop_prob": 0.9999329277447292, "sampled_number_rate": 0.875, "kl": 4.521542299198266, "kl_coef": 0.04988013430686068}
A decoder-only architecture is being used, but right-padding was detected! For correct generation results, please set `padding_side='left'` when initializing the tokenizer.
{"step": 17, "epoch": 0, "rows": 8, "skipped": 0, "answer_accuracy": 0.5, "updates": 8, "seconds": 7.416581153869629, "time": 1790893302.9368396, "loss": -9.310892896652623, "confidence": 0.5317667973514545, "mass": 0.9999893832600035, "hinge_active": 0.0, "stop_prob": 0.9989169761538506, "sampled_number_rate": 1.0, "kl": 5.596642878911382, "kl_coef": 0.04987215348537158}
A decoder-only architecture is being used, but right-padding was detected! For correct generation results, please set `padding_side='left'` when initializing the tokenizer.
{"step": 18, "epoch": 0, "rows": 8, "skipped": 0, "answer_accuracy": 0.5, "updates": 8, "seconds": 7.324110269546509, "time": 1790893310.261591, "loss": -7.241346714390184, "confidence": 0.5734116041719163, "mass": 0.9999981323712352, "hinge_active": 0.0, "stop_prob": 0.9450764507055283, "sampled_number_rate": 1.0, "kl": 6.5128614387541015, "kl_coef": 0.0498694713136046}
A decoder-only architecture is being used, but right-padding was detected! For correct generation results, please set `padding_side='left'` when initializing the tokenizer.
{"step": 19, "epoch": 0, "rows": 8, "skipped": 0, "answer_accuracy": 0.375, "updates": 8, "seconds": 12.72001338005066, "time": 1790893322.9823532, "loss": -4.29765601643814, "confidence": 0.5223013344198565, "mass": 0.8749989722328801, "hinge_active": 0.125, "stop_prob": 0.9999412383352008, "sampled_number_rate": 0.875, "kl": 6.7821020028611985, "kl_coef": 0.049872881464112305}
A decoder-only architecture is being used, but right-padding was detected! For correct generation results, please set `padding_side='left'` when initializing the tokenizer.
{"step": 20, "epoch": 0, "rows": 8, "skipped": 0, "answer_accuracy": 0.375, "updates": 8, "seconds": 12.686863422393799, "time": 1790893335.6700249, "loss": -4.0491201089166395, "confidence": 0.619637648303141, "mass": 0.8749993837084957, "hinge_active": 0.125, "stop_prob": 0.9999522311346871, "sampled_number_rate": 0.875, "kl": 6.817289963072113, "kl_coef": 0.04987808222150984}
A decoder-only architecture is being used, but right-padding was detected! For correct generation results, please set `padding_side='left'` when initializing the tokenizer.
{"step": 21, "epoch": 0, "rows": 8, "skipped": 0, "answer_accuracy": 0.125, "updates": 8, "seconds": 12.69543194770813, "time": 1790893348.3660948, "loss": -2.9043846047300623, "confidence": 0.5912299267228308, "mass": 0.8749987385470372, "hinge_active": 0.125, "stop_prob": 0.9998674818447658, "sampled_number_rate": 0.875, "kl": 6.795218703256795, "kl_coef": 0.0498835175356401}
A decoder-only architecture is being used, but right-padding was detected! For correct generation results, please set `padding_side='left'` when initializing the tokenizer.
{"step": 22, "epoch": 0, "rows": 8, "skipped": 0, "answer_accuracy": 0.625, "updates": 8, "seconds": 7.337688684463501, "time": 1790893355.7045386, "loss": -9.455545141224194, "confidence": 0.4416010568242232, "mass": 0.9999651612993103, "hinge_active": 0.0, "stop_prob": 0.9999472573399544, "sampled_number_rate": 1.0, "kl": 9.381671745718641, "kl_coef": 0.04988880664312391}
A decoder-only architecture is being used, but right-padding was detected! For correct generation results, please set `padding_side='left'` when initializing the tokenizer.
{"step": 23, "epoch": 0, "rows": 8, "skipped": 0, "answer_accuracy": 0.625, "updates": 8, "seconds": 12.886750936508179, "time": 1790893368.5923169, "loss": 4.561872165750453, "confidence": 0.6055948703219195, "mass": 0.6249996070421832, "hinge_active": 0.375, "stop_prob": 0.999954342842102, "sampled_number_rate": 0.625, "kl": 5.59303277228207, "kl_coef": 0.049896788852186805}
A decoder-only architecture is being used, but right-padding was detected! For correct generation results, please set `padding_side='left'` when initializing the tokenizer.
{"step": 24, "epoch": 0, "rows": 8, "skipped": 0, "answer_accuracy": 0.5, "updates": 8, "seconds": 7.586207151412964, "time": 1790893376.1792052, "loss": -9.156717284536331, "confidence": 0.6067357971936813, "mass": 0.9999983681386394, "hinge_active": 0.0, "stop_prob": 0.9999190717935562, "sampled_number_rate": 1.0, "kl": 7.661198171960445, "kl_coef": 0.04989408133780931}
A decoder-only architecture is being used, but right-padding was detected! For correct generation results, please set `padding_side='left'` when initializing the tokenizer.
{"step": 25, "epoch": 0, "rows": 8, "skipped": 0, "answer_accuracy": 0.375, "updates": 8, "seconds": 7.256010055541992, "time": 1790893383.4360058, "loss": -9.06460137968443, "confidence": 0.5103231418510027, "mass": 0.9999978244991412, "hinge_active": 0.0, "stop_prob": 0.9999491572380066, "sampled_number_rate": 1.0, "kl": 6.789250355542934, "kl_coef": 0.049902064390823356}
A decoder-only architecture is being used, but right-padding was detected! For correct generation results, please set `padding_side='left'` when initializing the tokenizer.
{"step": 26, "epoch": 0, "rows": 8, "skipped": 0, "answer_accuracy": 0.625, "updates": 8, "seconds": 7.541120529174805, "time": 1790893390.9778562, "loss": -9.597226775776177, "confidence": 0.6712912890613976, "mass": 0.9999990694087727, "hinge_active": 0.0, "stop_prob": 0.9999360963702202, "sampled_number_rate": 1.0, "kl": 6.746751080129971, "kl_coef": 0.04990731575376506}
A decoder-only architecture is being used, but right-padding was detected! For correct generation results, please set `padding_side='left'` when initializing the tokenizer.
{"step": 27, "epoch": 0, "rows": 8, "skipped": 0, "answer_accuracy": 0.75, "updates": 8, "seconds": 7.368866443634033, "time": 1790893398.3474894, "loss": -10.051988186053292, "confidence": 0.6085245352179012, "mass": 0.9999986475962264, "hinge_active": 0.0, "stop_prob": 0.9999555945396423, "sampled_number_rate": 1.0, "kl": 7.753065031594709, "kl_coef": 0.04991228486602446}
A decoder-only architecture is being used, but right-padding was detected! For correct generation results, please set `padding_side='left'` when initializing the tokenizer.
{"step": 28, "epoch": 0, "rows": 8, "skipped": 0, "answer_accuracy": 0.5, "updates": 8, "seconds": 12.668108701705933, "time": 1790893411.016458, "loss": -4.315337504353379, "confidence": 0.6900313941260549, "mass": 0.8749990459184822, "hinge_active": 0.125, "stop_prob": 0.9999538149152484, "sampled_number_rate": 0.875, "kl": 5.276188696276152, "kl_coef": 0.049920270831603025}
A decoder-only architecture is being used, but right-padding was detected! For correct generation results, please set `padding_side='left'` when initializing the tokenizer.
{"step": 29, "epoch": 0, "rows": 8, "skipped": 0, "answer_accuracy": 0.875, "updates": 8, "seconds": 7.289220809936523, "time": 1790893418.3063684, "loss": -10.648439348226649, "confidence": 0.7031231723936905, "mass": 0.9999989342540229, "hinge_active": 0.0, "stop_prob": 0.9999460726976395, "sampled_number_rate": 1.0, "kl": 5.532808344372174, "kl_coef": 0.049915453117427976}
A decoder-only architecture is being used, but right-padding was detected! For correct generation results, please set `padding_side='left'` when initializing the tokenizer.
{"step": 30, "epoch": 0, "rows": 8, "skipped": 0, "answer_accuracy": 0.375, "updates": 8, "seconds": 7.260782718658447, "time": 1790893425.568001, "loss": -8.774879927337802, "confidence": 0.5858993649690535, "mass": 0.9999945790156561, "hinge_active": 0.0, "stop_prob": 0.9990680366754532, "sampled_number_rate": 1.0, "kl": 4.673284154058853, "kl_coef": 0.04991234377300353}
A decoder-only architecture is being used, but right-padding was detected! For correct generation results, please set `padding_side='left'` when initializing the tokenizer.
{"step": 31, "epoch": 0, "rows": 8, "skipped": 0, "answer_accuracy": 0.375, "updates": 8, "seconds": 7.317134141921997, "time": 1790893432.8857799, "loss": -8.972560111860446, "confidence": 0.5524638118653589, "mass": 0.9999559517341972, "hinge_active": 0.0, "stop_prob": 0.9999611303210258, "sampled_number_rate": 1.0, "kl": 5.075494325143908, "kl_coef": 0.04990435779799984}
A decoder-only architecture is being used, but right-padding was detected! For correct generation results, please set `padding_side='left'` when initializing the tokenizer.
{"step": 32, "epoch": 0, "rows": 8, "skipped": 0, "answer_accuracy": 0.375, "updates": 8, "seconds": 8.064356803894043, "time": 1790893440.95092, "loss": -8.645178595799045, "confidence": 0.6050035654942105, "mass": 0.9999980630975613, "hinge_active": 0.0, "stop_prob": 0.9998631179332733, "sampled_number_rate": 1.0, "kl": 6.0466755356738355, "kl_coef": 0.04989820621640194}
A decoder-only architecture is being used, but right-padding was detected! For correct generation results, please set `padding_side='left'` when initializing the tokenizer.
{"step": 33, "epoch": 0, "rows": 8, "skipped": 0, "answer_accuracy": 0.5, "updates": 8, "seconds": 7.554419994354248, "time": 1790893448.5060134, "loss": -9.718968203973818, "confidence": 0.5952478334859618, "mass": 0.9999898412224374, "hinge_active": 0.0, "stop_prob": 0.9999503493309021, "sampled_number_rate": 1.0, "kl": 5.698780230284518, "kl_coef": 0.04989851675313584}
A decoder-only architecture is being used, but right-padding was detected! For correct generation results, please set `padding_side='left'` when initializing the tokenizer.
{"step": 34, "epoch": 0, "rows": 8, "skipped": 0, "answer_accuracy": 0.5, "updates": 8, "seconds": 7.300509452819824, "time": 1790893455.8072944, "loss": -9.802604656728471, "confidence": 0.5085085777453345, "mass": 0.9999893935715759, "hinge_active": 0.0, "stop_prob": 0.9998825639486313, "sampled_number_rate": 1.0, "kl": 7.686527724377819, "kl_coef": 0.04989651269717244}
A decoder-only architecture is being used, but right-padding was detected! For correct generation results, please set `padding_side='left'` when initializing the tokenizer.
{"step": 35, "epoch": 0, "rows": 8, "skipped": 0, "answer_accuracy": 0.5, "updates": 8, "seconds": 7.34145450592041, "time": 1790893463.1493902, "loss": -9.455413970468998, "confidence": 0.5912609960398949, "mass": 0.9999935945338555, "hinge_active": 0.0, "stop_prob": 0.9999184608459473, "sampled_number_rate": 1.0, "kl": 7.393485993640609, "kl_coef": 0.04990449613920399}
A decoder-only architecture is being used, but right-padding was detected! For correct generation results, please set `padding_side='left'` when initializing the tokenizer.
{"step": 36, "epoch": 0, "rows": 8, "skipped": 0, "answer_accuracy": 0.25, "updates": 8, "seconds": 7.206697940826416, "time": 1790893470.3568053, "loss": -9.016330903063567, "confidence": 0.421930577316893, "mass": 0.9999888668829598, "hinge_active": 0.0, "stop_prob": 0.9999035000801086, "sampled_number_rate": 1.0, "kl": 8.22934612476399, "kl_coef": 0.04991248085858626}
A decoder-only architecture is being used, but right-padding was detected! For correct generation results, please set `padding_side='left'` when initializing the tokenizer.
{"step": 37, "epoch": 0, "rows": 8, "skipped": 0, "answer_accuracy": 0.375, "updates": 8, "seconds": 12.679558992385864, "time": 1790893483.0370147, "loss": -3.8476676364895948, "confidence": 0.49104450261137045, "mass": 0.8749987033842508, "hinge_active": 0.125, "stop_prob": 0.999931275844574, "sampled_number_rate": 0.875, "kl": 8.56706171649025, "kl_coef": 0.04992046685552363}
A decoder-only architecture is being used, but right-padding was detected! For correct generation results, please set `padding_side='left'` when initializing the tokenizer.
{"step": 38, "epoch": 0, "rows": 8, "skipped": 0, "answer_accuracy": 0.5, "updates": 8, "seconds": 12.664274215698242, "time": 1790893495.7021604, "loss": -3.8421034022408995, "confidence": 0.3479643909177563, "mass": 0.8749966785268593, "hinge_active": 0.125, "stop_prob": 0.9999357802527291, "sampled_number_rate": 0.875, "kl": 10.982413140134188, "kl_coef": 0.049928454130220505}
A decoder-only architecture is being used, but right-padding was detected! For correct generation results, please set `padding_side='left'` when initializing the tokenizer.
{"step": 39, "epoch": 0, "rows": 8, "skipped": 0, "answer_accuracy": 0.375, "updates": 8, "seconds": 12.663265228271484, "time": 1790893508.3661683, "loss": -4.114646547293745, "confidence": 0.4479376375605018, "mass": 0.8749983478515293, "hinge_active": 0.125, "stop_prob": 0.9999555179050991, "sampled_number_rate": 0.875, "kl": 9.1399982870873, "kl_coef": 0.04993644268288134}
A decoder-only architecture is being used, but right-padding was detected! For correct generation results, please set `padding_side='left'` when initializing the tokenizer.
{"step": 40, "epoch": 0, "rows": 8, "skipped": 0, "answer_accuracy": 0.5, "updates": 8, "seconds": 7.3324809074401855, "time": 1790893515.699418, "loss": -9.518989967483268, "confidence": 0.5535407345220973, "mass": 0.9999962455251883, "hinge_active": 0.0, "stop_prob": 0.9999549314379692, "sampled_number_rate": 1.0, "kl": 6.059261975326368, "kl_coef": 0.0499444325137106}
A decoder-only architecture is being used, but right-padding was detected! For correct generation results, please set `padding_side='left'` when initializing the tokenizer.
{"step": 41, "epoch": 0, "rows": 8, "skipped": 0, "answer_accuracy": 0.375, "updates": 8, "seconds": 7.212081670761108, "time": 1790893522.9121935, "loss": -8.425050589003254, "confidence": 0.6511019605335535, "mass": 0.9999975044103675, "hinge_active": 0.0, "stop_prob": 0.9999583140015602, "sampled_number_rate": 1.0, "kl": 5.345112854261336, "kl_coef": 0.04994482715447424}
A decoder-only architecture is being used, but right-padding was detected! For correct generation results, please set `padding_side='left'` when initializing the tokenizer.
{"step": 42, "epoch": 0, "rows": 8, "skipped": 0, "answer_accuracy": 0.25, "updates": 8, "seconds": 7.258783340454102, "time": 1790893530.1717904, "loss": -7.418390468576928, "confidence": 0.6270879926860807, "mass": 0.9999946301543521, "hinge_active": 0.0, "stop_prob": 0.999934546649456, "sampled_number_rate": 1.0, "kl": 5.9177100355545385, "kl_coef": 0.04994046605776763}
A decoder-only architecture is being used, but right-padding was detected! For correct generation results, please set `padding_side='left'` when initializing the tokenizer.
{"step": 43, "epoch": 0, "rows": 8, "skipped": 0, "answer_accuracy": 0.5, "updates": 8, "seconds": 7.211404085159302, "time": 1790893537.3839695, "loss": -9.023376606720698, "confidence": 0.48183655882155724, "mass": 0.9999940730436376, "hinge_active": 0.0, "stop_prob": 0.999897263944149, "sampled_number_rate": 1.0, "kl": 8.771426386931308, "kl_coef": 0.04993991811121079}
A decoder-only architecture is being used, but right-padding was detected! For correct generation results, please set `padding_side='left'` when initializing the tokenizer.
{"step": 44, "epoch": 0, "rows": 8, "skipped": 0, "answer_accuracy": 0.875, "updates": 8, "seconds": 7.176829814910889, "time": 1790893544.56163, "loss": -9.319322617200898, "confidence": 0.3881815254541182, "mass": 0.9999919928162919, "hinge_active": 0.0, "stop_prob": 0.9999168217182159, "sampled_number_rate": 1.0, "kl": 10.355138309154468, "kl_coef": 0.04994790849810858}
A decoder-only architecture is being used, but right-padding was detected! For correct generation results, please set `padding_side='left'` when initializing the tokenizer.
{"step": 45, "epoch": 0, "rows": 8, "skipped": 0, "answer_accuracy": 0.375, "updates": 8, "seconds": 12.70548391342163, "time": 1790893557.2680237, "loss": -3.547700929069715, "confidence": 0.4760020158259553, "mass": 0.8749972480403709, "hinge_active": 0.125, "stop_prob": 0.9999561991010394, "sampled_number_rate": 0.875, "kl": 5.405179884304839, "kl_coef": 0.04995590016346828}
A decoder-only architecture is being used, but right-padding was detected! For correct generation results, please set `padding_side='left'` when initializing the tokenizer.
{"step": 46, "epoch": 0, "rows": 8, "skipped": 0, "answer_accuracy": 0.75, "updates": 8, "seconds": 7.43071722984314, "time": 1790893564.6994915, "loss": -11.058780677797909, "confidence": 0.6957104221267589, "mass": 0.9999481651225071, "hinge_active": 0.0, "stop_prob": 0.9999138563871384, "sampled_number_rate": 1.0, "kl": 3.308256412608936, "kl_coef": 0.04995193819355963}
A decoder-only architecture is being used, but right-padding was detected! For correct generation results, please set `padding_side='left'` when initializing the tokenizer.
{"step": 47, "epoch": 0, "rows": 8, "skipped": 0, "answer_accuracy": 0.5, "updates": 8, "seconds": 7.442394733428955, "time": 1790893572.1425626, "loss": -8.973758502737976, "confidence": 0.7595818155436486, "mass": 0.9999868395668677, "hinge_active": 0.0, "stop_prob": 0.9999441429972649, "sampled_number_rate": 1.0, "kl": 2.4452310520070717, "kl_coef": 0.04994394588344866}
A decoder-only architecture is being used, but right-padding was detected! For correct generation results, please set `padding_side='left'` when initializing the tokenizer.
{"step": 48, "epoch": 0, "rows": 8, "skipped": 0, "answer_accuracy": 0.875, "updates": 8, "seconds": 7.392239809036255, "time": 1790893579.5354602, "loss": -11.503273474428733, "confidence": 0.7863287357183719, "mass": 0.9999941591897791, "hinge_active": 0.0, "stop_prob": 0.9999545365571976, "sampled_number_rate": 1.0, "kl": 2.734315390439269, "kl_coef": 0.049935954852107306}
A decoder-only architecture is being used, but right-padding was detected! For correct generation results, please set `padding_side='left'` when initializing the tokenizer.
{"step": 49, "epoch": 0, "rows": 8, "skipped": 0, "answer_accuracy": 0.625, "updates": 8, "seconds": 7.245333194732666, "time": 1790893586.7814033, "loss": -9.117983799907421, "confidence": 0.8063089294798562, "mass": 0.9999967369451808, "hinge_active": 0.0, "stop_prob": 0.9999596700072289, "sampled_number_rate": 1.0, "kl": 2.6176015322857684, "kl_coef": 0.049927965099330965}
A decoder-only architecture is being used, but right-padding was detected! For correct generation results, please set `padding_side='left'` when initializing the tokenizer.
{"step": 50, "epoch": 0, "rows": 8, "skipped": 0, "answer_accuracy": 0.5, "updates": 8, "seconds": 8.188119173049927, "time": 1790893594.9701767, "loss": -8.41888115921731, "confidence": 0.8444466115127094, "mass": 0.9999936881594069, "hinge_active": 0.0, "stop_prob": 0.999937616288662, "sampled_number_rate": 1.0, "kl": 2.3141728837043165, "kl_coef": 0.04991997662491507}
A decoder-only architecture is being used, but right-padding was detected! For correct generation results, please set `padding_side='left'` when initializing the tokenizer.
{"step": 51, "epoch": 0, "rows": 8, "skipped": 0, "answer_accuracy": 0.75, "updates": 8, "seconds": 7.261304140090942, "time": 1790893602.2320874, "loss": -9.825945691947425, "confidence": 0.7318303449981813, "mass": 0.9999962607574221, "hinge_active": 0.0, "stop_prob": 0.9999153092503548, "sampled_number_rate": 1.0, "kl": 3.3805564688758314, "kl_coef": 0.04991198942865508}
A decoder-only architecture is being used, but right-padding was detected! For correct generation results, please set `padding_side='left'` when initializing the tokenizer.
{"step": 52, "epoch": 0, "rows": 8, "skipped": 0, "answer_accuracy": 0.25, "updates": 8, "seconds": 12.689228057861328, "time": 1790893614.922039, "loss": -3.261233567028791, "confidence": 0.7208296089763108, "mass": 0.8749976528954954, "hinge_active": 0.125, "stop_prob": 0.9999375769070217, "sampled_number_rate": 0.875, "kl": 3.1184013852054275, "kl_coef": 0.0499040035103465}
A decoder-only architecture is being used, but right-padding was detected! For correct generation results, please set `padding_side='left'` when initializing the tokenizer.
{"step": 53, "epoch": 0, "rows": 8, "skipped": 0, "answer_accuracy": 0.75, "updates": 8, "seconds": 7.220282316207886, "time": 1790893622.1429696, "loss": -10.502038497287364, "confidence": 0.784601196208735, "mass": 0.9999972555725428, "hinge_active": 0.0, "stop_prob": 0.9999643042683601, "sampled_number_rate": 1.0, "kl": 3.4059247951763583, "kl_coef": 0.04989601886978484}
A decoder-only architecture is being used, but right-padding was detected! For correct generation results, please set `padding_side='left'` when initializing the tokenizer.
{"step": 54, "epoch": 0, "rows": 8, "skipped": 0, "answer_accuracy": 0.5, "updates": 8, "seconds": 7.3146069049835205, "time": 1790893629.458255, "loss": -8.495622667652693, "confidence": 0.5975613538034773, "mass": 0.9999785878680276, "hinge_active": 0.0, "stop_prob": 0.9998669177293777, "sampled_number_rate": 1.0, "kl": 4.7946601131609485, "kl_coef": 0.049888035506765675}
A decoder-only architecture is being used, but right-padding was detected! For correct generation results, please set `padding_side='left'` when initializing the tokenizer.
{"step": 55, "epoch": 0, "rows": 8, "skipped": 0, "answer_accuracy": 0.75, "updates": 8, "seconds": 12.763668775558472, "time": 1790893642.2225232, "loss": -0.9861478913863957, "confidence": 0.7218151524238674, "mass": 0.7499970314467754, "hinge_active": 0.25, "stop_prob": 0.9999555051326752, "sampled_number_rate": 0.75, "kl": 3.3791621792284734, "kl_coef": 0.04988005342108459}
A decoder-only architecture is being used, but right-padding was detected! For correct generation results, please set `padding_side='left'` when initializing the tokenizer.
{"step": 56, "epoch": 0, "rows": 8, "skipped": 0, "answer_accuracy": 0.0, "updates": 8, "seconds": 12.70961332321167, "time": 1790893654.9330037, "loss": -2.882630399953139, "confidence": 0.4932670592845805, "mass": 0.8749831772649733, "hinge_active": 0.125, "stop_prob": 0.9999340176582336, "sampled_number_rate": 0.875, "kl": 4.958836259615073, "kl_coef": 0.04987207261253722}
A decoder-only architecture is being used, but right-padding was detected! For correct generation results, please set `padding_side='left'` when initializing the tokenizer.
{"step": 57, "epoch": 0, "rows": 8, "skipped": 0, "answer_accuracy": 0.375, "updates": 8, "seconds": 7.390272617340088, "time": 1790893662.32396, "loss": -8.897437922023864, "confidence": 0.5373901471150746, "mass": 0.9999945857813031, "hinge_active": 0.0, "stop_prob": 0.9999636635184288, "sampled_number_rate": 1.0, "kl": 7.456943168939218, "kl_coef": 0.049865149280048954}
A decoder-only architecture is being used, but right-padding was detected! For correct generation results, please set `padding_side='left'` when initializing the tokenizer.
{"step": 58, "epoch": 0, "rows": 8, "skipped": 0, "answer_accuracy": 0.375, "updates": 8, "seconds": 7.273278474807739, "time": 1790893669.5980585, "loss": -8.927753992930258, "confidence": 0.512961949197004, "mass": 0.9998865641529411, "hinge_active": 0.0, "stop_prob": 0.9999262541532516, "sampled_number_rate": 1.0, "kl": 8.1297159573636, "kl_coef": 0.04987312770393376}
A decoder-only architecture is being used, but right-padding was detected! For correct generation results, please set `padding_side='left'` when initializing the tokenizer.
{"step": 59, "epoch": 0, "rows": 8, "skipped": 0, "answer_accuracy": 0.75, "updates": 8, "seconds": 7.291200399398804, "time": 1790893676.8900003, "loss": -10.250022841326228, "confidence": 0.6273996282934624, "mass": 0.9999971393190905, "hinge_active": 0.0, "stop_prob": 0.9999645575881004, "sampled_number_rate": 1.0, "kl": 7.009553698230832, "kl_coef": 0.04988110740436639}
A decoder-only architecture is being used, but right-padding was detected! For correct generation results, please set `padding_side='left'` when initializing the tokenizer.
{"step": 60, "epoch": 0, "rows": 8, "skipped": 0, "answer_accuracy": 0.625, "updates": 8, "seconds": 7.2818779945373535, "time": 1790893684.1728323, "loss": -9.905100279628446, "confidence": 0.4007292556209719, "mass": 0.9999618184766516, "hinge_active": 0.0, "stop_prob": 0.9999291002750397, "sampled_number_rate": 1.0, "kl": 9.427648509627753, "kl_coef": 0.04988782175855998}
A decoder-only architecture is being used, but right-padding was detected! For correct generation results, please set `padding_side='left'` when initializing the tokenizer.
{"step": 61, "epoch": 0, "rows": 8, "skipped": 0, "answer_accuracy": 0.5, "updates": 8, "seconds": 7.3071064949035645, "time": 1790893691.4807131, "loss": -9.02024674752446, "confidence": 0.5659780036469977, "mass": 0.9999950150990781, "hinge_active": 0.0, "stop_prob": 0.9999657794833183, "sampled_number_rate": 1.0, "kl": 6.885564511170426, "kl_coef": 0.04989580381004134}
A decoder-only architecture is being used, but right-padding was detected! For correct generation results, please set `padding_side='left'` when initializing the tokenizer.
{"step": 62, "epoch": 0, "rows": 8, "skipped": 0, "answer_accuracy": 0.375, "updates": 8, "seconds": 12.794119119644165, "time": 1790893704.275684, "loss": 0.7525086126922456, "confidence": 0.5931412669503203, "mass": 0.7499908449967729, "hinge_active": 0.25, "stop_prob": 0.9999569157759348, "sampled_number_rate": 0.75, "kl": 4.664635642871307, "kl_coef": 0.04990169527045607}
A decoder-only architecture is being used, but right-padding was detected! For correct generation results, please set `padding_side='left'` when initializing the tokenizer.
{"step": 63, "epoch": 0, "rows": 8, "skipped": 0, "answer_accuracy": 0.25, "updates": 8, "seconds": 12.71213674545288, "time": 1790893716.9885695, "loss": -3.1813431969808548, "confidence": 0.5827261135126706, "mass": 0.8749935416363251, "hinge_active": 0.125, "stop_prob": 0.9999653782163348, "sampled_number_rate": 0.875, "kl": 5.805282916633745, "kl_coef": 0.0498937109992128}
A decoder-only architecture is being used, but right-padding was detected! For correct generation results, please set `padding_side='left'` when initializing the tokenizer.
{"step": 64, "epoch": 0, "rows": 8, "skipped": 0, "answer_accuracy": 0.625, "updates": 8, "seconds": 12.667433023452759, "time": 1790893729.6567929, "loss": -4.61113357763935, "confidence": 0.7185242628792463, "mass": 0.8749980686903516, "hinge_active": 0.125, "stop_prob": 0.999969618661063, "sampled_number_rate": 0.875, "kl": 3.4887741770226035, "kl_coef": 0.04989241564482825, "save_seconds": 0.471327543258667}
A decoder-only architecture is being used, but right-padding was detected! For correct generation results, please set `padding_side='left'` when initializing the tokenizer.
{"step": 65, "epoch": 0, "rows": 7, "skipped": 1, "answer_accuracy": 0.7142857142857143, "updates": 8, "seconds": 7.800037384033203, "time": 1790893737.928737, "loss": -10.519543647442296, "confidence": 0.5407990535935179, "mass": 0.9999897789231695, "hinge_active": 0.0, "stop_prob": 0.9999208876064846, "sampled_number_rate": 0.9999999999999998, "kl": 4.662827025752981, "kl_coef": 0.04988443285832508}
A decoder-only architecture is being used, but right-padding was detected! For correct generation results, please set `padding_side='left'` when initializing the tokenizer.
{"step": 66, "epoch": 0, "rows": 8, "skipped": 0, "answer_accuracy": 0.75, "updates": 8, "seconds": 7.516550779342651, "time": 1790893745.4460924, "loss": -9.635284389154553, "confidence": 0.7889887543611536, "mass": 0.9999934008486436, "hinge_active": 0.0, "stop_prob": 0.9999577403068542, "sampled_number_rate": 1.0, "kl": 3.398181958848251, "kl_coef": 0.04987645134906774}
A decoder-only architecture is being used, but right-padding was detected! For correct generation results, please set `padding_side='left'` when initializing the tokenizer.
{"step": 67, "epoch": 0, "rows": 8, "skipped": 0, "answer_accuracy": 0.625, "updates": 8, "seconds": 7.189907550811768, "time": 1790893752.636895, "loss": -9.696885715080201, "confidence": 0.6690531235351129, "mass": 0.9999940973684601, "hinge_active": 0.0, "stop_prob": 0.999872550368309, "sampled_number_rate": 1.0, "kl": 2.7675802608968123, "kl_coef": 0.04986847111685189}
A decoder-only architecture is being used, but right-padding was detected! For correct generation results, please set `padding_side='left'` when initializing the tokenizer.
{"step": 68, "epoch": 0, "rows": 8, "skipped": 0, "answer_accuracy": 0.875, "updates": 8, "seconds": 7.247899770736694, "time": 1790893759.885474, "loss": -11.558871269942378, "confidence": 0.735807941194743, "mass": 0.999995784032882, "hinge_active": 0.0, "stop_prob": 0.9998957216739655, "sampled_number_rate": 1.0, "kl": 3.646544277361258, "kl_coef": 0.04986049216147319}
A decoder-only architecture is being used, but right-padding was detected! For correct generation results, please set `padding_side='left'` when initializing the tokenizer.
{"step": 69, "epoch": 0, "rows": 8, "skipped": 0, "answer_accuracy": 0.375, "updates": 8, "seconds": 12.635976076126099, "time": 1790893772.5221407, "loss": -3.660343351314271, "confidence": 0.7708167100933683, "mass": 0.8749973578541546, "hinge_active": 0.125, "stop_prob": 0.9999665788241795, "sampled_number_rate": 0.875, "kl": 2.7421451622600874, "kl_coef": 0.04985251448272735}
A decoder-only architecture is being used, but right-padding was detected! For correct generation results, please set `padding_side='left'` when initializing the tokenizer.
{"step": 70, "epoch": 0, "rows": 8, "skipped": 0, "answer_accuracy": 0.375, "updates": 8, "seconds": 12.630889415740967, "time": 1790893785.1537032, "loss": -3.4564969557089222, "confidence": 0.6966749242320255, "mass": 0.874994257226045, "hinge_active": 0.125, "stop_prob": 0.9995309369904655, "sampled_number_rate": 0.875, "kl": 3.439271445611157, "kl_coef": 0.04984453808041011}
A decoder-only architecture is being used, but right-padding was detected! For correct generation results, please set `padding_side='left'` when initializing the tokenizer.
{"step": 71, "epoch": 0, "rows": 8, "skipped": 0, "answer_accuracy": 0.75, "updates": 8, "seconds": 12.65267539024353, "time": 1790893797.8071134, "loss": -5.44745670749316, "confidence": 0.7442140369053776, "mass": 0.8749943869038718, "hinge_active": 0.125, "stop_prob": 0.9999633346285138, "sampled_number_rate": 0.875, "kl": 3.5728796987450693, "kl_coef": 0.049836562954317244}
A decoder-only architecture is being used, but right-padding was detected! For correct generation results, please set `padding_side='left'` when initializing the tokenizer.
{"step": 72, "epoch": 0, "rows": 8, "skipped": 0, "answer_accuracy": 0.25, "updates": 8, "seconds": 12.772351026535034, "time": 1790893810.580124, "loss": 1.4179141713604553, "confidence": 0.683006227124632, "mass": 0.7499972436143153, "hinge_active": 0.25, "stop_prob": 0.999970406293869, "sampled_number_rate": 0.75, "kl": 2.875919195673231, "kl_coef": 0.04982858910424455}
A decoder-only architecture is being used, but right-padding was detected! For correct generation results, please set `padding_side='left'` when initializing the tokenizer.
{"step": 73, "epoch": 0, "rows": 8, "skipped": 0, "answer_accuracy": 0.375, "updates": 8, "seconds": 7.370635986328125, "time": 1790893817.9514956, "loss": -9.484236373429285, "confidence": 0.504826714733468, "mass": 0.9999097846578219, "hinge_active": 0.0, "stop_prob": 0.9998729452490807, "sampled_number_rate": 1.0, "kl": 5.272030119241416, "kl_coef": 0.04982061652998787}
A decoder-only architecture is being used, but right-padding was detected! For correct generation results, please set `padding_side='left'` when initializing the tokenizer.
{"step": 74, "epoch": 0, "rows": 8, "skipped": 0, "answer_accuracy": 0.5, "updates": 8, "seconds": 7.503559589385986, "time": 1790893825.4558325, "loss": -9.060929725459351, "confidence": 0.5175742074325795, "mass": 0.9999795204257064, "hinge_active": 0.0, "stop_prob": 0.999965600669384, "sampled_number_rate": 1.0, "kl": 7.058765007580563, "kl_coef": 0.04981578080888458}
A decoder-only architecture is being used, but right-padding was detected! For correct generation results, please set `padding_side='left'` when initializing the tokenizer.
{"step": 75, "epoch": 0, "rows": 8, "skipped": 0, "answer_accuracy": 0.375, "updates": 8, "seconds": 7.336323976516724, "time": 1790893832.793007, "loss": -9.326867091982061, "confidence": 0.49378660264611096, "mass": 0.9999770009908518, "hinge_active": 0.0, "stop_prob": 0.9998647943139076, "sampled_number_rate": 1.0, "kl": 5.8723204244365235, "kl_coef": 0.049822813236290675}
A decoder-only architecture is being used, but right-padding was detected! For correct generation results, please set `padding_side='left'` when initializing the tokenizer.
{"step": 76, "epoch": 0, "rows": 8, "skipped": 0, "answer_accuracy": 0.625, "updates": 8, "seconds": 12.677461385726929, "time": 1790893845.4712174, "loss": -5.381167614408492, "confidence": 0.705421079922355, "mass": 0.8749961152518577, "hinge_active": 0.125, "stop_prob": 0.999967770917075, "sampled_number_rate": 0.875, "kl": 3.856320675502399, "kl_coef": 0.049821965055537695}
A decoder-only architecture is being used, but right-padding was detected! For correct generation results, please set `padding_side='left'` when initializing the tokenizer.
{"step": 77, "epoch": 0, "rows": 8, "skipped": 0, "answer_accuracy": 0.625, "updates": 8, "seconds": 7.384257078170776, "time": 1790893852.8562903, "loss": -9.691919875426034, "confidence": 0.6615950106149404, "mass": 0.9999976358745539, "hinge_active": 0.0, "stop_prob": 0.9999682977795601, "sampled_number_rate": 1.0, "kl": 5.2062587429767495, "kl_coef": 0.04981399354112881}
A decoder-only architecture is being used, but right-padding was detected! For correct generation results, please set `padding_side='left'` when initializing the tokenizer.
{"step": 78, "epoch": 0, "rows": 8, "skipped": 0, "answer_accuracy": 0.5, "updates": 8, "seconds": 12.693025350570679, "time": 1790893865.5500643, "loss": -4.62969060246441, "confidence": 0.5266502285899343, "mass": 0.8749963124984504, "hinge_active": 0.125, "stop_prob": 0.9999521204403469, "sampled_number_rate": 0.875, "kl": 6.5196359746031805, "kl_coef": 0.04980872161821539}
A decoder-only architecture is being used, but right-padding was detected! For correct generation results, please set `padding_side='left'` when initializing the tokenizer.
{"step": 79, "epoch": 0, "rows": 8, "skipped": 0, "answer_accuracy": 0.75, "updates": 8, "seconds": 7.267664194107056, "time": 1790893872.8184993, "loss": -9.704337384372165, "confidence": 0.7296702462423659, "mass": 0.9999955965952815, "hinge_active": 0.0, "stop_prob": 0.9999529272317886, "sampled_number_rate": 1.0, "kl": 4.126793305278373, "kl_coef": 0.0498121726053623}
A decoder-only architecture is being used, but right-padding was detected! For correct generation results, please set `padding_side='left'` when initializing the tokenizer.
{"step": 80, "epoch": 0, "rows": 8, "skipped": 0, "answer_accuracy": 0.625, "updates": 8, "seconds": 12.636821031570435, "time": 1790893885.4560096, "loss": -5.0924147393813834, "confidence": 0.7046724051269941, "mass": 0.8749964827808552, "hinge_active": 0.125, "stop_prob": 0.9999572208949498, "sampled_number_rate": 0.875, "kl": 4.155306766992063, "kl_coef": 0.04980420265774543}
A decoder-only architecture is being used, but right-padding was detected! For correct generation results, please set `padding_side='left'` when initializing the tokenizer.
{"step": 81, "epoch": 0, "rows": 8, "skipped": 0, "answer_accuracy": 0.25, "updates": 8, "seconds": 12.682899236679077, "time": 1790893898.1396055, "loss": -3.6709799848171745, "confidence": 0.606336123738542, "mass": 0.8749904695737101, "hinge_active": 0.125, "stop_prob": 0.9999461770057678, "sampled_number_rate": 0.875, "kl": 3.4652075564393763, "kl_coef": 0.04979623398532019}
A decoder-only architecture is being used, but right-padding was detected! For correct generation results, please set `padding_side='left'` when initializing the tokenizer.
{"step": 82, "epoch": 0, "rows": 8, "skipped": 0, "answer_accuracy": 0.25, "updates": 8, "seconds": 7.257903575897217, "time": 1790893905.3983915, "loss": -9.051963798158447, "confidence": 0.48114737049684125, "mass": 0.9999803309806462, "hinge_active": 0.0, "stop_prob": 0.9999483153223991, "sampled_number_rate": 1.0, "kl": 7.145130543497807, "kl_coef": 0.04978826658788253}
A decoder-only architecture is being used, but right-padding was detected! For correct generation results, please set `padding_side='left'` when initializing the tokenizer.
{"step": 83, "epoch": 0, "rows": 8, "skipped": 0, "answer_accuracy": 0.5, "updates": 8, "seconds": 7.176773309707642, "time": 1790893912.5759397, "loss": -10.101780807871314, "confidence": 0.47946032843212005, "mass": 0.9999785086056876, "hinge_active": 0.0, "stop_prob": 0.9999445751309395, "sampled_number_rate": 1.0, "kl": 6.508813056675752, "kl_coef": 0.04979586846318621}
A decoder-only architecture is being used, but right-padding was detected! For correct generation results, please set `padding_side='left'` when initializing the tokenizer.
{"step": 84, "epoch": 0, "rows": 8, "skipped": 0, "answer_accuracy": 0.375, "updates": 8, "seconds": 7.489868402481079, "time": 1790893920.0664768, "loss": -9.05806469818496, "confidence": 0.3234702057158483, "mass": 0.999950648588442, "hinge_active": 0.0, "stop_prob": 0.9999418556690216, "sampled_number_rate": 1.0, "kl": 10.68622190704752, "kl_coef": 0.049799246701591894}
A decoder-only architecture is being used, but right-padding was detected! For correct generation results, please set `padding_side='left'` when initializing the tokenizer.
{"step": 85, "epoch": 0, "rows": 8, "skipped": 0, "answer_accuracy": 0.5, "updates": 8, "seconds": 7.3113791942596436, "time": 1790893927.378532, "loss": -8.868595089703417, "confidence": 0.4504277580489291, "mass": 0.9999122916764686, "hinge_active": 0.0, "stop_prob": 0.9999495819211006, "sampled_number_rate": 1.0, "kl": 6.619432921679398, "kl_coef": 0.049807214581064144}
A decoder-only architecture is being used, but right-padding was detected! For correct generation results, please set `padding_side='left'` when initializing the tokenizer.
{"step": 86, "epoch": 0, "rows": 8, "skipped": 0, "answer_accuracy": 0.25, "updates": 8, "seconds": 12.655776262283325, "time": 1790893940.0349646, "loss": -3.2331575054574615, "confidence": 0.683041056180662, "mass": 0.8749954689285709, "hinge_active": 0.125, "stop_prob": 0.9999562331608364, "sampled_number_rate": 0.875, "kl": 4.2078032514473716, "kl_coef": 0.04981132821152396}
A decoder-only architecture is being used, but right-padding was detected! For correct generation results, please set `padding_side='left'` when initializing the tokenizer.
{"step": 87, "epoch": 0, "rows": 8, "skipped": 0, "answer_accuracy": 0.5, "updates": 8, "seconds": 7.206859350204468, "time": 1790893947.2424977, "loss": -8.8271895955718, "confidence": 0.49483390227274016, "mass": 0.9999878881956098, "hinge_active": 0.0, "stop_prob": 0.9999575838446617, "sampled_number_rate": 1.0, "kl": 6.813065325099715, "kl_coef": 0.049803358399010116}
A decoder-only architecture is being used, but right-padding was detected! For correct generation results, please set `padding_side='left'` when initializing the tokenizer.
{"step": 88, "epoch": 0, "rows": 8, "skipped": 0, "answer_accuracy": 0.875, "updates": 8, "seconds": 7.252715110778809, "time": 1790893954.4959838, "loss": -11.115822847351122, "confidence": 0.7301081347948737, "mass": 0.9999964268289341, "hinge_active": 0.0, "stop_prob": 0.9999734833836555, "sampled_number_rate": 1.0, "kl": 4.175406116443835, "kl_coef": 0.04980875751684849}
A decoder-only architecture is being used, but right-padding was detected! For correct generation results, please set `padding_side='left'` when initializing the tokenizer.
{"step": 89, "epoch": 0, "rows": 8, "skipped": 0, "answer_accuracy": 0.125, "updates": 8, "seconds": 7.2604899406433105, "time": 1790893961.7571807, "loss": -7.777763189945329, "confidence": 0.5229648757149961, "mass": 0.9999455917976035, "hinge_active": 0.0, "stop_prob": 0.9999550208449364, "sampled_number_rate": 1.0, "kl": 6.215324512451747, "kl_coef": 0.04980078811564579}
A decoder-only architecture is being used, but right-padding was detected! For correct generation results, please set `padding_side='left'` when initializing the tokenizer.
{"step": 90, "epoch": 0, "rows": 8, "skipped": 0, "answer_accuracy": 0.5, "updates": 8, "seconds": 7.193957805633545, "time": 1790893968.9518237, "loss": -9.7341431728436, "confidence": 0.45038807220436594, "mass": 0.9999833038550495, "hinge_active": 0.0, "stop_prob": 0.9999474659562111, "sampled_number_rate": 1.0, "kl": 5.14756019074786, "kl_coef": 0.04980221789303522}
A decoder-only architecture is being used, but right-padding was detected! For correct generation results, please set `padding_side='left'` when initializing the tokenizer.
{"step": 91, "epoch": 0, "rows": 8, "skipped": 0, "answer_accuracy": 0.25, "updates": 8, "seconds": 7.530088424682617, "time": 1790893976.482501, "loss": -8.849553734896032, "confidence": 0.4450919585585094, "mass": 0.9999546157112855, "hinge_active": 0.0, "stop_prob": 0.9999437928199768, "sampled_number_rate": 1.0, "kl": 6.833443914605312, "kl_coef": 0.049796557440619074}
A decoder-only architecture is being used, but right-padding was detected! For correct generation results, please set `padding_side='left'` when initializing the tokenizer.
{"step": 92, "epoch": 0, "rows": 8, "skipped": 0, "answer_accuracy": 0.25, "updates": 8, "seconds": 7.261347055435181, "time": 1790893983.744525, "loss": -7.570725342166975, "confidence": 0.5227421333665653, "mass": 0.9993458370333267, "hinge_active": 0.0, "stop_prob": 0.9999528750777245, "sampled_number_rate": 1.0, "kl": 6.781255222405603, "kl_coef": 0.049802091125654695}
A decoder-only architecture is being used, but right-padding was detected! For correct generation results, please set `padding_side='left'` when initializing the tokenizer.
{"step": 93, "epoch": 0, "rows": 8, "skipped": 0, "answer_accuracy": 0.25, "updates": 8, "seconds": 7.475999355316162, "time": 1790893991.2211528, "loss": -9.351357196256359, "confidence": 0.2825073685739512, "mass": 0.9939321771157998, "hinge_active": 0.0, "stop_prob": 0.9995688572525978, "sampled_number_rate": 1.0, "kl": 9.914357735196104, "kl_coef": 0.04980727887815851}
A decoder-only architecture is being used, but right-padding was detected! For correct generation results, please set `padding_side='left'` when initializing the tokenizer.
{"step": 94, "epoch": 0, "rows": 8, "skipped": 0, "answer_accuracy": 0.625, "updates": 8, "seconds": 7.3113861083984375, "time": 1790893998.5333028, "loss": -9.381335845978416, "confidence": 0.4127618084873003, "mass": 0.9999464062734482, "hinge_active": 0.0, "stop_prob": 0.9999683052301407, "sampled_number_rate": 1.0, "kl": 9.059092124007579, "kl_coef": 0.04981524804277901}
A decoder-only architecture is being used, but right-padding was detected! For correct generation results, please set `padding_side='left'` when initializing the tokenizer.
{"step": 95, "epoch": 0, "rows": 8, "skipped": 0, "answer_accuracy": 0.5, "updates": 8, "seconds": 7.346654415130615, "time": 1790894005.8805335, "loss": -10.204368423703572, "confidence": 0.45675312757004893, "mass": 0.9999932435383192, "hinge_active": 0.0, "stop_prob": 0.9999545067548752, "sampled_number_rate": 1.0, "kl": 6.501595230200709, "kl_coef": 0.04982321848246585}
A decoder-only architecture is being used, but right-padding was detected! For correct generation results, please set `padding_side='left'` when initializing the tokenizer.
{"step": 96, "epoch": 0, "rows": 8, "skipped": 0, "answer_accuracy": 0.625, "updates": 8, "seconds": 7.291712045669556, "time": 1790894013.1728888, "loss": -10.201582363012337, "confidence": 0.6420523863042638, "mass": 0.9999954771724077, "hinge_active": 0.0, "stop_prob": 0.9999392628669739, "sampled_number_rate": 1.0, "kl": 3.950305761511294, "kl_coef": 0.04982655062763172}
A decoder-only architecture is being used, but right-padding was detected! For correct generation results, please set `padding_side='left'` when initializing the tokenizer.
{"step": 97, "epoch": 0, "rows": 8, "skipped": 0, "answer_accuracy": 0.875, "updates": 8, "seconds": 7.275333881378174, "time": 1790894020.4490967, "loss": -10.22875224618499, "confidence": 0.6964306635951957, "mass": 0.9999941652415848, "hinge_active": 0.0, "stop_prob": 0.999968409538269, "sampled_number_rate": 1.0, "kl": 4.625767037484427, "kl_coef": 0.0498185783795313}
A decoder-only architecture is being used, but right-padding was detected! For correct generation results, please set `padding_side='left'` when initializing the tokenizer.
{"step": 98, "epoch": 0, "rows": 8, "skipped": 0, "answer_accuracy": 0.75, "updates": 8, "seconds": 7.411078691482544, "time": 1790894027.860864, "loss": -8.63078947367217, "confidence": 0.669868665705788, "mass": 0.9999941128787545, "hinge_active": 0.0, "stop_prob": 0.999957337975502, "sampled_number_rate": 1.0, "kl": 4.32997797561436, "kl_coef": 0.04981060740699057}
A decoder-only architecture is being used, but right-padding was detected! For correct generation results, please set `padding_side='left'` when initializing the tokenizer.
{"step": 99, "epoch": 0, "rows": 8, "skipped": 0, "answer_accuracy": 0.625, "updates": 8, "seconds": 7.314960241317749, "time": 1790894035.1765666, "loss": -10.288204505501184, "confidence": 0.5422806328824687, "mass": 0.9999893542074212, "hinge_active": 0.0, "stop_prob": 0.9999380111694336, "sampled_number_rate": 1.0, "kl": 5.4245518013909, "kl_coef": 0.049802637709805454}
A decoder-only architecture is being used, but right-padding was detected! For correct generation results, please set `padding_side='left'` when initializing the tokenizer.
{"step": 100, "epoch": 0, "rows": 8, "skipped": 0, "answer_accuracy": 0.25, "updates": 8, "seconds": 12.669373035430908, "time": 1790894047.8467882, "loss": -3.0825998210158745, "confidence": 0.6617709657678239, "mass": 0.8749891823195927, "hinge_active": 0.125, "stop_prob": 0.9999690481594631, "sampled_number_rate": 0.875, "kl": 3.384809398033542, "kl_coef": 0.04979881653138464}
A decoder-only architecture is being used, but right-padding was detected! For correct generation results, please set `padding_side='left'` when initializing the tokenizer.
{"step": 101, "epoch": 0, "rows": 8, "skipped": 0, "answer_accuracy": 0.375, "updates": 8, "seconds": 7.331765174865723, "time": 1790894055.1792178, "loss": -7.968960093302848, "confidence": 0.738189122810277, "mass": 0.9999953727881565, "hinge_active": 0.0, "stop_prob": 0.999966211616993, "sampled_number_rate": 1.0, "kl": 3.786230325853831, "kl_coef": 0.04979084872073962}
A decoder-only architecture is being used, but right-padding was detected! For correct generation results, please set `padding_side='left'` when initializing the tokenizer.
{"step": 102, "epoch": 0, "rows": 8, "skipped": 0, "answer_accuracy": 0.625, "updates": 8, "seconds": 7.427622318267822, "time": 1790894062.6075401, "loss": -9.134529017890582, "confidence": 0.7752553764614787, "mass": 0.9999911279253583, "hinge_active": 0.0, "stop_prob": 0.9999673441052437, "sampled_number_rate": 1.0, "kl": 3.3409010871039317, "kl_coef": 0.049782882184944297}
A decoder-only architecture is being used, but right-padding was detected! For correct generation results, please set `padding_side='left'` when initializing the tokenizer.
{"step": 103, "epoch": 0, "rows": 8, "skipped": 0, "answer_accuracy": 0.5, "updates": 8, "seconds": 7.124698638916016, "time": 1790894069.7329643, "loss": -9.39023048195308, "confidence": 0.6144001714921372, "mass": 0.9999860670757978, "hinge_active": 0.0, "stop_prob": 0.9999611079692841, "sampled_number_rate": 1.0, "kl": 3.9591651383122857, "kl_coef": 0.0497749169237947}
A decoder-only architecture is being used, but right-padding was detected! For correct generation results, please set `padding_side='left'` when initializing the tokenizer.
{"step": 104, "epoch": 0, "rows": 8, "skipped": 0, "answer_accuracy": 0.375, "updates": 8, "seconds": 12.719027280807495, "time": 1790894082.4527447, "loss": -0.1710913515936845, "confidence": 0.4876265114423135, "mass": 0.7499953173061675, "hinge_active": 0.25, "stop_prob": 0.9999198516209921, "sampled_number_rate": 0.75, "kl": 4.075542900425082, "kl_coef": 0.04976695293708689}
A decoder-only architecture is being used, but right-padding was detected! For correct generation results, please set `padding_side='left'` when initializing the tokenizer.
{"step": 105, "epoch": 0, "rows": 8, "skipped": 0, "answer_accuracy": 0.625, "updates": 8, "seconds": 7.5493669509887695, "time": 1790894090.0029068, "loss": -9.736094745153185, "confidence": 0.6126313990286697, "mass": 0.9999736673294057, "hinge_active": 0.0, "stop_prob": 0.9998548775911331, "sampled_number_rate": 1.0, "kl": 4.60402060335338, "kl_coef": 0.04975899022461695}
A decoder-only architecture is being used, but right-padding was detected! For correct generation results, please set `padding_side='left'` when initializing the tokenizer.
{"step": 106, "epoch": 0, "rows": 8, "skipped": 0, "answer_accuracy": 0.75, "updates": 8, "seconds": 12.623822212219238, "time": 1790894102.6273994, "loss": -5.09617795145048, "confidence": 0.6373011334726733, "mass": 0.8749974677326262, "hinge_active": 0.125, "stop_prob": 0.999969984803881, "sampled_number_rate": 0.875, "kl": 4.72874482545954, "kl_coef": 0.04975102878618101}
A decoder-only architecture is being used, but right-padding was detected! For correct generation results, please set `padding_side='left'` when initializing the tokenizer.
{"step": 107, "epoch": 0, "rows": 8, "skipped": 0, "answer_accuracy": 0.375, "updates": 8, "seconds": 12.665246725082397, "time": 1790894115.2933476, "loss": -4.296343471405784, "confidence": 0.5944650286738835, "mass": 0.8749968627521201, "hinge_active": 0.125, "stop_prob": 0.9999709384781974, "sampled_number_rate": 0.875, "kl": 4.94580128089286, "kl_coef": 0.04974306862157522}
A decoder-only architecture is being used, but right-padding was detected! For correct generation results, please set `padding_side='left'` when initializing the tokenizer.
{"step": 108, "epoch": 0, "rows": 8, "skipped": 0, "answer_accuracy": 0.25, "updates": 8, "seconds": 7.564474105834961, "time": 1790894122.85846, "loss": -8.878768001933295, "confidence": 0.4855006730564986, "mass": 0.9999908092299251, "hinge_active": 0.0, "stop_prob": 0.9999262169003487, "sampled_number_rate": 1.0, "kl": 5.265578862087646, "kl_coef": 0.04973607674434518}
A decoder-only architecture is being used, but right-padding was detected! For correct generation results, please set `padding_side='left'` when initializing the tokenizer.
{"step": 109, "epoch": 0, "rows": 8, "skipped": 0, "answer_accuracy": 0.5, "updates": 8, "seconds": 7.353244304656982, "time": 1790894130.2124894, "loss": -9.282057759601114, "confidence": 0.4772117654824839, "mass": 0.9999877443837458, "hinge_active": 0.0, "stop_prob": 0.9999612718820572, "sampled_number_rate": 1.0, "kl": 8.071185171967207, "kl_coef": 0.0497312064475348}
A decoder-only architecture is being used, but right-padding was detected! For correct generation results, please set `padding_side='left'` when initializing the tokenizer.
{"step": 110, "epoch": 0, "rows": 8, "skipped": 0, "answer_accuracy": 0.75, "updates": 8, "seconds": 7.152812719345093, "time": 1790894137.36609, "loss": -10.502694701345861, "confidence": 0.5805184247646776, "mass": 0.9999902769074092, "hinge_active": 0.0, "stop_prob": 0.9999629408121109, "sampled_number_rate": 1.0, "kl": 4.3377077361199525, "kl_coef": 0.049739163440566406}
A decoder-only architecture is being used, but right-padding was detected! For correct generation results, please set `padding_side='left'` when initializing the tokenizer.
{"step": 111, "epoch": 0, "rows": 7, "skipped": 1, "answer_accuracy": 0.5714285714285714, "updates": 8, "seconds": 18.73915672302246, "time": 1790894156.1060576, "loss": -10.10805753509463, "confidence": 0.5808343906478602, "mass": 0.9997459846868886, "hinge_active": 0.0, "stop_prob": 0.999894210270473, "sampled_number_rate": 0.9999999999999998, "kl": 3.9083785934145294, "kl_coef": 0.04973120517441591}
A decoder-only architecture is being used, but right-padding was detected! For correct generation results, please set `padding_side='left'` when initializing the tokenizer.
{"step": 112, "epoch": 0, "rows": 8, "skipped": 0, "answer_accuracy": 0.375, "updates": 8, "seconds": 7.389944076538086, "time": 1790894163.4967325, "loss": -7.38415249475734, "confidence": 0.5701520854003117, "mass": 0.999987565284145, "hinge_active": 0.0, "stop_prob": 0.9999569579958916, "sampled_number_rate": 1.0, "kl": 5.866698571826358, "kl_coef": 0.049723248181588006}
A decoder-only architecture is being used, but right-padding was detected! For correct generation results, please set `padding_side='left'` when initializing the tokenizer.
{"step": 113, "epoch": 0, "rows": 8, "skipped": 0, "answer_accuracy": 0.625, "updates": 8, "seconds": 7.591449499130249, "time": 1790894171.0888789, "loss": -9.355938001246692, "confidence": 0.7762851899033115, "mass": 0.9999951810558132, "hinge_active": 0.0, "stop_prob": 0.9999651163816452, "sampled_number_rate": 1.0, "kl": 3.0558969221120655, "kl_coef": 0.0497223644242552}
A decoder-only architecture is being used, but right-padding was detected! For correct generation results, please set `padding_side='left'` when initializing the tokenizer.
{"step": 114, "epoch": 0, "rows": 8, "skipped": 0, "answer_accuracy": 0.5, "updates": 8, "seconds": 12.707939147949219, "time": 1790894183.7975109, "loss": -4.3263083232489485, "confidence": 0.497784856274253, "mass": 0.8749928982815987, "hinge_active": 0.125, "stop_prob": 0.9999122789927891, "sampled_number_rate": 0.875, "kl": 4.485028470510876, "kl_coef": 0.049714408845947314}
A decoder-only architecture is being used, but right-padding was detected! For correct generation results, please set `padding_side='left'` when initializing the tokenizer.
{"step": 115, "epoch": 0, "rows": 8, "skipped": 0, "answer_accuracy": 0.25, "updates": 8, "seconds": 12.978935956954956, "time": 1790894196.7770805, "loss": -3.584958997208455, "confidence": 0.5978409874777968, "mass": 0.8749974848508217, "hinge_active": 0.125, "stop_prob": 0.9999609589576721, "sampled_number_rate": 0.875, "kl": 4.482666116291864, "kl_coef": 0.04970645454053196}
A decoder-only architecture is being used, but right-padding was detected! For correct generation results, please set `padding_side='left'` when initializing the tokenizer.
{"step": 116, "epoch": 0, "rows": 8, "skipped": 0, "answer_accuracy": 0.375, "updates": 8, "seconds": 12.773600101470947, "time": 1790894209.55136, "loss": -0.17309646652984312, "confidence": 0.48791162437579494, "mass": 0.7499952034414582, "hinge_active": 0.25, "stop_prob": 0.9999262889226278, "sampled_number_rate": 0.75, "kl": 4.18646778232508, "kl_coef": 0.04969850150780547}
A decoder-only architecture is being used, but right-padding was detected! For correct generation results, please set `padding_side='left'` when initializing the tokenizer.
{"step": 117, "epoch": 0, "rows": 8, "skipped": 0, "answer_accuracy": 0.5, "updates": 8, "seconds": 7.455521583557129, "time": 1790894217.0076692, "loss": -9.6557932007842, "confidence": 0.509157964651316, "mass": 0.9999954275851906, "hinge_active": 0.0, "stop_prob": 0.9999713078141212, "sampled_number_rate": 1.0, "kl": 7.145895708610885, "kl_coef": 0.04969054974756422}
A decoder-only architecture is being used, but right-padding was detected! For correct generation results, please set `padding_side='left'` when initializing the tokenizer.
{"step": 118, "epoch": 0, "rows": 8, "skipped": 0, "answer_accuracy": 0.625, "updates": 8, "seconds": 7.982203245162964, "time": 1790894224.9905925, "loss": -10.110321057408065, "confidence": 0.6344245769926926, "mass": 0.9999935053014829, "hinge_active": 0.0, "stop_prob": 0.9999766945838928, "sampled_number_rate": 1.0, "kl": 6.066357665105699, "kl_coef": 0.04969814177259278}
A decoder-only architecture is being used, but right-padding was detected! For correct generation results, please set `padding_side='left'` when initializing the tokenizer.
{"step": 119, "epoch": 0, "rows": 8, "skipped": 0, "answer_accuracy": 0.125, "updates": 8, "seconds": 7.215773582458496, "time": 1790894232.2071738, "loss": -8.548795293404991, "confidence": 0.4329861934465725, "mass": 0.9999807053462864, "hinge_active": 0.0, "stop_prob": 0.9999080747365952, "sampled_number_rate": 1.0, "kl": 5.232065700342654, "kl_coef": 0.0496985814862792}
A decoder-only architecture is being used, but right-padding was detected! For correct generation results, please set `padding_side='left'` when initializing the tokenizer.
{"step": 120, "epoch": 0, "rows": 8, "skipped": 0, "answer_accuracy": 0.5, "updates": 8, "seconds": 7.425875425338745, "time": 1790894239.633693, "loss": -9.414176863382567, "confidence": 0.4029673945934107, "mass": 0.9996677990329308, "hinge_active": 0.0, "stop_prob": 0.9999396577477455, "sampled_number_rate": 1.0, "kl": 7.154162749186763, "kl_coef": 0.04969349278689685}
A decoder-only architecture is being used, but right-padding was detected! For correct generation results, please set `padding_side='left'` when initializing the tokenizer.
{"step": 121, "epoch": 0, "rows": 8, "skipped": 0, "answer_accuracy": 0.375, "updates": 8, "seconds": 7.323055028915405, "time": 1790894246.9576108, "loss": -9.230103963168471, "confidence": 0.5405101836318364, "mass": 0.9999850361569753, "hinge_active": 0.0, "stop_prob": 0.9998717829585075, "sampled_number_rate": 1.0, "kl": 6.847626210227159, "kl_coef": 0.0497011400373304}
A decoder-only architecture is being used, but right-padding was detected! For correct generation results, please set `padding_side='left'` when initializing the tokenizer.
{"step": 122, "epoch": 0, "rows": 8, "skipped": 0, "answer_accuracy": 0.375, "updates": 8, "seconds": 7.216895580291748, "time": 1790894254.175166, "loss": -8.659834547230627, "confidence": 0.31628843739332385, "mass": 0.9999873774102971, "hinge_active": 0.0, "stop_prob": 0.9999636635184288, "sampled_number_rate": 1.0, "kl": 7.828205508273935, "kl_coef": 0.04970675710252691}
A decoder-only architecture is being used, but right-padding was detected! For correct generation results, please set `padding_side='left'` when initializing the tokenizer.
{"step": 123, "epoch": 0, "rows": 8, "skipped": 0, "answer_accuracy": 0.75, "updates": 8, "seconds": 7.339698791503906, "time": 1790894261.5154514, "loss": -10.21681812672402, "confidence": 0.6129748085804035, "mass": 0.9999945620838869, "hinge_active": 0.0, "stop_prob": 0.9999733418226242, "sampled_number_rate": 1.0, "kl": 6.7314946042192565, "kl_coef": 0.04971471018366331}
A decoder-only architecture is being used, but right-padding was detected! For correct generation results, please set `padding_side='left'` when initializing the tokenizer.
{"step": 124, "epoch": 0, "rows": 8, "skipped": 0, "answer_accuracy": 0.625, "updates": 8, "seconds": 7.150501728057861, "time": 1790894268.666635, "loss": -10.241796179241543, "confidence": 0.5877211765380668, "mass": 0.9999942503021595, "hinge_active": 0.0, "stop_prob": 0.9999764636158943, "sampled_number_rate": 1.0, "kl": 6.007692645950924, "kl_coef": 0.0497195589892966}
A decoder-only architecture is being used, but right-padding was detected! For correct generation results, please set `padding_side='left'` when initializing the tokenizer.
{"step": 125, "epoch": 0, "rows": 8, "skipped": 0, "answer_accuracy": 0.25, "updates": 8, "seconds": 12.68579626083374, "time": 1790894281.3530667, "loss": -4.025136763360029, "confidence": 0.2825370457738504, "mass": 0.8748706158498922, "hinge_active": 0.125, "stop_prob": 0.9999579787254333, "sampled_number_rate": 0.875, "kl": 6.632092825476992, "kl_coef": 0.04971960998595848}
A decoder-only architecture is being used, but right-padding was detected! For correct generation results, please set `padding_side='left'` when initializing the tokenizer.
{"step": 126, "epoch": 0, "rows": 8, "skipped": 0, "answer_accuracy": 0.625, "updates": 8, "seconds": 7.388891696929932, "time": 1790894288.742664, "loss": -9.958187217552448, "confidence": 0.5572384565917834, "mass": 0.999989305405296, "hinge_active": 0.0, "stop_prob": 0.9999608099460602, "sampled_number_rate": 1.0, "kl": 4.737333934531853, "kl_coef": 0.04972380030712617}
A decoder-only architecture is being used, but right-padding was detected! For correct generation results, please set `padding_side='left'` when initializing the tokenizer.
{"step": 127, "epoch": 0, "rows": 8, "skipped": 0, "answer_accuracy": 0.375, "updates": 8, "seconds": 7.330612421035767, "time": 1790894296.0740988, "loss": -9.068578160539376, "confidence": 0.5279369938215234, "mass": 0.999984117339488, "hinge_active": 0.0, "stop_prob": 0.999958373606205, "sampled_number_rate": 1.0, "kl": 6.820782452691003, "kl_coef": 0.049715844499077025}
A decoder-only architecture is being used, but right-padding was detected! For correct generation results, please set `padding_side='left'` when initializing the tokenizer.
{"step": 128, "epoch": 0, "rows": 8, "skipped": 0, "answer_accuracy": 0.375, "updates": 8, "seconds": 7.270026922225952, "time": 1790894303.3448613, "loss": -8.957836129197497, "confidence": 0.5838007929070191, "mass": 0.9999919690642478, "hinge_active": 0.0, "stop_prob": 0.9999742284417152, "sampled_number_rate": 1.0, "kl": 5.570633025090103, "kl_coef": 0.049721285284781765, "save_seconds": 0.39473915100097656}
A decoder-only architecture is being used, but right-padding was detected! For correct generation results, please set `padding_side='left'` when initializing the tokenizer.
{"step": 129, "epoch": 1, "rows": 8, "skipped": 0, "answer_accuracy": 0.5, "updates": 8, "seconds": 7.5527427196502686, "time": 1790894311.6811419, "loss": -9.975976245987106, "confidence": 0.5317321294028485, "mass": 0.9999842879008871, "hinge_active": 0.0, "stop_prob": 0.9999485611915588, "sampled_number_rate": 1.0, "kl": 4.83954046615472, "kl_coef": 0.04971843879440158}
A decoder-only architecture is being used, but right-padding was detected! For correct generation results, please set `padding_side='left'` when initializing the tokenizer.
{"step": 130, "epoch": 1, "rows": 8, "skipped": 0, "answer_accuracy": 0.875, "updates": 8, "seconds": 7.285562038421631, "time": 1790894318.9675033, "loss": -10.791483525393215, "confidence": 0.7359264675039946, "mass": 0.9999914637941458, "hinge_active": 0.0, "stop_prob": 0.9999723508954048, "sampled_number_rate": 1.0, "kl": 4.1364403491181765, "kl_coef": 0.049710745962894}
A decoder-only architecture is being used, but right-padding was detected! For correct generation results, please set `padding_side='left'` when initializing the tokenizer.
{"step": 131, "epoch": 1, "rows": 8, "skipped": 0, "answer_accuracy": 0.75, "updates": 8, "seconds": 7.198658466339111, "time": 1790894326.167027, "loss": -10.311030113066836, "confidence": 0.5063779974121039, "mass": 0.9999805616650117, "hinge_active": 0.0, "stop_prob": 0.9999506995081902, "sampled_number_rate": 1.0, "kl": 3.9157208301739272, "kl_coef": 0.049702792243539934}
A decoder-only architecture is being used, but right-padding was detected! For correct generation results, please set `padding_side='left'` when initializing the tokenizer.
{"step": 132, "epoch": 1, "rows": 8, "skipped": 0, "answer_accuracy": 0.25, "updates": 8, "seconds": 7.297615051269531, "time": 1790894333.4653673, "loss": -8.05953645576658, "confidence": 0.6479970537221507, "mass": 0.9999904687536298, "hinge_active": 0.0, "stop_prob": 0.9999683648347855, "sampled_number_rate": 1.0, "kl": 4.81538055510445, "kl_coef": 0.049694839796780965}
A decoder-only architecture is being used, but right-padding was detected! For correct generation results, please set `padding_side='left'` when initializing the tokenizer.
{"step": 133, "epoch": 1, "rows": 8, "skipped": 0, "answer_accuracy": 0.5, "updates": 8, "seconds": 7.689100980758667, "time": 1790894341.1551402, "loss": -9.935961970772842, "confidence": 0.5937657727101783, "mass": 0.9999509999432142, "hinge_active": 0.0, "stop_prob": 0.9999651089310646, "sampled_number_rate": 1.0, "kl": 5.1102527556628115, "kl_coef": 0.04968699053364307}
A decoder-only architecture is being used, but right-padding was detected! For correct generation results, please set `padding_side='left'` when initializing the tokenizer.
{"step": 134, "epoch": 1, "rows": 8, "skipped": 0, "answer_accuracy": 0.5, "updates": 8, "seconds": 7.204344749450684, "time": 1790894348.3602996, "loss": -9.930218256728113, "confidence": 0.5164164026032873, "mass": 0.9999827363255687, "hinge_active": 0.0, "stop_prob": 0.9999721571803093, "sampled_number_rate": 1.0, "kl": 7.052501261673832, "kl_coef": 0.04968109601858884}
A decoder-only architecture is being used, but right-padding was detected! For correct generation results, please set `padding_side='left'` when initializing the tokenizer.
{"step": 135, "epoch": 1, "rows": 8, "skipped": 0, "answer_accuracy": 0.375, "updates": 8, "seconds": 7.340593576431274, "time": 1790894355.7015927, "loss": -9.42058943966024, "confidence": 0.570615881658985, "mass": 0.999983897149201, "hinge_active": 0.0, "stop_prob": 0.9999644830822945, "sampled_number_rate": 1.0, "kl": 5.594620023111262, "kl_coef": 0.049688067940754296}
A decoder-only architecture is being used, but right-padding was detected! For correct generation results, please set `padding_side='left'` when initializing the tokenizer.
{"step": 136, "epoch": 1, "rows": 8, "skipped": 0, "answer_accuracy": 0.5, "updates": 8, "seconds": 7.2540364265441895, "time": 1790894362.9563308, "loss": -9.682261224118262, "confidence": 0.6103263219445884, "mass": 0.9999885994984182, "hinge_active": 0.0, "stop_prob": 0.9999721124768257, "sampled_number_rate": 1.0, "kl": 5.3699785498672385, "kl_coef": 0.049685382267709834}
A decoder-only architecture is being used, but right-padding was detected! For correct generation results, please set `padding_side='left'` when initializing the tokenizer.
{"step": 137, "epoch": 1, "rows": 8, "skipped": 0, "answer_accuracy": 0.625, "updates": 8, "seconds": 7.419515132904053, "time": 1790894370.376499, "loss": -10.472901461906098, "confidence": 0.5568680641329566, "mass": 0.9999826450398765, "hinge_active": 0.0, "stop_prob": 0.9999672025442123, "sampled_number_rate": 1.0, "kl": 4.858461877641968, "kl_coef": 0.04968120855349827}
A decoder-only architecture is being used, but right-padding was detected! For correct generation results, please set `padding_side='left'` when initializing the tokenizer.
{"step": 138, "epoch": 1, "rows": 8, "skipped": 0, "answer_accuracy": 0.5, "updates": 8, "seconds": 12.70257830619812, "time": 1790894383.0796976, "loss": -3.968423844526503, "confidence": 0.41738758049497954, "mass": 0.8749787021772482, "hinge_active": 0.125, "stop_prob": 0.9999664851597377, "sampled_number_rate": 0.875, "kl": 7.192298221196538, "kl_coef": 0.04967364682102779}
A decoder-only architecture is being used, but right-padding was detected! For correct generation results, please set `padding_side='left'` when initializing the tokenizer.
{"step": 139, "epoch": 1, "rows": 8, "skipped": 0, "answer_accuracy": 0.75, "updates": 8, "seconds": 7.311790704727173, "time": 1790894390.392189, "loss": -9.512499372038535, "confidence": 0.5626376711716888, "mass": 0.9999746940099166, "hinge_active": 0.0, "stop_prob": 0.9999642744660378, "sampled_number_rate": 1.0, "kl": 5.7854007254351, "kl_coef": 0.04968154359446046}
A decoder-only architecture is being used, but right-padding was detected! For correct generation results, please set `padding_side='left'` when initializing the tokenizer.
{"step": 140, "epoch": 1, "rows": 8, "skipped": 0, "answer_accuracy": 0.25, "updates": 8, "seconds": 7.547652244567871, "time": 1790894397.9405215, "loss": -7.855885697023814, "confidence": 0.6284232675252799, "mass": 0.9999731212489861, "hinge_active": 0.0, "stop_prob": 0.9999683350324631, "sampled_number_rate": 1.0, "kl": 4.867673375739041, "kl_coef": 0.04968012204469851}
A decoder-only architecture is being used, but right-padding was detected! For correct generation results, please set `padding_side='left'` when initializing the tokenizer.
{"step": 141, "epoch": 1, "rows": 8, "skipped": 0, "answer_accuracy": 0.625, "updates": 8, "seconds": 7.408661365509033, "time": 1790894405.3498716, "loss": -10.304619987080518, "confidence": 0.7093215670088867, "mass": 0.9999522656654283, "hinge_active": 0.0, "stop_prob": 0.999850258231163, "sampled_number_rate": 1.0, "kl": 3.1777853728734593, "kl_coef": 0.04967262149471347}
A decoder-only architecture is being used, but right-padding was detected! For correct generation results, please set `padding_side='left'` when initializing the tokenizer.
{"step": 142, "epoch": 1, "rows": 8, "skipped": 0, "answer_accuracy": 0.375, "updates": 8, "seconds": 7.267964601516724, "time": 1790894412.6186812, "loss": -8.67695302645625, "confidence": 0.6494854460420777, "mass": 0.9999929619689688, "hinge_active": 0.0, "stop_prob": 0.9999632984399796, "sampled_number_rate": 1.0, "kl": 3.967844019238384, "kl_coef": 0.04966467387527432}
A decoder-only architecture is being used, but right-padding was detected! For correct generation results, please set `padding_side='left'` when initializing the tokenizer.
{"step": 143, "epoch": 1, "rows": 8, "skipped": 0, "answer_accuracy": 0.375, "updates": 8, "seconds": 12.665512800216675, "time": 1790894425.2849689, "loss": -4.6801913995783835, "confidence": 0.5756979694050623, "mass": 0.8749819111811429, "hinge_active": 0.125, "stop_prob": 0.9999710406575885, "sampled_number_rate": 0.875, "kl": 5.571995919392125, "kl_coef": 0.04965672752745427}
A decoder-only architecture is being used, but right-padding was detected! For correct generation results, please set `padding_side='left'` when initializing the tokenizer.
{"step": 144, "epoch": 1, "rows": 8, "skipped": 0, "answer_accuracy": 0.625, "updates": 8, "seconds": 12.68611478805542, "time": 1790894437.9717863, "loss": -4.2679284195735026, "confidence": 0.3577915257173286, "mass": 0.8749708246691505, "hinge_active": 0.125, "stop_prob": 0.9999701976776123, "sampled_number_rate": 0.875, "kl": 7.868559164467044, "kl_coef": 0.04965389375651942}
A decoder-only architecture is being used, but right-padding was detected! For correct generation results, please set `padding_side='left'` when initializing the tokenizer.
{"step": 145, "epoch": 1, "rows": 8, "skipped": 0, "answer_accuracy": 0.375, "updates": 8, "seconds": 7.343852281570435, "time": 1790894445.3163838, "loss": -9.304186091836712, "confidence": 0.4977945054930946, "mass": 0.9999889995700783, "hinge_active": 0.0, "stop_prob": 0.9999745264649391, "sampled_number_rate": 1.0, "kl": 7.333232365895986, "kl_coef": 0.049661838379520463}
A decoder-only architecture is being used, but right-padding was detected! For correct generation results, please set `padding_side='left'` when initializing the tokenizer.
{"step": 146, "epoch": 1, "rows": 8, "skipped": 0, "answer_accuracy": 0.5, "updates": 8, "seconds": 7.349637031555176, "time": 1790894452.6667807, "loss": -8.672712740873195, "confidence": 0.6628408521611611, "mass": 0.9999846531399684, "hinge_active": 0.0, "stop_prob": 0.9999694675207138, "sampled_number_rate": 1.0, "kl": 4.565041370331617, "kl_coef": 0.049669784273661186}
A decoder-only architecture is being used, but right-padding was detected! For correct generation results, please set `padding_side='left'` when initializing the tokenizer.
{"step": 147, "epoch": 1, "rows": 8, "skipped": 0, "answer_accuracy": 0.5, "updates": 8, "seconds": 7.322373628616333, "time": 1790894459.9899776, "loss": -9.330065755399051, "confidence": 0.4710440407420806, "mass": 0.9999892892454216, "hinge_active": 0.0, "stop_prob": 0.9999659955501556, "sampled_number_rate": 1.0, "kl": 5.394941785523501, "kl_coef": 0.0496618371081774}
A decoder-only architecture is being used, but right-padding was detected! For correct generation results, please set `padding_side='left'` when initializing the tokenizer.
{"step": 148, "epoch": 1, "rows": 8, "skipped": 0, "answer_accuracy": 0.5, "updates": 8, "seconds": 7.249579429626465, "time": 1790894467.2403798, "loss": -10.227616199619582, "confidence": 0.4935225079804051, "mass": 0.9999632823225004, "hinge_active": 0.0, "stop_prob": 0.9999502748250961, "sampled_number_rate": 1.0, "kl": 3.8783716698507087, "kl_coef": 0.049657830667845626}
A decoder-only architecture is being used, but right-padding was detected! For correct generation results, please set `padding_side='left'` when initializing the tokenizer.
{"step": 149, "epoch": 1, "rows": 8, "skipped": 0, "answer_accuracy": 0.625, "updates": 8, "seconds": 7.3460729122161865, "time": 1790894474.5872958, "loss": -10.093551302638016, "confidence": 0.5379182057652193, "mass": 0.9999893265768279, "hinge_active": 0.0, "stop_prob": 0.9999557882547379, "sampled_number_rate": 1.0, "kl": 2.866346469873948, "kl_coef": 0.04964988541493877}
A decoder-only architecture is being used, but right-padding was detected! For correct generation results, please set `padding_side='left'` when initializing the tokenizer.
{"step": 150, "epoch": 1, "rows": 8, "skipped": 0, "answer_accuracy": 0.5, "updates": 8, "seconds": 7.144260883331299, "time": 1790894481.7322927, "loss": -9.928398890949232, "confidence": 0.474239162310394, "mass": 0.9999603132579038, "hinge_active": 0.0, "stop_prob": 0.999956026673317, "sampled_number_rate": 1.0, "kl": 6.605414604482927, "kl_coef": 0.04964194143327238}
A decoder-only architecture is being used, but right-padding was detected! For correct generation results, please set `padding_side='left'` when initializing the tokenizer.
{"step": 151, "epoch": 1, "rows": 8, "skipped": 0, "answer_accuracy": 0.75, "updates": 8, "seconds": 12.671051502227783, "time": 1790894494.4040828, "loss": -5.1407260268999915, "confidence": 0.6646797500587995, "mass": 0.874993486817205, "hinge_active": 0.125, "stop_prob": 0.9999728713716779, "sampled_number_rate": 0.875, "kl": 3.2195752535495066, "kl_coef": 0.049645948627450864}
A decoder-only architecture is being used, but right-padding was detected! For correct generation results, please set `padding_side='left'` when initializing the tokenizer.
{"step": 152, "epoch": 1, "rows": 8, "skipped": 0, "answer_accuracy": 0.5, "updates": 8, "seconds": 7.252142667770386, "time": 1790894501.6569502, "loss": -9.378401006007568, "confidence": 0.639664522616073, "mass": 0.9999888246635832, "hinge_active": 0.0, "stop_prob": 0.9999701827764511, "sampled_number_rate": 1.0, "kl": 4.724861734045765, "kl_coef": 0.04963800527567047}
A decoder-only architecture is being used, but right-padding was detected! For correct generation results, please set `padding_side='left'` when initializing the tokenizer.
{"step": 153, "epoch": 1, "rows": 8, "skipped": 0, "answer_accuracy": 0.5, "updates": 8, "seconds": 7.405099153518677, "time": 1790894509.062942, "loss": -9.563539602485843, "confidence": 0.6644293955952373, "mass": 0.9999891303433637, "hinge_active": 0.0, "stop_prob": 0.9999484270811081, "sampled_number_rate": 1.0, "kl": 5.068034622668753, "kl_coef": 0.04963006319482636}
A decoder-only architecture is being used, but right-padding was detected! For correct generation results, please set `padding_side='left'` when initializing the tokenizer.
{"step": 154, "epoch": 1, "rows": 8, "skipped": 0, "answer_accuracy": 0.25, "updates": 8, "seconds": 7.387966156005859, "time": 1790894516.4516728, "loss": -8.45129237144529, "confidence": 0.5706561104880538, "mass": 0.9999273569795535, "hinge_active": 0.0, "stop_prob": 0.9999761059880257, "sampled_number_rate": 1.0, "kl": 4.31070246554038, "kl_coef": 0.04962389606141671}
A decoder-only architecture is being used, but right-padding was detected! For correct generation results, please set `padding_side='left'` when initializing the tokenizer.
{"step": 155, "epoch": 1, "rows": 8, "skipped": 0, "answer_accuracy": 0.5, "updates": 8, "seconds": 7.26550030708313, "time": 1790894523.7179494, "loss": -10.27782523131579, "confidence": 0.509771436397158, "mass": 0.9999780212208196, "hinge_active": 0.0, "stop_prob": 0.9999360963702202, "sampled_number_rate": 1.0, "kl": 4.57763925617143, "kl_coef": 0.049615956238046884}
A decoder-only architecture is being used, but right-padding was detected! For correct generation results, please set `padding_side='left'` when initializing the tokenizer.
{"step": 156, "epoch": 1, "rows": 8, "skipped": 0, "answer_accuracy": 0.625, "updates": 8, "seconds": 7.353718042373657, "time": 1790894531.072466, "loss": -9.95982252601737, "confidence": 0.6634814825386497, "mass": 0.9999763567055975, "hinge_active": 0.0, "stop_prob": 0.999971978366375, "sampled_number_rate": 1.0, "kl": 5.5314723842996045, "kl_coef": 0.04960801768504879}
A decoder-only architecture is being used, but right-padding was detected! For correct generation results, please set `padding_side='left'` when initializing the tokenizer.
{"step": 157, "epoch": 1, "rows": 8, "skipped": 0, "answer_accuracy": 0.5, "updates": 8, "seconds": 7.247148275375366, "time": 1790894538.3204224, "loss": -8.623415891416304, "confidence": 0.4169948162633874, "mass": 0.9999912734203243, "hinge_active": 0.0, "stop_prob": 0.9999738782644272, "sampled_number_rate": 1.0, "kl": 9.165438989414556, "kl_coef": 0.049604918654882715}
A decoder-only architecture is being used, but right-padding was detected! For correct generation results, please set `padding_side='left'` when initializing the tokenizer.
{"step": 158, "epoch": 1, "rows": 8, "skipped": 0, "answer_accuracy": 0.5, "updates": 8, "seconds": 12.882102012634277, "time": 1790894551.2032833, "loss": 4.874315933200291, "confidence": 0.5215453982636392, "mass": 0.6249844506371047, "hinge_active": 0.375, "stop_prob": 0.999974000453949, "sampled_number_rate": 0.625, "kl": 3.331106037496972, "kl_coef": 0.04961285544186749}
A decoder-only architecture is being used, but right-padding was detected! For correct generation results, please set `padding_side='left'` when initializing the tokenizer.
{"step": 159, "epoch": 1, "rows": 8, "skipped": 0, "answer_accuracy": 0.5, "updates": 8, "seconds": 7.295069694519043, "time": 1790894558.499038, "loss": -9.459665866659305, "confidence": 0.5944382455387269, "mass": 0.9999930571060869, "hinge_active": 0.0, "stop_prob": 0.9999727457761765, "sampled_number_rate": 1.0, "kl": 5.424588803033777, "kl_coef": 0.04960491738499679}
A decoder-only architecture is being used, but right-padding was detected! For correct generation results, please set `padding_side='left'` when initializing the tokenizer.
{"step": 160, "epoch": 1, "rows": 8, "skipped": 0, "answer_accuracy": 0.375, "updates": 8, "seconds": 12.67476487159729, "time": 1790894571.1744876, "loss": -4.3343348440952925, "confidence": 0.6492206079776045, "mass": 0.8749975890733583, "hinge_active": 0.125, "stop_prob": 0.9999745658465794, "sampled_number_rate": 0.875, "kl": 3.8714281545081293, "kl_coef": 0.0496011116216784}
A decoder-only architecture is being used, but right-padding was detected! For correct generation results, please set `padding_side='left'` when initializing the tokenizer.
{"step": 161, "epoch": 1, "rows": 8, "skipped": 0, "answer_accuracy": 0.625, "updates": 8, "seconds": 7.232377767562866, "time": 1790894578.4075232, "loss": -9.777442488865479, "confidence": 0.6632726336078663, "mass": 0.9999936844211208, "hinge_active": 0.0, "stop_prob": 0.9999712482094765, "sampled_number_rate": 1.0, "kl": 4.247716170131965, "kl_coef": 0.04959317544381893}
A decoder-only architecture is being used, but right-padding was detected! For correct generation results, please set `padding_side='left'` when initializing the tokenizer.
{"step": 162, "epoch": 1, "rows": 8, "skipped": 0, "answer_accuracy": 0.75, "updates": 8, "seconds": 7.366786003112793, "time": 1790894585.7749367, "loss": -9.974542560742401, "confidence": 0.6592466801727592, "mass": 0.999995426129357, "hinge_active": 0.0, "stop_prob": 0.9999765381217003, "sampled_number_rate": 1.0, "kl": 3.7601308358986634, "kl_coef": 0.049585240535747914}
A decoder-only architecture is being used, but right-padding was detected! For correct generation results, please set `padding_side='left'` when initializing the tokenizer.
{"step": 163, "epoch": 1, "rows": 8, "skipped": 0, "answer_accuracy": 0.625, "updates": 8, "seconds": 12.705112218856812, "time": 1790894598.4807444, "loss": -4.318884612719109, "confidence": 0.7407683165811685, "mass": 0.8749920193767246, "hinge_active": 0.125, "stop_prob": 0.9999701806477138, "sampled_number_rate": 0.875, "kl": 2.8023262234038393, "kl_coef": 0.04957730689726219}
A decoder-only architecture is being used, but right-padding was detected! For correct generation results, please set `padding_side='left'` when initializing the tokenizer.
{"step": 164, "epoch": 1, "rows": 8, "skipped": 0, "answer_accuracy": 0.75, "updates": 8, "seconds": 7.255590915679932, "time": 1790894605.7372103, "loss": -10.877657259568165, "confidence": 0.773208925338791, "mass": 0.9999848754437911, "hinge_active": 0.0, "stop_prob": 0.9999738484621048, "sampled_number_rate": 1.0, "kl": 3.139575773130472, "kl_coef": 0.04956937452815863}
A decoder-only architecture is being used, but right-padding was detected! For correct generation results, please set `padding_side='left'` when initializing the tokenizer.
{"step": 165, "epoch": 1, "rows": 8, "skipped": 0, "answer_accuracy": 0.75, "updates": 8, "seconds": 7.440699338912964, "time": 1790894613.1786046, "loss": -10.242894860875571, "confidence": 0.5293835480296075, "mass": 0.9957774355065865, "hinge_active": 0.0, "stop_prob": 0.9999223724007607, "sampled_number_rate": 1.0, "kl": 3.8335139622747807, "kl_coef": 0.04956144342823412}
A decoder-only architecture is being used, but right-padding was detected! For correct generation results, please set `padding_side='left'` when initializing the tokenizer.
{"step": 166, "epoch": 1, "rows": 8, "skipped": 0, "answer_accuracy": 0.875, "updates": 8, "seconds": 7.245835065841675, "time": 1790894620.4251494, "loss": -10.709373775073647, "confidence": 0.7005360120327393, "mass": 0.999973409088683, "hinge_active": 0.0, "stop_prob": 0.9999694228172302, "sampled_number_rate": 1.0, "kl": 3.620489126690698, "kl_coef": 0.049553513597285596}
A decoder-only architecture is being used, but right-padding was detected! For correct generation results, please set `padding_side='left'` when initializing the tokenizer.
{"step": 167, "epoch": 1, "rows": 8, "skipped": 0, "answer_accuracy": 0.75, "updates": 8, "seconds": 7.228539228439331, "time": 1790894627.6544597, "loss": -10.420023842982857, "confidence": 0.7535361290016068, "mass": 0.999992093230126, "hinge_active": 0.0, "stop_prob": 0.9999754801392555, "sampled_number_rate": 1.0, "kl": 2.5328373912644184, "kl_coef": 0.04954558503511003}
A decoder-only architecture is being used, but right-padding was detected! For correct generation results, please set `padding_side='left'` when initializing the tokenizer.
{"step": 168, "epoch": 1, "rows": 8, "skipped": 0, "answer_accuracy": 0.5, "updates": 8, "seconds": 7.3645179271698, "time": 1790894635.0196154, "loss": -9.599538322356816, "confidence": 0.6743828878902828, "mass": 0.9999877746578953, "hinge_active": 0.0, "stop_prob": 0.9999710470438004, "sampled_number_rate": 1.0, "kl": 2.300048804469384, "kl_coef": 0.04953765774150441}
A decoder-only architecture is being used, but right-padding was detected! For correct generation results, please set `padding_side='left'` when initializing the tokenizer.
{"step": 169, "epoch": 1, "rows": 8, "skipped": 0, "answer_accuracy": 0.375, "updates": 8, "seconds": 12.67392611503601, "time": 1790894647.6941967, "loss": -4.8364911242516495, "confidence": 0.6352999120872626, "mass": 0.8749014967130987, "hinge_active": 0.125, "stop_prob": 0.9999440056937081, "sampled_number_rate": 0.875, "kl": 1.352853749957944, "kl_coef": 0.04952973171626577}
A decoder-only architecture is being used, but right-padding was detected! For correct generation results, please set `padding_side='left'` when initializing the tokenizer.
{"step": 170, "epoch": 1, "rows": 8, "skipped": 0, "answer_accuracy": 0.625, "updates": 8, "seconds": 7.319680452346802, "time": 1790894655.014593, "loss": -9.702239492919706, "confidence": 0.7746640237301137, "mass": 0.9999743953493248, "hinge_active": 0.0, "stop_prob": 0.9999755397439003, "sampled_number_rate": 1.0, "kl": 2.6325919247814817, "kl_coef": 0.049521806959191166}
A decoder-only architecture is being used, but right-padding was detected! For correct generation results, please set `padding_side='left'` when initializing the tokenizer.
{"step": 171, "epoch": 1, "rows": 8, "skipped": 0, "answer_accuracy": 0.625, "updates": 8, "seconds": 7.370511770248413, "time": 1790894662.3859324, "loss": -10.126152908873122, "confidence": 0.7897548010218405, "mass": 0.999981138311616, "hinge_active": 0.0, "stop_prob": 0.9999679699540138, "sampled_number_rate": 1.0, "kl": 2.2902225877529245, "kl_coef": 0.049513883470077694}
A decoder-only architecture is being used, but right-padding was detected! For correct generation results, please set `padding_side='left'` when initializing the tokenizer.
{"step": 172, "epoch": 1, "rows": 8, "skipped": 0, "answer_accuracy": 0.375, "updates": 8, "seconds": 7.530779123306274, "time": 1790894669.9173691, "loss": -8.981925481318491, "confidence": 0.6147720165927337, "mass": 0.9999583157996688, "hinge_active": 0.0, "stop_prob": 0.999964714050293, "sampled_number_rate": 1.0, "kl": 4.786568721780848, "kl_coef": 0.04950596124872248}
A decoder-only architecture is being used, but right-padding was detected! For correct generation results, please set `padding_side='left'` when initializing the tokenizer.
{"step": 173, "epoch": 1, "rows": 8, "skipped": 0, "answer_accuracy": 0.875, "updates": 8, "seconds": 7.294656276702881, "time": 1790894677.2127268, "loss": -11.558481408439034, "confidence": 0.7210374658226598, "mass": 0.9999751945155386, "hinge_active": 0.0, "stop_prob": 0.9999707788228989, "sampled_number_rate": 1.0, "kl": 2.0612692032963507, "kl_coef": 0.049498040294922684}
A decoder-only architecture is being used, but right-padding was detected! For correct generation results, please set `padding_side='left'` when initializing the tokenizer.
{"step": 174, "epoch": 1, "rows": 8, "skipped": 0, "answer_accuracy": 0.125, "updates": 8, "seconds": 7.333763837814331, "time": 1790894684.5472562, "loss": -6.654018349656137, "confidence": 0.623467786257509, "mass": 0.9999700010523128, "hinge_active": 0.0, "stop_prob": 0.999975323677063, "sampled_number_rate": 1.0, "kl": 4.92872628592763, "kl_coef": 0.04949012060847549}
A decoder-only architecture is being used, but right-padding was detected! For correct generation results, please set `padding_side='left'` when initializing the tokenizer.
{"step": 175, "epoch": 1, "rows": 8, "skipped": 0, "answer_accuracy": 0.375, "updates": 8, "seconds": 12.6488037109375, "time": 1790894697.1968477, "loss": -3.8015319040282725, "confidence": 0.24525978840131163, "mass": 0.8749849176917038, "hinge_active": 0.125, "stop_prob": 0.9999636837414333, "sampled_number_rate": 0.875, "kl": 7.827119079180832, "kl_coef": 0.04948305161310027}
A decoder-only architecture is being used, but right-padding was detected! For correct generation results, please set `padding_side='left'` when initializing the tokenizer.
{"step": 176, "epoch": 1, "rows": 8, "skipped": 0, "answer_accuracy": 0.625, "updates": 8, "seconds": 7.2415854930877686, "time": 1790894704.4391172, "loss": -10.14913002231014, "confidence": 0.5086767734689993, "mass": 0.9999710158831885, "hinge_active": 0.0, "stop_prob": 0.9999788403511047, "sampled_number_rate": 1.0, "kl": 7.909178587364704, "kl_coef": 0.049490968901358366}
A decoder-only architecture is being used, but right-padding was detected! For correct generation results, please set `padding_side='left'` when initializing the tokenizer.
{"step": 177, "epoch": 1, "rows": 7, "skipped": 1, "answer_accuracy": 0.5714285714285714, "updates": 8, "seconds": 8.261512756347656, "time": 1790894712.7014008, "loss": -10.042662670599233, "confidence": 0.5595804126232281, "mass": 0.9999664259578416, "hinge_active": 0.0, "stop_prob": 0.9999760219029018, "sampled_number_rate": 0.9999999999999998, "kl": 6.109538769917751, "kl_coef": 0.04949888745638258}
A decoder-only architecture is being used, but right-padding was detected! For correct generation results, please set `padding_side='left'` when initializing the tokenizer.
{"step": 178, "epoch": 1, "rows": 8, "skipped": 0, "answer_accuracy": 0.625, "updates": 8, "seconds": 7.443101406097412, "time": 1790894720.1452253, "loss": -10.411877544521289, "confidence": 0.6408331381774748, "mass": 0.999952689263081, "hinge_active": 0.0, "stop_prob": 0.9999613761901855, "sampled_number_rate": 1.0, "kl": 4.776205524107177, "kl_coef": 0.04949961039601515}
A decoder-only architecture is being used, but right-padding was detected! For correct generation results, please set `padding_side='left'` when initializing the tokenizer.
{"step": 179, "epoch": 1, "rows": 8, "skipped": 0, "answer_accuracy": 0.375, "updates": 8, "seconds": 7.298067092895508, "time": 1790894727.4439888, "loss": -9.800388216023133, "confidence": 0.43288049996778294, "mass": 0.9999789921839843, "hinge_active": 0.0, "stop_prob": 0.9999623596668243, "sampled_number_rate": 1.0, "kl": 6.739155890851637, "kl_coef": 0.049491690458351785}
A decoder-only architecture is being used, but right-padding was detected! For correct generation results, please set `padding_side='left'` when initializing the tokenizer.
{"step": 180, "epoch": 1, "rows": 8, "skipped": 0, "answer_accuracy": 0.625, "updates": 8, "seconds": 7.284881114959717, "time": 1790894734.729565, "loss": -10.102738453562901, "confidence": 0.6849332212301411, "mass": 0.9999703650539657, "hinge_active": 0.0, "stop_prob": 0.9999719262123108, "sampled_number_rate": 1.0, "kl": 3.7394782184593214, "kl_coef": 0.04949656806829185}
A decoder-only architecture is being used, but right-padding was detected! For correct generation results, please set `padding_side='left'` when initializing the tokenizer.
{"step": 181, "epoch": 1, "rows": 8, "skipped": 0, "answer_accuracy": 0.625, "updates": 8, "seconds": 7.307581424713135, "time": 1790894742.0379508, "loss": -10.42892495689479, "confidence": 0.7012929916649102, "mass": 0.9999700331310585, "hinge_active": 0.0, "stop_prob": 0.9999695494771004, "sampled_number_rate": 1.0, "kl": 3.37287997980653, "kl_coef": 0.04948864861740092}
A decoder-only architecture is being used, but right-padding was detected! For correct generation results, please set `padding_side='left'` when initializing the tokenizer.
{"step": 182, "epoch": 1, "rows": 8, "skipped": 0, "answer_accuracy": 0.5, "updates": 8, "seconds": 12.676417827606201, "time": 1790894754.7150896, "loss": -5.759270776671235, "confidence": 0.6012836775298332, "mass": 0.8749649939931756, "hinge_active": 0.125, "stop_prob": 0.9999699507440839, "sampled_number_rate": 0.875, "kl": 0.9605151168040144, "kl_coef": 0.04948073043362213}
A decoder-only architecture is being used, but right-padding was detected! For correct generation results, please set `padding_side='left'` when initializing the tokenizer.
{"step": 183, "epoch": 1, "rows": 8, "skipped": 0, "answer_accuracy": 0.125, "updates": 8, "seconds": 12.642914772033691, "time": 1790894767.3586848, "loss": -4.411446668946984, "confidence": 0.31114092538577937, "mass": 0.8749558703665877, "hinge_active": 0.125, "stop_prob": 0.9999591963631767, "sampled_number_rate": 0.875, "kl": 5.518383650438038, "kl_coef": 0.04947281351675275}
A decoder-only architecture is being used, but right-padding was detected! For correct generation results, please set `padding_side='left'` when initializing the tokenizer.
{"step": 184, "epoch": 1, "rows": 8, "skipped": 0, "answer_accuracy": 0.375, "updates": 8, "seconds": 7.311624050140381, "time": 1790894774.6709893, "loss": -9.036214017998525, "confidence": 0.42588244455088525, "mass": 0.9999383244403811, "hinge_active": 0.0, "stop_prob": 0.9999690651893616, "sampled_number_rate": 1.0, "kl": 7.4205887751666335, "kl_coef": 0.04946963659463961}
A decoder-only architecture is being used, but right-padding was detected! For correct generation results, please set `padding_side='left'` when initializing the tokenizer.
{"step": 185, "epoch": 1, "rows": 6, "skipped": 2, "answer_accuracy": 0.16666666666666666, "updates": 8, "seconds": 18.006678819656372, "time": 1790894792.678396, "loss": -9.341694223921657, "confidence": 0.2795328506635859, "mass": 0.9997926719615846, "hinge_active": 0.0, "stop_prob": 0.9998961786429087, "sampled_number_rate": 0.9999999999999999, "kl": 5.769804948226233, "kl_coef": 0.04947755173649475}
A decoder-only architecture is being used, but right-padding was detected! For correct generation results, please set `padding_side='left'` when initializing the tokenizer.
{"step": 186, "epoch": 1, "rows": 8, "skipped": 0, "answer_accuracy": 0.625, "updates": 8, "seconds": 7.277690649032593, "time": 1790894799.9568422, "loss": -9.780878976358796, "confidence": 0.6615329822916993, "mass": 0.9999620012464943, "hinge_active": 0.0, "stop_prob": 0.9999754428863525, "sampled_number_rate": 1.0, "kl": 3.4677319735383163, "kl_coef": 0.049476033138150265}
A decoder-only architecture is being used, but right-padding was detected! For correct generation results, please set `padding_side='left'` when initializing the tokenizer.
{"step": 187, "epoch": 1, "rows": 8, "skipped": 0, "answer_accuracy": 0.25, "updates": 8, "seconds": 8.096252679824829, "time": 1790894808.0537326, "loss": -9.548464241153468, "confidence": 0.22357476010457017, "mass": 0.999937638265721, "hinge_active": 0.0, "stop_prob": 0.9999043568968773, "sampled_number_rate": 1.0, "kl": 6.331996235082026, "kl_coef": 0.049468116972848156}
A decoder-only architecture is being used, but right-padding was detected! For correct generation results, please set `padding_side='left'` when initializing the tokenizer.
{"step": 188, "epoch": 1, "rows": 8, "skipped": 0, "answer_accuracy": 0.5, "updates": 8, "seconds": 7.379942893981934, "time": 1790894815.4344022, "loss": -9.791976795062137, "confidence": 0.5266240302845989, "mass": 0.9999759332741268, "hinge_active": 0.0, "stop_prob": 0.9999704658985138, "sampled_number_rate": 1.0, "kl": 5.503473979448629, "kl_coef": 0.04947030673666036}
A decoder-only architecture is being used, but right-padding was detected! For correct generation results, please set `padding_side='left'` when initializing the tokenizer.
{"step": 189, "epoch": 1, "rows": 8, "skipped": 0, "answer_accuracy": 0.125, "updates": 8, "seconds": 12.897281169891357, "time": 1790894828.3323905, "loss": 5.267902033972911, "confidence": 0.33101397379661046, "mass": 0.624988768784326, "hinge_active": 0.375, "stop_prob": 0.9999762773513794, "sampled_number_rate": 0.625, "kl": 6.888966741086074, "kl_coef": 0.049467031630721775}
A decoder-only architecture is being used, but right-padding was detected! For correct generation results, please set `padding_side='left'` when initializing the tokenizer.
{"step": 190, "epoch": 1, "rows": 8, "skipped": 0, "answer_accuracy": 0.125, "updates": 8, "seconds": 7.242549180984497, "time": 1790894835.5755842, "loss": -9.364073074475339, "confidence": 0.23038979097548848, "mass": 0.9999330232629302, "hinge_active": 0.0, "stop_prob": 0.9998111873865128, "sampled_number_rate": 1.0, "kl": 8.066455064403176, "kl_coef": 0.04947289490350844}
A decoder-only architecture is being used, but right-padding was detected! For correct generation results, please set `padding_side='left'` when initializing the tokenizer.
{"step": 191, "epoch": 1, "rows": 8, "skipped": 0, "answer_accuracy": 0.5, "updates": 8, "seconds": 7.358372211456299, "time": 1790894842.9347057, "loss": -10.620747569060715, "confidence": 0.5032876539963218, "mass": 0.9999414856005243, "hinge_active": 0.0, "stop_prob": 0.9999720975756645, "sampled_number_rate": 1.0, "kl": 5.289838928806335, "kl_coef": 0.049480810566693}
A decoder-only architecture is being used, but right-padding was detected! For correct generation results, please set `padding_side='left'` when initializing the tokenizer.
{"step": 192, "epoch": 1, "rows": 8, "skipped": 0, "answer_accuracy": 0.375, "updates": 8, "seconds": 7.4201202392578125, "time": 1790894850.3555796, "loss": -8.937152365158022, "confidence": 0.36478762259906317, "mass": 0.9999649776458578, "hinge_active": 0.0, "stop_prob": 0.9999658614397049, "sampled_number_rate": 1.0, "kl": 7.541164648727758, "kl_coef": 0.04947612532063492, "save_seconds": 0.4196023941040039}
A decoder-only architecture is being used, but right-padding was detected! For correct generation results, please set `padding_side='left'` when initializing the tokenizer.
{"step": 193, "epoch": 1, "rows": 8, "skipped": 0, "answer_accuracy": 0.375, "updates": 8, "seconds": 12.645266771316528, "time": 1790894863.4210694, "loss": -3.885391370472427, "confidence": 0.35021094584002166, "mass": 0.8749765338814501, "hinge_active": 0.125, "stop_prob": 0.9999721901757377, "sampled_number_rate": 0.875, "kl": 6.250737658280041, "kl_coef": 0.049484041500686214}
A decoder-only architecture is being used, but right-padding was detected! For correct generation results, please set `padding_side='left'` when initializing the tokenizer.
{"step": 194, "epoch": 1, "rows": 8, "skipped": 0, "answer_accuracy": 0.375, "updates": 8, "seconds": 7.394535779953003, "time": 1790894870.8163974, "loss": -9.428281258567226, "confidence": 0.5703150562431355, "mass": 0.9999560854865861, "hinge_active": 0.0, "stop_prob": 0.9999764412641525, "sampled_number_rate": 1.0, "kl": 6.239936117581965, "kl_coef": 0.049485695835711295}
A decoder-only architecture is being used, but right-padding was detected! For correct generation results, please set `padding_side='left'` when initializing the tokenizer.
{"step": 195, "epoch": 1, "rows": 8, "skipped": 0, "answer_accuracy": 0.375, "updates": 8, "seconds": 7.537991762161255, "time": 1790894878.355182, "loss": -9.524767313390031, "confidence": 0.38607777887753175, "mass": 0.9999537577485215, "hinge_active": 0.0, "stop_prob": 0.999926008284092, "sampled_number_rate": 1.0, "kl": 4.2704258325045386, "kl_coef": 0.04948727895647592}
A decoder-only architecture is being used, but right-padding was detected! For correct generation results, please set `padding_side='left'` when initializing the tokenizer.
{"step": 196, "epoch": 1, "rows": 8, "skipped": 0, "answer_accuracy": 0.125, "updates": 8, "seconds": 7.457005500793457, "time": 1790894885.8130064, "loss": -8.29331796141743, "confidence": 0.39963408453438626, "mass": 0.9999073318542401, "hinge_active": 0.0, "stop_prob": 0.9999687299132347, "sampled_number_rate": 1.0, "kl": 6.738177342670948, "kl_coef": 0.049479360991842886}
A decoder-only architecture is being used, but right-padding was detected! For correct generation results, please set `padding_side='left'` when initializing the tokenizer.
{"step": 197, "epoch": 1, "rows": 8, "skipped": 0, "answer_accuracy": 0.375, "updates": 8, "seconds": 7.270124673843384, "time": 1790894893.0838034, "loss": -9.111268117005354, "confidence": 0.20249662633361032, "mass": 0.9999867157159509, "hinge_active": 0.0, "stop_prob": 0.9999759271740913, "sampled_number_rate": 1.0, "kl": 9.932196511674498, "kl_coef": 0.04948423093093808}
A decoder-only architecture is being used, but right-padding was detected! For correct generation results, please set `padding_side='left'` when initializing the tokenizer.
{"step": 198, "epoch": 1, "rows": 8, "skipped": 0, "answer_accuracy": 0.5, "updates": 8, "seconds": 7.383878231048584, "time": 1790894900.4683342, "loss": -10.466774863722911, "confidence": 0.42805724305432236, "mass": 0.9999594518758029, "hinge_active": 0.0, "stop_prob": 0.9999759942293167, "sampled_number_rate": 1.0, "kl": 4.227776496276297, "kl_coef": 0.04949214840788703}
A decoder-only architecture is being used, but right-padding was detected! For correct generation results, please set `padding_side='left'` when initializing the tokenizer.
{"step": 199, "epoch": 1, "rows": 8, "skipped": 0, "answer_accuracy": 0.625, "updates": 8, "seconds": 7.248534202575684, "time": 1790894907.7175298, "loss": -11.032333817434141, "confidence": 0.5547430830211695, "mass": 0.9999623752543039, "hinge_active": 0.0, "stop_prob": 0.9999714270234108, "sampled_number_rate": 1.0, "kl": 4.564117017748421, "kl_coef": 0.04948422966414177}
A decoder-only architecture is being used, but right-padding was detected! For correct generation results, please set `padding_side='left'` when initializing the tokenizer.
{"step": 200, "epoch": 1, "rows": 8, "skipped": 0, "answer_accuracy": 1.0, "updates": 8, "seconds": 7.219005346298218, "time": 1790894914.9371765, "loss": -11.875153657652856, "confidence": 0.8356573655005547, "mass": 0.9998895553052811, "hinge_active": 0.0, "stop_prob": 0.999973863363266, "sampled_number_rate": 1.0, "kl": 1.6789638392330333, "kl_coef": 0.0494763121873955}
A decoder-only architecture is being used, but right-padding was detected! For correct generation results, please set `padding_side='left'` when initializing the tokenizer.
{"step": 201, "epoch": 1, "rows": 8, "skipped": 0, "answer_accuracy": 0.75, "updates": 8, "seconds": 7.406192779541016, "time": 1790894922.3441393, "loss": -11.136281011008432, "confidence": 0.834608442090705, "mass": 0.9999518954733668, "hinge_active": 0.0, "stop_prob": 0.999971441924572, "sampled_number_rate": 1.0, "kl": 1.665605575197639, "kl_coef": 0.04946839597744552}
A decoder-only architecture is being used, but right-padding was detected! For correct generation results, please set `padding_side='left'` when initializing the tokenizer.
{"step": 202, "epoch": 1, "rows": 7, "skipped": 1, "answer_accuracy": 0.5714285714285714, "updates": 8, "seconds": 6.888372182846069, "time": 1790894929.2332063, "loss": -9.245373293018938, "confidence": 0.6859513387947995, "mass": 0.9999121124479964, "hinge_active": 0.0, "stop_prob": 0.9999732800892421, "sampled_number_rate": 0.9999999999999998, "kl": 4.532098938129048, "kl_coef": 0.04946048103408913}
A decoder-only architecture is being used, but right-padding was detected! For correct generation results, please set `padding_side='left'` when initializing the tokenizer.
{"step": 203, "epoch": 1, "rows": 8, "skipped": 0, "answer_accuracy": 0.375, "updates": 8, "seconds": 7.215520143508911, "time": 1790894936.4494364, "loss": -10.197262907254766, "confidence": 0.45452140333625957, "mass": 0.9999713724374573, "hinge_active": 0.0, "stop_prob": 0.9999748766422272, "sampled_number_rate": 1.0, "kl": 6.023921718586675, "kl_coef": 0.049452567357123674}
A decoder-only architecture is being used, but right-padding was detected! For correct generation results, please set `padding_side='left'` when initializing the tokenizer.
{"step": 204, "epoch": 1, "rows": 8, "skipped": 0, "answer_accuracy": 0.75, "updates": 8, "seconds": 7.233210802078247, "time": 1790894943.6832554, "loss": -9.776967233775428, "confidence": 0.9452159525411544, "mass": 0.9999366104991653, "hinge_active": 0.0, "stop_prob": 0.9999738186597824, "sampled_number_rate": 1.0, "kl": 0.3776886941615612, "kl_coef": 0.04945272508917696}
A decoder-only architecture is being used, but right-padding was detected! For correct generation results, please set `padding_side='left'` when initializing the tokenizer.
{"step": 205, "epoch": 1, "rows": 8, "skipped": 0, "answer_accuracy": 0.75, "updates": 8, "seconds": 7.35588526725769, "time": 1790894951.0397978, "loss": -10.572509645354014, "confidence": 0.5358066458459911, "mass": 0.9999829828963636, "hinge_active": 0.0, "stop_prob": 0.9999759495258331, "sampled_number_rate": 1.0, "kl": 6.146540931038819, "kl_coef": 0.04944481265316269}
A decoder-only architecture is being used, but right-padding was detected! For correct generation results, please set `padding_side='left'` when initializing the tokenizer.
{"step": 206, "epoch": 1, "rows": 8, "skipped": 0, "answer_accuracy": 0.5, "updates": 8, "seconds": 12.652098417282104, "time": 1790894963.6927521, "loss": -3.1934128779930004, "confidence": 0.44901278057699656, "mass": 0.8748916534883583, "hinge_active": 0.125, "stop_prob": 0.9999666299138751, "sampled_number_rate": 0.875, "kl": 5.944396171515007, "kl_coef": 0.04944577874501351}
A decoder-only architecture is being used, but right-padding was detected! For correct generation results, please set `padding_side='left'` when initializing the tokenizer.
{"step": 207, "epoch": 1, "rows": 8, "skipped": 0, "answer_accuracy": 0.625, "updates": 8, "seconds": 7.474810361862183, "time": 1790894971.1684055, "loss": -9.544914595961854, "confidence": 0.7371332994096375, "mass": 0.9999553390425407, "hinge_active": 0.0, "stop_prob": 0.9999761283397675, "sampled_number_rate": 1.0, "kl": 3.0616155640247493, "kl_coef": 0.049445412161733426}
A decoder-only architecture is being used, but right-padding was detected! For correct generation results, please set `padding_side='left'` when initializing the tokenizer.
{"step": 208, "epoch": 1, "rows": 8, "skipped": 0, "answer_accuracy": 0.625, "updates": 8, "seconds": 12.653711557388306, "time": 1790894983.822981, "loss": -5.690650109570738, "confidence": 0.6875562582701894, "mass": 0.8749854663898595, "hinge_active": 0.125, "stop_prob": 0.999968137059893, "sampled_number_rate": 0.875, "kl": 1.4689912933420108, "kl_coef": 0.049437500895787544}
A decoder-only architecture is being used, but right-padding was detected! For correct generation results, please set `padding_side='left'` when initializing the tokenizer.
{"step": 209, "epoch": 1, "rows": 8, "skipped": 0, "answer_accuracy": 0.25, "updates": 8, "seconds": 12.926911354064941, "time": 1790894996.7506883, "loss": 5.2768074486447105, "confidence": 0.6317773808925485, "mass": 0.6249603328563945, "hinge_active": 0.375, "stop_prob": 0.9999728679656983, "sampled_number_rate": 0.625, "kl": 2.7547757384981475, "kl_coef": 0.049429590895644214}
A decoder-only architecture is being used, but right-padding was detected! For correct generation results, please set `padding_side='left'` when initializing the tokenizer.
{"step": 210, "epoch": 1, "rows": 8, "skipped": 0, "answer_accuracy": 0.625, "updates": 8, "seconds": 7.416125535964966, "time": 1790895004.1676307, "loss": -10.072761945055577, "confidence": 0.7229262552617816, "mass": 0.9999535306822372, "hinge_active": 0.0, "stop_prob": 0.9999693110585213, "sampled_number_rate": 1.0, "kl": 3.48624699868599, "kl_coef": 0.04942168216110091}
A decoder-only architecture is being used, but right-padding was detected! For correct generation results, please set `padding_side='left'` when initializing the tokenizer.
{"step": 211, "epoch": 1, "rows": 8, "skipped": 0, "answer_accuracy": 0.375, "updates": 8, "seconds": 7.270056962966919, "time": 1790895011.438455, "loss": -8.945700087195963, "confidence": 0.43978868505319435, "mass": 0.9999844123360618, "hinge_active": 0.0, "stop_prob": 0.9999621659517288, "sampled_number_rate": 1.0, "kl": 5.777613930420759, "kl_coef": 0.04941377469195513}
A decoder-only architecture is being used, but right-padding was detected! For correct generation results, please set `padding_side='left'` when initializing the tokenizer.
{"step": 212, "epoch": 1, "rows": 8, "skipped": 0, "answer_accuracy": 0.375, "updates": 8, "seconds": 7.455156564712524, "time": 1790895018.8943727, "loss": -9.244908212332014, "confidence": 0.6042040499912604, "mass": 0.9999785581040226, "hinge_active": 0.0, "stop_prob": 0.999969445168972, "sampled_number_rate": 1.0, "kl": 3.190073856113436, "kl_coef": 0.04941230950060355}
A decoder-only architecture is being used, but right-padding was detected! For correct generation results, please set `padding_side='left'` when initializing the tokenizer.
{"step": 213, "epoch": 1, "rows": 8, "skipped": 0, "answer_accuracy": 0.625, "updates": 8, "seconds": 7.510022163391113, "time": 1790895026.4052854, "loss": -10.860366515225085, "confidence": 0.5536644936850665, "mass": 0.9999857592904692, "hinge_active": 0.0, "stop_prob": 0.9999577924609184, "sampled_number_rate": 1.0, "kl": 2.55861025402585, "kl_coef": 0.049404403531083455}
A decoder-only architecture is being used, but right-padding was detected! For correct generation results, please set `padding_side='left'` when initializing the tokenizer.
{"step": 214, "epoch": 1, "rows": 8, "skipped": 0, "answer_accuracy": 0.375, "updates": 8, "seconds": 7.347940444946289, "time": 1790895033.7539287, "loss": -9.762401206745933, "confidence": 0.5128293503950381, "mass": 0.9999793850768972, "hinge_active": 0.0, "stop_prob": 0.9999537393450737, "sampled_number_rate": 1.0, "kl": 3.7813574687475033, "kl_coef": 0.049396498826518476}
A decoder-only architecture is being used, but right-padding was detected! For correct generation results, please set `padding_side='left'` when initializing the tokenizer.
{"step": 215, "epoch": 1, "rows": 8, "skipped": 0, "answer_accuracy": 0.75, "updates": 8, "seconds": 7.511225461959839, "time": 1790895041.2658975, "loss": -10.07489633221167, "confidence": 0.6308345229422495, "mass": 0.999982234176207, "hinge_active": 0.0, "stop_prob": 0.9999629259109497, "sampled_number_rate": 1.0, "kl": 4.440024577349185, "kl_coef": 0.04938859538670623}
A decoder-only architecture is being used, but right-padding was detected! For correct generation results, please set `padding_side='left'` when initializing the tokenizer.
{"step": 216, "epoch": 1, "rows": 8, "skipped": 0, "answer_accuracy": 0.5, "updates": 8, "seconds": 12.65422797203064, "time": 1790895053.920871, "loss": -5.246042787342003, "confidence": 0.6589938490264297, "mass": 0.8749115124253639, "hinge_active": 0.125, "stop_prob": 0.9998099207878113, "sampled_number_rate": 0.875, "kl": 2.761907070234992, "kl_coef": 0.04938069321144435}
A decoder-only architecture is being used, but right-padding was detected! For correct generation results, please set `padding_side='left'` when initializing the tokenizer.
{"step": 217, "epoch": 1, "rows": 8, "skipped": 0, "answer_accuracy": 0.5, "updates": 8, "seconds": 7.18659520149231, "time": 1790895061.108173, "loss": -9.57712885692347, "confidence": 0.6488944135080872, "mass": 0.999938884935951, "hinge_active": 0.0, "stop_prob": 0.9999765157699585, "sampled_number_rate": 1.0, "kl": 5.218540827542839, "kl_coef": 0.049372792300530516}
A decoder-only architecture is being used, but right-padding was detected! For correct generation results, please set `padding_side='left'` when initializing the tokenizer.
{"step": 218, "epoch": 1, "rows": 8, "skipped": 0, "answer_accuracy": 0.375, "updates": 8, "seconds": 12.719117164611816, "time": 1790895073.8281286, "loss": -4.730943672071896, "confidence": 0.4752907943159145, "mass": 0.8747154504501998, "hinge_active": 0.125, "stop_prob": 0.9999696612358093, "sampled_number_rate": 0.875, "kl": 4.734214366451698, "kl_coef": 0.04936764792434211}
A decoder-only architecture is being used, but right-padding was detected! For correct generation results, please set `padding_side='left'` when initializing the tokenizer.
{"step": 219, "epoch": 1, "rows": 8, "skipped": 0, "answer_accuracy": 0.625, "updates": 8, "seconds": 7.26453423500061, "time": 1790895081.0934336, "loss": -10.277957203568757, "confidence": 0.552623338109028, "mass": 0.9999845979258479, "hinge_active": 0.0, "stop_prob": 0.999971017241478, "sampled_number_rate": 1.0, "kl": 5.87650881130007, "kl_coef": 0.04935974910067421}
A decoder-only architecture is being used, but right-padding was detected! For correct generation results, please set `padding_side='left'` when initializing the tokenizer.
{"step": 220, "epoch": 1, "rows": 8, "skipped": 0, "answer_accuracy": 0.5, "updates": 8, "seconds": 7.234920024871826, "time": 1790895088.3290942, "loss": -9.569596556239473, "confidence": 0.4702992453857733, "mass": 0.9999757059719446, "hinge_active": 0.0, "stop_prob": 0.9999715313315392, "sampled_number_rate": 1.0, "kl": 6.617813687861255, "kl_coef": 0.04935893636812883}
A decoder-only architecture is being used, but right-padding was detected! For correct generation results, please set `padding_side='left'` when initializing the tokenizer.
{"step": 221, "epoch": 1, "rows": 8, "skipped": 0, "answer_accuracy": 0.375, "updates": 8, "seconds": 7.351295232772827, "time": 1790895095.6810749, "loss": -8.398396257447754, "confidence": 0.45552331991605993, "mass": 0.9999660095107965, "hinge_active": 0.0, "stop_prob": 0.9999758452177048, "sampled_number_rate": 1.0, "kl": 7.626009486729382, "kl_coef": 0.049363002318329706}
A decoder-only architecture is being used, but right-padding was detected! For correct generation results, please set `padding_side='left'` when initializing the tokenizer.
{"step": 222, "epoch": 1, "rows": 8, "skipped": 0, "answer_accuracy": 0.375, "updates": 8, "seconds": 7.258832693099976, "time": 1790895102.940634, "loss": -8.072520888678145, "confidence": 0.5925150229943066, "mass": 0.9999577609740692, "hinge_active": 0.0, "stop_prob": 0.9999720379710197, "sampled_number_rate": 1.0, "kl": 5.672293298018536, "kl_coef": 0.04937090039870064}
A decoder-only architecture is being used, but right-padding was detected! For correct generation results, please set `padding_side='left'` when initializing the tokenizer.
{"step": 223, "epoch": 1, "rows": 8, "skipped": 0, "answer_accuracy": 0.5, "updates": 8, "seconds": 7.237725257873535, "time": 1790895110.1791582, "loss": -9.466350430467463, "confidence": 0.5456154968400525, "mass": 0.9999858248906692, "hinge_active": 0.0, "stop_prob": 0.9999764487147331, "sampled_number_rate": 1.0, "kl": 6.770173564633531, "kl_coef": 0.04936874317537484}
A decoder-only architecture is being used, but right-padding was detected! For correct generation results, please set `padding_side='left'` when initializing the tokenizer.
{"step": 224, "epoch": 1, "rows": 8, "skipped": 0, "answer_accuracy": 0.625, "updates": 8, "seconds": 7.538974761962891, "time": 1790895117.7188275, "loss": -9.223388255268514, "confidence": 0.4265867651682818, "mass": 0.9999823285670911, "hinge_active": 0.0, "stop_prob": 0.9999751299619675, "sampled_number_rate": 1.0, "kl": 9.128843995436284, "kl_coef": 0.049373812842163224}
A decoder-only architecture is being used, but right-padding was detected! For correct generation results, please set `padding_side='left'` when initializing the tokenizer.
{"step": 225, "epoch": 1, "rows": 8, "skipped": 0, "answer_accuracy": 0.75, "updates": 8, "seconds": 7.315196752548218, "time": 1790895125.0346508, "loss": -10.006222142594721, "confidence": 0.47917369045478475, "mass": 0.9999950844311598, "hinge_active": 0.0, "stop_prob": 0.9999729543924332, "sampled_number_rate": 1.0, "kl": 7.195660393310782, "kl_coef": 0.04938171265221797}
A decoder-only architecture is being used, but right-padding was detected! For correct generation results, please set `padding_side='left'` when initializing the tokenizer.
{"step": 226, "epoch": 1, "rows": 8, "skipped": 0, "answer_accuracy": 0.625, "updates": 8, "seconds": 7.249636173248291, "time": 1790895132.2850616, "loss": -10.60777300696164, "confidence": 0.6370710328702784, "mass": 0.9999742705733269, "hinge_active": 0.0, "stop_prob": 0.999967910349369, "sampled_number_rate": 1.0, "kl": 2.6894695876240267, "kl_coef": 0.049389585153280915}
A decoder-only architecture is being used, but right-padding was detected! For correct generation results, please set `padding_side='left'` when initializing the tokenizer.
{"step": 227, "epoch": 1, "rows": 8, "skipped": 0, "answer_accuracy": 0.625, "updates": 8, "seconds": 7.361452341079712, "time": 1790895139.6472127, "loss": -10.12778465922204, "confidence": 0.8053719555481895, "mass": 0.9999620943891068, "hinge_active": 0.0, "stop_prob": 0.9999738335609436, "sampled_number_rate": 1.0, "kl": 1.9508931337751223, "kl_coef": 0.04938168281965639}
A decoder-only architecture is being used, but right-padding was detected! For correct generation results, please set `padding_side='left'` when initializing the tokenizer.
{"step": 228, "epoch": 1, "rows": 8, "skipped": 0, "answer_accuracy": 0.75, "updates": 8, "seconds": 7.286453485488892, "time": 1790895146.934518, "loss": -10.8913072995784, "confidence": 0.7698450217694348, "mass": 0.9999636906975008, "hinge_active": 0.0, "stop_prob": 0.9999755620956421, "sampled_number_rate": 1.0, "kl": 2.390268714055903, "kl_coef": 0.04937378175040524}
A decoder-only architecture is being used, but right-padding was detected! For correct generation results, please set `padding_side='left'` when initializing the tokenizer.
{"step": 229, "epoch": 1, "rows": 8, "skipped": 0, "answer_accuracy": 0.5, "updates": 8, "seconds": 7.239128589630127, "time": 1790895154.1743772, "loss": -9.906567247590889, "confidence": 0.4830970054185351, "mass": 0.999957155110976, "hinge_active": 0.0, "stop_prob": 0.9999513998627663, "sampled_number_rate": 1.0, "kl": 4.504808677381874, "kl_coef": 0.04936588194532518}
A decoder-only architecture is being used, but right-padding was detected! For correct generation results, please set `padding_side='left'` when initializing the tokenizer.
{"step": 230, "epoch": 1, "rows": 8, "skipped": 0, "answer_accuracy": 0.375, "updates": 8, "seconds": 7.282629728317261, "time": 1790895161.4577465, "loss": -7.6895446126972145, "confidence": 0.7425136119645385, "mass": 0.9999807814608347, "hinge_active": 0.0, "stop_prob": 0.9999757036566734, "sampled_number_rate": 1.0, "kl": 2.7801989796136053, "kl_coef": 0.04935798340421393}
A decoder-only architecture is being used, but right-padding was detected! For correct generation results, please set `padding_side='left'` when initializing the tokenizer.
{"step": 231, "epoch": 1, "rows": 8, "skipped": 0, "answer_accuracy": 0.5, "updates": 8, "seconds": 7.245755434036255, "time": 1790895168.7042444, "loss": -9.144850346622531, "confidence": 0.5979426894896691, "mass": 0.9999691648162727, "hinge_active": 0.0, "stop_prob": 0.9999698847532272, "sampled_number_rate": 1.0, "kl": 5.299241503539111, "kl_coef": 0.04935008612686925}
A decoder-only architecture is being used, but right-padding was detected! For correct generation results, please set `padding_side='left'` when initializing the tokenizer.
{"step": 232, "epoch": 1, "rows": 8, "skipped": 0, "answer_accuracy": 0.5, "updates": 8, "seconds": 7.312058210372925, "time": 1790895176.016962, "loss": -9.985929327141571, "confidence": 0.5720701467620691, "mass": 0.9999826261082567, "hinge_active": 0.0, "stop_prob": 0.9999745041131973, "sampled_number_rate": 1.0, "kl": 4.814306735526713, "kl_coef": 0.049345475127915324}
A decoder-only architecture is being used, but right-padding was detected! For correct generation results, please set `padding_side='left'` when initializing the tokenizer.
{"step": 233, "epoch": 1, "rows": 8, "skipped": 0, "answer_accuracy": 0.5, "updates": 8, "seconds": 7.364472150802612, "time": 1790895183.382147, "loss": -10.007632567258636, "confidence": 0.5796583123735277, "mass": 0.9999873071708602, "hinge_active": 0.0, "stop_prob": 0.9999759718775749, "sampled_number_rate": 1.0, "kl": 5.65673546150456, "kl_coef": 0.04933767398158314}
A decoder-only architecture is being used, but right-padding was detected! For correct generation results, please set `padding_side='left'` when initializing the tokenizer.
{"step": 234, "epoch": 1, "rows": 8, "skipped": 0, "answer_accuracy": 0.25, "updates": 8, "seconds": 7.198569297790527, "time": 1790895190.5814254, "loss": -9.616925273656388, "confidence": 0.37938079194151036, "mass": 0.9999756360255792, "hinge_active": 0.0, "stop_prob": 0.9999439120292664, "sampled_number_rate": 1.0, "kl": 3.885242352651604, "kl_coef": 0.04933541586506451}
A decoder-only architecture is being used, but right-padding was detected! For correct generation results, please set `padding_side='left'` when initializing the tokenizer.
{"step": 235, "epoch": 1, "rows": 8, "skipped": 0, "answer_accuracy": 0.25, "updates": 8, "seconds": 12.648838520050049, "time": 1790895203.2309616, "loss": -3.3843989230395435, "confidence": 0.5959942555300642, "mass": 0.8749748045921045, "hinge_active": 0.125, "stop_prob": 0.9999750171388898, "sampled_number_rate": 0.875, "kl": 3.4848840495690405, "kl_coef": 0.0493275221985261}
A decoder-only architecture is being used, but right-padding was detected! For correct generation results, please set `padding_side='left'` when initializing the tokenizer.
{"step": 236, "epoch": 1, "rows": 8, "skipped": 0, "answer_accuracy": 0.25, "updates": 8, "seconds": 7.203916549682617, "time": 1790895210.4355686, "loss": -9.1908064282967, "confidence": 0.3812609935160927, "mass": 0.9999804616436692, "hinge_active": 0.0, "stop_prob": 0.999975822865963, "sampled_number_rate": 1.0, "kl": 8.782286956239071, "kl_coef": 0.04931962979497433}
A decoder-only architecture is being used, but right-padding was detected! For correct generation results, please set `padding_side='left'` when initializing the tokenizer.
{"step": 237, "epoch": 1, "rows": 8, "skipped": 0, "answer_accuracy": 0.5, "updates": 8, "seconds": 12.667349815368652, "time": 1790895223.1035964, "loss": -4.899404749325647, "confidence": 0.356723150465919, "mass": 0.8749826726558371, "hinge_active": 0.125, "stop_prob": 0.9999727095876422, "sampled_number_rate": 0.875, "kl": 6.945124215983396, "kl_coef": 0.049327520935741526}
A decoder-only architecture is being used, but right-padding was detected! For correct generation results, please set `padding_side='left'` when initializing the tokenizer.
{"step": 238, "epoch": 1, "rows": 8, "skipped": 0, "answer_accuracy": 0.25, "updates": 8, "seconds": 12.639740467071533, "time": 1790895235.7441933, "loss": -3.979721019677238, "confidence": 0.30435522449229013, "mass": 0.8749903412425284, "hinge_active": 0.125, "stop_prob": 0.9999774438994271, "sampled_number_rate": 0.875, "kl": 9.359128320326711, "kl_coef": 0.049333737020348295}
A decoder-only architecture is being used, but right-padding was detected! For correct generation results, please set `padding_side='left'` when initializing the tokenizer.
{"step": 239, "epoch": 1, "rows": 8, "skipped": 0, "answer_accuracy": 0.25, "updates": 8, "seconds": 12.954985857009888, "time": 1790895248.69989, "loss": -4.333892042761173, "confidence": 0.3574832549296559, "mass": 0.8749877894732561, "hinge_active": 0.125, "stop_prob": 0.9999648247446332, "sampled_number_rate": 0.875, "kl": 6.022511062760712, "kl_coef": 0.04934163041827155}
A decoder-only architecture is being used, but right-padding was detected! For correct generation results, please set `padding_side='left'` when initializing the tokenizer.
{"step": 240, "epoch": 1, "rows": 8, "skipped": 0, "answer_accuracy": 0.375, "updates": 8, "seconds": 7.274551153182983, "time": 1790895255.9750872, "loss": -9.648972742409383, "confidence": 0.3414672597627187, "mass": 0.9999515408067601, "hinge_active": 0.0, "stop_prob": 0.9999667853116989, "sampled_number_rate": 1.0, "kl": 5.487272417707318, "kl_coef": 0.04934177851594342}
A decoder-only architecture is being used, but right-padding was detected! For correct generation results, please set `padding_side='left'` when initializing the tokenizer.
{"step": 241, "epoch": 1, "rows": 8, "skipped": 0, "answer_accuracy": 0.625, "updates": 8, "seconds": 7.478110313415527, "time": 1790895263.4538789, "loss": -10.098698321416997, "confidence": 0.4946265205823349, "mass": 0.9998544192856106, "hinge_active": 0.0, "stop_prob": 0.9999593123793602, "sampled_number_rate": 1.0, "kl": 4.645487812026682, "kl_coef": 0.04933840533050282}
A decoder-only architecture is being used, but right-padding was detected! For correct generation results, please set `padding_side='left'` when initializing the tokenizer.
{"step": 242, "epoch": 1, "rows": 8, "skipped": 0, "answer_accuracy": 0.625, "updates": 8, "seconds": 12.675873279571533, "time": 1790895276.1304393, "loss": -4.471212419428416, "confidence": 0.5735778059137203, "mass": 0.874967159231012, "hinge_active": 0.125, "stop_prob": 0.9999755365507943, "sampled_number_rate": 0.875, "kl": 4.8949078475151815, "kl_coef": 0.04933051118564994}
A decoder-only architecture is being used, but right-padding was detected! For correct generation results, please set `padding_side='left'` when initializing the tokenizer.
{"step": 243, "epoch": 1, "rows": 8, "skipped": 0, "answer_accuracy": 0.25, "updates": 8, "seconds": 7.503576755523682, "time": 1790895283.6347492, "loss": -8.5612239392038, "confidence": 0.5025754328877948, "mass": 0.9999886165226165, "hinge_active": 0.0, "stop_prob": 0.999959334731102, "sampled_number_rate": 1.0, "kl": 6.381544449174242, "kl_coef": 0.04932324255087803}
A decoder-only architecture is being used, but right-padding was detected! For correct generation results, please set `padding_side='left'` when initializing the tokenizer.
{"step": 244, "epoch": 1, "rows": 8, "skipped": 0, "answer_accuracy": 0.625, "updates": 8, "seconds": 12.695911169052124, "time": 1790895296.3313558, "loss": -4.759285547911199, "confidence": 0.7447311705987296, "mass": 0.8749767088070599, "hinge_active": 0.125, "stop_prob": 0.9999777589525495, "sampled_number_rate": 0.875, "kl": 2.1043730372318383, "kl_coef": 0.049325751752132774}
A decoder-only architecture is being used, but right-padding was detected! For correct generation results, please set `padding_side='left'` when initializing the tokenizer.
{"step": 245, "epoch": 1, "rows": 7, "skipped": 1, "answer_accuracy": 0.2857142857142857, "updates": 8, "seconds": 18.71440076828003, "time": 1790895315.0466516, "loss": -9.01390603924902, "confidence": 0.41079616739244723, "mass": 0.9999914234667909, "hinge_active": 0.0, "stop_prob": 0.9999562842505318, "sampled_number_rate": 0.9999999999999998, "kl": 6.120422751771123, "kl_coef": 0.04931785963185243}
A decoder-only architecture is being used, but right-padding was detected! For correct generation results, please set `padding_side='left'` when initializing the tokenizer.
{"step": 246, "epoch": 1, "rows": 8, "skipped": 0, "answer_accuracy": 0.875, "updates": 8, "seconds": 7.2628865242004395, "time": 1790895322.310239, "loss": -9.89363317680819, "confidence": 0.6603805046629814, "mass": 0.9999909481288578, "hinge_active": 0.0, "stop_prob": 0.9999774321913719, "sampled_number_rate": 1.0, "kl": 4.442605400261107, "kl_coef": 0.04931865149750154}
A decoder-only architecture is being used, but right-padding was detected! For correct generation results, please set `padding_side='left'` when initializing the tokenizer.
{"step": 247, "epoch": 1, "rows": 8, "skipped": 0, "answer_accuracy": 0.625, "updates": 8, "seconds": 7.4026196002960205, "time": 1790895329.7135196, "loss": -9.48149190528131, "confidence": 0.6565105232910597, "mass": 0.9999861949693988, "hinge_active": 0.0, "stop_prob": 0.9999785125255585, "sampled_number_rate": 1.0, "kl": 5.259746405444811, "kl_coef": 0.049310760513261935}
A decoder-only architecture is being used, but right-padding was detected! For correct generation results, please set `padding_side='left'` when initializing the tokenizer.
{"step": 248, "epoch": 1, "rows": 8, "skipped": 0, "answer_accuracy": 0.5, "updates": 8, "seconds": 7.462256908416748, "time": 1790895337.176401, "loss": -10.038717352604657, "confidence": 0.5316389361722359, "mass": 0.9999774168975392, "hinge_active": 0.0, "stop_prob": 0.9999594017863274, "sampled_number_rate": 1.0, "kl": 6.392101845692412, "kl_coef": 0.04930589351756591}
A decoder-only architecture is being used, but right-padding was detected! For correct generation results, please set `padding_side='left'` when initializing the tokenizer.
{"step": 249, "epoch": 1, "rows": 8, "skipped": 0, "answer_accuracy": 0.75, "updates": 8, "seconds": 7.255064010620117, "time": 1790895344.432436, "loss": -10.87204801900892, "confidence": 0.720117350575861, "mass": 0.9999637403701624, "hinge_active": 0.0, "stop_prob": 0.9999754279851913, "sampled_number_rate": 1.0, "kl": 1.8853318163657486, "kl_coef": 0.049308471241812805}
A decoder-only architecture is being used, but right-padding was detected! For correct generation results, please set `padding_side='left'` when initializing the tokenizer.
{"step": 250, "epoch": 1, "rows": 8, "skipped": 0, "answer_accuracy": 0.625, "updates": 8, "seconds": 12.673763751983643, "time": 1790895357.1070738, "loss": -5.429932796117408, "confidence": 0.7570201166397917, "mass": 0.8749684341636152, "hinge_active": 0.125, "stop_prob": 0.9999738420758929, "sampled_number_rate": 0.875, "kl": 2.401358278871202, "kl_coef": 0.04930058188641411}
A decoder-only architecture is being used, but right-padding was detected! For correct generation results, please set `padding_side='left'` when initializing the tokenizer.
{"step": 251, "epoch": 1, "rows": 8, "skipped": 0, "answer_accuracy": 0.625, "updates": 8, "seconds": 7.377342939376831, "time": 1790895364.4851134, "loss": -10.472231510317538, "confidence": 0.6213894455605089, "mass": 0.9999762455790253, "hinge_active": 0.0, "stop_prob": 0.9999722763895988, "sampled_number_rate": 1.0, "kl": 4.748500338692727, "kl_coef": 0.04929269379331228}
A decoder-only architecture is being used, but right-padding was detected! For correct generation results, please set `padding_side='left'` when initializing the tokenizer.
{"step": 252, "epoch": 1, "rows": 8, "skipped": 0, "answer_accuracy": 0.625, "updates": 8, "seconds": 12.681430101394653, "time": 1790895377.1673083, "loss": -5.860338233619585, "confidence": 0.6340957311870091, "mass": 0.8749832546613673, "hinge_active": 0.125, "stop_prob": 0.9999662552561078, "sampled_number_rate": 0.875, "kl": 3.7777089632705287, "kl_coef": 0.04928480696230535}
A decoder-only architecture is being used, but right-padding was detected! For correct generation results, please set `padding_side='left'` when initializing the tokenizer.
{"step": 253, "epoch": 1, "rows": 8, "skipped": 0, "answer_accuracy": 0.5, "updates": 8, "seconds": 7.256160020828247, "time": 1790895384.4242377, "loss": -9.612486694093178, "confidence": 0.6179596313751311, "mass": 0.999961993269069, "hinge_active": 0.0, "stop_prob": 0.9999738484621048, "sampled_number_rate": 1.0, "kl": 5.214140759086505, "kl_coef": 0.04927692139319138}
A decoder-only architecture is being used, but right-padding was detected! For correct generation results, please set `padding_side='left'` when initializing the tokenizer.
{"step": 254, "epoch": 1, "rows": 8, "skipped": 0, "answer_accuracy": 0.875, "updates": 8, "seconds": 7.154407262802124, "time": 1790895391.579437, "loss": -10.49735432550163, "confidence": 0.7229958555255696, "mass": 0.9999863150946693, "hinge_active": 0.0, "stop_prob": 0.9999776929616928, "sampled_number_rate": 1.0, "kl": 3.052985589116591, "kl_coef": 0.04927175809665263}
A decoder-only architecture is being used, but right-padding was detected! For correct generation results, please set `padding_side='left'` when initializing the tokenizer.
{"step": 255, "epoch": 1, "rows": 8, "skipped": 0, "answer_accuracy": 0.375, "updates": 8, "seconds": 12.658811807632446, "time": 1790895404.2390065, "loss": -5.112524208766934, "confidence": 0.584956047922268, "mass": 0.8749839141489371, "hinge_active": 0.125, "stop_prob": 0.999969346182687, "sampled_number_rate": 0.875, "kl": 3.7252644333202896, "kl_coef": 0.04926387461535716}
A decoder-only architecture is being used, but right-padding was detected! For correct generation results, please set `padding_side='left'` when initializing the tokenizer.
{"step": 256, "epoch": 1, "rows": 8, "skipped": 0, "answer_accuracy": 0.125, "updates": 8, "seconds": 7.3757100105285645, "time": 1790895411.6155381, "loss": -7.384454474804151, "confidence": 0.5346347235328731, "mass": 0.9999889038735028, "hinge_active": 0.0, "stop_prob": 0.9999775588512421, "sampled_number_rate": 1.0, "kl": 5.551269135223543, "kl_coef": 0.0492559923954187, "save_seconds": 0.4175732135772705}
