🦥 Unsloth: Will patch your computer to enable 2x faster free finetuning.
🦥 Unsloth Zoo will now patch everything to make training faster!
==((====))==  Unsloth 2025.1.5: Fast Llama patching. Transformers: 4.48.0.
   \\   /|    GPU: NVIDIA GeForce RTX 4090. Max memory: 23.516 GB. Platform: Linux.
O^O/ \_/ \    Torch: 2.5.1+cu124. CUDA: 8.9. CUDA Toolkit: 12.4. Triton: 3.1.0
\        /    Bfloat16 = TRUE. FA [Xformers = 0.0.29.post1. FA2 = False]
 "-____-"     Free Apache license: http://github.com/unslothai/unsloth
Unsloth: Fast downloading is enabled - ignore downloading bars which are red colored!
Unsloth 2025.1.5 patched 32 layers with 32 QKV layers, 32 O layers and 32 MLP layers.
wandb: Currently logged in as: rrenaud (multi-tokenizer). Use `wandb login --relogin` to force relogin
wandb: Using wandb-core as the SDK backend.  Please refer to https://wandb.me/wandb-core for more information.
wandb: Tracking run with wandb version 0.19.2
wandb: Run data is saved locally in /workspace/runs/long2-exact-tuned-s1/wandb/run-20261003_011437-feb039a9d14559bb
wandb: Run `wandb offline` to turn off syncing.
wandb: Syncing run long2-exact-tuned-s1
wandb: ⭐️ View project at https://wandb.ai/multi-tokenizer/rewarding-doubt
wandb: 🚀 View run at https://wandb.ai/multi-tokenizer/rewarding-doubt/runs/feb039a9d14559bb
{"step": 1, "epoch": 0, "batch_hash": 2063027874, "rows": 8, "skipped": 0, "answer_accuracy": 0.5, "updates": 4, "seconds": 3.540203094482422, "time": 1790990081.8273523, "loss": -0.2712506198696788, "confidence": 0.9546330911169483, "mass": 0.9999958268667821, "hinge_active": 0.0, "stop_prob": 0.999551884829998, "sampled_number_rate": 1.0, "kl": 0.0, "kl_coef": 0.05, "value_loss": 0.0}
A decoder-only architecture is being used, but right-padding was detected! For correct generation results, please set `padding_side='left'` when initializing the tokenizer.
{"step": 2, "epoch": 0, "batch_hash": 2966643579, "rows": 8, "skipped": 0, "answer_accuracy": 0.875, "updates": 4, "seconds": 3.090266466140747, "time": 1790990084.9198914, "loss": -0.8735377475347903, "confidence": 0.9125743122935436, "mass": 0.9999949063083307, "hinge_active": 0.0, "stop_prob": 0.9994484335184097, "sampled_number_rate": 1.0, "kl": 0.0, "kl_coef": 0.05, "value_loss": 0.0}
A decoder-only architecture is being used, but right-padding was detected! For correct generation results, please set `padding_side='left'` when initializing the tokenizer.
{"step": 3, "epoch": 0, "batch_hash": 658374718, "rows": 8, "skipped": 0, "answer_accuracy": 0.625, "updates": 4, "seconds": 2.2890067100524902, "time": 1790990087.2138588, "loss": -0.7752350355809574, "confidence": 0.8433151777605086, "mass": 0.9999989326314702, "hinge_active": 0.0, "stop_prob": 0.9997625723481178, "sampled_number_rate": 1.0, "kl": 0.0, "kl_coef": 0.05, "value_loss": 0.0}
A decoder-only architecture is being used, but right-padding was detected! For correct generation results, please set `padding_side='left'` when initializing the tokenizer.
{"step": 4, "epoch": 0, "batch_hash": 3383605492, "rows": 8, "skipped": 0, "answer_accuracy": 0.375, "updates": 4, "seconds": 2.4850168228149414, "time": 1790990089.704504, "loss": -0.7096017142350326, "confidence": 0.7586923724585068, "mass": 0.9999985877818626, "hinge_active": 0.0, "stop_prob": 0.9995146095752716, "sampled_number_rate": 1.0, "kl": 0.0, "kl_coef": 0.05, "value_loss": 0.0}
A decoder-only architecture is being used, but right-padding was detected! For correct generation results, please set `padding_side='left'` when initializing the tokenizer.
{"step": 5, "epoch": 0, "batch_hash": 3715408522, "rows": 8, "skipped": 0, "answer_accuracy": 0.625, "updates": 4, "seconds": 2.5153374671936035, "time": 1790990092.2345848, "loss": -0.8222669850330283, "confidence": 0.7072504111999316, "mass": 0.9999984967374271, "hinge_active": 0.0, "stop_prob": 0.999531976878643, "sampled_number_rate": 1.0, "kl": 0.0, "kl_coef": 0.05, "value_loss": 0.0}
A decoder-only architecture is being used, but right-padding was detected! For correct generation results, please set `padding_side='left'` when initializing the tokenizer.
{"step": 6, "epoch": 0, "batch_hash": 1407519237, "rows": 7, "skipped": 1, "answer_accuracy": 0.8571428571428571, "updates": 4, "seconds": 2.8449788093566895, "time": 1790990095.0821953, "loss": -0.8485337550339165, "confidence": 0.6482128646217297, "mass": 0.9999991986088206, "hinge_active": 0.0, "stop_prob": 0.9990925874028888, "sampled_number_rate": 0.9999999999999998, "kl": 0.0, "kl_coef": 0.05, "value_loss": 0.0}
A decoder-only architecture is being used, but right-padding was detected! For correct generation results, please set `padding_side='left'` when initializing the tokenizer.
{"step": 7, "epoch": 0, "batch_hash": 1172118387, "rows": 8, "skipped": 0, "answer_accuracy": 0.375, "updates": 4, "seconds": 2.7491557598114014, "time": 1790990097.8342555, "loss": -0.8331626899482143, "confidence": 0.5556764820545858, "mass": 0.9999945235693298, "hinge_active": 0.0, "stop_prob": 0.9985967054963112, "sampled_number_rate": 1.0, "kl": 0.0, "kl_coef": 0.05, "value_loss": 0.0}
A decoder-only architecture is being used, but right-padding was detected! For correct generation results, please set `padding_side='left'` when initializing the tokenizer.
{"step": 8, "epoch": 0, "batch_hash": 1747892698, "rows": 7, "skipped": 1, "answer_accuracy": 0.8571428571428571, "updates": 4, "seconds": 2.9976000785827637, "time": 1790990100.8364844, "loss": -0.8686045898107422, "confidence": 0.6647068991702042, "mass": 0.9999989440988122, "hinge_active": 0.0, "stop_prob": 0.9996248824255807, "sampled_number_rate": 0.9999999999999998, "kl": 0.0, "kl_coef": 0.05, "value_loss": 0.0}
A decoder-only architecture is being used, but right-padding was detected! For correct generation results, please set `padding_side='left'` when initializing the tokenizer.
{"step": 9, "epoch": 0, "batch_hash": 1490991607, "rows": 8, "skipped": 0, "answer_accuracy": 0.625, "updates": 4, "seconds": 2.832448959350586, "time": 1790990103.6720712, "loss": -0.8508346824628279, "confidence": 0.6067047544269795, "mass": 0.999998364521574, "hinge_active": 0.0, "stop_prob": 0.9987878352403641, "sampled_number_rate": 1.0, "kl": 0.0, "kl_coef": 0.05, "value_loss": 0.0}
A decoder-only architecture is being used, but right-padding was detected! For correct generation results, please set `padding_side='left'` when initializing the tokenizer.
{"step": 10, "epoch": 0, "batch_hash": 487962464, "rows": 8, "skipped": 0, "answer_accuracy": 0.5, "updates": 4, "seconds": 2.4638662338256836, "time": 1790990106.1385658, "loss": -0.8037581346876844, "confidence": 0.6218482555464278, "mass": 0.9999988741915203, "hinge_active": 0.0, "stop_prob": 0.9993916153907776, "sampled_number_rate": 1.0, "kl": 0.0, "kl_coef": 0.05, "value_loss": 0.0}
A decoder-only architecture is being used, but right-padding was detected! For correct generation results, please set `padding_side='left'` when initializing the tokenizer.
{"step": 11, "epoch": 0, "batch_hash": 2816109060, "rows": 8, "skipped": 0, "answer_accuracy": 0.625, "updates": 4, "seconds": 2.286777973175049, "time": 1790990108.4285393, "loss": -0.8498268500426739, "confidence": 0.6686375919184466, "mass": 0.9999985191036997, "hinge_active": 0.0, "stop_prob": 0.999445840716362, "sampled_number_rate": 1.0, "kl": 0.0, "kl_coef": 0.05, "value_loss": 0.0}
A decoder-only architecture is being used, but right-padding was detected! For correct generation results, please set `padding_side='left'` when initializing the tokenizer.
{"step": 12, "epoch": 0, "batch_hash": 2380590580, "rows": 8, "skipped": 0, "answer_accuracy": 0.75, "updates": 4, "seconds": 2.3510348796844482, "time": 1790990110.7843654, "loss": -0.8498674769649806, "confidence": 0.6113548565405102, "mass": 0.9999981123513847, "hinge_active": 0.0, "stop_prob": 0.9983177408576012, "sampled_number_rate": 1.0, "kl": 0.0, "kl_coef": 0.05, "value_loss": 0.0}
A decoder-only architecture is being used, but right-padding was detected! For correct generation results, please set `padding_side='left'` when initializing the tokenizer.
{"step": 13, "epoch": 0, "batch_hash": 3668638404, "rows": 7, "skipped": 1, "answer_accuracy": 0.8571428571428571, "updates": 4, "seconds": 3.9506995677948, "time": 1790990114.7386138, "loss": -0.8674212905493011, "confidence": 0.7525842501995745, "mass": 0.9999976883847884, "hinge_active": 0.0, "stop_prob": 0.9995846578053066, "sampled_number_rate": 0.9999999999999998, "kl": 0.0, "kl_coef": 0.05, "value_loss": 0.0}
A decoder-only architecture is being used, but right-padding was detected! For correct generation results, please set `padding_side='left'` when initializing the tokenizer.
{"step": 14, "epoch": 0, "batch_hash": 4137190947, "rows": 8, "skipped": 0, "answer_accuracy": 0.625, "updates": 4, "seconds": 2.98532772064209, "time": 1790990117.728291, "loss": -0.8206709535878358, "confidence": 0.753575824228471, "mass": 0.9999963499404129, "hinge_active": 0.0, "stop_prob": 0.9982630237936974, "sampled_number_rate": 1.0, "kl": 0.0, "kl_coef": 0.05, "value_loss": 0.0}
A decoder-only architecture is being used, but right-padding was detected! For correct generation results, please set `padding_side='left'` when initializing the tokenizer.
{"step": 15, "epoch": 0, "batch_hash": 3216369286, "rows": 8, "skipped": 0, "answer_accuracy": 0.625, "updates": 4, "seconds": 2.22568416595459, "time": 1790990120.0273287, "loss": -0.7275326447433536, "confidence": 0.6976099172326771, "mass": 0.9999981368452128, "hinge_active": 0.0, "stop_prob": 0.9990361034870148, "sampled_number_rate": 1.0, "kl": 0.0, "kl_coef": 0.05, "value_loss": 0.0}
A decoder-only architecture is being used, but right-padding was detected! For correct generation results, please set `padding_side='left'` when initializing the tokenizer.
{"step": 16, "epoch": 0, "batch_hash": 2187280943, "rows": 8, "skipped": 0, "answer_accuracy": 0.375, "updates": 4, "seconds": 3.3063082695007324, "time": 1790990123.3369877, "loss": -0.6820594782962104, "confidence": 0.7951867370065151, "mass": 0.9999978520015737, "hinge_active": 0.0, "stop_prob": 0.9993185773491859, "sampled_number_rate": 1.0, "kl": 0.0, "kl_coef": 0.05, "value_loss": 0.0}
A decoder-only architecture is being used, but right-padding was detected! For correct generation results, please set `padding_side='left'` when initializing the tokenizer.
{"step": 17, "epoch": 0, "batch_hash": 19821105, "rows": 7, "skipped": 1, "answer_accuracy": 0.2857142857142857, "updates": 4, "seconds": 3.081606149673462, "time": 1790990126.421379, "loss": -0.780836843092071, "confidence": 0.6061375659617384, "mass": 0.9999930650864856, "hinge_active": 0.0, "stop_prob": 0.9963360003062657, "sampled_number_rate": 0.9999999999999998, "kl": 0.0, "kl_coef": 0.05, "value_loss": 0.0}
A decoder-only architecture is being used, but right-padding was detected! For correct generation results, please set `padding_side='left'` when initializing the tokenizer.
{"step": 18, "epoch": 0, "batch_hash": 1357037733, "rows": 8, "skipped": 0, "answer_accuracy": 0.875, "updates": 4, "seconds": 2.4897334575653076, "time": 1790990128.9137294, "loss": -0.8267365172785115, "confidence": 0.6715906003029875, "mass": 0.9999980958725272, "hinge_active": 0.0, "stop_prob": 0.9992095604538918, "sampled_number_rate": 1.0, "kl": 0.0, "kl_coef": 0.05, "value_loss": 0.0}
A decoder-only architecture is being used, but right-padding was detected! For correct generation results, please set `padding_side='left'` when initializing the tokenizer.
{"step": 19, "epoch": 0, "batch_hash": 4165955976, "rows": 8, "skipped": 0, "answer_accuracy": 0.5, "updates": 4, "seconds": 2.82536244392395, "time": 1790990131.7436976, "loss": -0.824941661508763, "confidence": 0.586924930040281, "mass": 0.999997187161804, "hinge_active": 0.0, "stop_prob": 0.9978616610169411, "sampled_number_rate": 1.0, "kl": 0.0, "kl_coef": 0.05, "value_loss": 0.0}
A decoder-only architecture is being used, but right-padding was detected! For correct generation results, please set `padding_side='left'` when initializing the tokenizer.
{"step": 20, "epoch": 0, "batch_hash": 1980827298, "rows": 8, "skipped": 0, "answer_accuracy": 0.625, "updates": 4, "seconds": 3.7372653484344482, "time": 1790990135.4839242, "loss": -0.8265673766628611, "confidence": 0.5114261272331638, "mass": 0.9999965340334519, "hinge_active": 0.0, "stop_prob": 0.9931759834289551, "sampled_number_rate": 1.0, "kl": 0.0, "kl_coef": 0.05, "value_loss": 0.0}
A decoder-only architecture is being used, but right-padding was detected! For correct generation results, please set `padding_side='left'` when initializing the tokenizer.
{"step": 21, "epoch": 0, "batch_hash": 1056415814, "rows": 8, "skipped": 0, "answer_accuracy": 0.875, "updates": 4, "seconds": 2.251314401626587, "time": 1790990137.7405086, "loss": -0.8497951197167344, "confidence": 0.7146215985149085, "mass": 0.9999981273064255, "hinge_active": 0.0, "stop_prob": 0.9992998763918877, "sampled_number_rate": 1.0, "kl": 0.0, "kl_coef": 0.05, "value_loss": 0.0}
A decoder-only architecture is being used, but right-padding was detected! For correct generation results, please set `padding_side='left'` when initializing the tokenizer.
{"step": 22, "epoch": 0, "batch_hash": 2720460761, "rows": 7, "skipped": 1, "answer_accuracy": 0.42857142857142855, "updates": 4, "seconds": 2.4537484645843506, "time": 1790990140.1967523, "loss": -0.6991710814126174, "confidence": 0.7481533767256311, "mass": 0.9999980473550231, "hinge_active": 0.0, "stop_prob": 0.9991867542266846, "sampled_number_rate": 0.9999999999999998, "kl": 0.0, "kl_coef": 0.05, "value_loss": 0.0}
A decoder-only architecture is being used, but right-padding was detected! For correct generation results, please set `padding_side='left'` when initializing the tokenizer.
{"step": 23, "epoch": 0, "batch_hash": 2793917737, "rows": 8, "skipped": 0, "answer_accuracy": 0.625, "updates": 4, "seconds": 2.3192386627197266, "time": 1790990142.5193062, "loss": -0.8150556303671277, "confidence": 0.7629415737530091, "mass": 0.9999975049675537, "hinge_active": 0.0, "stop_prob": 0.9989723861217499, "sampled_number_rate": 1.0, "kl": 0.0, "kl_coef": 0.05, "value_loss": 0.0}
A decoder-only architecture is being used, but right-padding was detected! For correct generation results, please set `padding_side='left'` when initializing the tokenizer.
{"step": 24, "epoch": 0, "batch_hash": 3608601955, "rows": 8, "skipped": 0, "answer_accuracy": 0.75, "updates": 4, "seconds": 2.426591634750366, "time": 1790990144.948971, "loss": -0.829876162962923, "confidence": 0.7577887498317617, "mass": 0.9999983542195099, "hinge_active": 0.0, "stop_prob": 0.9988643974065781, "sampled_number_rate": 1.0, "kl": 0.0, "kl_coef": 0.05, "value_loss": 0.0}
A decoder-only architecture is being used, but right-padding was detected! For correct generation results, please set `padding_side='left'` when initializing the tokenizer.
{"step": 25, "epoch": 0, "batch_hash": 2938447104, "rows": 8, "skipped": 0, "answer_accuracy": 0.875, "updates": 4, "seconds": 7.397876739501953, "time": 1790990152.3523307, "loss": 1.1160363058581553, "confidence": 0.7196663511508886, "mass": 0.8749987155214118, "hinge_active": 0.125, "stop_prob": 0.9997122543198722, "sampled_number_rate": 0.875, "kl": 0.0, "kl_coef": 0.05, "value_loss": 0.0}
A decoder-only architecture is being used, but right-padding was detected! For correct generation results, please set `padding_side='left'` when initializing the tokenizer.
{"step": 26, "epoch": 0, "batch_hash": 2626370317, "rows": 6, "skipped": 2, "answer_accuracy": 0.5, "updates": 4, "seconds": 3.0162837505340576, "time": 1790990155.371509, "loss": -0.8330671065132206, "confidence": 0.6372531599503453, "mass": 0.9999961895391275, "hinge_active": 0.0, "stop_prob": 0.9978111883004507, "sampled_number_rate": 0.9999999999999999, "kl": 0.0, "kl_coef": 0.05, "value_loss": 0.0}
A decoder-only architecture is being used, but right-padding was detected! For correct generation results, please set `padding_side='left'` when initializing the tokenizer.
{"step": 27, "epoch": 0, "batch_hash": 3475009486, "rows": 8, "skipped": 0, "answer_accuracy": 0.75, "updates": 4, "seconds": 2.3174777030944824, "time": 1790990157.6913996, "loss": -0.8811066488745689, "confidence": 0.6990482372393516, "mass": 0.9999974217307089, "hinge_active": 0.0, "stop_prob": 0.9979114755988121, "sampled_number_rate": 1.0, "kl": 0.0, "kl_coef": 0.05, "value_loss": 0.0}
A decoder-only architecture is being used, but right-padding was detected! For correct generation results, please set `padding_side='left'` when initializing the tokenizer.
{"step": 28, "epoch": 0, "batch_hash": 785552105, "rows": 8, "skipped": 0, "answer_accuracy": 0.875, "updates": 4, "seconds": 2.319260835647583, "time": 1790990160.0139825, "loss": -0.865372130737644, "confidence": 0.7454543844550254, "mass": 0.9999968772431874, "hinge_active": 0.0, "stop_prob": 0.9987572953104973, "sampled_number_rate": 1.0, "kl": 0.0, "kl_coef": 0.05, "value_loss": 0.0}
A decoder-only architecture is being used, but right-padding was detected! For correct generation results, please set `padding_side='left'` when initializing the tokenizer.
{"step": 29, "epoch": 0, "batch_hash": 3252717273, "rows": 8, "skipped": 0, "answer_accuracy": 0.625, "updates": 4, "seconds": 2.399528741836548, "time": 1790990162.4192405, "loss": -0.8277328866505351, "confidence": 0.6677965671176116, "mass": 0.9999957552584108, "hinge_active": 0.0, "stop_prob": 0.9667638093233109, "sampled_number_rate": 1.0, "kl": 0.0, "kl_coef": 0.05, "value_loss": 0.0}
A decoder-only architecture is being used, but right-padding was detected! For correct generation results, please set `padding_side='left'` when initializing the tokenizer.
{"step": 30, "epoch": 0, "batch_hash": 3707330608, "rows": 8, "skipped": 0, "answer_accuracy": 0.375, "updates": 4, "seconds": 2.5425801277160645, "time": 1790990164.9657712, "loss": -0.8145029674263469, "confidence": 0.6192261598020128, "mass": 0.999992925796773, "hinge_active": 0.0, "stop_prob": 0.9969016313552856, "sampled_number_rate": 1.0, "kl": 0.0, "kl_coef": 0.05, "value_loss": 0.0}
A decoder-only architecture is being used, but right-padding was detected! For correct generation results, please set `padding_side='left'` when initializing the tokenizer.
{"step": 31, "epoch": 0, "batch_hash": 4277558271, "rows": 8, "skipped": 0, "answer_accuracy": 0.375, "updates": 4, "seconds": 2.2489116191864014, "time": 1790990167.2171955, "loss": -0.8582619823903991, "confidence": 0.5462888766609165, "mass": 0.9999920785638221, "hinge_active": 0.0, "stop_prob": 0.9984058141708374, "sampled_number_rate": 1.0, "kl": 0.0, "kl_coef": 0.05, "value_loss": 0.0}
A decoder-only architecture is being used, but right-padding was detected! For correct generation results, please set `padding_side='left'` when initializing the tokenizer.
{"step": 32, "epoch": 0, "batch_hash": 3104866902, "rows": 8, "skipped": 0, "answer_accuracy": 0.75, "updates": 4, "seconds": 2.3706448078155518, "time": 1790990169.5904753, "loss": -0.8696698620953407, "confidence": 0.6303962507613651, "mass": 0.9999952771113757, "hinge_active": 0.0, "stop_prob": 0.9981205388903618, "sampled_number_rate": 1.0, "kl": 0.0, "kl_coef": 0.05, "value_loss": 0.0}
checkpoint at step 32 (0.5 s)
A decoder-only architecture is being used, but right-padding was detected! For correct generation results, please set `padding_side='left'` when initializing the tokenizer.
{"step": 33, "epoch": 0, "batch_hash": 1362989176, "rows": 8, "skipped": 0, "answer_accuracy": 0.625, "updates": 4, "seconds": 2.339259386062622, "time": 1790990172.4044435, "loss": -0.8037999290441414, "confidence": 0.45118226469397493, "mass": 0.9999883690562245, "hinge_active": 0.0, "stop_prob": 0.9911566376686096, "sampled_number_rate": 1.0, "kl": 0.0, "kl_coef": 0.05, "value_loss": 0.0}
A decoder-only architecture is being used, but right-padding was detected! For correct generation results, please set `padding_side='left'` when initializing the tokenizer.
{"step": 34, "epoch": 0, "batch_hash": 544439996, "rows": 8, "skipped": 0, "answer_accuracy": 0.625, "updates": 4, "seconds": 2.2619681358337402, "time": 1790990174.6790965, "loss": -0.8142082863753854, "confidence": 0.3339415456565615, "mass": 0.9999894983547053, "hinge_active": 0.0, "stop_prob": 0.9989292547106743, "sampled_number_rate": 1.0, "kl": 0.0, "kl_coef": 0.05, "value_loss": 0.0}
A decoder-only architecture is being used, but right-padding was detected! For correct generation results, please set `padding_side='left'` when initializing the tokenizer.
{"step": 35, "epoch": 0, "batch_hash": 311427580, "rows": 8, "skipped": 0, "answer_accuracy": 0.75, "updates": 4, "seconds": 2.2875144481658936, "time": 1790990176.9706671, "loss": -0.8427831277133884, "confidence": 0.6548129771124996, "mass": 0.999995198977201, "hinge_active": 0.0, "stop_prob": 0.9992683082818985, "sampled_number_rate": 1.0, "kl": 0.0, "kl_coef": 0.05, "value_loss": 0.0}
A decoder-only architecture is being used, but right-padding was detected! For correct generation results, please set `padding_side='left'` when initializing the tokenizer.
{"step": 36, "epoch": 0, "batch_hash": 1650457691, "rows": 8, "skipped": 0, "answer_accuracy": 0.75, "updates": 4, "seconds": 2.2414700984954834, "time": 1790990179.2144125, "loss": -0.8451346203880467, "confidence": 0.7667835480400736, "mass": 0.9999943356949139, "hinge_active": 0.0, "stop_prob": 0.999422200024128, "sampled_number_rate": 1.0, "kl": 0.0, "kl_coef": 0.05, "value_loss": 0.0}
A decoder-only architecture is being used, but right-padding was detected! For correct generation results, please set `padding_side='left'` when initializing the tokenizer.
{"step": 37, "epoch": 0, "batch_hash": 3929764364, "rows": 8, "skipped": 0, "answer_accuracy": 0.625, "updates": 4, "seconds": 2.273540735244751, "time": 1790990181.4913504, "loss": -0.8176898500835116, "confidence": 0.7588342600478979, "mass": 0.999993545151753, "hinge_active": 0.0, "stop_prob": 0.999693475663662, "sampled_number_rate": 1.0, "kl": 0.0, "kl_coef": 0.05, "value_loss": 0.0}
A decoder-only architecture is being used, but right-padding was detected! For correct generation results, please set `padding_side='left'` when initializing the tokenizer.
{"step": 38, "epoch": 0, "batch_hash": 2264519587, "rows": 8, "skipped": 0, "answer_accuracy": 0.5, "updates": 4, "seconds": 2.2317471504211426, "time": 1790990183.7254894, "loss": -0.8331221223150171, "confidence": 0.638790522859679, "mass": 0.9999918109039014, "hinge_active": 0.0, "stop_prob": 0.9991877302527428, "sampled_number_rate": 1.0, "kl": 0.0, "kl_coef": 0.05, "value_loss": 0.0}
A decoder-only architecture is being used, but right-padding was detected! For correct generation results, please set `padding_side='left'` when initializing the tokenizer.
{"step": 39, "epoch": 0, "batch_hash": 4268784977, "rows": 8, "skipped": 0, "answer_accuracy": 0.375, "updates": 4, "seconds": 2.468247175216675, "time": 1790990186.1963499, "loss": -0.8347050591277478, "confidence": 0.5566436653829951, "mass": 0.9999890116037995, "hinge_active": 0.0, "stop_prob": 0.9988368451595306, "sampled_number_rate": 1.0, "kl": 0.0, "kl_coef": 0.05, "value_loss": 0.0}
A decoder-only architecture is being used, but right-padding was detected! For correct generation results, please set `padding_side='left'` when initializing the tokenizer.
{"step": 40, "epoch": 0, "batch_hash": 4160066059, "rows": 8, "skipped": 0, "answer_accuracy": 0.75, "updates": 4, "seconds": 2.325698137283325, "time": 1790990188.5241568, "loss": -0.8551039752830758, "confidence": 0.6829353056847709, "mass": 0.9999944199674882, "hinge_active": 0.0, "stop_prob": 0.9997200295329094, "sampled_number_rate": 1.0, "kl": 0.0, "kl_coef": 0.05, "value_loss": 0.0}
A decoder-only architecture is being used, but right-padding was detected! For correct generation results, please set `padding_side='left'` when initializing the tokenizer.
{"step": 41, "epoch": 0, "batch_hash": 1488016044, "rows": 8, "skipped": 0, "answer_accuracy": 0.625, "updates": 4, "seconds": 2.3336892127990723, "time": 1790990190.8606715, "loss": -0.8709332976006152, "confidence": 0.6088010660966708, "mass": 0.999993680885874, "hinge_active": 0.0, "stop_prob": 0.9997154176235199, "sampled_number_rate": 1.0, "kl": 0.0, "kl_coef": 0.05, "value_loss": 0.0}
A decoder-only architecture is being used, but right-padding was detected! For correct generation results, please set `padding_side='left'` when initializing the tokenizer.
{"step": 42, "epoch": 0, "batch_hash": 1753114268, "rows": 7, "skipped": 1, "answer_accuracy": 0.8571428571428571, "updates": 4, "seconds": 3.38751220703125, "time": 1790990194.2503152, "loss": -0.8823862322210008, "confidence": 0.6490726606436404, "mass": 0.999992065732896, "hinge_active": 0.0, "stop_prob": 0.9997370157923017, "sampled_number_rate": 0.9999999999999998, "kl": 0.0, "kl_coef": 0.05, "value_loss": 0.0}
A decoder-only architecture is being used, but right-padding was detected! For correct generation results, please set `padding_side='left'` when initializing the tokenizer.
{"step": 43, "epoch": 0, "batch_hash": 742679434, "rows": 8, "skipped": 0, "answer_accuracy": 0.625, "updates": 4, "seconds": 2.2860732078552246, "time": 1790990196.5394812, "loss": -0.8550278726129136, "confidence": 0.7098401892428602, "mass": 0.9999938011000491, "hinge_active": 0.0, "stop_prob": 0.9997175633907318, "sampled_number_rate": 1.0, "kl": 0.0, "kl_coef": 0.05, "value_loss": 0.0}
A decoder-only architecture is being used, but right-padding was detected! For correct generation results, please set `padding_side='left'` when initializing the tokenizer.
{"step": 44, "epoch": 0, "batch_hash": 1019847301, "rows": 8, "skipped": 0, "answer_accuracy": 0.5, "updates": 4, "seconds": 2.362307071685791, "time": 1790990198.9043515, "loss": -0.8444539830976734, "confidence": 0.5975039989515741, "mass": 0.9999821723045768, "hinge_active": 0.0, "stop_prob": 0.9989445134997368, "sampled_number_rate": 1.0, "kl": 0.0, "kl_coef": 0.05, "value_loss": 0.0}
A decoder-only architecture is being used, but right-padding was detected! For correct generation results, please set `padding_side='left'` when initializing the tokenizer.
{"step": 45, "epoch": 0, "batch_hash": 2094460600, "rows": 7, "skipped": 1, "answer_accuracy": 0.42857142857142855, "updates": 4, "seconds": 2.835300922393799, "time": 1790990201.7521117, "loss": -0.8863248552529678, "confidence": 0.46785680817332814, "mass": 0.9999870570528688, "hinge_active": 0.0, "stop_prob": 0.9987952964646476, "sampled_number_rate": 0.9999999999999998, "kl": 0.0, "kl_coef": 0.05, "value_loss": 0.0}
A decoder-only architecture is being used, but right-padding was detected! For correct generation results, please set `padding_side='left'` when initializing the tokenizer.
{"step": 46, "epoch": 0, "batch_hash": 654359909, "rows": 8, "skipped": 0, "answer_accuracy": 0.75, "updates": 4, "seconds": 2.180704355239868, "time": 1790990203.9353561, "loss": -0.7560896587113437, "confidence": 0.47350130314553507, "mass": 0.999991007571658, "hinge_active": 0.0, "stop_prob": 0.9995413273572922, "sampled_number_rate": 1.0, "kl": 0.0, "kl_coef": 0.05, "value_loss": 0.0}
A decoder-only architecture is being used, but right-padding was detected! For correct generation results, please set `padding_side='left'` when initializing the tokenizer.
{"step": 47, "epoch": 0, "batch_hash": 16038438, "rows": 8, "skipped": 0, "answer_accuracy": 0.625, "updates": 4, "seconds": 2.3724536895751953, "time": 1790990206.311124, "loss": -0.8225951395144112, "confidence": 0.4976806138429841, "mass": 0.999991922367005, "hinge_active": 0.0, "stop_prob": 0.9992749467492104, "sampled_number_rate": 1.0, "kl": 0.0, "kl_coef": 0.05, "value_loss": 0.0}
A decoder-only architecture is being used, but right-padding was detected! For correct generation results, please set `padding_side='left'` when initializing the tokenizer.
{"step": 48, "epoch": 0, "batch_hash": 2642762240, "rows": 8, "skipped": 0, "answer_accuracy": 0.5, "updates": 4, "seconds": 2.319207191467285, "time": 1790990208.635314, "loss": -0.7755581189307605, "confidence": 0.755963934542778, "mass": 0.9999931567261642, "hinge_active": 0.0, "stop_prob": 0.9996494874358177, "sampled_number_rate": 1.0, "kl": 0.0, "kl_coef": 0.05, "value_loss": 0.0}
A decoder-only architecture is being used, but right-padding was detected! For correct generation results, please set `padding_side='left'` when initializing the tokenizer.
{"step": 49, "epoch": 0, "batch_hash": 1678856807, "rows": 8, "skipped": 0, "answer_accuracy": 0.5, "updates": 4, "seconds": 2.2755303382873535, "time": 1790990210.9134812, "loss": -0.779774726298999, "confidence": 0.7298695019974137, "mass": 0.9999936239929177, "hinge_active": 0.0, "stop_prob": 0.9995913356542587, "sampled_number_rate": 1.0, "kl": 0.0, "kl_coef": 0.05, "value_loss": 0.0}
A decoder-only architecture is being used, but right-padding was detected! For correct generation results, please set `padding_side='left'` when initializing the tokenizer.
{"step": 50, "epoch": 0, "batch_hash": 3820145728, "rows": 8, "skipped": 0, "answer_accuracy": 0.875, "updates": 4, "seconds": 2.2169487476348877, "time": 1790990213.1348832, "loss": -0.8877392332914247, "confidence": 0.8059009867953435, "mass": 0.9999943110675907, "hinge_active": 0.0, "stop_prob": 0.9995265528559685, "sampled_number_rate": 1.0, "kl": 0.0, "kl_coef": 0.05, "value_loss": 0.0}
A decoder-only architecture is being used, but right-padding was detected! For correct generation results, please set `padding_side='left'` when initializing the tokenizer.
{"step": 51, "epoch": 0, "batch_hash": 2466155842, "rows": 8, "skipped": 0, "answer_accuracy": 0.875, "updates": 4, "seconds": 2.229243755340576, "time": 1790990215.366978, "loss": -0.8502638907680761, "confidence": 0.7425152484190773, "mass": 0.9999927064060037, "hinge_active": 0.0, "stop_prob": 0.9997530877590179, "sampled_number_rate": 1.0, "kl": 0.0, "kl_coef": 0.05, "value_loss": 0.0}
A decoder-only architecture is being used, but right-padding was detected! For correct generation results, please set `padding_side='left'` when initializing the tokenizer.
{"step": 52, "epoch": 0, "batch_hash": 1315136078, "rows": 8, "skipped": 0, "answer_accuracy": 0.625, "updates": 4, "seconds": 2.3372385501861572, "time": 1790990217.7079122, "loss": -0.7964510759243251, "confidence": 0.7915772509944967, "mass": 0.9999943109333528, "hinge_active": 0.0, "stop_prob": 0.9997545853257179, "sampled_number_rate": 1.0, "kl": 0.0, "kl_coef": 0.05, "value_loss": 0.0}
A decoder-only architecture is being used, but right-padding was detected! For correct generation results, please set `padding_side='left'` when initializing the tokenizer.
{"step": 53, "epoch": 0, "batch_hash": 1781767286, "rows": 8, "skipped": 0, "answer_accuracy": 0.375, "updates": 4, "seconds": 2.7802321910858154, "time": 1790990220.4966404, "loss": -0.7596307773571809, "confidence": 0.7245626864381453, "mass": 0.999992368731407, "hinge_active": 0.0, "stop_prob": 0.9996257796883583, "sampled_number_rate": 1.0, "kl": 0.0, "kl_coef": 0.05, "value_loss": 0.0}
A decoder-only architecture is being used, but right-padding was detected! For correct generation results, please set `padding_side='left'` when initializing the tokenizer.
{"step": 54, "epoch": 0, "batch_hash": 1865160420, "rows": 8, "skipped": 0, "answer_accuracy": 0.625, "updates": 4, "seconds": 2.2236602306365967, "time": 1790990222.72229, "loss": -0.8651170376644837, "confidence": 0.6751679707366551, "mass": 0.9999957814414973, "hinge_active": 0.0, "stop_prob": 0.9997926354408264, "sampled_number_rate": 1.0, "kl": 0.0, "kl_coef": 0.05, "value_loss": 0.0}
A decoder-only architecture is being used, but right-padding was detected! For correct generation results, please set `padding_side='left'` when initializing the tokenizer.
{"step": 55, "epoch": 0, "batch_hash": 905040217, "rows": 8, "skipped": 0, "answer_accuracy": 0.625, "updates": 4, "seconds": 2.287461042404175, "time": 1790990225.0145314, "loss": -0.8616580892210539, "confidence": 0.7016823092258857, "mass": 0.9999959276506016, "hinge_active": 0.0, "stop_prob": 0.9997369199991226, "sampled_number_rate": 1.0, "kl": 0.0, "kl_coef": 0.05, "value_loss": 0.0}
A decoder-only architecture is being used, but right-padding was detected! For correct generation results, please set `padding_side='left'` when initializing the tokenizer.
{"step": 56, "epoch": 0, "batch_hash": 1578895498, "rows": 8, "skipped": 0, "answer_accuracy": 0.375, "updates": 4, "seconds": 2.6354281902313232, "time": 1790990227.6543822, "loss": -0.7929189494342105, "confidence": 0.5367379680217098, "mass": 0.9999958641010502, "hinge_active": 0.0, "stop_prob": 0.9997600466012955, "sampled_number_rate": 1.0, "kl": 0.0, "kl_coef": 0.05, "value_loss": 0.0}
A decoder-only architecture is being used, but right-padding was detected! For correct generation results, please set `padding_side='left'` when initializing the tokenizer.
{"step": 57, "epoch": 0, "batch_hash": 3565829201, "rows": 8, "skipped": 0, "answer_accuracy": 0.25, "updates": 4, "seconds": 2.460672378540039, "time": 1790990230.1190867, "loss": -0.8695676695337029, "confidence": 0.4569240996098208, "mass": 0.9999964486305863, "hinge_active": 0.0, "stop_prob": 0.999769926071167, "sampled_number_rate": 1.0, "kl": 0.0, "kl_coef": 0.05, "value_loss": 0.0}
A decoder-only architecture is being used, but right-padding was detected! For correct generation results, please set `padding_side='left'` when initializing the tokenizer.
{"step": 58, "epoch": 0, "batch_hash": 2544049645, "rows": 8, "skipped": 0, "answer_accuracy": 0.875, "updates": 4, "seconds": 2.1247458457946777, "time": 1790990232.246672, "loss": -0.8023794565955924, "confidence": 0.4479597698613656, "mass": 0.9999945797179888, "hinge_active": 0.0, "stop_prob": 0.9997783601284027, "sampled_number_rate": 1.0, "kl": 0.0, "kl_coef": 0.05, "value_loss": 0.0}
A decoder-only architecture is being used, but right-padding was detected! For correct generation results, please set `padding_side='left'` when initializing the tokenizer.
{"step": 59, "epoch": 0, "batch_hash": 3894574691, "rows": 8, "skipped": 0, "answer_accuracy": 0.5, "updates": 4, "seconds": 2.2215094566345215, "time": 1790990234.4706054, "loss": -0.83012269766283, "confidence": 0.46973493321247906, "mass": 0.9999961342533312, "hinge_active": 0.0, "stop_prob": 0.9996856600046158, "sampled_number_rate": 1.0, "kl": 0.0, "kl_coef": 0.05, "value_loss": 0.0}
A decoder-only architecture is being used, but right-padding was detected! For correct generation results, please set `padding_side='left'` when initializing the tokenizer.
{"step": 60, "epoch": 0, "batch_hash": 3217027859, "rows": 8, "skipped": 0, "answer_accuracy": 0.5, "updates": 4, "seconds": 2.4267303943634033, "time": 1790990236.9014654, "loss": -0.8617519798219836, "confidence": 0.5594284389896164, "mass": 0.9999965212593667, "hinge_active": 0.0, "stop_prob": 0.9997527375817299, "sampled_number_rate": 1.0, "kl": 0.0, "kl_coef": 0.05, "value_loss": 0.0}
A decoder-only architecture is being used, but right-padding was detected! For correct generation results, please set `padding_side='left'` when initializing the tokenizer.
{"step": 61, "epoch": 0, "batch_hash": 2419983167, "rows": 8, "skipped": 0, "answer_accuracy": 0.5, "updates": 4, "seconds": 2.1810004711151123, "time": 1790990239.0970304, "loss": -0.846352752711379, "confidence": 0.5562600101774806, "mass": 0.9999970344421641, "hinge_active": 0.0, "stop_prob": 0.9996081367135048, "sampled_number_rate": 1.0, "kl": 0.0, "kl_coef": 0.05, "value_loss": 0.0}
A decoder-only architecture is being used, but right-padding was detected! For correct generation results, please set `padding_side='left'` when initializing the tokenizer.
{"step": 62, "epoch": 0, "batch_hash": 583745474, "rows": 8, "skipped": 0, "answer_accuracy": 0.5, "updates": 4, "seconds": 2.417278528213501, "time": 1790990241.5168283, "loss": -0.7952967939546622, "confidence": 0.61144871989229, "mass": 0.9999956199957541, "hinge_active": 0.0, "stop_prob": 0.9996551796793938, "sampled_number_rate": 1.0, "kl": 0.0, "kl_coef": 0.05, "value_loss": 0.0}
A decoder-only architecture is being used, but right-padding was detected! For correct generation results, please set `padding_side='left'` when initializing the tokenizer.
{"step": 63, "epoch": 0, "batch_hash": 354608135, "rows": 6, "skipped": 2, "answer_accuracy": 0.5, "updates": 4, "seconds": 13.45288634300232, "time": 1790990254.9725082, "loss": -0.9145792407837245, "confidence": 0.5207080209224995, "mass": 0.9999842645619624, "hinge_active": 0.0, "stop_prob": 0.9997122685114542, "sampled_number_rate": 0.9999999999999999, "kl": 0.0, "kl_coef": 0.05, "value_loss": 0.0}
A decoder-only architecture is being used, but right-padding was detected! For correct generation results, please set `padding_side='left'` when initializing the tokenizer.
{"step": 64, "epoch": 0, "batch_hash": 374633861, "rows": 8, "skipped": 0, "answer_accuracy": 0.625, "updates": 4, "seconds": 2.278042793273926, "time": 1790990257.254426, "loss": -0.9100754215681657, "confidence": 0.5775895449912691, "mass": 0.9999968147175627, "hinge_active": 0.0, "stop_prob": 0.9997888505458832, "sampled_number_rate": 1.0, "kl": 0.0, "kl_coef": 0.05, "value_loss": 0.0}
checkpoint at step 64 (0.7 s)
A decoder-only architecture is being used, but right-padding was detected! For correct generation results, please set `padding_side='left'` when initializing the tokenizer.
{"step": 65, "epoch": 0, "batch_hash": 3213541557, "rows": 8, "skipped": 0, "answer_accuracy": 0.625, "updates": 4, "seconds": 2.1918177604675293, "time": 1790990260.12724, "loss": -0.8321770489636995, "confidence": 0.3984641146607223, "mass": 0.999995549318194, "hinge_active": 0.0, "stop_prob": 0.9988564178347588, "sampled_number_rate": 1.0, "kl": 0.0, "kl_coef": 0.05, "value_loss": 0.0}
A decoder-only architecture is being used, but right-padding was detected! For correct generation results, please set `padding_side='left'` when initializing the tokenizer.
{"step": 66, "epoch": 0, "batch_hash": 1885765064, "rows": 8, "skipped": 0, "answer_accuracy": 0.75, "updates": 4, "seconds": 2.288114547729492, "time": 1790990262.4180903, "loss": -0.7594499368059286, "confidence": 0.676786191928494, "mass": 0.9999937455580209, "hinge_active": 0.0, "stop_prob": 0.9997667223215103, "sampled_number_rate": 1.0, "kl": 0.0, "kl_coef": 0.05, "value_loss": 0.0}
A decoder-only architecture is being used, but right-padding was detected! For correct generation results, please set `padding_side='left'` when initializing the tokenizer.
{"step": 67, "epoch": 0, "batch_hash": 1268299855, "rows": 8, "skipped": 0, "answer_accuracy": 0.25, "updates": 4, "seconds": 3.1040852069854736, "time": 1790990265.5254495, "loss": -0.869456263900881, "confidence": 0.46430163345460534, "mass": 0.9999913281415718, "hinge_active": 0.0, "stop_prob": 0.9987850040197372, "sampled_number_rate": 1.0, "kl": 0.0, "kl_coef": 0.05, "value_loss": 0.0}
A decoder-only architecture is being used, but right-padding was detected! For correct generation results, please set `padding_side='left'` when initializing the tokenizer.
{"step": 68, "epoch": 0, "batch_hash": 745689195, "rows": 8, "skipped": 0, "answer_accuracy": 0.625, "updates": 4, "seconds": 2.368330955505371, "time": 1790990267.898036, "loss": -0.8810889680927346, "confidence": 0.5520026824280274, "mass": 0.999991265293193, "hinge_active": 0.0, "stop_prob": 0.9984497427940369, "sampled_number_rate": 1.0, "kl": 0.0, "kl_coef": 0.05, "value_loss": 0.0}
A decoder-only architecture is being used, but right-padding was detected! For correct generation results, please set `padding_side='left'` when initializing the tokenizer.
{"step": 69, "epoch": 0, "batch_hash": 594761779, "rows": 8, "skipped": 0, "answer_accuracy": 0.5, "updates": 4, "seconds": 2.1956593990325928, "time": 1790990270.1103842, "loss": -0.9360495062201986, "confidence": 0.4714426954910506, "mass": 0.9999903284187661, "hinge_active": 0.0, "stop_prob": 0.998598575592041, "sampled_number_rate": 1.0, "kl": 0.0, "kl_coef": 0.05, "value_loss": 0.0}
A decoder-only architecture is being used, but right-padding was detected! For correct generation results, please set `padding_side='left'` when initializing the tokenizer.
{"step": 70, "epoch": 0, "batch_hash": 2689286154, "rows": 8, "skipped": 0, "answer_accuracy": 0.625, "updates": 4, "seconds": 2.3518729209899902, "time": 1790990272.4680247, "loss": -0.8978900328627502, "confidence": 0.5254690639616153, "mass": 0.9999963867251174, "hinge_active": 0.0, "stop_prob": 0.9997110068798065, "sampled_number_rate": 1.0, "kl": 0.0, "kl_coef": 0.05, "value_loss": 0.0}
A decoder-only architecture is being used, but right-padding was detected! For correct generation results, please set `padding_side='left'` when initializing the tokenizer.
{"step": 71, "epoch": 0, "batch_hash": 1048780297, "rows": 8, "skipped": 0, "answer_accuracy": 0.625, "updates": 4, "seconds": 2.415510416030884, "time": 1790990274.8874283, "loss": -0.846246593747305, "confidence": 0.6047294138003191, "mass": 0.9999944014912219, "hinge_active": 0.0, "stop_prob": 0.9996889680624008, "sampled_number_rate": 1.0, "kl": 0.0, "kl_coef": 0.05, "value_loss": 0.0}
A decoder-only architecture is being used, but right-padding was detected! For correct generation results, please set `padding_side='left'` when initializing the tokenizer.
{"step": 72, "epoch": 0, "batch_hash": 937874667, "rows": 8, "skipped": 0, "answer_accuracy": 0.375, "updates": 4, "seconds": 2.288022041320801, "time": 1790990277.1784606, "loss": -0.756999364400095, "confidence": 0.519486227889887, "mass": 0.9999860849113944, "hinge_active": 0.0, "stop_prob": 0.9995346069335938, "sampled_number_rate": 1.0, "kl": 0.0, "kl_coef": 0.05, "value_loss": 0.0}
A decoder-only architecture is being used, but right-padding was detected! For correct generation results, please set `padding_side='left'` when initializing the tokenizer.
{"step": 73, "epoch": 0, "batch_hash": 1902093349, "rows": 7, "skipped": 1, "answer_accuracy": 0.5714285714285714, "updates": 4, "seconds": 3.479870080947876, "time": 1790990280.6606808, "loss": -0.8799193344686358, "confidence": 0.5498555358195274, "mass": 0.9999835030965627, "hinge_active": 0.0, "stop_prob": 0.9978710583278111, "sampled_number_rate": 0.9999999999999998, "kl": 0.0, "kl_coef": 0.05, "value_loss": 0.0}
A decoder-only architecture is being used, but right-padding was detected! For correct generation results, please set `padding_side='left'` when initializing the tokenizer.
{"step": 74, "epoch": 0, "batch_hash": 2874918698, "rows": 6, "skipped": 2, "answer_accuracy": 0.3333333333333333, "updates": 4, "seconds": 2.223390579223633, "time": 1790990282.8867912, "loss": -0.8256802152479894, "confidence": 0.5835811942432909, "mass": 0.9999889080383103, "hinge_active": 0.0, "stop_prob": 0.999346395333608, "sampled_number_rate": 0.9999999999999999, "kl": 0.0, "kl_coef": 0.05, "value_loss": 0.0}
A decoder-only architecture is being used, but right-padding was detected! For correct generation results, please set `padding_side='left'` when initializing the tokenizer.
{"step": 75, "epoch": 0, "batch_hash": 4201646714, "rows": 8, "skipped": 0, "answer_accuracy": 0.625, "updates": 4, "seconds": 2.5263946056365967, "time": 1790990285.4158828, "loss": -0.9006558254620035, "confidence": 0.45279183038015663, "mass": 0.9999880954927955, "hinge_active": 0.0, "stop_prob": 0.998811274766922, "sampled_number_rate": 1.0, "kl": 0.0, "kl_coef": 0.05, "value_loss": 0.0}
A decoder-only architecture is being used, but right-padding was detected! For correct generation results, please set `padding_side='left'` when initializing the tokenizer.
{"step": 76, "epoch": 0, "batch_hash": 4285463669, "rows": 8, "skipped": 0, "answer_accuracy": 0.625, "updates": 4, "seconds": 2.2775440216064453, "time": 1790990287.6963162, "loss": -0.9012913035508132, "confidence": 0.5051104112367735, "mass": 0.9999865647370232, "hinge_active": 0.0, "stop_prob": 0.9994442611932755, "sampled_number_rate": 1.0, "kl": 0.0, "kl_coef": 0.05, "value_loss": 0.0}
A decoder-only architecture is being used, but right-padding was detected! For correct generation results, please set `padding_side='left'` when initializing the tokenizer.
{"step": 77, "epoch": 0, "batch_hash": 3124906829, "rows": 7, "skipped": 1, "answer_accuracy": 0.5714285714285714, "updates": 4, "seconds": 3.935175895690918, "time": 1790990291.6345725, "loss": -0.8848972634903585, "confidence": 0.6305375649180116, "mass": 0.9999964834909225, "hinge_active": 0.0, "stop_prob": 0.9996843678610665, "sampled_number_rate": 0.9999999999999998, "kl": 0.0, "kl_coef": 0.05, "value_loss": 0.0}
A decoder-only architecture is being used, but right-padding was detected! For correct generation results, please set `padding_side='left'` when initializing the tokenizer.
{"step": 78, "epoch": 0, "batch_hash": 3149606580, "rows": 8, "skipped": 0, "answer_accuracy": 0.5, "updates": 4, "seconds": 2.8520522117614746, "time": 1790990294.4897413, "loss": -0.9285743548778799, "confidence": 0.4969822131782007, "mass": 0.9999847785224456, "hinge_active": 0.0, "stop_prob": 0.9978505522012711, "sampled_number_rate": 1.0, "kl": 0.0, "kl_coef": 0.05, "value_loss": 0.0}
A decoder-only architecture is being used, but right-padding was detected! For correct generation results, please set `padding_side='left'` when initializing the tokenizer.
{"step": 79, "epoch": 0, "batch_hash": 1658260457, "rows": 8, "skipped": 0, "answer_accuracy": 0.375, "updates": 4, "seconds": 2.429055690765381, "time": 1790990296.9218173, "loss": -0.8798150851182851, "confidence": 0.4830308727349226, "mass": 0.9999414557675117, "hinge_active": 0.0, "stop_prob": 0.9986121356487274, "sampled_number_rate": 1.0, "kl": 0.0, "kl_coef": 0.05, "value_loss": 0.0}
A decoder-only architecture is being used, but right-padding was detected! For correct generation results, please set `padding_side='left'` when initializing the tokenizer.
{"step": 80, "epoch": 0, "batch_hash": 3405032395, "rows": 8, "skipped": 0, "answer_accuracy": 0.5, "updates": 4, "seconds": 2.3518903255462646, "time": 1790990299.2780423, "loss": -0.9264766665199236, "confidence": 0.34225919413286693, "mass": 0.999989971148673, "hinge_active": 0.0, "stop_prob": 0.99616988748312, "sampled_number_rate": 1.0, "kl": 0.0, "kl_coef": 0.05, "value_loss": 0.0}
A decoder-only architecture is being used, but right-padding was detected! For correct generation results, please set `padding_side='left'` when initializing the tokenizer.
{"step": 81, "epoch": 0, "batch_hash": 197878653, "rows": 8, "skipped": 0, "answer_accuracy": 0.375, "updates": 4, "seconds": 2.487732410430908, "time": 1790990301.7680192, "loss": -0.6820520561040849, "confidence": 0.3369241832020648, "mass": 0.9999524404042177, "hinge_active": 0.0, "stop_prob": 0.996771365404129, "sampled_number_rate": 1.0, "kl": 0.0, "kl_coef": 0.05, "value_loss": 0.0}
A decoder-only architecture is being used, but right-padding was detected! For correct generation results, please set `padding_side='left'` when initializing the tokenizer.
{"step": 82, "epoch": 0, "batch_hash": 703251700, "rows": 7, "skipped": 1, "answer_accuracy": 0.14285714285714285, "updates": 4, "seconds": 5.789249420166016, "time": 1790990307.559245, "loss": -0.7999821585332757, "confidence": 0.283118601965146, "mass": 0.9999498100612922, "hinge_active": 0.0, "stop_prob": 0.9964812653405326, "sampled_number_rate": 0.9999999999999998, "kl": 0.0, "kl_coef": 0.05, "value_loss": 0.0}
A decoder-only architecture is being used, but right-padding was detected! For correct generation results, please set `padding_side='left'` when initializing the tokenizer.
{"step": 83, "epoch": 0, "batch_hash": 716943480, "rows": 7, "skipped": 1, "answer_accuracy": 0.42857142857142855, "updates": 4, "seconds": 2.3081650733947754, "time": 1790990309.8707604, "loss": -0.9343363063460123, "confidence": 0.36734500744754656, "mass": 0.9999782835042783, "hinge_active": 0.0, "stop_prob": 0.9990077614784241, "sampled_number_rate": 0.9999999999999998, "kl": 0.0, "kl_coef": 0.05, "value_loss": 0.0}
A decoder-only architecture is being used, but right-padding was detected! For correct generation results, please set `padding_side='left'` when initializing the tokenizer.
{"step": 84, "epoch": 0, "batch_hash": 635740103, "rows": 8, "skipped": 0, "answer_accuracy": 0.375, "updates": 4, "seconds": 2.33713436126709, "time": 1790990312.2099526, "loss": -0.8183926197760083, "confidence": 0.5772500007436142, "mass": 0.999993747404962, "hinge_active": 0.0, "stop_prob": 0.999557189643383, "sampled_number_rate": 1.0, "kl": 0.0, "kl_coef": 0.05, "value_loss": 0.0}
A decoder-only architecture is being used, but right-padding was detected! For correct generation results, please set `padding_side='left'` when initializing the tokenizer.
{"step": 85, "epoch": 0, "batch_hash": 1447916671, "rows": 8, "skipped": 0, "answer_accuracy": 0.625, "updates": 4, "seconds": 2.370483160018921, "time": 1790990314.588616, "loss": -0.7869942535849311, "confidence": 0.6629029319870812, "mass": 0.9999958176587294, "hinge_active": 0.0, "stop_prob": 0.9998691231012344, "sampled_number_rate": 1.0, "kl": 0.0, "kl_coef": 0.05, "value_loss": 0.0}
A decoder-only architecture is being used, but right-padding was detected! For correct generation results, please set `padding_side='left'` when initializing the tokenizer.
{"step": 86, "epoch": 0, "batch_hash": 435998517, "rows": 8, "skipped": 0, "answer_accuracy": 0.5, "updates": 4, "seconds": 2.3731703758239746, "time": 1790990316.9649317, "loss": -0.86942362102177, "confidence": 0.5244030191236946, "mass": 0.9999940168144779, "hinge_active": 0.0, "stop_prob": 0.9998465850949287, "sampled_number_rate": 1.0, "kl": 0.0, "kl_coef": 0.05, "value_loss": 0.0}
A decoder-only architecture is being used, but right-padding was detected! For correct generation results, please set `padding_side='left'` when initializing the tokenizer.
{"step": 87, "epoch": 0, "batch_hash": 3683720774, "rows": 8, "skipped": 0, "answer_accuracy": 0.5, "updates": 4, "seconds": 2.2717230319976807, "time": 1790990319.2391667, "loss": -0.7933093943235645, "confidence": 0.4894773971700391, "mass": 0.9999961294030788, "hinge_active": 0.0, "stop_prob": 0.9998728781938553, "sampled_number_rate": 1.0, "kl": 0.0, "kl_coef": 0.05, "value_loss": 0.0}
A decoder-only architecture is being used, but right-padding was detected! For correct generation results, please set `padding_side='left'` when initializing the tokenizer.
{"step": 88, "epoch": 0, "batch_hash": 71227437, "rows": 8, "skipped": 0, "answer_accuracy": 0.75, "updates": 4, "seconds": 2.264472723007202, "time": 1790990321.505958, "loss": -0.9037710953901916, "confidence": 0.5664631995085806, "mass": 0.9999939246432406, "hinge_active": 0.0, "stop_prob": 0.9998666793107986, "sampled_number_rate": 1.0, "kl": 0.0, "kl_coef": 0.05, "value_loss": 0.0}
A decoder-only architecture is being used, but right-padding was detected! For correct generation results, please set `padding_side='left'` when initializing the tokenizer.
{"step": 89, "epoch": 0, "batch_hash": 1005413980, "rows": 8, "skipped": 0, "answer_accuracy": 0.625, "updates": 4, "seconds": 2.281700372695923, "time": 1790990323.7977543, "loss": -0.8738130092996492, "confidence": 0.48302253924076055, "mass": 0.9999949233826729, "hinge_active": 0.0, "stop_prob": 0.9998815134167671, "sampled_number_rate": 1.0, "kl": 0.0, "kl_coef": 0.05, "value_loss": 0.0}
A decoder-only architecture is being used, but right-padding was detected! For correct generation results, please set `padding_side='left'` when initializing the tokenizer.
{"step": 90, "epoch": 0, "batch_hash": 4029357093, "rows": 8, "skipped": 0, "answer_accuracy": 0.75, "updates": 4, "seconds": 2.2818734645843506, "time": 1790990326.0963871, "loss": -0.9068082252455987, "confidence": 0.6316543702441464, "mass": 0.9999933320061859, "hinge_active": 0.0, "stop_prob": 0.999891847372055, "sampled_number_rate": 1.0, "kl": 0.0, "kl_coef": 0.05, "value_loss": 0.0}
A decoder-only architecture is being used, but right-padding was detected! For correct generation results, please set `padding_side='left'` when initializing the tokenizer.
{"step": 91, "epoch": 0, "batch_hash": 780424896, "rows": 8, "skipped": 0, "answer_accuracy": 0.25, "updates": 4, "seconds": 2.288052797317505, "time": 1790990328.3869164, "loss": -0.7375638457110526, "confidence": 0.5014851921975901, "mass": 0.9999942572693084, "hinge_active": 0.0, "stop_prob": 0.9998304545879364, "sampled_number_rate": 1.0, "kl": 0.0, "kl_coef": 0.05, "value_loss": 0.0}
A decoder-only architecture is being used, but right-padding was detected! For correct generation results, please set `padding_side='left'` when initializing the tokenizer.
{"step": 92, "epoch": 0, "batch_hash": 1465474236, "rows": 8, "skipped": 0, "answer_accuracy": 0.25, "updates": 4, "seconds": 2.443873167037964, "time": 1790990330.833587, "loss": -0.8020994454798236, "confidence": 0.4757006877384173, "mass": 0.9999929752980266, "hinge_active": 0.0, "stop_prob": 0.999852329492569, "sampled_number_rate": 1.0, "kl": 0.0, "kl_coef": 0.05, "value_loss": 0.0}
A decoder-only architecture is being used, but right-padding was detected! For correct generation results, please set `padding_side='left'` when initializing the tokenizer.
{"step": 93, "epoch": 0, "batch_hash": 2302449558, "rows": 8, "skipped": 0, "answer_accuracy": 0.75, "updates": 4, "seconds": 2.2344818115234375, "time": 1790990333.0705845, "loss": -0.8418354456839444, "confidence": 0.7947593021711602, "mass": 0.9999922784066029, "hinge_active": 0.0, "stop_prob": 0.9998498931527138, "sampled_number_rate": 1.0, "kl": 0.0, "kl_coef": 0.05, "value_loss": 0.0}
A decoder-only architecture is being used, but right-padding was detected! For correct generation results, please set `padding_side='left'` when initializing the tokenizer.
{"step": 94, "epoch": 0, "batch_hash": 2782692143, "rows": 8, "skipped": 0, "answer_accuracy": 0.875, "updates": 4, "seconds": 2.1738269329071045, "time": 1790990335.247109, "loss": -0.9392812320262925, "confidence": 0.7145744904894685, "mass": 0.9999947182013885, "hinge_active": 0.0, "stop_prob": 0.9998679012060165, "sampled_number_rate": 1.0, "kl": 0.0, "kl_coef": 0.05, "value_loss": 0.0}
A decoder-only architecture is being used, but right-padding was detected! For correct generation results, please set `padding_side='left'` when initializing the tokenizer.
{"step": 95, "epoch": 0, "batch_hash": 4048482362, "rows": 8, "skipped": 0, "answer_accuracy": 0.625, "updates": 4, "seconds": 2.504899740219116, "time": 1790990337.7549462, "loss": -0.8762055492901559, "confidence": 0.6834588993640908, "mass": 0.999994648984502, "hinge_active": 0.0, "stop_prob": 0.9998570010066032, "sampled_number_rate": 1.0, "kl": 0.0, "kl_coef": 0.05, "value_loss": 0.0}
A decoder-only architecture is being used, but right-padding was detected! For correct generation results, please set `padding_side='left'` when initializing the tokenizer.
{"step": 96, "epoch": 0, "batch_hash": 1939578997, "rows": 8, "skipped": 0, "answer_accuracy": 0.625, "updates": 4, "seconds": 2.7485337257385254, "time": 1790990340.505915, "loss": -0.87597143172048, "confidence": 0.5950941396980418, "mass": 0.9999959917997981, "hinge_active": 0.0, "stop_prob": 0.9998877421021461, "sampled_number_rate": 1.0, "kl": 0.0, "kl_coef": 0.05, "value_loss": 0.0}
checkpoint at step 96 (0.7 s)
A decoder-only architecture is being used, but right-padding was detected! For correct generation results, please set `padding_side='left'` when initializing the tokenizer.
{"step": 97, "epoch": 0, "batch_hash": 1952799940, "rows": 8, "skipped": 0, "answer_accuracy": 0.625, "updates": 4, "seconds": 2.1841094493865967, "time": 1790990343.4256115, "loss": -0.8715764328791017, "confidence": 0.6323137235650167, "mass": 0.9999953513308629, "hinge_active": 0.0, "stop_prob": 0.9998329281806946, "sampled_number_rate": 1.0, "kl": 0.0, "kl_coef": 0.05, "value_loss": 0.0}
A decoder-only architecture is being used, but right-padding was detected! For correct generation results, please set `padding_side='left'` when initializing the tokenizer.
{"step": 98, "epoch": 0, "batch_hash": 4247527381, "rows": 8, "skipped": 0, "answer_accuracy": 0.625, "updates": 4, "seconds": 2.394145965576172, "time": 1790990345.8223588, "loss": -0.8269707932481809, "confidence": 0.7375952851214602, "mass": 0.9999949122741054, "hinge_active": 0.0, "stop_prob": 0.9998386204242706, "sampled_number_rate": 1.0, "kl": 0.0, "kl_coef": 0.05, "value_loss": 0.0}
A decoder-only architecture is being used, but right-padding was detected! For correct generation results, please set `padding_side='left'` when initializing the tokenizer.
{"step": 99, "epoch": 0, "batch_hash": 1857200468, "rows": 7, "skipped": 1, "answer_accuracy": 0.7142857142857143, "updates": 4, "seconds": 2.3718342781066895, "time": 1790990348.197117, "loss": -0.891580618924082, "confidence": 0.6749472006757146, "mass": 0.999994089533448, "hinge_active": 0.0, "stop_prob": 0.9998963134629386, "sampled_number_rate": 0.9999999999999998, "kl": 0.0, "kl_coef": 0.05, "value_loss": 0.0}
A decoder-only architecture is being used, but right-padding was detected! For correct generation results, please set `padding_side='left'` when initializing the tokenizer.
{"step": 100, "epoch": 0, "batch_hash": 3600067986, "rows": 8, "skipped": 0, "answer_accuracy": 0.5, "updates": 4, "seconds": 2.307520627975464, "time": 1790990350.5217786, "loss": -0.8920961756276967, "confidence": 0.4798531667150586, "mass": 0.9999963464582846, "hinge_active": 0.0, "stop_prob": 0.9999067187309265, "sampled_number_rate": 1.0, "kl": 0.0, "kl_coef": 0.05, "value_loss": 0.0}
A decoder-only architecture is being used, but right-padding was detected! For correct generation results, please set `padding_side='left'` when initializing the tokenizer.
{"step": 101, "epoch": 0, "batch_hash": 67971116, "rows": 8, "skipped": 0, "answer_accuracy": 0.75, "updates": 4, "seconds": 2.426565647125244, "time": 1790990352.9506109, "loss": -0.8951550408551054, "confidence": 0.6295323420745924, "mass": 0.9999914388636786, "hinge_active": 0.0, "stop_prob": 0.9998662993311882, "sampled_number_rate": 1.0, "kl": 0.0, "kl_coef": 0.05, "value_loss": 0.0}
A decoder-only architecture is being used, but right-padding was detected! For correct generation results, please set `padding_side='left'` when initializing the tokenizer.
{"step": 102, "epoch": 0, "batch_hash": 2008203503, "rows": 8, "skipped": 0, "answer_accuracy": 0.25, "updates": 4, "seconds": 2.710695266723633, "time": 1790990355.663614, "loss": -0.9338801115862807, "confidence": 0.3442753203047106, "mass": 0.9999912890009917, "hinge_active": 0.0, "stop_prob": 0.9994947835803032, "sampled_number_rate": 1.0, "kl": 0.0, "kl_coef": 0.05, "value_loss": 0.0}
A decoder-only architecture is being used, but right-padding was detected! For correct generation results, please set `padding_side='left'` when initializing the tokenizer.
{"step": 103, "epoch": 0, "batch_hash": 2308290347, "rows": 8, "skipped": 0, "answer_accuracy": 0.625, "updates": 4, "seconds": 2.372922420501709, "time": 1790990358.039853, "loss": -0.8498309393372965, "confidence": 0.6230675781584798, "mass": 0.999993590372346, "hinge_active": 0.0, "stop_prob": 0.9998811334371567, "sampled_number_rate": 1.0, "kl": 0.0, "kl_coef": 0.05, "value_loss": 0.0}
A decoder-only architecture is being used, but right-padding was detected! For correct generation results, please set `padding_side='left'` when initializing the tokenizer.
{"step": 104, "epoch": 0, "batch_hash": 1731505195, "rows": 7, "skipped": 1, "answer_accuracy": 0.5714285714285714, "updates": 4, "seconds": 3.3888235092163086, "time": 1790990361.4311738, "loss": -0.8133184447429508, "confidence": 0.45808556904613434, "mass": 0.999991855572232, "hinge_active": 0.0, "stop_prob": 0.9993594203676496, "sampled_number_rate": 0.9999999999999998, "kl": 0.0, "kl_coef": 0.05, "value_loss": 0.0}
A decoder-only architecture is being used, but right-padding was detected! For correct generation results, please set `padding_side='left'` when initializing the tokenizer.
{"step": 105, "epoch": 0, "batch_hash": 4264812469, "rows": 8, "skipped": 0, "answer_accuracy": 0.625, "updates": 4, "seconds": 2.3379385471343994, "time": 1790990363.7723832, "loss": -0.9318126078463497, "confidence": 0.581179188015306, "mass": 0.9999929388614808, "hinge_active": 0.0, "stop_prob": 0.9998734071850777, "sampled_number_rate": 1.0, "kl": 0.0, "kl_coef": 0.05, "value_loss": 0.0}
A decoder-only architecture is being used, but right-padding was detected! For correct generation results, please set `padding_side='left'` when initializing the tokenizer.
{"step": 106, "epoch": 0, "batch_hash": 424643718, "rows": 8, "skipped": 0, "answer_accuracy": 0.625, "updates": 4, "seconds": 2.2091329097747803, "time": 1790990365.9840572, "loss": -0.8521890985144813, "confidence": 0.5653007280389933, "mass": 0.9999888601651868, "hinge_active": 0.0, "stop_prob": 0.9995896443724632, "sampled_number_rate": 1.0, "kl": 0.0, "kl_coef": 0.05, "value_loss": 0.0}
A decoder-only architecture is being used, but right-padding was detected! For correct generation results, please set `padding_side='left'` when initializing the tokenizer.
{"step": 107, "epoch": 0, "batch_hash": 583481809, "rows": 8, "skipped": 0, "answer_accuracy": 0.625, "updates": 4, "seconds": 2.2559010982513428, "time": 1790990368.2432485, "loss": -0.8438843597957066, "confidence": 0.7045188991319822, "mass": 0.9999907296170132, "hinge_active": 0.0, "stop_prob": 0.9991195574402809, "sampled_number_rate": 1.0, "kl": 0.0, "kl_coef": 0.05, "value_loss": 0.0}
A decoder-only architecture is being used, but right-padding was detected! For correct generation results, please set `padding_side='left'` when initializing the tokenizer.
{"step": 108, "epoch": 0, "batch_hash": 1420136066, "rows": 7, "skipped": 1, "answer_accuracy": 0.7142857142857143, "updates": 4, "seconds": 13.23274850845337, "time": 1790990381.4785259, "loss": -0.9129172734201233, "confidence": 0.6890573715241206, "mass": 0.9999906044811915, "hinge_active": 0.0, "stop_prob": 0.9997588566371373, "sampled_number_rate": 0.9999999999999998, "kl": 0.0, "kl_coef": 0.05, "value_loss": 0.0}
A decoder-only architecture is being used, but right-padding was detected! For correct generation results, please set `padding_side='left'` when initializing the tokenizer.
{"step": 109, "epoch": 0, "batch_hash": 3875513798, "rows": 8, "skipped": 0, "answer_accuracy": 0.375, "updates": 4, "seconds": 2.366966962814331, "time": 1790990383.8487706, "loss": -0.8793171173998331, "confidence": 0.5128196520951631, "mass": 0.9999957239911692, "hinge_active": 0.0, "stop_prob": 0.9998317956924438, "sampled_number_rate": 1.0, "kl": 0.0, "kl_coef": 0.05, "value_loss": 0.0}
A decoder-only architecture is being used, but right-padding was detected! For correct generation results, please set `padding_side='left'` when initializing the tokenizer.
{"step": 110, "epoch": 0, "batch_hash": 446690686, "rows": 8, "skipped": 0, "answer_accuracy": 0.5, "updates": 4, "seconds": 2.270160675048828, "time": 1790990386.1216617, "loss": -0.8261194540073793, "confidence": 0.5475885460869239, "mass": 0.9999938618966945, "hinge_active": 0.0, "stop_prob": 0.9987644851207733, "sampled_number_rate": 1.0, "kl": 0.0, "kl_coef": 0.05, "value_loss": 0.0}
A decoder-only architecture is being used, but right-padding was detected! For correct generation results, please set `padding_side='left'` when initializing the tokenizer.
{"step": 111, "epoch": 0, "batch_hash": 1058649056, "rows": 8, "skipped": 0, "answer_accuracy": 0.5, "updates": 4, "seconds": 2.2766828536987305, "time": 1790990388.4007685, "loss": -0.8122914073442967, "confidence": 0.6211514229535575, "mass": 0.9999941468426277, "hinge_active": 0.0, "stop_prob": 0.9998200088739395, "sampled_number_rate": 1.0, "kl": 0.0, "kl_coef": 0.05, "value_loss": 0.0}
A decoder-only architecture is being used, but right-padding was detected! For correct generation results, please set `padding_side='left'` when initializing the tokenizer.
{"step": 112, "epoch": 0, "batch_hash": 4294299680, "rows": 8, "skipped": 0, "answer_accuracy": 0.625, "updates": 4, "seconds": 2.190548896789551, "time": 1790990390.6060848, "loss": -0.9262699273627707, "confidence": 0.5554353494954682, "mass": 0.9999950701911693, "hinge_active": 0.0, "stop_prob": 0.999128594994545, "sampled_number_rate": 1.0, "kl": 0.0, "kl_coef": 0.05, "value_loss": 0.0}
A decoder-only architecture is being used, but right-padding was detected! For correct generation results, please set `padding_side='left'` when initializing the tokenizer.
{"step": 113, "epoch": 0, "batch_hash": 257244032, "rows": 8, "skipped": 0, "answer_accuracy": 0.5, "updates": 4, "seconds": 2.3078484535217285, "time": 1790990392.9237459, "loss": -0.8085939038162475, "confidence": 0.7061543182452301, "mass": 0.9999951808182339, "hinge_active": 0.0, "stop_prob": 0.9980501309037209, "sampled_number_rate": 1.0, "kl": 0.0, "kl_coef": 0.05, "value_loss": 0.0}
A decoder-only architecture is being used, but right-padding was detected! For correct generation results, please set `padding_side='left'` when initializing the tokenizer.
{"step": 114, "epoch": 0, "batch_hash": 387520856, "rows": 8, "skipped": 0, "answer_accuracy": 0.5, "updates": 4, "seconds": 2.3690378665924072, "time": 1790990395.2972884, "loss": -0.8688312165236005, "confidence": 0.5250935877764851, "mass": 0.9999866443564108, "hinge_active": 0.0, "stop_prob": 0.9985667541623116, "sampled_number_rate": 1.0, "kl": 0.0, "kl_coef": 0.05, "value_loss": 0.0}
A decoder-only architecture is being used, but right-padding was detected! For correct generation results, please set `padding_side='left'` when initializing the tokenizer.
{"step": 115, "epoch": 0, "batch_hash": 3661737965, "rows": 8, "skipped": 0, "answer_accuracy": 0.75, "updates": 4, "seconds": 2.599893569946289, "time": 1790990397.8994875, "loss": -0.9533550863817303, "confidence": 0.6279724767354185, "mass": 0.9999920333196456, "hinge_active": 0.0, "stop_prob": 0.9977934285998344, "sampled_number_rate": 1.0, "kl": 0.0, "kl_coef": 0.05, "value_loss": 0.0}
A decoder-only architecture is being used, but right-padding was detected! For correct generation results, please set `padding_side='left'` when initializing the tokenizer.
{"step": 116, "epoch": 0, "batch_hash": 3586234190, "rows": 8, "skipped": 0, "answer_accuracy": 0.625, "updates": 4, "seconds": 2.312457799911499, "time": 1790990400.2313023, "loss": -0.893130647784848, "confidence": 0.6466351246149881, "mass": 0.9999970037085594, "hinge_active": 0.0, "stop_prob": 0.9998317509889603, "sampled_number_rate": 1.0, "kl": 0.0, "kl_coef": 0.05, "value_loss": 0.0}
A decoder-only architecture is being used, but right-padding was detected! For correct generation results, please set `padding_side='left'` when initializing the tokenizer.
{"step": 117, "epoch": 0, "batch_hash": 1734504135, "rows": 8, "skipped": 0, "answer_accuracy": 0.375, "updates": 4, "seconds": 2.3910300731658936, "time": 1790990402.6248574, "loss": -0.8471282141654337, "confidence": 0.4067549953184785, "mass": 0.9999915095331438, "hinge_active": 0.0, "stop_prob": 0.997815877199173, "sampled_number_rate": 1.0, "kl": 0.0, "kl_coef": 0.05, "value_loss": 0.0}
A decoder-only architecture is being used, but right-padding was detected! For correct generation results, please set `padding_side='left'` when initializing the tokenizer.
{"step": 118, "epoch": 0, "batch_hash": 1027288512, "rows": 8, "skipped": 0, "answer_accuracy": 0.75, "updates": 4, "seconds": 2.718921422958374, "time": 1790990405.3464067, "loss": -0.8624635280804367, "confidence": 0.6047391955732421, "mass": 0.999991749095166, "hinge_active": 0.0, "stop_prob": 0.9994402229785919, "sampled_number_rate": 1.0, "kl": 0.0, "kl_coef": 0.05, "value_loss": 0.0}
A decoder-only architecture is being used, but right-padding was detected! For correct generation results, please set `padding_side='left'` when initializing the tokenizer.
{"step": 119, "epoch": 0, "batch_hash": 1036318167, "rows": 8, "skipped": 0, "answer_accuracy": 0.875, "updates": 4, "seconds": 2.6235134601593018, "time": 1790990407.9721394, "loss": -0.8725246350994678, "confidence": 0.7862199758058812, "mass": 0.9999957838398986, "hinge_active": 0.0, "stop_prob": 0.9997796788811684, "sampled_number_rate": 1.0, "kl": 0.0, "kl_coef": 0.05, "value_loss": 0.0}
A decoder-only architecture is being used, but right-padding was detected! For correct generation results, please set `padding_side='left'` when initializing the tokenizer.
{"step": 120, "epoch": 0, "batch_hash": 3674243966, "rows": 7, "skipped": 1, "answer_accuracy": 0.42857142857142855, "updates": 4, "seconds": 13.214625120162964, "time": 1790990421.1891901, "loss": -0.823632491102296, "confidence": 0.6458564797817749, "mass": 0.9999931930910891, "hinge_active": 0.0, "stop_prob": 0.9998030492237636, "sampled_number_rate": 0.9999999999999998, "kl": 0.0, "kl_coef": 0.05, "value_loss": 0.0}
A decoder-only architecture is being used, but right-padding was detected! For correct generation results, please set `padding_side='left'` when initializing the tokenizer.
{"step": 121, "epoch": 0, "batch_hash": 398830956, "rows": 8, "skipped": 0, "answer_accuracy": 0.625, "updates": 4, "seconds": 2.426252603530884, "time": 1790990423.6188498, "loss": -0.9097892258770284, "confidence": 0.6233313832854257, "mass": 0.9999921229594028, "hinge_active": 0.0, "stop_prob": 0.9993798136711121, "sampled_number_rate": 1.0, "kl": 0.0, "kl_coef": 0.05, "value_loss": 0.0}
A decoder-only architecture is being used, but right-padding was detected! For correct generation results, please set `padding_side='left'` when initializing the tokenizer.
{"step": 122, "epoch": 0, "batch_hash": 2104666967, "rows": 8, "skipped": 0, "answer_accuracy": 0.625, "updates": 4, "seconds": 2.554918050765991, "time": 1790990426.179679, "loss": -0.8609598729171197, "confidence": 0.7575349208155642, "mass": 0.9999901796483815, "hinge_active": 0.0, "stop_prob": 0.9990783557295799, "sampled_number_rate": 1.0, "kl": 0.0, "kl_coef": 0.05, "value_loss": 0.0}
A decoder-only architecture is being used, but right-padding was detected! For correct generation results, please set `padding_side='left'` when initializing the tokenizer.
{"step": 123, "epoch": 0, "batch_hash": 2629817835, "rows": 8, "skipped": 0, "answer_accuracy": 0.625, "updates": 4, "seconds": 2.3974602222442627, "time": 1790990428.579713, "loss": -0.8109718307838679, "confidence": 0.6996433186990995, "mass": 0.9999886960665438, "hinge_active": 0.0, "stop_prob": 0.9997317418456078, "sampled_number_rate": 1.0, "kl": 0.0, "kl_coef": 0.05, "value_loss": 0.0}
A decoder-only architecture is being used, but right-padding was detected! For correct generation results, please set `padding_side='left'` when initializing the tokenizer.
{"step": 124, "epoch": 0, "batch_hash": 2622262060, "rows": 8, "skipped": 0, "answer_accuracy": 0.5, "updates": 4, "seconds": 2.815314769744873, "time": 1790990431.3978179, "loss": -0.8840698193040992, "confidence": 0.5926939797490327, "mass": 0.9999849998917518, "hinge_active": 0.0, "stop_prob": 0.9993004500865936, "sampled_number_rate": 1.0, "kl": 0.0, "kl_coef": 0.05, "value_loss": 0.0}
A decoder-only architecture is being used, but right-padding was detected! For correct generation results, please set `padding_side='left'` when initializing the tokenizer.
{"step": 125, "epoch": 0, "batch_hash": 3378210875, "rows": 8, "skipped": 0, "answer_accuracy": 0.75, "updates": 4, "seconds": 2.9002060890197754, "time": 1790990434.300236, "loss": -0.8963479348082609, "confidence": 0.7102804028918316, "mass": 0.9999908296744551, "hinge_active": 0.0, "stop_prob": 0.9995953291654587, "sampled_number_rate": 1.0, "kl": 0.0, "kl_coef": 0.05, "value_loss": 0.0}
A decoder-only architecture is being used, but right-padding was detected! For correct generation results, please set `padding_side='left'` when initializing the tokenizer.
{"step": 126, "epoch": 0, "batch_hash": 1516135972, "rows": 8, "skipped": 0, "answer_accuracy": 0.5, "updates": 4, "seconds": 2.178448438644409, "time": 1790990436.4956312, "loss": -0.8882900647466176, "confidence": 0.5543568274642597, "mass": 0.9999918196035164, "hinge_active": 0.0, "stop_prob": 0.9967034384608269, "sampled_number_rate": 1.0, "kl": 0.0, "kl_coef": 0.05, "value_loss": 0.0}
A decoder-only architecture is being used, but right-padding was detected! For correct generation results, please set `padding_side='left'` when initializing the tokenizer.
{"step": 127, "epoch": 0, "batch_hash": 2287758830, "rows": 8, "skipped": 0, "answer_accuracy": 0.625, "updates": 4, "seconds": 2.2376046180725098, "time": 1790990438.7353654, "loss": -0.8271935703500802, "confidence": 0.5060926427566229, "mass": 0.999990534789211, "hinge_active": 0.0, "stop_prob": 0.9995686858892441, "sampled_number_rate": 1.0, "kl": 0.0, "kl_coef": 0.05, "value_loss": 0.0}
A decoder-only architecture is being used, but right-padding was detected! For correct generation results, please set `padding_side='left'` when initializing the tokenizer.
{"step": 128, "epoch": 0, "batch_hash": 3879949061, "rows": 8, "skipped": 0, "answer_accuracy": 0.75, "updates": 4, "seconds": 2.1699700355529785, "time": 1790990440.9079854, "loss": -0.883461649762821, "confidence": 0.6448701067254899, "mass": 0.9999948444915041, "hinge_active": 0.0, "stop_prob": 0.9997416958212852, "sampled_number_rate": 1.0, "kl": 0.0, "kl_coef": 0.05, "value_loss": 0.0}
checkpoint at step 128 (0.8 s)
A decoder-only architecture is being used, but right-padding was detected! For correct generation results, please set `padding_side='left'` when initializing the tokenizer.
{"step": 129, "epoch": 0, "batch_hash": 3765541371, "rows": 8, "skipped": 0, "answer_accuracy": 0.5, "updates": 4, "seconds": 3.6369659900665283, "time": 1790990445.370874, "loss": -0.7201771836335344, "confidence": 0.7900992052420897, "mass": 0.9999942109145556, "hinge_active": 0.0, "stop_prob": 0.999611422419548, "sampled_number_rate": 1.0, "kl": 0.0, "kl_coef": 0.05, "value_loss": 0.0}
A decoder-only architecture is being used, but right-padding was detected! For correct generation results, please set `padding_side='left'` when initializing the tokenizer.
{"step": 130, "epoch": 0, "batch_hash": 2608863768, "rows": 8, "skipped": 0, "answer_accuracy": 0.5, "updates": 4, "seconds": 2.3468782901763916, "time": 1790990447.7205029, "loss": -0.7580941646618791, "confidence": 0.7664115577138023, "mass": 0.9999875844764209, "hinge_active": 0.0, "stop_prob": 0.99900683760643, "sampled_number_rate": 1.0, "kl": 0.0, "kl_coef": 0.05, "value_loss": 0.0}
A decoder-only architecture is being used, but right-padding was detected! For correct generation results, please set `padding_side='left'` when initializing the tokenizer.
{"step": 131, "epoch": 0, "batch_hash": 453118099, "rows": 8, "skipped": 0, "answer_accuracy": 0.5, "updates": 4, "seconds": 2.487494707107544, "time": 1790990450.2104437, "loss": -0.7206129786901362, "confidence": 0.7939642430576677, "mass": 0.9999936599580304, "hinge_active": 0.0, "stop_prob": 0.9998699650168419, "sampled_number_rate": 1.0, "kl": 0.0, "kl_coef": 0.05, "value_loss": 0.0}
A decoder-only architecture is being used, but right-padding was detected! For correct generation results, please set `padding_side='left'` when initializing the tokenizer.
{"step": 132, "epoch": 0, "batch_hash": 584659707, "rows": 8, "skipped": 0, "answer_accuracy": 0.625, "updates": 4, "seconds": 2.350898265838623, "time": 1790990452.5703268, "loss": -0.8531674493664512, "confidence": 0.7321223723594908, "mass": 0.9999953344733407, "hinge_active": 0.0, "stop_prob": 0.9995229989290237, "sampled_number_rate": 1.0, "kl": 0.0, "kl_coef": 0.05, "value_loss": 0.0}
A decoder-only architecture is being used, but right-padding was detected! For correct generation results, please set `padding_side='left'` when initializing the tokenizer.
{"step": 133, "epoch": 0, "batch_hash": 3613251689, "rows": 8, "skipped": 0, "answer_accuracy": 0.625, "updates": 4, "seconds": 2.227574348449707, "time": 1790990454.8009448, "loss": -0.8173748894497757, "confidence": 0.7743987623762945, "mass": 0.9999972738724896, "hinge_active": 0.0, "stop_prob": 0.9998462796211243, "sampled_number_rate": 1.0, "kl": 0.0, "kl_coef": 0.05, "value_loss": 0.0}
A decoder-only architecture is being used, but right-padding was detected! For correct generation results, please set `padding_side='left'` when initializing the tokenizer.
{"step": 134, "epoch": 0, "batch_hash": 1373792207, "rows": 8, "skipped": 0, "answer_accuracy": 0.625, "updates": 4, "seconds": 2.5099570751190186, "time": 1790990457.3286808, "loss": -0.8326704347770921, "confidence": 0.7399554084149785, "mass": 0.999996339416013, "hinge_active": 0.0, "stop_prob": 0.9998633414506912, "sampled_number_rate": 1.0, "kl": 0.0, "kl_coef": 0.05, "value_loss": 0.0}
A decoder-only architecture is being used, but right-padding was detected! For correct generation results, please set `padding_side='left'` when initializing the tokenizer.
{"step": 135, "epoch": 0, "batch_hash": 3030357033, "rows": 8, "skipped": 0, "answer_accuracy": 0.625, "updates": 4, "seconds": 2.3049373626708984, "time": 1790990459.6363885, "loss": -0.788005971681762, "confidence": 0.8138814095527722, "mass": 0.9999967296107813, "hinge_active": 0.0, "stop_prob": 0.9998322352766991, "sampled_number_rate": 1.0, "kl": 0.0, "kl_coef": 0.05, "value_loss": 0.0}
A decoder-only architecture is being used, but right-padding was detected! For correct generation results, please set `padding_side='left'` when initializing the tokenizer.
{"step": 136, "epoch": 0, "batch_hash": 1709128385, "rows": 8, "skipped": 0, "answer_accuracy": 0.375, "updates": 4, "seconds": 2.229276180267334, "time": 1790990461.8736155, "loss": -0.7275674698900814, "confidence": 0.6809381977367935, "mass": 0.9999888190304559, "hinge_active": 0.0, "stop_prob": 0.999859094619751, "sampled_number_rate": 1.0, "kl": 0.0, "kl_coef": 0.05, "value_loss": 0.0}
A decoder-only architecture is being used, but right-padding was detected! For correct generation results, please set `padding_side='left'` when initializing the tokenizer.
{"step": 137, "epoch": 0, "batch_hash": 3094712353, "rows": 7, "skipped": 1, "answer_accuracy": 0.5714285714285714, "updates": 4, "seconds": 3.4544270038604736, "time": 1790990465.3312786, "loss": -0.7959824746405105, "confidence": 0.7879209749132821, "mass": 0.9999970214722322, "hinge_active": 0.0, "stop_prob": 0.9998577748026166, "sampled_number_rate": 0.9999999999999998, "kl": 0.0, "kl_coef": 0.05, "value_loss": 0.0}
A decoder-only architecture is being used, but right-padding was detected! For correct generation results, please set `padding_side='left'` when initializing the tokenizer.
{"step": 138, "epoch": 0, "batch_hash": 3306312141, "rows": 8, "skipped": 0, "answer_accuracy": 0.625, "updates": 4, "seconds": 2.2843236923217773, "time": 1790990467.618884, "loss": -0.7784360652361648, "confidence": 0.826508499068795, "mass": 0.9999963787058768, "hinge_active": 0.0, "stop_prob": 0.9998365715146065, "sampled_number_rate": 1.0, "kl": 0.0, "kl_coef": 0.05, "value_loss": 0.0}
A decoder-only architecture is being used, but right-padding was detected! For correct generation results, please set `padding_side='left'` when initializing the tokenizer.
{"step": 139, "epoch": 0, "batch_hash": 2610765941, "rows": 8, "skipped": 0, "answer_accuracy": 0.5, "updates": 4, "seconds": 2.2720611095428467, "time": 1790990469.8942146, "loss": -0.747632036463294, "confidence": 0.7851307055770139, "mass": 0.9999963837157237, "hinge_active": 0.0, "stop_prob": 0.9999005943536758, "sampled_number_rate": 1.0, "kl": 0.0, "kl_coef": 0.05, "value_loss": 0.0}
A decoder-only architecture is being used, but right-padding was detected! For correct generation results, please set `padding_side='left'` when initializing the tokenizer.
{"step": 140, "epoch": 0, "batch_hash": 1635110768, "rows": 8, "skipped": 0, "answer_accuracy": 0.125, "updates": 4, "seconds": 2.7627251148223877, "time": 1790990472.6600425, "loss": -0.6939986723711644, "confidence": 0.657859539677212, "mass": 0.9999964612683834, "hinge_active": 0.0, "stop_prob": 0.9998660236597061, "sampled_number_rate": 1.0, "kl": 0.0, "kl_coef": 0.05, "value_loss": 0.0}
A decoder-only architecture is being used, but right-padding was detected! For correct generation results, please set `padding_side='left'` when initializing the tokenizer.
{"step": 141, "epoch": 0, "batch_hash": 2418535849, "rows": 7, "skipped": 1, "answer_accuracy": 1.0, "updates": 4, "seconds": 2.670614719390869, "time": 1790990475.3338728, "loss": -0.9192685302439687, "confidence": 0.7576077153900119, "mass": 0.9999973332090464, "hinge_active": 0.0, "stop_prob": 0.9999311821801322, "sampled_number_rate": 0.9999999999999998, "kl": 0.0, "kl_coef": 0.05, "value_loss": 0.0}
A decoder-only architecture is being used, but right-padding was detected! For correct generation results, please set `padding_side='left'` when initializing the tokenizer.
{"step": 142, "epoch": 0, "batch_hash": 4005394787, "rows": 8, "skipped": 0, "answer_accuracy": 0.25, "updates": 4, "seconds": 2.2772574424743652, "time": 1790990477.6144555, "loss": -0.8360645642503752, "confidence": 0.5118044143786568, "mass": 0.9999972449356747, "hinge_active": 0.0, "stop_prob": 0.9998875856399536, "sampled_number_rate": 1.0, "kl": 0.0, "kl_coef": 0.05, "value_loss": 0.0}
A decoder-only architecture is being used, but right-padding was detected! For correct generation results, please set `padding_side='left'` when initializing the tokenizer.
{"step": 143, "epoch": 0, "batch_hash": 2785090275, "rows": 8, "skipped": 0, "answer_accuracy": 0.5, "updates": 4, "seconds": 2.448838472366333, "time": 1790990480.0675552, "loss": -0.8035238254683265, "confidence": 0.5423509783758274, "mass": 0.9999955327668189, "hinge_active": 0.0, "stop_prob": 0.9999084547162056, "sampled_number_rate": 1.0, "kl": 0.0, "kl_coef": 0.05, "value_loss": 0.0}
A decoder-only architecture is being used, but right-padding was detected! For correct generation results, please set `padding_side='left'` when initializing the tokenizer.
{"step": 144, "epoch": 0, "batch_hash": 1463708325, "rows": 7, "skipped": 1, "answer_accuracy": 0.7142857142857143, "updates": 4, "seconds": 3.0031402111053467, "time": 1790990483.073388, "loss": -0.7813171042669513, "confidence": 0.31633355249756884, "mass": 0.999993541128816, "hinge_active": 0.0, "stop_prob": 0.9996785521507263, "sampled_number_rate": 0.9999999999999998, "kl": 0.0, "kl_coef": 0.05, "value_loss": 0.0}
A decoder-only architecture is being used, but right-padding was detected! For correct generation results, please set `padding_side='left'` when initializing the tokenizer.
{"step": 145, "epoch": 0, "batch_hash": 1197583899, "rows": 8, "skipped": 0, "answer_accuracy": 0.625, "updates": 4, "seconds": 2.7435381412506104, "time": 1790990485.8209593, "loss": -0.7403771566708994, "confidence": 0.4566180697025561, "mass": 0.9999963527597939, "hinge_active": 0.0, "stop_prob": 0.9998715370893478, "sampled_number_rate": 1.0, "kl": 0.0, "kl_coef": 0.05, "value_loss": 0.0}
A decoder-only architecture is being used, but right-padding was detected! For correct generation results, please set `padding_side='left'` when initializing the tokenizer.
{"step": 146, "epoch": 0, "batch_hash": 2688705815, "rows": 8, "skipped": 0, "answer_accuracy": 0.625, "updates": 4, "seconds": 2.2485592365264893, "time": 1790990488.0735552, "loss": -0.7640899487041508, "confidence": 0.38955751413962403, "mass": 0.9999977774628989, "hinge_active": 0.0, "stop_prob": 0.9999099001288414, "sampled_number_rate": 1.0, "kl": 0.0, "kl_coef": 0.05, "value_loss": 0.0}
A decoder-only architecture is being used, but right-padding was detected! For correct generation results, please set `padding_side='left'` when initializing the tokenizer.
{"step": 147, "epoch": 0, "batch_hash": 2942150719, "rows": 7, "skipped": 1, "answer_accuracy": 0.5714285714285714, "updates": 4, "seconds": 13.178597688674927, "time": 1790990501.2551951, "loss": -0.8693148429365702, "confidence": 0.5546192968548639, "mass": 0.9999984030104201, "hinge_active": 0.0, "stop_prob": 0.9999346477644784, "sampled_number_rate": 0.9999999999999998, "kl": 0.0, "kl_coef": 0.05, "value_loss": 0.0}
A decoder-only architecture is being used, but right-padding was detected! For correct generation results, please set `padding_side='left'` when initializing the tokenizer.
{"step": 148, "epoch": 0, "batch_hash": 2830851445, "rows": 8, "skipped": 0, "answer_accuracy": 0.5, "updates": 4, "seconds": 2.536620616912842, "time": 1790990503.7940598, "loss": -0.8546139970092234, "confidence": 0.5257016340558215, "mass": 0.9999976474410583, "hinge_active": 0.0, "stop_prob": 0.999944806098938, "sampled_number_rate": 1.0, "kl": 0.0, "kl_coef": 0.05, "value_loss": 0.0}
A decoder-only architecture is being used, but right-padding was detected! For correct generation results, please set `padding_side='left'` when initializing the tokenizer.
{"step": 149, "epoch": 0, "batch_hash": 2898719070, "rows": 8, "skipped": 0, "answer_accuracy": 0.625, "updates": 4, "seconds": 2.421821117401123, "time": 1790990506.2184682, "loss": -0.8414323281679293, "confidence": 0.5254106473697939, "mass": 0.9999979695476923, "hinge_active": 0.0, "stop_prob": 0.9999482184648514, "sampled_number_rate": 1.0, "kl": 0.0, "kl_coef": 0.05, "value_loss": 0.0}
A decoder-only architecture is being used, but right-padding was detected! For correct generation results, please set `padding_side='left'` when initializing the tokenizer.
{"step": 150, "epoch": 0, "batch_hash": 4192840194, "rows": 8, "skipped": 0, "answer_accuracy": 1.0, "updates": 4, "seconds": 2.157636880874634, "time": 1790990508.3800974, "loss": -0.898308576153414, "confidence": 0.7081251830327635, "mass": 0.9999976606204187, "hinge_active": 0.0, "stop_prob": 0.9999490007758141, "sampled_number_rate": 1.0, "kl": 0.0, "kl_coef": 0.05, "value_loss": 0.0}
A decoder-only architecture is being used, but right-padding was detected! For correct generation results, please set `padding_side='left'` when initializing the tokenizer.
{"step": 151, "epoch": 0, "batch_hash": 763367965, "rows": 8, "skipped": 0, "answer_accuracy": 0.625, "updates": 4, "seconds": 2.3334643840789795, "time": 1790990510.715813, "loss": -0.8446903599408543, "confidence": 0.6232724922243063, "mass": 0.9999977130726547, "hinge_active": 0.0, "stop_prob": 0.9999408647418022, "sampled_number_rate": 1.0, "kl": 0.0, "kl_coef": 0.05, "value_loss": 0.0}
A decoder-only architecture is being used, but right-padding was detected! For correct generation results, please set `padding_side='left'` when initializing the tokenizer.
{"step": 152, "epoch": 0, "batch_hash": 4249462111, "rows": 7, "skipped": 1, "answer_accuracy": 0.7142857142857143, "updates": 4, "seconds": 3.332171678543091, "time": 1790990514.0503783, "loss": -0.7934835736044037, "confidence": 0.734802044733121, "mass": 0.999997939651476, "hinge_active": 0.0, "stop_prob": 0.99992116859981, "sampled_number_rate": 0.9999999999999998, "kl": 0.0, "kl_coef": 0.05, "value_loss": 0.0}
A decoder-only architecture is being used, but right-padding was detected! For correct generation results, please set `padding_side='left'` when initializing the tokenizer.
{"step": 153, "epoch": 0, "batch_hash": 806259878, "rows": 7, "skipped": 1, "answer_accuracy": 0.42857142857142855, "updates": 4, "seconds": 3.4034583568573, "time": 1790990517.4570253, "loss": -0.8018249086630765, "confidence": 0.6924323905589198, "mass": 0.9999984445312742, "hinge_active": 0.0, "stop_prob": 0.9999296835490635, "sampled_number_rate": 0.9999999999999998, "kl": 0.0, "kl_coef": 0.05, "value_loss": 0.0}
A decoder-only architecture is being used, but right-padding was detected! For correct generation results, please set `padding_side='left'` when initializing the tokenizer.
{"step": 154, "epoch": 0, "batch_hash": 1819072511, "rows": 8, "skipped": 0, "answer_accuracy": 0.5, "updates": 4, "seconds": 2.3072941303253174, "time": 1790990519.7683864, "loss": -0.875335810258811, "confidence": 0.5660169379098186, "mass": 0.999996300503861, "hinge_active": 0.0, "stop_prob": 0.9999048337340355, "sampled_number_rate": 1.0, "kl": 0.0, "kl_coef": 0.05, "value_loss": 0.0}
A decoder-only architecture is being used, but right-padding was detected! For correct generation results, please set `padding_side='left'` when initializing the tokenizer.
{"step": 155, "epoch": 0, "batch_hash": 2713432330, "rows": 8, "skipped": 0, "answer_accuracy": 0.5, "updates": 4, "seconds": 2.2622787952423096, "time": 1790990522.0333405, "loss": -0.8518797094438965, "confidence": 0.6285177167688997, "mass": 0.9999977838001312, "hinge_active": 0.0, "stop_prob": 0.9999446347355843, "sampled_number_rate": 1.0, "kl": 0.0, "kl_coef": 0.05, "value_loss": 0.0}
A decoder-only architecture is being used, but right-padding was detected! For correct generation results, please set `padding_side='left'` when initializing the tokenizer.
{"step": 156, "epoch": 0, "batch_hash": 468985350, "rows": 8, "skipped": 0, "answer_accuracy": 0.5, "updates": 4, "seconds": 2.1746957302093506, "time": 1790990524.2108696, "loss": -0.7519004159900355, "confidence": 0.4738540304878965, "mass": 0.999997299531155, "hinge_active": 0.0, "stop_prob": 0.999899335205555, "sampled_number_rate": 1.0, "kl": 0.0, "kl_coef": 0.05, "value_loss": 0.0}
A decoder-only architecture is being used, but right-padding was detected! For correct generation results, please set `padding_side='left'` when initializing the tokenizer.
{"step": 157, "epoch": 0, "batch_hash": 1751464614, "rows": 8, "skipped": 0, "answer_accuracy": 0.625, "updates": 4, "seconds": 2.325366735458374, "time": 1790990526.5424283, "loss": -0.8981814808115028, "confidence": 0.5420291641251983, "mass": 0.9999967284679334, "hinge_active": 0.0, "stop_prob": 0.9952380061149597, "sampled_number_rate": 1.0, "kl": 0.0, "kl_coef": 0.05, "value_loss": 0.0}
A decoder-only architecture is being used, but right-padding was detected! For correct generation results, please set `padding_side='left'` when initializing the tokenizer.
{"step": 158, "epoch": 0, "batch_hash": 1906280466, "rows": 8, "skipped": 0, "answer_accuracy": 0.75, "updates": 4, "seconds": 2.312248945236206, "time": 1790990528.8573353, "loss": -0.8492902808122241, "confidence": 0.6146702052955662, "mass": 0.9999976435885952, "hinge_active": 0.0, "stop_prob": 0.9999507963657379, "sampled_number_rate": 1.0, "kl": 0.0, "kl_coef": 0.05, "value_loss": 0.0}
A decoder-only architecture is being used, but right-padding was detected! For correct generation results, please set `padding_side='left'` when initializing the tokenizer.
{"step": 159, "epoch": 0, "batch_hash": 1805362186, "rows": 7, "skipped": 1, "answer_accuracy": 0.7142857142857143, "updates": 4, "seconds": 2.8638885021209717, "time": 1790990531.7233486, "loss": -0.9250338948025882, "confidence": 0.5798764877878761, "mass": 0.9999867304609962, "hinge_active": 0.0, "stop_prob": 0.999806787286486, "sampled_number_rate": 0.9999999999999998, "kl": 0.0, "kl_coef": 0.05, "value_loss": 0.0}
A decoder-only architecture is being used, but right-padding was detected! For correct generation results, please set `padding_side='left'` when initializing the tokenizer.
{"step": 160, "epoch": 0, "batch_hash": 3030538972, "rows": 8, "skipped": 0, "answer_accuracy": 0.5, "updates": 4, "seconds": 2.379232406616211, "time": 1790990534.1052587, "loss": -0.9070362658741465, "confidence": 0.5216020643168942, "mass": 0.9999951294693005, "hinge_active": 0.0, "stop_prob": 0.9999378100037575, "sampled_number_rate": 1.0, "kl": 0.0, "kl_coef": 0.05, "value_loss": 0.0}
checkpoint at step 160 (0.7 s)
A decoder-only architecture is being used, but right-padding was detected! For correct generation results, please set `padding_side='left'` when initializing the tokenizer.
{"step": 161, "epoch": 0, "batch_hash": 2971173855, "rows": 8, "skipped": 0, "answer_accuracy": 0.375, "updates": 4, "seconds": 2.344977855682373, "time": 1790990537.1130686, "loss": -0.8453715033053125, "confidence": 0.5788468455152249, "mass": 0.9999973559636308, "hinge_active": 0.0, "stop_prob": 0.9999091699719429, "sampled_number_rate": 1.0, "kl": 0.0, "kl_coef": 0.05, "value_loss": 0.0}
A decoder-only architecture is being used, but right-padding was detected! For correct generation results, please set `padding_side='left'` when initializing the tokenizer.
{"step": 162, "epoch": 0, "batch_hash": 4164164782, "rows": 8, "skipped": 0, "answer_accuracy": 0.625, "updates": 4, "seconds": 2.1881215572357178, "time": 1790990539.3048427, "loss": -0.8016391617824835, "confidence": 0.6470640009205266, "mass": 0.999997450196973, "hinge_active": 0.0, "stop_prob": 0.9999315589666367, "sampled_number_rate": 1.0, "kl": 0.0, "kl_coef": 0.05, "value_loss": 0.0}
A decoder-only architecture is being used, but right-padding was detected! For correct generation results, please set `padding_side='left'` when initializing the tokenizer.
{"step": 163, "epoch": 0, "batch_hash": 1238273038, "rows": 8, "skipped": 0, "answer_accuracy": 1.0, "updates": 4, "seconds": 2.294252634048462, "time": 1790990541.6098182, "loss": -0.8983989348396271, "confidence": 0.7459008409963417, "mass": 0.999997080395228, "hinge_active": 0.0, "stop_prob": 0.9999294802546501, "sampled_number_rate": 1.0, "kl": 0.0, "kl_coef": 0.05, "value_loss": 0.0}
A decoder-only architecture is being used, but right-padding was detected! For correct generation results, please set `padding_side='left'` when initializing the tokenizer.
{"step": 164, "epoch": 0, "batch_hash": 1589203040, "rows": 8, "skipped": 0, "answer_accuracy": 0.875, "updates": 4, "seconds": 2.731767177581787, "time": 1790990544.3494494, "loss": -0.9090953520659136, "confidence": 0.6463400139446669, "mass": 0.9995770147590453, "hinge_active": 0.0, "stop_prob": 0.9994540810585022, "sampled_number_rate": 1.0, "kl": 0.0, "kl_coef": 0.05, "value_loss": 0.0}
A decoder-only architecture is being used, but right-padding was detected! For correct generation results, please set `padding_side='left'` when initializing the tokenizer.
{"step": 165, "epoch": 0, "batch_hash": 2886717637, "rows": 8, "skipped": 0, "answer_accuracy": 0.5, "updates": 4, "seconds": 2.23093843460083, "time": 1790990546.5832908, "loss": -0.8668734413069878, "confidence": 0.6041194172858735, "mass": 0.999996513811188, "hinge_active": 0.0, "stop_prob": 0.9999383762478828, "sampled_number_rate": 1.0, "kl": 0.0, "kl_coef": 0.05, "value_loss": 0.0}
A decoder-only architecture is being used, but right-padding was detected! For correct generation results, please set `padding_side='left'` when initializing the tokenizer.
{"step": 166, "epoch": 0, "batch_hash": 4265829218, "rows": 7, "skipped": 1, "answer_accuracy": 0.5714285714285714, "updates": 4, "seconds": 2.770193099975586, "time": 1790990549.3565764, "loss": -0.9157684768213881, "confidence": 0.6116930415001651, "mass": 0.9999959552961166, "hinge_active": 0.0, "stop_prob": 0.9999292322567531, "sampled_number_rate": 0.9999999999999998, "kl": 0.0, "kl_coef": 0.05, "value_loss": 0.0}
A decoder-only architecture is being used, but right-padding was detected! For correct generation results, please set `padding_side='left'` when initializing the tokenizer.
{"step": 167, "epoch": 0, "batch_hash": 3955401338, "rows": 8, "skipped": 0, "answer_accuracy": 0.625, "updates": 4, "seconds": 2.286041736602783, "time": 1790990551.6459079, "loss": -0.8301453429792669, "confidence": 0.5465901053843556, "mass": 0.999995648810783, "hinge_active": 0.0, "stop_prob": 0.9999196454882622, "sampled_number_rate": 1.0, "kl": 0.0, "kl_coef": 0.05, "value_loss": 0.0}
A decoder-only architecture is being used, but right-padding was detected! For correct generation results, please set `padding_side='left'` when initializing the tokenizer.
{"step": 168, "epoch": 0, "batch_hash": 3081738654, "rows": 8, "skipped": 0, "answer_accuracy": 0.5, "updates": 4, "seconds": 2.3032798767089844, "time": 1790990553.951516, "loss": -0.7949508154289799, "confidence": 0.6577651920543909, "mass": 0.9999975396608884, "hinge_active": 0.0, "stop_prob": 0.9999405890703201, "sampled_number_rate": 1.0, "kl": 0.0, "kl_coef": 0.05, "value_loss": 0.0}
A decoder-only architecture is being used, but right-padding was detected! For correct generation results, please set `padding_side='left'` when initializing the tokenizer.
{"step": 169, "epoch": 0, "batch_hash": 379358295, "rows": 7, "skipped": 1, "answer_accuracy": 0.5714285714285714, "updates": 4, "seconds": 3.4119319915771484, "time": 1790990557.3659842, "loss": -0.8364716137322982, "confidence": 0.37593832799993193, "mass": 0.9999909466362749, "hinge_active": 0.0, "stop_prob": 0.999906769820622, "sampled_number_rate": 0.9999999999999998, "kl": 0.0, "kl_coef": 0.05, "value_loss": 0.0}
A decoder-only architecture is being used, but right-padding was detected! For correct generation results, please set `padding_side='left'` when initializing the tokenizer.
{"step": 170, "epoch": 0, "batch_hash": 510296379, "rows": 7, "skipped": 1, "answer_accuracy": 0.5714285714285714, "updates": 4, "seconds": 3.196256160736084, "time": 1790990560.564736, "loss": -0.8411453714629124, "confidence": 0.6121826761949247, "mass": 0.9999956237156054, "hinge_active": 0.0, "stop_prob": 0.9998584645135062, "sampled_number_rate": 0.9999999999999998, "kl": 0.0, "kl_coef": 0.05, "value_loss": 0.0}
A decoder-only architecture is being used, but right-padding was detected! For correct generation results, please set `padding_side='left'` when initializing the tokenizer.
{"step": 171, "epoch": 0, "batch_hash": 2909028097, "rows": 8, "skipped": 0, "answer_accuracy": 0.625, "updates": 4, "seconds": 2.315122604370117, "time": 1790990562.8831503, "loss": -0.852600653344559, "confidence": 0.5378449786464038, "mass": 0.9999977241464294, "hinge_active": 0.0, "stop_prob": 0.9999397248029709, "sampled_number_rate": 1.0, "kl": 0.0, "kl_coef": 0.05, "value_loss": 0.0}
A decoder-only architecture is being used, but right-padding was detected! For correct generation results, please set `padding_side='left'` when initializing the tokenizer.
{"step": 172, "epoch": 0, "batch_hash": 3657749711, "rows": 7, "skipped": 1, "answer_accuracy": 0.2857142857142857, "updates": 4, "seconds": 2.591731548309326, "time": 1790990565.478031, "loss": -0.8969661655978554, "confidence": 0.41988166833883694, "mass": 0.999925340447688, "hinge_active": 0.0, "stop_prob": 0.9986475961548942, "sampled_number_rate": 0.9999999999999998, "kl": 0.0, "kl_coef": 0.05, "value_loss": 0.0}
A decoder-only architecture is being used, but right-padding was detected! For correct generation results, please set `padding_side='left'` when initializing the tokenizer.
{"step": 173, "epoch": 0, "batch_hash": 3964892883, "rows": 8, "skipped": 0, "answer_accuracy": 0.375, "updates": 4, "seconds": 2.1935296058654785, "time": 1790990567.6746852, "loss": -0.8143880299721111, "confidence": 0.36577421647263164, "mass": 0.9999972136865186, "hinge_active": 0.0, "stop_prob": 0.9991052448749542, "sampled_number_rate": 1.0, "kl": 0.0, "kl_coef": 0.05, "value_loss": 0.0}
A decoder-only architecture is being used, but right-padding was detected! For correct generation results, please set `padding_side='left'` when initializing the tokenizer.
{"step": 174, "epoch": 0, "batch_hash": 2871578018, "rows": 8, "skipped": 0, "answer_accuracy": 0.625, "updates": 4, "seconds": 3.098921775817871, "time": 1790990570.7767124, "loss": -0.8290292453340046, "confidence": 0.6819644662618869, "mass": 0.999996997319085, "hinge_active": 0.0, "stop_prob": 0.9999362975358963, "sampled_number_rate": 1.0, "kl": 0.0, "kl_coef": 0.05, "value_loss": 0.0}
A decoder-only architecture is being used, but right-padding was detected! For correct generation results, please set `padding_side='left'` when initializing the tokenizer.
{"step": 175, "epoch": 0, "batch_hash": 3773354770, "rows": 8, "skipped": 0, "answer_accuracy": 0.625, "updates": 4, "seconds": 2.49061918258667, "time": 1790990573.26947, "loss": -0.8673779132875155, "confidence": 0.6462256213104667, "mass": 0.9999848597740694, "hinge_active": 0.0, "stop_prob": 0.9999010190367699, "sampled_number_rate": 1.0, "kl": 0.0, "kl_coef": 0.05, "value_loss": 0.0}
A decoder-only architecture is being used, but right-padding was detected! For correct generation results, please set `padding_side='left'` when initializing the tokenizer.
{"step": 176, "epoch": 0, "batch_hash": 3340239827, "rows": 7, "skipped": 1, "answer_accuracy": 1.0, "updates": 4, "seconds": 13.146026611328125, "time": 1790990586.4180813, "loss": -0.7667568877475968, "confidence": 0.499248150936885, "mass": 0.999995269018507, "hinge_active": 0.0, "stop_prob": 0.9999417577471051, "sampled_number_rate": 0.9999999999999998, "kl": 0.0, "kl_coef": 0.05, "value_loss": 0.0}
A decoder-only architecture is being used, but right-padding was detected! For correct generation results, please set `padding_side='left'` when initializing the tokenizer.
{"step": 177, "epoch": 0, "batch_hash": 2096017189, "rows": 7, "skipped": 1, "answer_accuracy": 0.5714285714285714, "updates": 4, "seconds": 2.9135584831237793, "time": 1790990589.3359933, "loss": -0.9139906963582722, "confidence": 0.5334747769593929, "mass": 0.9999945633631324, "hinge_active": 0.0, "stop_prob": 0.9999350649969918, "sampled_number_rate": 0.9999999999999998, "kl": 0.0, "kl_coef": 0.05, "value_loss": 0.0}
A decoder-only architecture is being used, but right-padding was detected! For correct generation results, please set `padding_side='left'` when initializing the tokenizer.
{"step": 178, "epoch": 0, "batch_hash": 3954231741, "rows": 8, "skipped": 0, "answer_accuracy": 0.75, "updates": 4, "seconds": 2.363490343093872, "time": 1790990591.702173, "loss": -0.8888391047866573, "confidence": 0.711498552813068, "mass": 0.9999975063119568, "hinge_active": 0.0, "stop_prob": 0.9999486282467842, "sampled_number_rate": 1.0, "kl": 0.0, "kl_coef": 0.05, "value_loss": 0.0}
A decoder-only architecture is being used, but right-padding was detected! For correct generation results, please set `padding_side='left'` when initializing the tokenizer.
{"step": 179, "epoch": 0, "batch_hash": 4088266751, "rows": 8, "skipped": 0, "answer_accuracy": 0.625, "updates": 4, "seconds": 2.262267589569092, "time": 1790990593.9788496, "loss": -0.9228540057441748, "confidence": 0.613509503492103, "mass": 0.9999954918280629, "hinge_active": 0.0, "stop_prob": 0.9998655989766121, "sampled_number_rate": 1.0, "kl": 0.0, "kl_coef": 0.05, "value_loss": 0.0}
A decoder-only architecture is being used, but right-padding was detected! For correct generation results, please set `padding_side='left'` when initializing the tokenizer.
{"step": 180, "epoch": 0, "batch_hash": 3978481956, "rows": 8, "skipped": 0, "answer_accuracy": 0.625, "updates": 4, "seconds": 2.448838472366333, "time": 1790990596.4307806, "loss": -0.8648023037135962, "confidence": 0.5927153360870048, "mass": 0.9999974683102903, "hinge_active": 0.0, "stop_prob": 0.9999454692006111, "sampled_number_rate": 1.0, "kl": 0.0, "kl_coef": 0.05, "value_loss": 0.0}
A decoder-only architecture is being used, but right-padding was detected! For correct generation results, please set `padding_side='left'` when initializing the tokenizer.
{"step": 181, "epoch": 0, "batch_hash": 320844400, "rows": 8, "skipped": 0, "answer_accuracy": 0.625, "updates": 4, "seconds": 2.321258306503296, "time": 1790990598.7550569, "loss": -0.8019800652370417, "confidence": 0.7743623121306824, "mass": 0.999997448076843, "hinge_active": 0.0, "stop_prob": 0.9999274164438248, "sampled_number_rate": 1.0, "kl": 0.0, "kl_coef": 0.05, "value_loss": 0.0}
A decoder-only architecture is being used, but right-padding was detected! For correct generation results, please set `padding_side='left'` when initializing the tokenizer.
{"step": 182, "epoch": 0, "batch_hash": 1242771826, "rows": 7, "skipped": 1, "answer_accuracy": 0.7142857142857143, "updates": 4, "seconds": 3.2135024070739746, "time": 1790990601.9710312, "loss": -0.8908719752050079, "confidence": 0.8218819809131502, "mass": 0.9999938552880892, "hinge_active": 0.0, "stop_prob": 0.9998966200011117, "sampled_number_rate": 0.9999999999999998, "kl": 0.0, "kl_coef": 0.05, "value_loss": 0.0}
A decoder-only architecture is being used, but right-padding was detected! For correct generation results, please set `padding_side='left'` when initializing the tokenizer.
{"step": 183, "epoch": 0, "batch_hash": 395868124, "rows": 7, "skipped": 1, "answer_accuracy": 0.7142857142857143, "updates": 4, "seconds": 3.3357021808624268, "time": 1790990605.3087687, "loss": -0.8174590818208567, "confidence": 0.6589772880617615, "mass": 0.999993067755846, "hinge_active": 0.0, "stop_prob": 0.9999046836580548, "sampled_number_rate": 0.9999999999999998, "kl": 0.0, "kl_coef": 0.05, "value_loss": 0.0}
A decoder-only architecture is being used, but right-padding was detected! For correct generation results, please set `padding_side='left'` when initializing the tokenizer.
{"step": 184, "epoch": 0, "batch_hash": 3584914721, "rows": 8, "skipped": 0, "answer_accuracy": 0.75, "updates": 4, "seconds": 2.3524508476257324, "time": 1790990607.6680026, "loss": -0.8766031728150984, "confidence": 0.6855807395660632, "mass": 0.999991415589845, "hinge_active": 0.0, "stop_prob": 0.9986222311854362, "sampled_number_rate": 1.0, "kl": 0.0, "kl_coef": 0.05, "value_loss": 0.0}
A decoder-only architecture is being used, but right-padding was detected! For correct generation results, please set `padding_side='left'` when initializing the tokenizer.
{"step": 185, "epoch": 0, "batch_hash": 2562046537, "rows": 5, "skipped": 3, "answer_accuracy": 0.6, "updates": 4, "seconds": 13.125575065612793, "time": 1790990620.7957425, "loss": -0.8706745650059352, "confidence": 0.40245601992620894, "mass": 0.9999716941661778, "hinge_active": 0.0, "stop_prob": 0.9996978521347046, "sampled_number_rate": 1.0, "kl": 0.0, "kl_coef": 0.05, "value_loss": 0.0}
A decoder-only architecture is being used, but right-padding was detected! For correct generation results, please set `padding_side='left'` when initializing the tokenizer.
{"step": 186, "epoch": 0, "batch_hash": 2605928654, "rows": 8, "skipped": 0, "answer_accuracy": 0.375, "updates": 4, "seconds": 2.403306007385254, "time": 1790990623.2026439, "loss": -0.866482121174542, "confidence": 0.45854546022379855, "mass": 0.9999952587536567, "hinge_active": 0.0, "stop_prob": 0.999925971031189, "sampled_number_rate": 1.0, "kl": 0.0, "kl_coef": 0.05, "value_loss": 0.0}
A decoder-only architecture is being used, but right-padding was detected! For correct generation results, please set `padding_side='left'` when initializing the tokenizer.
{"step": 187, "epoch": 0, "batch_hash": 3988455035, "rows": 6, "skipped": 2, "answer_accuracy": 0.6666666666666666, "updates": 4, "seconds": 13.017074346542358, "time": 1790990636.2331448, "loss": -0.8711218142216262, "confidence": 0.575904680142222, "mass": 0.9999943097788018, "hinge_active": 0.0, "stop_prob": 0.9999387562274933, "sampled_number_rate": 0.9999999999999999, "kl": 0.0, "kl_coef": 0.05, "value_loss": 0.0}
A decoder-only architecture is being used, but right-padding was detected! For correct generation results, please set `padding_side='left'` when initializing the tokenizer.
{"step": 188, "epoch": 0, "batch_hash": 272659965, "rows": 8, "skipped": 0, "answer_accuracy": 0.5, "updates": 4, "seconds": 2.948054075241089, "time": 1790990639.183485, "loss": -0.9487980949426543, "confidence": 0.5108069296097439, "mass": 0.999964965737632, "hinge_active": 0.0, "stop_prob": 0.9990951269865036, "sampled_number_rate": 1.0, "kl": 0.0, "kl_coef": 0.05, "value_loss": 0.0}
A decoder-only architecture is being used, but right-padding was detected! For correct generation results, please set `padding_side='left'` when initializing the tokenizer.
{"step": 189, "epoch": 0, "batch_hash": 2409051951, "rows": 7, "skipped": 1, "answer_accuracy": 0.7142857142857143, "updates": 4, "seconds": 2.430387020111084, "time": 1790990641.6171968, "loss": -0.9269036474158352, "confidence": 0.7609815484360499, "mass": 0.9999869525577952, "hinge_active": 0.0, "stop_prob": 0.9998958195958819, "sampled_number_rate": 0.9999999999999998, "kl": 0.0, "kl_coef": 0.05, "value_loss": 0.0}
A decoder-only architecture is being used, but right-padding was detected! For correct generation results, please set `padding_side='left'` when initializing the tokenizer.
{"step": 190, "epoch": 0, "batch_hash": 3599736410, "rows": 8, "skipped": 0, "answer_accuracy": 0.5, "updates": 4, "seconds": 2.5392675399780273, "time": 1790990644.1595798, "loss": -0.7815713256574564, "confidence": 0.7325750826674191, "mass": 0.9999955660515016, "hinge_active": 0.0, "stop_prob": 0.9999335706233978, "sampled_number_rate": 1.0, "kl": 0.0, "kl_coef": 0.05, "value_loss": 0.0}
A decoder-only architecture is being used, but right-padding was detected! For correct generation results, please set `padding_side='left'` when initializing the tokenizer.
{"step": 191, "epoch": 0, "batch_hash": 2378340559, "rows": 8, "skipped": 0, "answer_accuracy": 0.625, "updates": 4, "seconds": 2.3237624168395996, "time": 1790990646.4860353, "loss": -0.9338767359593141, "confidence": 0.5797842973921938, "mass": 0.99999526460502, "hinge_active": 0.0, "stop_prob": 0.9998893961310387, "sampled_number_rate": 1.0, "kl": 0.0, "kl_coef": 0.05, "value_loss": 0.0}
A decoder-only architecture is being used, but right-padding was detected! For correct generation results, please set `padding_side='left'` when initializing the tokenizer.
{"step": 192, "epoch": 0, "batch_hash": 465603436, "rows": 8, "skipped": 0, "answer_accuracy": 0.5, "updates": 4, "seconds": 2.1392581462860107, "time": 1790990648.6287272, "loss": -0.8520436617596991, "confidence": 0.48601421120187926, "mass": 0.9999951894141836, "hinge_active": 0.0, "stop_prob": 0.9999256655573845, "sampled_number_rate": 1.0, "kl": 0.0, "kl_coef": 0.05, "value_loss": 0.0}
checkpoint at step 192 (0.8 s)
A decoder-only architecture is being used, but right-padding was detected! For correct generation results, please set `padding_side='left'` when initializing the tokenizer.
{"step": 193, "epoch": 0, "batch_hash": 3543545187, "rows": 8, "skipped": 0, "answer_accuracy": 0.625, "updates": 4, "seconds": 2.8517463207244873, "time": 1790990652.3308132, "loss": -0.816058536830468, "confidence": 0.47862110014553366, "mass": 0.9999936427890521, "hinge_active": 0.0, "stop_prob": 0.9999355673789978, "sampled_number_rate": 1.0, "kl": 0.0, "kl_coef": 0.05, "value_loss": 0.0}
A decoder-only architecture is being used, but right-padding was detected! For correct generation results, please set `padding_side='left'` when initializing the tokenizer.
{"step": 194, "epoch": 0, "batch_hash": 1937890367, "rows": 8, "skipped": 0, "answer_accuracy": 0.25, "updates": 4, "seconds": 2.718919515609741, "time": 1790990655.053703, "loss": -0.7974647769337277, "confidence": 0.2708551308200329, "mass": 0.9998880577586969, "hinge_active": 0.0, "stop_prob": 0.998575821518898, "sampled_number_rate": 1.0, "kl": 0.0, "kl_coef": 0.05, "value_loss": 0.0}
A decoder-only architecture is being used, but right-padding was detected! For correct generation results, please set `padding_side='left'` when initializing the tokenizer.
{"step": 195, "epoch": 0, "batch_hash": 679516276, "rows": 7, "skipped": 1, "answer_accuracy": 0.5714285714285714, "updates": 4, "seconds": 3.5487661361694336, "time": 1790990658.6058757, "loss": -0.9175670762139383, "confidence": 0.5942175867677292, "mass": 0.9999968841702902, "hinge_active": 0.0, "stop_prob": 0.9999322465487889, "sampled_number_rate": 0.9999999999999998, "kl": 0.0, "kl_coef": 0.05, "value_loss": 0.0}
A decoder-only architecture is being used, but right-padding was detected! For correct generation results, please set `padding_side='left'` when initializing the tokenizer.
{"step": 196, "epoch": 0, "batch_hash": 2907197641, "rows": 8, "skipped": 0, "answer_accuracy": 0.5, "updates": 4, "seconds": 2.353999137878418, "time": 1790990660.9714022, "loss": -0.8697327630071482, "confidence": 0.6904431998631254, "mass": 0.9999903445843371, "hinge_active": 0.0, "stop_prob": 0.9998997449874878, "sampled_number_rate": 1.0, "kl": 0.0, "kl_coef": 0.05, "value_loss": 0.0}
A decoder-only architecture is being used, but right-padding was detected! For correct generation results, please set `padding_side='left'` when initializing the tokenizer.
{"step": 197, "epoch": 0, "batch_hash": 708639149, "rows": 8, "skipped": 0, "answer_accuracy": 0.625, "updates": 4, "seconds": 2.556197166442871, "time": 1790990663.5298042, "loss": -0.8453079557698022, "confidence": 0.6442182426484382, "mass": 0.9999916588396571, "hinge_active": 0.0, "stop_prob": 0.9999417811632156, "sampled_number_rate": 1.0, "kl": 0.0, "kl_coef": 0.05, "value_loss": 0.0}
A decoder-only architecture is being used, but right-padding was detected! For correct generation results, please set `padding_side='left'` when initializing the tokenizer.
{"step": 198, "epoch": 0, "batch_hash": 3590061997, "rows": 8, "skipped": 0, "answer_accuracy": 0.625, "updates": 4, "seconds": 2.283419132232666, "time": 1790990665.8164418, "loss": -0.8132590640703115, "confidence": 0.5359557633847993, "mass": 0.9999769050308603, "hinge_active": 0.0, "stop_prob": 0.9998917281627655, "sampled_number_rate": 1.0, "kl": 0.0, "kl_coef": 0.05, "value_loss": 0.0}
A decoder-only architecture is being used, but right-padding was detected! For correct generation results, please set `padding_side='left'` when initializing the tokenizer.
{"step": 199, "epoch": 0, "batch_hash": 2925189168, "rows": 8, "skipped": 0, "answer_accuracy": 0.5, "updates": 4, "seconds": 2.6753289699554443, "time": 1790990668.5054078, "loss": -0.7262104464815125, "confidence": 0.620126185948577, "mass": 0.9999870057142121, "hinge_active": 0.0, "stop_prob": 0.9999182224273682, "sampled_number_rate": 1.0, "kl": 0.0, "kl_coef": 0.05, "value_loss": 0.0}
A decoder-only architecture is being used, but right-padding was detected! For correct generation results, please set `padding_side='left'` when initializing the tokenizer.
{"step": 200, "epoch": 0, "batch_hash": 710417408, "rows": 8, "skipped": 0, "answer_accuracy": 0.5, "updates": 4, "seconds": 2.259258985519409, "time": 1790990670.7765107, "loss": -0.9188180243195634, "confidence": 0.6318711161167653, "mass": 0.9999352011634912, "hinge_active": 0.0, "stop_prob": 0.9998734816908836, "sampled_number_rate": 1.0, "kl": 0.0, "kl_coef": 0.05, "value_loss": 0.0}
A decoder-only architecture is being used, but right-padding was detected! For correct generation results, please set `padding_side='left'` when initializing the tokenizer.
{"step": 201, "epoch": 0, "batch_hash": 2905290733, "rows": 5, "skipped": 3, "answer_accuracy": 0.6, "updates": 4, "seconds": 3.0064408779144287, "time": 1790990673.7858634, "loss": -0.8112627191076276, "confidence": 0.6790472990351677, "mass": 0.9999915752273707, "hinge_active": 0.0, "stop_prob": 0.9998535275459289, "sampled_number_rate": 1.0, "kl": 0.0, "kl_coef": 0.05, "value_loss": 0.0}
A decoder-only architecture is being used, but right-padding was detected! For correct generation results, please set `padding_side='left'` when initializing the tokenizer.
{"step": 202, "epoch": 0, "batch_hash": 4259206681, "rows": 6, "skipped": 2, "answer_accuracy": 0.3333333333333333, "updates": 4, "seconds": 3.299295663833618, "time": 1790990677.087744, "loss": -0.7716509886081208, "confidence": 0.49128089017579074, "mass": 0.9624275899461375, "hinge_active": 0.16666666666666666, "stop_prob": 0.9996959269046783, "sampled_number_rate": 0.9999999999999999, "kl": 0.0, "kl_coef": 0.05, "value_loss": 0.0}
A decoder-only architecture is being used, but right-padding was detected! For correct generation results, please set `padding_side='left'` when initializing the tokenizer.
{"step": 203, "epoch": 0, "batch_hash": 2218353575, "rows": 7, "skipped": 1, "answer_accuracy": 0.42857142857142855, "updates": 4, "seconds": 3.330873966217041, "time": 1790990680.4206364, "loss": -0.8515650934679806, "confidence": 0.6195601199535098, "mass": 0.9999925941243191, "hinge_active": 0.0, "stop_prob": 0.9998875175203595, "sampled_number_rate": 0.9999999999999998, "kl": 0.0, "kl_coef": 0.05, "value_loss": 0.0}
A decoder-only architecture is being used, but right-padding was detected! For correct generation results, please set `padding_side='left'` when initializing the tokenizer.
{"step": 204, "epoch": 0, "batch_hash": 311188437, "rows": 8, "skipped": 0, "answer_accuracy": 0.5, "updates": 4, "seconds": 2.328063488006592, "time": 1790990682.7516773, "loss": -0.8824872378019923, "confidence": 0.6189808712313022, "mass": 0.9999953663857426, "hinge_active": 0.0, "stop_prob": 0.9998678267002106, "sampled_number_rate": 1.0, "kl": 0.0, "kl_coef": 0.05, "value_loss": 0.0}
A decoder-only architecture is being used, but right-padding was detected! For correct generation results, please set `padding_side='left'` when initializing the tokenizer.
{"step": 205, "epoch": 0, "batch_hash": 1247633474, "rows": 8, "skipped": 0, "answer_accuracy": 0.625, "updates": 4, "seconds": 2.23775577545166, "time": 1790990684.9946165, "loss": -0.9222706221895363, "confidence": 0.551358651997254, "mass": 0.9999855947503514, "hinge_active": 0.0, "stop_prob": 0.9998491555452347, "sampled_number_rate": 1.0, "kl": 0.0, "kl_coef": 0.05, "value_loss": 0.0}
A decoder-only architecture is being used, but right-padding was detected! For correct generation results, please set `padding_side='left'` when initializing the tokenizer.
{"step": 206, "epoch": 0, "batch_hash": 3198444992, "rows": 8, "skipped": 0, "answer_accuracy": 0.375, "updates": 4, "seconds": 2.680995225906372, "time": 1790990687.6778147, "loss": -0.9120143634121982, "confidence": 0.392130709821039, "mass": 0.9999910970290596, "hinge_active": 0.0, "stop_prob": 0.9998485669493675, "sampled_number_rate": 1.0, "kl": 0.0, "kl_coef": 0.05, "value_loss": 0.0}
A decoder-only architecture is being used, but right-padding was detected! For correct generation results, please set `padding_side='left'` when initializing the tokenizer.
{"step": 207, "epoch": 0, "batch_hash": 2108472261, "rows": 7, "skipped": 1, "answer_accuracy": 0.42857142857142855, "updates": 4, "seconds": 3.456496238708496, "time": 1790990691.1382046, "loss": -0.6405672074682239, "confidence": 0.6519274673076362, "mass": 0.9999930151525589, "hinge_active": 0.0, "stop_prob": 0.9998587795666286, "sampled_number_rate": 0.9999999999999998, "kl": 0.0, "kl_coef": 0.05, "value_loss": 0.0}
A decoder-only architecture is being used, but right-padding was detected! For correct generation results, please set `padding_side='left'` when initializing the tokenizer.
{"step": 208, "epoch": 0, "batch_hash": 537648130, "rows": 6, "skipped": 2, "answer_accuracy": 0.3333333333333333, "updates": 4, "seconds": 2.5603232383728027, "time": 1790990693.701481, "loss": -0.8477593531487426, "confidence": 0.2914847689201476, "mass": 0.9999942916756368, "hinge_active": 0.0, "stop_prob": 0.9998189012209574, "sampled_number_rate": 0.9999999999999999, "kl": 0.0, "kl_coef": 0.05, "value_loss": 0.0}
A decoder-only architecture is being used, but right-padding was detected! For correct generation results, please set `padding_side='left'` when initializing the tokenizer.
{"step": 209, "epoch": 0, "batch_hash": 1302055722, "rows": 8, "skipped": 0, "answer_accuracy": 0.625, "updates": 4, "seconds": 3.467359781265259, "time": 1790990697.1835115, "loss": -0.7280947059225449, "confidence": 0.37453433788635493, "mass": 0.9999970059828834, "hinge_active": 0.0, "stop_prob": 0.9998769834637642, "sampled_number_rate": 1.0, "kl": 0.0, "kl_coef": 0.05, "value_loss": 0.0}
A decoder-only architecture is being used, but right-padding was detected! For correct generation results, please set `padding_side='left'` when initializing the tokenizer.
{"step": 210, "epoch": 0, "batch_hash": 2002585374, "rows": 7, "skipped": 1, "answer_accuracy": 0.42857142857142855, "updates": 4, "seconds": 2.558896541595459, "time": 1790990699.7447295, "loss": -0.8470996381845518, "confidence": 0.4436806092474446, "mass": 0.9999965449422407, "hinge_active": 0.0, "stop_prob": 0.9998125604220799, "sampled_number_rate": 0.9999999999999998, "kl": 0.0, "kl_coef": 0.05, "value_loss": 0.0}
A decoder-only architecture is being used, but right-padding was detected! For correct generation results, please set `padding_side='left'` when initializing the tokenizer.
{"step": 211, "epoch": 0, "batch_hash": 788458985, "rows": 7, "skipped": 1, "answer_accuracy": 0.5714285714285714, "updates": 4, "seconds": 2.250636100769043, "time": 1790990701.9974334, "loss": -0.8264070533902947, "confidence": 0.3803308820576375, "mass": 0.999998144553411, "hinge_active": 0.0, "stop_prob": 0.999898544379643, "sampled_number_rate": 0.9999999999999998, "kl": 0.0, "kl_coef": 0.05, "value_loss": 0.0}
A decoder-only architecture is being used, but right-padding was detected! For correct generation results, please set `padding_side='left'` when initializing the tokenizer.
{"step": 212, "epoch": 0, "batch_hash": 3849289661, "rows": 8, "skipped": 0, "answer_accuracy": 0.375, "updates": 4, "seconds": 2.379270553588867, "time": 1790990704.3788888, "loss": -0.781421443210834, "confidence": 0.5237638450908922, "mass": 0.9999960290927354, "hinge_active": 0.0, "stop_prob": 0.9997792690992355, "sampled_number_rate": 1.0, "kl": 0.0, "kl_coef": 0.05, "value_loss": 0.0}
A decoder-only architecture is being used, but right-padding was detected! For correct generation results, please set `padding_side='left'` when initializing the tokenizer.
{"step": 213, "epoch": 0, "batch_hash": 336656247, "rows": 8, "skipped": 0, "answer_accuracy": 0.5, "updates": 4, "seconds": 2.6764369010925293, "time": 1790990707.0582323, "loss": -0.8165874007218633, "confidence": 0.5095605831311023, "mass": 0.9999817563623897, "hinge_active": 0.0, "stop_prob": 0.9998017102479935, "sampled_number_rate": 1.0, "kl": 0.0, "kl_coef": 0.05, "value_loss": 0.0}
A decoder-only architecture is being used, but right-padding was detected! For correct generation results, please set `padding_side='left'` when initializing the tokenizer.
{"step": 214, "epoch": 0, "batch_hash": 2026493401, "rows": 8, "skipped": 0, "answer_accuracy": 0.625, "updates": 4, "seconds": 2.5237832069396973, "time": 1790990709.5859113, "loss": -0.8160309042715984, "confidence": 0.5552074690995835, "mass": 0.999996905482984, "hinge_active": 0.0, "stop_prob": 0.999823309481144, "sampled_number_rate": 1.0, "kl": 0.0, "kl_coef": 0.05, "value_loss": 0.0}
A decoder-only architecture is being used, but right-padding was detected! For correct generation results, please set `padding_side='left'` when initializing the tokenizer.
{"step": 215, "epoch": 0, "batch_hash": 345282920, "rows": 7, "skipped": 1, "answer_accuracy": 0.5714285714285714, "updates": 4, "seconds": 3.2998781204223633, "time": 1790990712.8878517, "loss": -0.8945706896956653, "confidence": 0.5414853035873329, "mass": 0.9999979491996481, "hinge_active": 0.0, "stop_prob": 0.999870777130127, "sampled_number_rate": 0.9999999999999998, "kl": 0.0, "kl_coef": 0.05, "value_loss": 0.0}
A decoder-only architecture is being used, but right-padding was detected! For correct generation results, please set `padding_side='left'` when initializing the tokenizer.
{"step": 216, "epoch": 0, "batch_hash": 3992744859, "rows": 8, "skipped": 0, "answer_accuracy": 0.625, "updates": 4, "seconds": 2.3029613494873047, "time": 1790990715.1956818, "loss": -0.8216655032822099, "confidence": 0.6214310917942996, "mass": 0.9999981339061932, "hinge_active": 0.0, "stop_prob": 0.9998666569590569, "sampled_number_rate": 1.0, "kl": 0.0, "kl_coef": 0.05, "value_loss": 0.0}
A decoder-only architecture is being used, but right-padding was detected! For correct generation results, please set `padding_side='left'` when initializing the tokenizer.
{"step": 217, "epoch": 0, "batch_hash": 3038891478, "rows": 8, "skipped": 0, "answer_accuracy": 0.75, "updates": 4, "seconds": 2.451478958129883, "time": 1790990717.6494615, "loss": -0.9209883339004636, "confidence": 0.6620132259647264, "mass": 0.9999978579668414, "hinge_active": 0.0, "stop_prob": 0.9998644441366196, "sampled_number_rate": 1.0, "kl": 0.0, "kl_coef": 0.05, "value_loss": 0.0}
A decoder-only architecture is being used, but right-padding was detected! For correct generation results, please set `padding_side='left'` when initializing the tokenizer.
{"step": 218, "epoch": 0, "batch_hash": 2399219864, "rows": 8, "skipped": 0, "answer_accuracy": 0.625, "updates": 4, "seconds": 2.2793822288513184, "time": 1790990719.9313328, "loss": -0.8744464674830881, "confidence": 0.6422432001133586, "mass": 0.9999989655007242, "hinge_active": 0.0, "stop_prob": 0.9999043419957161, "sampled_number_rate": 1.0, "kl": 0.0, "kl_coef": 0.05, "value_loss": 0.0}
A decoder-only architecture is being used, but right-padding was detected! For correct generation results, please set `padding_side='left'` when initializing the tokenizer.
{"step": 219, "epoch": 0, "batch_hash": 3066199443, "rows": 8, "skipped": 0, "answer_accuracy": 0.375, "updates": 4, "seconds": 2.3074865341186523, "time": 1790990722.241141, "loss": -0.8689913394964707, "confidence": 0.45097715502405594, "mass": 0.99999837894351, "hinge_active": 0.0, "stop_prob": 0.9999187514185905, "sampled_number_rate": 1.0, "kl": 0.0, "kl_coef": 0.05, "value_loss": 0.0}
A decoder-only architecture is being used, but right-padding was detected! For correct generation results, please set `padding_side='left'` when initializing the tokenizer.
{"step": 220, "epoch": 0, "batch_hash": 2783279600, "rows": 8, "skipped": 0, "answer_accuracy": 0.625, "updates": 4, "seconds": 2.4521243572235107, "time": 1790990724.6958945, "loss": -0.8281240228834864, "confidence": 0.5812842618137659, "mass": 0.9999901453572775, "hinge_active": 0.0, "stop_prob": 0.9997249990701675, "sampled_number_rate": 1.0, "kl": 0.0, "kl_coef": 0.05, "value_loss": 0.0}
A decoder-only architecture is being used, but right-padding was detected! For correct generation results, please set `padding_side='left'` when initializing the tokenizer.
{"step": 221, "epoch": 0, "batch_hash": 3219780333, "rows": 8, "skipped": 0, "answer_accuracy": 0.625, "updates": 4, "seconds": 2.285754442214966, "time": 1790990726.9850607, "loss": -0.8831353921137852, "confidence": 0.5666877223744817, "mass": 0.9999981027080891, "hinge_active": 0.0, "stop_prob": 0.9998815283179283, "sampled_number_rate": 1.0, "kl": 0.0, "kl_coef": 0.05, "value_loss": 0.0}
A decoder-only architecture is being used, but right-padding was detected! For correct generation results, please set `padding_side='left'` when initializing the tokenizer.
{"step": 222, "epoch": 0, "batch_hash": 450281144, "rows": 8, "skipped": 0, "answer_accuracy": 0.125, "updates": 4, "seconds": 2.435933828353882, "time": 1790990729.4234295, "loss": -0.831389607896636, "confidence": 0.452093271826417, "mass": 0.999998765468017, "hinge_active": 0.0, "stop_prob": 0.999912679195404, "sampled_number_rate": 1.0, "kl": 0.0, "kl_coef": 0.05, "value_loss": 0.0}
A decoder-only architecture is being used, but right-padding was detected! For correct generation results, please set `padding_side='left'` when initializing the tokenizer.
{"step": 223, "epoch": 0, "batch_hash": 2113805979, "rows": 7, "skipped": 1, "answer_accuracy": 0.5714285714285714, "updates": 4, "seconds": 2.212968349456787, "time": 1790990731.6395712, "loss": -0.8850694682209791, "confidence": 0.68149683840217, "mass": 0.9999946408845551, "hinge_active": 0.0, "stop_prob": 0.9997155921799796, "sampled_number_rate": 0.9999999999999998, "kl": 0.0, "kl_coef": 0.05, "value_loss": 0.0}
A decoder-only architecture is being used, but right-padding was detected! For correct generation results, please set `padding_side='left'` when initializing the tokenizer.
{"step": 224, "epoch": 0, "batch_hash": 1291287977, "rows": 8, "skipped": 0, "answer_accuracy": 0.625, "updates": 4, "seconds": 3.786207914352417, "time": 1790990735.4279757, "loss": -0.8818961608272049, "confidence": 0.6240356954722314, "mass": 0.9999955079469828, "hinge_active": 0.0, "stop_prob": 0.9994129315018654, "sampled_number_rate": 1.0, "kl": 0.0, "kl_coef": 0.05, "value_loss": 0.0}
checkpoint at step 224 (1.0 s)
A decoder-only architecture is being used, but right-padding was detected! For correct generation results, please set `padding_side='left'` when initializing the tokenizer.
{"step": 225, "epoch": 0, "batch_hash": 1887215845, "rows": 8, "skipped": 0, "answer_accuracy": 0.5, "updates": 4, "seconds": 2.2157015800476074, "time": 1790990738.6738183, "loss": -0.910054295954872, "confidence": 0.4545960322784021, "mass": 0.999996454260573, "hinge_active": 0.0, "stop_prob": 0.9998947456479073, "sampled_number_rate": 1.0, "kl": 0.0, "kl_coef": 0.05, "value_loss": 0.0}
A decoder-only architecture is being used, but right-padding was detected! For correct generation results, please set `padding_side='left'` when initializing the tokenizer.
{"step": 226, "epoch": 0, "batch_hash": 3003906174, "rows": 6, "skipped": 2, "answer_accuracy": 0.6666666666666666, "updates": 4, "seconds": 2.747828483581543, "time": 1790990741.4247925, "loss": -0.9011462977254728, "confidence": 0.5976073139136634, "mass": 0.9999967793881566, "hinge_active": 0.0, "stop_prob": 0.9995948572953542, "sampled_number_rate": 0.9999999999999999, "kl": 0.0, "kl_coef": 0.05, "value_loss": 0.0}
A decoder-only architecture is being used, but right-padding was detected! For correct generation results, please set `padding_side='left'` when initializing the tokenizer.
{"step": 227, "epoch": 0, "batch_hash": 173903817, "rows": 7, "skipped": 1, "answer_accuracy": 0.7142857142857143, "updates": 4, "seconds": 2.714958667755127, "time": 1790990744.1422162, "loss": -0.8500851128651025, "confidence": 0.7130766216927229, "mass": 0.9999980073291319, "hinge_active": 0.0, "stop_prob": 0.9998363767351423, "sampled_number_rate": 0.9999999999999998, "kl": 0.0, "kl_coef": 0.05, "value_loss": 0.0}
A decoder-only architecture is being used, but right-padding was detected! For correct generation results, please set `padding_side='left'` when initializing the tokenizer.
{"step": 228, "epoch": 0, "batch_hash": 1244395038, "rows": 6, "skipped": 2, "answer_accuracy": 1.0, "updates": 4, "seconds": 2.9203479290008545, "time": 1790990747.067775, "loss": -0.9027371780211002, "confidence": 0.7500325402649798, "mass": 0.9999868620007086, "hinge_active": 0.0, "stop_prob": 0.9998171428839365, "sampled_number_rate": 0.9999999999999999, "kl": 0.0, "kl_coef": 0.05, "value_loss": 0.0}
A decoder-only architecture is being used, but right-padding was detected! For correct generation results, please set `padding_side='left'` when initializing the tokenizer.
{"step": 229, "epoch": 0, "batch_hash": 3482351586, "rows": 8, "skipped": 0, "answer_accuracy": 0.5, "updates": 4, "seconds": 2.306509256362915, "time": 1790990749.377335, "loss": -0.8423633698465856, "confidence": 0.6731240878754402, "mass": 0.9999976213601439, "hinge_active": 0.0, "stop_prob": 0.9998062625527382, "sampled_number_rate": 1.0, "kl": 0.0, "kl_coef": 0.05, "value_loss": 0.0}
A decoder-only architecture is being used, but right-padding was detected! For correct generation results, please set `padding_side='left'` when initializing the tokenizer.
{"step": 230, "epoch": 0, "batch_hash": 1937137716, "rows": 6, "skipped": 2, "answer_accuracy": 0.6666666666666666, "updates": 4, "seconds": 2.520066738128662, "time": 1790990751.8993683, "loss": -0.8237407991904997, "confidence": 0.6448901960291842, "mass": 0.9999985517324288, "hinge_active": 0.0, "stop_prob": 0.9998510777950287, "sampled_number_rate": 0.9999999999999999, "kl": 0.0, "kl_coef": 0.05, "value_loss": 0.0}
A decoder-only architecture is being used, but right-padding was detected! For correct generation results, please set `padding_side='left'` when initializing the tokenizer.
{"step": 231, "epoch": 0, "batch_hash": 2357510370, "rows": 8, "skipped": 0, "answer_accuracy": 0.5, "updates": 4, "seconds": 3.237718105316162, "time": 1790990755.1533363, "loss": -0.8822148465380025, "confidence": 0.6211885863502592, "mass": 0.9999116948513579, "hinge_active": 0.0, "stop_prob": 0.9976232796907425, "sampled_number_rate": 1.0, "kl": 0.0, "kl_coef": 0.05, "value_loss": 0.0}
A decoder-only architecture is being used, but right-padding was detected! For correct generation results, please set `padding_side='left'` when initializing the tokenizer.
{"step": 232, "epoch": 0, "batch_hash": 3741749111, "rows": 7, "skipped": 1, "answer_accuracy": 0.2857142857142857, "updates": 4, "seconds": 2.45070219039917, "time": 1790990757.6067536, "loss": -0.892174235364374, "confidence": 0.4509154716856698, "mass": 0.999996619934379, "hinge_active": 0.0, "stop_prob": 0.9990624870572772, "sampled_number_rate": 0.9999999999999998, "kl": 0.0, "kl_coef": 0.05, "value_loss": 0.0}
A decoder-only architecture is being used, but right-padding was detected! For correct generation results, please set `padding_side='left'` when initializing the tokenizer.
{"step": 233, "epoch": 0, "batch_hash": 1325584647, "rows": 8, "skipped": 0, "answer_accuracy": 0.75, "updates": 4, "seconds": 2.6316983699798584, "time": 1790990760.2515593, "loss": -0.7558188439408623, "confidence": 0.6436643227957426, "mass": 0.9999960749878297, "hinge_active": 0.0, "stop_prob": 0.9997429400682449, "sampled_number_rate": 1.0, "kl": 0.0, "kl_coef": 0.05, "value_loss": 0.0}
A decoder-only architecture is being used, but right-padding was detected! For correct generation results, please set `padding_side='left'` when initializing the tokenizer.
{"step": 234, "epoch": 0, "batch_hash": 2966241952, "rows": 8, "skipped": 0, "answer_accuracy": 0.625, "updates": 4, "seconds": 2.442425012588501, "time": 1790990762.6962059, "loss": -0.8064391178100734, "confidence": 0.5017418784243802, "mass": 0.9999821964119104, "hinge_active": 0.0, "stop_prob": 0.9998264461755753, "sampled_number_rate": 1.0, "kl": 0.0, "kl_coef": 0.05, "value_loss": 0.0}
A decoder-only architecture is being used, but right-padding was detected! For correct generation results, please set `padding_side='left'` when initializing the tokenizer.
{"step": 235, "epoch": 0, "batch_hash": 2853070221, "rows": 8, "skipped": 0, "answer_accuracy": 0.625, "updates": 4, "seconds": 2.3641316890716553, "time": 1790990765.078381, "loss": -0.8643540008399888, "confidence": 0.6785757905316746, "mass": 0.9999645773571655, "hinge_active": 0.0, "stop_prob": 0.998555451631546, "sampled_number_rate": 1.0, "kl": 0.0, "kl_coef": 0.05, "value_loss": 0.0}
A decoder-only architecture is being used, but right-padding was detected! For correct generation results, please set `padding_side='left'` when initializing the tokenizer.
{"step": 236, "epoch": 0, "batch_hash": 76580003, "rows": 8, "skipped": 0, "answer_accuracy": 0.5, "updates": 4, "seconds": 2.3044731616973877, "time": 1790990767.3859165, "loss": -0.8715086571603659, "confidence": 0.5983909081243401, "mass": 0.9999964269141629, "hinge_active": 0.0, "stop_prob": 0.999836727976799, "sampled_number_rate": 1.0, "kl": 0.0, "kl_coef": 0.05, "value_loss": 0.0}
A decoder-only architecture is being used, but right-padding was detected! For correct generation results, please set `padding_side='left'` when initializing the tokenizer.
{"step": 237, "epoch": 0, "batch_hash": 3337191207, "rows": 5, "skipped": 3, "answer_accuracy": 1.0, "updates": 4, "seconds": 2.6375234127044678, "time": 1790990770.0258749, "loss": -0.9260233491655591, "confidence": 0.8098923821971598, "mass": 0.9999561373903786, "hinge_active": 0.0, "stop_prob": 0.9996838092803955, "sampled_number_rate": 1.0, "kl": 0.0, "kl_coef": 0.05, "value_loss": 0.0}
A decoder-only architecture is being used, but right-padding was detected! For correct generation results, please set `padding_side='left'` when initializing the tokenizer.
{"step": 238, "epoch": 0, "batch_hash": 3312539127, "rows": 8, "skipped": 0, "answer_accuracy": 0.625, "updates": 4, "seconds": 2.2947607040405273, "time": 1790990772.3233387, "loss": -0.9395119941639102, "confidence": 0.5431937280754355, "mass": 0.9999961661493846, "hinge_active": 0.0, "stop_prob": 0.9998405277729034, "sampled_number_rate": 1.0, "kl": 0.0, "kl_coef": 0.05, "value_loss": 0.0}
A decoder-only architecture is being used, but right-padding was detected! For correct generation results, please set `padding_side='left'` when initializing the tokenizer.
{"step": 239, "epoch": 0, "batch_hash": 2202145017, "rows": 8, "skipped": 0, "answer_accuracy": 0.5, "updates": 4, "seconds": 2.2176997661590576, "time": 1790990774.5441055, "loss": -0.8659795270930256, "confidence": 0.5196728841698435, "mass": 0.9999921233460894, "hinge_active": 0.0, "stop_prob": 0.9995828717947006, "sampled_number_rate": 1.0, "kl": 0.0, "kl_coef": 0.05, "value_loss": 0.0}
A decoder-only architecture is being used, but right-padding was detected! For correct generation results, please set `padding_side='left'` when initializing the tokenizer.
{"step": 240, "epoch": 0, "batch_hash": 2339437055, "rows": 8, "skipped": 0, "answer_accuracy": 0.5, "updates": 4, "seconds": 2.5524778366088867, "time": 1790990777.1011152, "loss": -0.9496165058409695, "confidence": 0.5646187382890607, "mass": 0.9992219691851417, "hinge_active": 0.0, "stop_prob": 0.998338133096695, "sampled_number_rate": 1.0, "kl": 0.0, "kl_coef": 0.05, "value_loss": 0.0}
A decoder-only architecture is being used, but right-padding was detected! For correct generation results, please set `padding_side='left'` when initializing the tokenizer.
{"step": 241, "epoch": 0, "batch_hash": 1841358828, "rows": 8, "skipped": 0, "answer_accuracy": 0.5, "updates": 4, "seconds": 2.368098258972168, "time": 1790990779.4838865, "loss": -0.8072082971438935, "confidence": 0.4138395879813651, "mass": 0.9999879259472743, "hinge_active": 0.0, "stop_prob": 0.998723067343235, "sampled_number_rate": 1.0, "kl": 0.0, "kl_coef": 0.05, "value_loss": 0.0}
A decoder-only architecture is being used, but right-padding was detected! For correct generation results, please set `padding_side='left'` when initializing the tokenizer.
{"step": 242, "epoch": 0, "batch_hash": 46070, "rows": 8, "skipped": 0, "answer_accuracy": 0.5, "updates": 4, "seconds": 2.520598888397217, "time": 1790990782.0072358, "loss": -0.8569232893522047, "confidence": 0.33715224558104606, "mass": 0.9999944623020762, "hinge_active": 0.0, "stop_prob": 0.9995172470808029, "sampled_number_rate": 1.0, "kl": 0.0, "kl_coef": 0.05, "value_loss": 0.0}
A decoder-only architecture is being used, but right-padding was detected! For correct generation results, please set `padding_side='left'` when initializing the tokenizer.
{"step": 243, "epoch": 0, "batch_hash": 1918680045, "rows": 8, "skipped": 0, "answer_accuracy": 0.75, "updates": 4, "seconds": 2.5821621417999268, "time": 1790990784.6000223, "loss": -0.9285034172802166, "confidence": 0.6836733632208764, "mass": 0.9999952753619408, "hinge_active": 0.0, "stop_prob": 0.9998770877718925, "sampled_number_rate": 1.0, "kl": 0.0, "kl_coef": 0.05, "value_loss": 0.0}
A decoder-only architecture is being used, but right-padding was detected! For correct generation results, please set `padding_side='left'` when initializing the tokenizer.
{"step": 244, "epoch": 0, "batch_hash": 611447805, "rows": 6, "skipped": 2, "answer_accuracy": 0.16666666666666666, "updates": 4, "seconds": 2.6821799278259277, "time": 1790990787.298861, "loss": -0.9297032693084326, "confidence": 0.34081541207214966, "mass": 0.9998964753946513, "hinge_active": 0.0, "stop_prob": 0.9984530607859293, "sampled_number_rate": 0.9999999999999999, "kl": 0.0, "kl_coef": 0.05, "value_loss": 0.0}
A decoder-only architecture is being used, but right-padding was detected! For correct generation results, please set `padding_side='left'` when initializing the tokenizer.
{"step": 245, "epoch": 0, "batch_hash": 2351262535, "rows": 8, "skipped": 0, "answer_accuracy": 0.0, "updates": 4, "seconds": 2.180469512939453, "time": 1790990789.496193, "loss": -0.9113322803571016, "confidence": 0.19864955052763356, "mass": 0.999988390603864, "hinge_active": 0.0, "stop_prob": 0.9994886517524719, "sampled_number_rate": 1.0, "kl": 0.0, "kl_coef": 0.05, "value_loss": 0.0}
A decoder-only architecture is being used, but right-padding was detected! For correct generation results, please set `padding_side='left'` when initializing the tokenizer.
{"step": 246, "epoch": 0, "batch_hash": 2390016366, "rows": 8, "skipped": 0, "answer_accuracy": 0.625, "updates": 4, "seconds": 2.5413269996643066, "time": 1790990792.0397992, "loss": -0.8191039658650523, "confidence": 0.4654154569141785, "mass": 0.9975650111739929, "hinge_active": 0.0, "stop_prob": 0.9996170476078987, "sampled_number_rate": 1.0, "kl": 0.0, "kl_coef": 0.05, "value_loss": 0.0}
A decoder-only architecture is being used, but right-padding was detected! For correct generation results, please set `padding_side='left'` when initializing the tokenizer.
{"step": 247, "epoch": 0, "batch_hash": 772429508, "rows": 8, "skipped": 0, "answer_accuracy": 0.625, "updates": 4, "seconds": 2.5096540451049805, "time": 1790990794.5520108, "loss": -0.8784426133916854, "confidence": 0.37754309886143683, "mass": 0.9997623992992966, "hinge_active": 0.0, "stop_prob": 0.9981571510434151, "sampled_number_rate": 1.0, "kl": 0.0, "kl_coef": 0.05, "value_loss": 0.0}
A decoder-only architecture is being used, but right-padding was detected! For correct generation results, please set `padding_side='left'` when initializing the tokenizer.
{"step": 248, "epoch": 0, "batch_hash": 2825091696, "rows": 6, "skipped": 2, "answer_accuracy": 0.8333333333333334, "updates": 4, "seconds": 3.073917865753174, "time": 1790990797.6288123, "loss": -0.9766277716819591, "confidence": 0.824853852878944, "mass": 0.9995374653553618, "hinge_active": 0.0, "stop_prob": 0.9997065563996633, "sampled_number_rate": 0.9999999999999999, "kl": 0.0, "kl_coef": 0.05, "value_loss": 0.0}
A decoder-only architecture is being used, but right-padding was detected! For correct generation results, please set `padding_side='left'` when initializing the tokenizer.
{"step": 249, "epoch": 0, "batch_hash": 2297081516, "rows": 8, "skipped": 0, "answer_accuracy": 0.625, "updates": 4, "seconds": 2.3092660903930664, "time": 1790990799.941075, "loss": -0.9839930730800148, "confidence": 0.624860709759885, "mass": 0.9965275268834904, "hinge_active": 0.0, "stop_prob": 0.9997708722949028, "sampled_number_rate": 1.0, "kl": 0.0, "kl_coef": 0.05, "value_loss": 0.0}
A decoder-only architecture is being used, but right-padding was detected! For correct generation results, please set `padding_side='left'` when initializing the tokenizer.
{"step": 250, "epoch": 0, "batch_hash": 1457465078, "rows": 8, "skipped": 0, "answer_accuracy": 0.5, "updates": 4, "seconds": 2.1676506996154785, "time": 1790990802.1113992, "loss": -0.5642033583093659, "confidence": 0.8190681265087629, "mass": 0.9991323298810078, "hinge_active": 0.0, "stop_prob": 0.9974179044365883, "sampled_number_rate": 1.0, "kl": 0.0, "kl_coef": 0.05, "value_loss": 0.0}
A decoder-only architecture is being used, but right-padding was detected! For correct generation results, please set `padding_side='left'` when initializing the tokenizer.
{"step": 251, "epoch": 0, "batch_hash": 3431228170, "rows": 8, "skipped": 0, "answer_accuracy": 0.75, "updates": 4, "seconds": 2.1694982051849365, "time": 1790990804.2851217, "loss": -0.916275217572855, "confidence": 0.8113601826963239, "mass": 0.9998022099480696, "hinge_active": 0.0, "stop_prob": 0.99970393627882, "sampled_number_rate": 1.0, "kl": 0.0, "kl_coef": 0.05, "value_loss": 0.0}
A decoder-only architecture is being used, but right-padding was detected! For correct generation results, please set `padding_side='left'` when initializing the tokenizer.
{"step": 252, "epoch": 0, "batch_hash": 784295308, "rows": 8, "skipped": 0, "answer_accuracy": 0.375, "updates": 4, "seconds": 2.619964122772217, "time": 1790990806.90715, "loss": -0.8622268193245206, "confidence": 0.44774414212744695, "mass": 0.9999808266862045, "hinge_active": 0.0, "stop_prob": 0.9917896762490273, "sampled_number_rate": 1.0, "kl": 0.0, "kl_coef": 0.05, "value_loss": 0.0}
A decoder-only architecture is being used, but right-padding was detected! For correct generation results, please set `padding_side='left'` when initializing the tokenizer.
{"step": 253, "epoch": 0, "batch_hash": 3330544633, "rows": 7, "skipped": 1, "answer_accuracy": 0.42857142857142855, "updates": 4, "seconds": 2.5971264839172363, "time": 1790990809.51655, "loss": -0.9083809444742738, "confidence": 0.5102318717862601, "mass": 0.9999861558040648, "hinge_active": 0.0, "stop_prob": 0.9972706096512931, "sampled_number_rate": 0.9999999999999998, "kl": 0.0, "kl_coef": 0.05, "value_loss": 0.0}
A decoder-only architecture is being used, but right-padding was detected! For correct generation results, please set `padding_side='left'` when initializing the tokenizer.
{"step": 254, "epoch": 0, "batch_hash": 2737063966, "rows": 8, "skipped": 0, "answer_accuracy": 0.375, "updates": 4, "seconds": 3.061871290206909, "time": 1790990812.5812395, "loss": -0.9069754535269898, "confidence": 0.4331452643766376, "mass": 0.9999977139602588, "hinge_active": 0.0, "stop_prob": 0.9993284568190575, "sampled_number_rate": 1.0, "kl": 0.0, "kl_coef": 0.05, "value_loss": 0.0}
A decoder-only architecture is being used, but right-padding was detected! For correct generation results, please set `padding_side='left'` when initializing the tokenizer.
{"step": 255, "epoch": 0, "batch_hash": 3963365129, "rows": 8, "skipped": 0, "answer_accuracy": 0.5, "updates": 4, "seconds": 2.57094669342041, "time": 1790990815.1549346, "loss": -0.9073142775490244, "confidence": 0.5302063569881139, "mass": 0.99999803789686, "hinge_active": 0.0, "stop_prob": 0.9999233409762383, "sampled_number_rate": 1.0, "kl": 0.0, "kl_coef": 0.05, "value_loss": 0.0}
A decoder-only architecture is being used, but right-padding was detected! For correct generation results, please set `padding_side='left'` when initializing the tokenizer.
{"step": 256, "epoch": 0, "batch_hash": 343477591, "rows": 7, "skipped": 1, "answer_accuracy": 0.5714285714285714, "updates": 4, "seconds": 2.43459415435791, "time": 1790990817.5922308, "loss": -0.8852205257902713, "confidence": 0.48518302593541657, "mass": 0.999996067189031, "hinge_active": 0.0, "stop_prob": 0.9998531852449689, "sampled_number_rate": 0.9999999999999998, "kl": 0.0, "kl_coef": 0.05, "value_loss": 0.0}
checkpoint at step 256 (0.9 s)
A decoder-only architecture is being used, but right-padding was detected! For correct generation results, please set `padding_side='left'` when initializing the tokenizer.
{"step": 257, "epoch": 0, "batch_hash": 2097454033, "rows": 7, "skipped": 1, "answer_accuracy": 0.5714285714285714, "updates": 4, "seconds": 4.761028289794922, "time": 1790990823.2131286, "loss": -0.5911046978149975, "confidence": 0.4338305623485096, "mass": 0.9999927596330727, "hinge_active": 0.0, "stop_prob": 0.995030803339822, "sampled_number_rate": 0.9999999999999998, "kl": 0.0, "kl_coef": 0.05, "value_loss": 0.0}
A decoder-only architecture is being used, but right-padding was detected! For correct generation results, please set `padding_side='left'` when initializing the tokenizer.
{"step": 258, "epoch": 0, "batch_hash": 973868823, "rows": 7, "skipped": 1, "answer_accuracy": 0.5714285714285714, "updates": 4, "seconds": 3.782578945159912, "time": 1790990826.9990082, "loss": -0.9552543236409922, "confidence": 0.4391481035470459, "mass": 0.999978735922548, "hinge_active": 0.0, "stop_prob": 0.9970038533210754, "sampled_number_rate": 0.9999999999999998, "kl": 0.0, "kl_coef": 0.05, "value_loss": 0.0}
A decoder-only architecture is being used, but right-padding was detected! For correct generation results, please set `padding_side='left'` when initializing the tokenizer.
{"step": 259, "epoch": 0, "batch_hash": 1197420866, "rows": 8, "skipped": 0, "answer_accuracy": 0.25, "updates": 4, "seconds": 2.393568277359009, "time": 1790990829.4135094, "loss": -0.9470828608754213, "confidence": 0.30611904584593874, "mass": 0.9999945285360012, "hinge_active": 0.0, "stop_prob": 0.9997864589095116, "sampled_number_rate": 1.0, "kl": 0.0, "kl_coef": 0.05, "value_loss": 0.0}
A decoder-only architecture is being used, but right-padding was detected! For correct generation results, please set `padding_side='left'` when initializing the tokenizer.
{"step": 260, "epoch": 0, "batch_hash": 1443259083, "rows": 8, "skipped": 0, "answer_accuracy": 0.75, "updates": 4, "seconds": 2.262809991836548, "time": 1790990831.6811194, "loss": -0.697780400400345, "confidence": 0.47241640895367, "mass": 0.999989996214335, "hinge_active": 0.0, "stop_prob": 0.9997678846120834, "sampled_number_rate": 1.0, "kl": 0.0, "kl_coef": 0.05, "value_loss": 0.0}
A decoder-only architecture is being used, but right-padding was detected! For correct generation results, please set `padding_side='left'` when initializing the tokenizer.
{"step": 261, "epoch": 0, "batch_hash": 2089592825, "rows": 8, "skipped": 0, "answer_accuracy": 0.625, "updates": 4, "seconds": 2.300769567489624, "time": 1790990833.9849849, "loss": -0.5787257186767508, "confidence": 0.42894266057784686, "mass": 0.9999959126746478, "hinge_active": 0.0, "stop_prob": 0.9998640343546867, "sampled_number_rate": 1.0, "kl": 0.0, "kl_coef": 0.05, "value_loss": 0.0}
A decoder-only architecture is being used, but right-padding was detected! For correct generation results, please set `padding_side='left'` when initializing the tokenizer.
{"step": 262, "epoch": 0, "batch_hash": 908757601, "rows": 7, "skipped": 1, "answer_accuracy": 0.5714285714285714, "updates": 4, "seconds": 2.5885400772094727, "time": 1790990836.5761135, "loss": -0.6766230962264447, "confidence": 0.45218460454515064, "mass": 0.9999837160230737, "hinge_active": 0.0, "stop_prob": 0.999301186629704, "sampled_number_rate": 0.9999999999999998, "kl": 0.0, "kl_coef": 0.05, "value_loss": 0.0}
A decoder-only architecture is being used, but right-padding was detected! For correct generation results, please set `padding_side='left'` when initializing the tokenizer.
{"step": 263, "epoch": 0, "batch_hash": 3345976229, "rows": 8, "skipped": 0, "answer_accuracy": 0.625, "updates": 4, "seconds": 2.483924388885498, "time": 1790990839.0626159, "loss": -0.891074251446152, "confidence": 0.406120256926573, "mass": 0.9999913639011048, "hinge_active": 0.0, "stop_prob": 0.9997463822364807, "sampled_number_rate": 1.0, "kl": 0.0, "kl_coef": 0.05, "value_loss": 0.0}
A decoder-only architecture is being used, but right-padding was detected! For correct generation results, please set `padding_side='left'` when initializing the tokenizer.
{"step": 264, "epoch": 0, "batch_hash": 766089589, "rows": 8, "skipped": 0, "answer_accuracy": 0.75, "updates": 4, "seconds": 2.426907539367676, "time": 1790990841.4957383, "loss": -0.9333496077234833, "confidence": 0.7284504246704366, "mass": 0.9999968416940699, "hinge_active": 0.0, "stop_prob": 0.9999322816729546, "sampled_number_rate": 1.0, "kl": 0.0, "kl_coef": 0.05, "value_loss": 0.0}
A decoder-only architecture is being used, but right-padding was detected! For correct generation results, please set `padding_side='left'` when initializing the tokenizer.
{"step": 265, "epoch": 0, "batch_hash": 618252338, "rows": 8, "skipped": 0, "answer_accuracy": 0.625, "updates": 4, "seconds": 2.288546562194824, "time": 1790990843.7884436, "loss": -0.9234599431486485, "confidence": 0.6560210108997422, "mass": 0.9999944360485741, "hinge_active": 0.0, "stop_prob": 0.9998239725828171, "sampled_number_rate": 1.0, "kl": 0.0, "kl_coef": 0.05, "value_loss": 0.0}
A decoder-only architecture is being used, but right-padding was detected! For correct generation results, please set `padding_side='left'` when initializing the tokenizer.
{"step": 266, "epoch": 0, "batch_hash": 4010895759, "rows": 8, "skipped": 0, "answer_accuracy": 0.875, "updates": 4, "seconds": 2.1663200855255127, "time": 1790990845.957505, "loss": -0.6696288571889717, "confidence": 0.565083987257524, "mass": 0.9999950002820595, "hinge_active": 0.0, "stop_prob": 0.9998709186911583, "sampled_number_rate": 1.0, "kl": 0.0, "kl_coef": 0.05, "value_loss": 0.0}
A decoder-only architecture is being used, but right-padding was detected! For correct generation results, please set `padding_side='left'` when initializing the tokenizer.
{"step": 267, "epoch": 0, "batch_hash": 723131175, "rows": 8, "skipped": 0, "answer_accuracy": 0.5, "updates": 4, "seconds": 2.5627856254577637, "time": 1790990848.5231042, "loss": -0.8883986492788507, "confidence": 0.6274474439165676, "mass": 0.9995036558978753, "hinge_active": 0.0, "stop_prob": 0.9998808279633522, "sampled_number_rate": 1.0, "kl": 0.0, "kl_coef": 0.05, "value_loss": 0.0}
A decoder-only architecture is being used, but right-padding was detected! For correct generation results, please set `padding_side='left'` when initializing the tokenizer.
{"step": 268, "epoch": 0, "batch_hash": 114816360, "rows": 8, "skipped": 0, "answer_accuracy": 0.5, "updates": 4, "seconds": 2.3166260719299316, "time": 1790990850.8425713, "loss": -0.7034510762780526, "confidence": 0.54272928111713, "mass": 0.9999903417558454, "hinge_active": 0.0, "stop_prob": 0.9999302178621292, "sampled_number_rate": 1.0, "kl": 0.0, "kl_coef": 0.05, "value_loss": 0.0}
A decoder-only architecture is being used, but right-padding was detected! For correct generation results, please set `padding_side='left'` when initializing the tokenizer.
{"step": 269, "epoch": 0, "batch_hash": 4109405333, "rows": 8, "skipped": 0, "answer_accuracy": 0.625, "updates": 4, "seconds": 2.266721248626709, "time": 1790990853.1115465, "loss": -0.9461319966897059, "confidence": 0.48759147480832976, "mass": 0.9999796308460056, "hinge_active": 0.0, "stop_prob": 0.9998740181326866, "sampled_number_rate": 1.0, "kl": 0.0, "kl_coef": 0.05, "value_loss": 0.0}
A decoder-only architecture is being used, but right-padding was detected! For correct generation results, please set `padding_side='left'` when initializing the tokenizer.
{"step": 270, "epoch": 0, "batch_hash": 3695855576, "rows": 8, "skipped": 0, "answer_accuracy": 0.5, "updates": 4, "seconds": 2.5341129302978516, "time": 1790990855.650068, "loss": -0.9813691530086315, "confidence": 0.4398222412044049, "mass": 0.9998936101599887, "hinge_active": 0.0, "stop_prob": 0.9959105029702187, "sampled_number_rate": 1.0, "kl": 0.0, "kl_coef": 0.05, "value_loss": 0.0}
A decoder-only architecture is being used, but right-padding was detected! For correct generation results, please set `padding_side='left'` when initializing the tokenizer.
{"step": 271, "epoch": 0, "batch_hash": 2634165407, "rows": 8, "skipped": 0, "answer_accuracy": 0.75, "updates": 4, "seconds": 2.1475071907043457, "time": 1790990857.8008177, "loss": -0.9650960995631824, "confidence": 0.7139599917592058, "mass": 0.9998142968232764, "hinge_active": 0.0, "stop_prob": 0.9998017325997353, "sampled_number_rate": 1.0, "kl": 0.0, "kl_coef": 0.05, "value_loss": 0.0}
A decoder-only architecture is being used, but right-padding was detected! For correct generation results, please set `padding_side='left'` when initializing the tokenizer.
{"step": 272, "epoch": 0, "batch_hash": 3554464421, "rows": 7, "skipped": 1, "answer_accuracy": 0.5714285714285714, "updates": 4, "seconds": 2.459045648574829, "time": 1790990860.2749014, "loss": -0.8313620000868376, "confidence": 0.6097455451613921, "mass": 0.9999961351670337, "hinge_active": 0.0, "stop_prob": 0.9997919627598354, "sampled_number_rate": 0.9999999999999998, "kl": 0.0, "kl_coef": 0.05, "value_loss": 0.0}
A decoder-only architecture is being used, but right-padding was detected! For correct generation results, please set `padding_side='left'` when initializing the tokenizer.
{"step": 273, "epoch": 0, "batch_hash": 1672342439, "rows": 6, "skipped": 2, "answer_accuracy": 0.6666666666666666, "updates": 4, "seconds": 3.443586826324463, "time": 1790990863.7209415, "loss": -0.6365391541747607, "confidence": 0.5012270268291531, "mass": 0.9998119078509102, "hinge_active": 0.0, "stop_prob": 0.9996205568313599, "sampled_number_rate": 0.9999999999999999, "kl": 0.0, "kl_coef": 0.05, "value_loss": 0.0}
A decoder-only architecture is being used, but right-padding was detected! For correct generation results, please set `padding_side='left'` when initializing the tokenizer.
{"step": 274, "epoch": 0, "batch_hash": 3737218940, "rows": 8, "skipped": 0, "answer_accuracy": 0.75, "updates": 4, "seconds": 2.13920259475708, "time": 1790990865.8623962, "loss": -0.8135635616093465, "confidence": 0.8903804621975963, "mass": 0.9999805932515173, "hinge_active": 0.0, "stop_prob": 0.9999143034219742, "sampled_number_rate": 1.0, "kl": 0.0, "kl_coef": 0.05, "value_loss": 0.0}
A decoder-only architecture is being used, but right-padding was detected! For correct generation results, please set `padding_side='left'` when initializing the tokenizer.
{"step": 275, "epoch": 0, "batch_hash": 562448824, "rows": 8, "skipped": 0, "answer_accuracy": 0.625, "updates": 4, "seconds": 2.4435720443725586, "time": 1790990868.3080292, "loss": -0.956316800763738, "confidence": 0.49452684724226814, "mass": 0.9999879765666384, "hinge_active": 0.0, "stop_prob": 0.9994871765375137, "sampled_number_rate": 1.0, "kl": 0.0, "kl_coef": 0.05, "value_loss": 0.0}
A decoder-only architecture is being used, but right-padding was detected! For correct generation results, please set `padding_side='left'` when initializing the tokenizer.
{"step": 276, "epoch": 0, "batch_hash": 1888731825, "rows": 8, "skipped": 0, "answer_accuracy": 0.75, "updates": 4, "seconds": 2.3050246238708496, "time": 1790990870.6231852, "loss": -0.9453863683716575, "confidence": 0.6954858734146803, "mass": 0.999792542364931, "hinge_active": 0.0, "stop_prob": 0.9998322352766991, "sampled_number_rate": 1.0, "kl": 0.0, "kl_coef": 0.05, "value_loss": 0.0}
A decoder-only architecture is being used, but right-padding was detected! For correct generation results, please set `padding_side='left'` when initializing the tokenizer.
{"step": 277, "epoch": 0, "batch_hash": 3730163141, "rows": 8, "skipped": 0, "answer_accuracy": 0.625, "updates": 4, "seconds": 2.35361909866333, "time": 1790990872.9815161, "loss": -0.7305148020693547, "confidence": 0.6108530045680769, "mass": 0.9999715114025577, "hinge_active": 0.0, "stop_prob": 0.9998994097113609, "sampled_number_rate": 1.0, "kl": 0.0, "kl_coef": 0.05, "value_loss": 0.0}
A decoder-only architecture is being used, but right-padding was detected! For correct generation results, please set `padding_side='left'` when initializing the tokenizer.
{"step": 278, "epoch": 0, "batch_hash": 2011082100, "rows": 8, "skipped": 0, "answer_accuracy": 0.5, "updates": 4, "seconds": 2.3247978687286377, "time": 1790990875.3107235, "loss": -0.9370801893875078, "confidence": 0.6233181345901516, "mass": 0.9996252097140957, "hinge_active": 0.0, "stop_prob": 0.9998081251978874, "sampled_number_rate": 1.0, "kl": 0.0, "kl_coef": 0.05, "value_loss": 0.0}
A decoder-only architecture is being used, but right-padding was detected! For correct generation results, please set `padding_side='left'` when initializing the tokenizer.
{"step": 279, "epoch": 0, "batch_hash": 171925776, "rows": 8, "skipped": 0, "answer_accuracy": 0.5, "updates": 4, "seconds": 3.627068042755127, "time": 1790990878.9445877, "loss": -0.6580080204697119, "confidence": 0.7986399999879624, "mass": 0.9997112392590335, "hinge_active": 0.0, "stop_prob": 0.9992855861783028, "sampled_number_rate": 1.0, "kl": 0.0, "kl_coef": 0.05, "value_loss": 0.0}
A decoder-only architecture is being used, but right-padding was detected! For correct generation results, please set `padding_side='left'` when initializing the tokenizer.
{"step": 280, "epoch": 0, "batch_hash": 2850868060, "rows": 8, "skipped": 0, "answer_accuracy": 0.5, "updates": 4, "seconds": 2.162295341491699, "time": 1790990881.1098197, "loss": -0.8263505266608359, "confidence": 0.6953671606034815, "mass": 0.9999966706007355, "hinge_active": 0.0, "stop_prob": 0.9999355226755142, "sampled_number_rate": 1.0, "kl": 0.0, "kl_coef": 0.05, "value_loss": 0.0}
A decoder-only architecture is being used, but right-padding was detected! For correct generation results, please set `padding_side='left'` when initializing the tokenizer.
{"step": 281, "epoch": 0, "batch_hash": 1695925577, "rows": 8, "skipped": 0, "answer_accuracy": 0.625, "updates": 4, "seconds": 2.4098856449127197, "time": 1790990883.526093, "loss": -0.8596349464521043, "confidence": 0.7151421623689651, "mass": 0.9999988135623532, "hinge_active": 0.0, "stop_prob": 0.9999329075217247, "sampled_number_rate": 1.0, "kl": 0.0, "kl_coef": 0.05, "value_loss": 0.0}
A decoder-only architecture is being used, but right-padding was detected! For correct generation results, please set `padding_side='left'` when initializing the tokenizer.
{"step": 282, "epoch": 0, "batch_hash": 1026559382, "rows": 8, "skipped": 0, "answer_accuracy": 0.5, "updates": 4, "seconds": 2.2993404865264893, "time": 1790990885.8276024, "loss": -0.8348352836681392, "confidence": 0.5970190134033407, "mass": 0.9999970335808751, "hinge_active": 0.0, "stop_prob": 0.999848835170269, "sampled_number_rate": 1.0, "kl": 0.0, "kl_coef": 0.05, "value_loss": 0.0}
A decoder-only architecture is being used, but right-padding was detected! For correct generation results, please set `padding_side='left'` when initializing the tokenizer.
{"step": 283, "epoch": 0, "batch_hash": 3862451945, "rows": 8, "skipped": 0, "answer_accuracy": 0.75, "updates": 4, "seconds": 2.2294576168060303, "time": 1790990888.060072, "loss": -0.8568717222518275, "confidence": 0.5558350693978866, "mass": 0.9999992406677625, "hinge_active": 0.0, "stop_prob": 0.9999491944909096, "sampled_number_rate": 1.0, "kl": 0.0, "kl_coef": 0.05, "value_loss": 0.0}
A decoder-only architecture is being used, but right-padding was detected! For correct generation results, please set `padding_side='left'` when initializing the tokenizer.
{"step": 284, "epoch": 0, "batch_hash": 2365730592, "rows": 8, "skipped": 0, "answer_accuracy": 0.875, "updates": 4, "seconds": 2.4098660945892334, "time": 1790990890.4724052, "loss": -0.8334224373463875, "confidence": 0.5751278931845409, "mass": 0.9999982456482432, "hinge_active": 0.0, "stop_prob": 0.9999414011836052, "sampled_number_rate": 1.0, "kl": 0.0, "kl_coef": 0.05, "value_loss": 0.0}
A decoder-only architecture is being used, but right-padding was detected! For correct generation results, please set `padding_side='left'` when initializing the tokenizer.
{"step": 285, "epoch": 0, "batch_hash": 3505991662, "rows": 8, "skipped": 0, "answer_accuracy": 0.5, "updates": 4, "seconds": 2.2311758995056152, "time": 1790990892.7070293, "loss": -0.8647534122446076, "confidence": 0.4900975622575778, "mass": 0.9999984556326122, "hinge_active": 0.0, "stop_prob": 0.9999358877539635, "sampled_number_rate": 1.0, "kl": 0.0, "kl_coef": 0.05, "value_loss": 0.0}
A decoder-only architecture is being used, but right-padding was detected! For correct generation results, please set `padding_side='left'` when initializing the tokenizer.
{"step": 286, "epoch": 0, "batch_hash": 900032103, "rows": 8, "skipped": 0, "answer_accuracy": 0.75, "updates": 4, "seconds": 2.5237152576446533, "time": 1790990895.2391715, "loss": -0.9155138363050848, "confidence": 0.5667080459690461, "mass": 0.9999771125582947, "hinge_active": 0.0, "stop_prob": 0.9940046593546867, "sampled_number_rate": 1.0, "kl": 0.0, "kl_coef": 0.05, "value_loss": 0.0}
A decoder-only architecture is being used, but right-padding was detected! For correct generation results, please set `padding_side='left'` when initializing the tokenizer.
{"step": 287, "epoch": 0, "batch_hash": 2527859860, "rows": 8, "skipped": 0, "answer_accuracy": 0.125, "updates": 4, "seconds": 2.364145278930664, "time": 1790990897.6060913, "loss": -0.8229921842664145, "confidence": 0.45036941926793794, "mass": 0.999995338103588, "hinge_active": 0.0, "stop_prob": 0.9960840120911598, "sampled_number_rate": 1.0, "kl": 0.0, "kl_coef": 0.05, "value_loss": 0.0}
A decoder-only architecture is being used, but right-padding was detected! For correct generation results, please set `padding_side='left'` when initializing the tokenizer.
{"step": 288, "epoch": 0, "batch_hash": 4094076998, "rows": 8, "skipped": 0, "answer_accuracy": 0.625, "updates": 4, "seconds": 2.3331196308135986, "time": 1790990899.94886, "loss": -0.8871453763717211, "confidence": 0.5611868680579912, "mass": 0.9999988047525552, "hinge_active": 0.0, "stop_prob": 0.9999082610011101, "sampled_number_rate": 1.0, "kl": 0.0, "kl_coef": 0.05, "value_loss": 0.0}
checkpoint at step 288 (0.7 s)
A decoder-only architecture is being used, but right-padding was detected! For correct generation results, please set `padding_side='left'` when initializing the tokenizer.
{"step": 289, "epoch": 0, "batch_hash": 3062109420, "rows": 8, "skipped": 0, "answer_accuracy": 0.625, "updates": 4, "seconds": 2.1829473972320557, "time": 1790990902.8203557, "loss": -0.834148581628811, "confidence": 0.7592058502713654, "mass": 0.9999985155278543, "hinge_active": 0.0, "stop_prob": 0.999896690249443, "sampled_number_rate": 1.0, "kl": 0.0, "kl_coef": 0.05, "value_loss": 0.0}
A decoder-only architecture is being used, but right-padding was detected! For correct generation results, please set `padding_side='left'` when initializing the tokenizer.
{"step": 290, "epoch": 0, "batch_hash": 2956660558, "rows": 7, "skipped": 1, "answer_accuracy": 0.42857142857142855, "updates": 4, "seconds": 2.2717125415802, "time": 1790990905.0982416, "loss": -0.8254388237485859, "confidence": 0.6710703595902058, "mass": 0.9999965298177717, "hinge_active": 0.0, "stop_prob": 0.9998734763690403, "sampled_number_rate": 0.9999999999999998, "kl": 0.0, "kl_coef": 0.05, "value_loss": 0.0}
A decoder-only architecture is being used, but right-padding was detected! For correct generation results, please set `padding_side='left'` when initializing the tokenizer.
{"step": 291, "epoch": 0, "batch_hash": 1138688432, "rows": 8, "skipped": 0, "answer_accuracy": 0.5, "updates": 4, "seconds": 2.24468731880188, "time": 1790990907.3608348, "loss": -0.8501604998711596, "confidence": 0.4782904213774905, "mass": 0.9999955502764547, "hinge_active": 0.0, "stop_prob": 0.9993199780583382, "sampled_number_rate": 1.0, "kl": 0.0, "kl_coef": 0.05, "value_loss": 0.0}
A decoder-only architecture is being used, but right-padding was detected! For correct generation results, please set `padding_side='left'` when initializing the tokenizer.
{"step": 292, "epoch": 0, "batch_hash": 1661159026, "rows": 8, "skipped": 0, "answer_accuracy": 0.375, "updates": 4, "seconds": 2.263986349105835, "time": 1790990909.6274374, "loss": -0.8568243489050426, "confidence": 0.6224684020795149, "mass": 0.9999989940636684, "hinge_active": 0.0, "stop_prob": 0.9999291226267815, "sampled_number_rate": 1.0, "kl": 0.0, "kl_coef": 0.05, "value_loss": 0.0}
A decoder-only architecture is being used, but right-padding was detected! For correct generation results, please set `padding_side='left'` when initializing the tokenizer.
{"step": 293, "epoch": 0, "batch_hash": 2467825124, "rows": 8, "skipped": 0, "answer_accuracy": 0.375, "updates": 4, "seconds": 2.3171255588531494, "time": 1790990911.9470716, "loss": -0.905613947002066, "confidence": 0.45158925996941723, "mass": 0.9999975831396462, "hinge_active": 0.0, "stop_prob": 0.9998253285884857, "sampled_number_rate": 1.0, "kl": 0.0, "kl_coef": 0.05, "value_loss": 0.0}
A decoder-only architecture is being used, but right-padding was detected! For correct generation results, please set `padding_side='left'` when initializing the tokenizer.
{"step": 294, "epoch": 0, "batch_hash": 2297667019, "rows": 7, "skipped": 1, "answer_accuracy": 0.8571428571428571, "updates": 4, "seconds": 2.475158929824829, "time": 1790990914.4243982, "loss": -0.9180626984832027, "confidence": 0.7282546057435054, "mass": 0.9999984398394206, "hinge_active": 0.0, "stop_prob": 0.9999320251601083, "sampled_number_rate": 0.9999999999999998, "kl": 0.0, "kl_coef": 0.05, "value_loss": 0.0}
A decoder-only architecture is being used, but right-padding was detected! For correct generation results, please set `padding_side='left'` when initializing the tokenizer.
{"step": 295, "epoch": 0, "batch_hash": 777936630, "rows": 8, "skipped": 0, "answer_accuracy": 0.875, "updates": 4, "seconds": 2.2791504859924316, "time": 1790990916.705714, "loss": -0.8926252263891699, "confidence": 0.6302140891525402, "mass": 0.9999989399559152, "hinge_active": 0.0, "stop_prob": 0.9999307841062546, "sampled_number_rate": 1.0, "kl": 0.0, "kl_coef": 0.05, "value_loss": 0.0}
A decoder-only architecture is being used, but right-padding was detected! For correct generation results, please set `padding_side='left'` when initializing the tokenizer.
{"step": 296, "epoch": 0, "batch_hash": 3469435001, "rows": 8, "skipped": 0, "answer_accuracy": 0.5, "updates": 4, "seconds": 2.347835063934326, "time": 1790990919.0637681, "loss": -0.9013763982051086, "confidence": 0.6255951853797515, "mass": 0.9999989487377757, "hinge_active": 0.0, "stop_prob": 0.9999370127916336, "sampled_number_rate": 1.0, "kl": 0.0, "kl_coef": 0.05, "value_loss": 0.0}
A decoder-only architecture is being used, but right-padding was detected! For correct generation results, please set `padding_side='left'` when initializing the tokenizer.
{"step": 297, "epoch": 0, "batch_hash": 2300843358, "rows": 5, "skipped": 3, "answer_accuracy": 0.6, "updates": 4, "seconds": 13.340790510177612, "time": 1790990932.4077659, "loss": -0.8208354139650947, "confidence": 0.6930603741609803, "mass": 0.9999914624595836, "hinge_active": 0.0, "stop_prob": 0.999892783164978, "sampled_number_rate": 1.0, "kl": 0.0, "kl_coef": 0.05, "value_loss": 0.0}
A decoder-only architecture is being used, but right-padding was detected! For correct generation results, please set `padding_side='left'` when initializing the tokenizer.
{"step": 298, "epoch": 0, "batch_hash": 1508782871, "rows": 8, "skipped": 0, "answer_accuracy": 0.625, "updates": 4, "seconds": 3.6281678676605225, "time": 1790990936.0454502, "loss": -0.7527063828855192, "confidence": 0.7819883428531862, "mass": 0.9999970736716697, "hinge_active": 0.0, "stop_prob": 0.9998734295368195, "sampled_number_rate": 1.0, "kl": 0.0, "kl_coef": 0.05, "value_loss": 0.0}
A decoder-only architecture is being used, but right-padding was detected! For correct generation results, please set `padding_side='left'` when initializing the tokenizer.
{"step": 299, "epoch": 0, "batch_hash": 1759494854, "rows": 8, "skipped": 0, "answer_accuracy": 0.5, "updates": 4, "seconds": 2.1672708988189697, "time": 1790990938.2182138, "loss": -0.8661890082269786, "confidence": 0.711899035128357, "mass": 0.9999992188692084, "hinge_active": 0.0, "stop_prob": 0.9999370723962784, "sampled_number_rate": 1.0, "kl": 0.0, "kl_coef": 0.05, "value_loss": 0.0}
A decoder-only architecture is being used, but right-padding was detected! For correct generation results, please set `padding_side='left'` when initializing the tokenizer.
{"step": 300, "epoch": 0, "batch_hash": 3258573699, "rows": 8, "skipped": 0, "answer_accuracy": 0.625, "updates": 4, "seconds": 2.279961109161377, "time": 1790990940.5008292, "loss": -0.8889784646874652, "confidence": 0.49534922752500377, "mass": 0.9999985274514472, "hinge_active": 0.0, "stop_prob": 0.9984331503510475, "sampled_number_rate": 1.0, "kl": 0.0, "kl_coef": 0.05, "value_loss": 0.0}
A decoder-only architecture is being used, but right-padding was detected! For correct generation results, please set `padding_side='left'` when initializing the tokenizer.
{"step": 301, "epoch": 0, "batch_hash": 70934905, "rows": 8, "skipped": 0, "answer_accuracy": 0.625, "updates": 4, "seconds": 2.399899482727051, "time": 1790990942.9156282, "loss": -0.8617863475220908, "confidence": 0.7507861476143816, "mass": 0.9999976819737173, "hinge_active": 0.0, "stop_prob": 0.9999222010374069, "sampled_number_rate": 1.0, "kl": 0.0, "kl_coef": 0.05, "value_loss": 0.0}
A decoder-only architecture is being used, but right-padding was detected! For correct generation results, please set `padding_side='left'` when initializing the tokenizer.
{"step": 302, "epoch": 0, "batch_hash": 880882709, "rows": 8, "skipped": 0, "answer_accuracy": 0.625, "updates": 4, "seconds": 2.6629114151000977, "time": 1790990945.581592, "loss": -0.9259141805931238, "confidence": 0.5871036357521503, "mass": 0.99999223873316, "hinge_active": 0.0, "stop_prob": 0.9998893514275551, "sampled_number_rate": 1.0, "kl": 0.0, "kl_coef": 0.05, "value_loss": 0.0}
A decoder-only architecture is being used, but right-padding was detected! For correct generation results, please set `padding_side='left'` when initializing the tokenizer.
{"step": 303, "epoch": 0, "batch_hash": 2746053135, "rows": 8, "skipped": 0, "answer_accuracy": 0.375, "updates": 4, "seconds": 2.60383677482605, "time": 1790990948.1885176, "loss": -0.9373308338605904, "confidence": 0.4877943792886362, "mass": 0.9999943126869468, "hinge_active": 0.0, "stop_prob": 0.9999372288584709, "sampled_number_rate": 1.0, "kl": 0.0, "kl_coef": 0.05, "value_loss": 0.0}
A decoder-only architecture is being used, but right-padding was detected! For correct generation results, please set `padding_side='left'` when initializing the tokenizer.
{"step": 304, "epoch": 0, "batch_hash": 4164991174, "rows": 5, "skipped": 3, "answer_accuracy": 0.6, "updates": 4, "seconds": 13.312619686126709, "time": 1790990961.503996, "loss": -0.9569751530090271, "confidence": 0.61552905297313, "mass": 0.9999916099455155, "hinge_active": 0.0, "stop_prob": 0.9998956203460694, "sampled_number_rate": 1.0, "kl": 0.0, "kl_coef": 0.05, "value_loss": 0.0}
A decoder-only architecture is being used, but right-padding was detected! For correct generation results, please set `padding_side='left'` when initializing the tokenizer.
{"step": 305, "epoch": 0, "batch_hash": 1099856335, "rows": 7, "skipped": 1, "answer_accuracy": 0.7142857142857143, "updates": 4, "seconds": 4.042153835296631, "time": 1790990965.5577164, "loss": -0.9778320717051445, "confidence": 0.6411522578117902, "mass": 0.9999693656401993, "hinge_active": 0.0, "stop_prob": 0.9996897237641471, "sampled_number_rate": 0.9999999999999998, "kl": 0.0, "kl_coef": 0.05, "value_loss": 0.0}
A decoder-only architecture is being used, but right-padding was detected! For correct generation results, please set `padding_side='left'` when initializing the tokenizer.
{"step": 306, "epoch": 0, "batch_hash": 2982403122, "rows": 8, "skipped": 0, "answer_accuracy": 0.75, "updates": 4, "seconds": 2.3428940773010254, "time": 1790990967.904284, "loss": -0.8828361477269949, "confidence": 0.5595860486602906, "mass": 0.999997990688797, "hinge_active": 0.0, "stop_prob": 0.9994775503873825, "sampled_number_rate": 1.0, "kl": 0.0, "kl_coef": 0.05, "value_loss": 0.0}
A decoder-only architecture is being used, but right-padding was detected! For correct generation results, please set `padding_side='left'` when initializing the tokenizer.
{"step": 307, "epoch": 0, "batch_hash": 3768908150, "rows": 8, "skipped": 0, "answer_accuracy": 0.5, "updates": 4, "seconds": 2.775519609451294, "time": 1790990970.6952512, "loss": -0.837949414944266, "confidence": 0.6431114702201937, "mass": 0.9998289074173933, "hinge_active": 0.0, "stop_prob": 0.9997566714882851, "sampled_number_rate": 1.0, "kl": 0.0, "kl_coef": 0.05, "value_loss": 0.0}
A decoder-only architecture is being used, but right-padding was detected! For correct generation results, please set `padding_side='left'` when initializing the tokenizer.
{"step": 308, "epoch": 0, "batch_hash": 428631, "rows": 8, "skipped": 0, "answer_accuracy": 0.625, "updates": 4, "seconds": 2.3363747596740723, "time": 1790990973.0340495, "loss": -0.9190871709252696, "confidence": 0.7174248504733399, "mass": 0.9999759536595165, "hinge_active": 0.0, "stop_prob": 0.9998814687132835, "sampled_number_rate": 1.0, "kl": 0.0, "kl_coef": 0.05, "value_loss": 0.0}
A decoder-only architecture is being used, but right-padding was detected! For correct generation results, please set `padding_side='left'` when initializing the tokenizer.
{"step": 309, "epoch": 0, "batch_hash": 1595232692, "rows": 8, "skipped": 0, "answer_accuracy": 0.5, "updates": 4, "seconds": 2.2700843811035156, "time": 1790990975.3070252, "loss": -0.8175201066388886, "confidence": 0.5198127840725142, "mass": 0.9999976717180751, "hinge_active": 0.0, "stop_prob": 0.9999336376786232, "sampled_number_rate": 1.0, "kl": 0.0, "kl_coef": 0.05, "value_loss": 0.0}
A decoder-only architecture is being used, but right-padding was detected! For correct generation results, please set `padding_side='left'` when initializing the tokenizer.
{"step": 310, "epoch": 0, "batch_hash": 3571293202, "rows": 8, "skipped": 0, "answer_accuracy": 0.5, "updates": 4, "seconds": 2.2206640243530273, "time": 1790990977.5367372, "loss": -0.9611067964957949, "confidence": 0.4768816613895488, "mass": 0.9998422247806773, "hinge_active": 0.0, "stop_prob": 0.9980763122439384, "sampled_number_rate": 1.0, "kl": 0.0, "kl_coef": 0.05, "value_loss": 0.0}
A decoder-only architecture is being used, but right-padding was detected! For correct generation results, please set `padding_side='left'` when initializing the tokenizer.
{"step": 311, "epoch": 0, "batch_hash": 3636215057, "rows": 8, "skipped": 0, "answer_accuracy": 0.625, "updates": 4, "seconds": 2.5432286262512207, "time": 1790990980.0821733, "loss": -0.9359143232257604, "confidence": 0.5475619299861985, "mass": 0.9999918387913235, "hinge_active": 0.0, "stop_prob": 0.9999170675873756, "sampled_number_rate": 1.0, "kl": 0.0, "kl_coef": 0.05, "value_loss": 0.0}
A decoder-only architecture is being used, but right-padding was detected! For correct generation results, please set `padding_side='left'` when initializing the tokenizer.
{"step": 312, "epoch": 0, "batch_hash": 1218754818, "rows": 8, "skipped": 0, "answer_accuracy": 0.75, "updates": 4, "seconds": 2.2082042694091797, "time": 1790990982.3827963, "loss": -0.9252508955399984, "confidence": 0.7700315698838469, "mass": 0.9999838790766672, "hinge_active": 0.0, "stop_prob": 0.9998783320188522, "sampled_number_rate": 1.0, "kl": 0.0, "kl_coef": 0.05, "value_loss": 0.0}
A decoder-only architecture is being used, but right-padding was detected! For correct generation results, please set `padding_side='left'` when initializing the tokenizer.
{"step": 313, "epoch": 0, "batch_hash": 1153037774, "rows": 8, "skipped": 0, "answer_accuracy": 0.375, "updates": 4, "seconds": 2.3233585357666016, "time": 1790990984.70846, "loss": -0.820222452954543, "confidence": 0.5210731320459362, "mass": 0.9999870936549621, "hinge_active": 0.0, "stop_prob": 0.9998989403247833, "sampled_number_rate": 1.0, "kl": 0.0, "kl_coef": 0.05, "value_loss": 0.0}
A decoder-only architecture is being used, but right-padding was detected! For correct generation results, please set `padding_side='left'` when initializing the tokenizer.
{"step": 314, "epoch": 0, "batch_hash": 4242779498, "rows": 8, "skipped": 0, "answer_accuracy": 0.625, "updates": 4, "seconds": 2.2242655754089355, "time": 1790990986.9416215, "loss": -0.9244762390987328, "confidence": 0.4458509976992481, "mass": 0.9997508771360764, "hinge_active": 0.0, "stop_prob": 0.9996724501252174, "sampled_number_rate": 1.0, "kl": 0.0, "kl_coef": 0.05, "value_loss": 0.0}
A decoder-only architecture is being used, but right-padding was detected! For correct generation results, please set `padding_side='left'` when initializing the tokenizer.
{"step": 315, "epoch": 0, "batch_hash": 1306690008, "rows": 8, "skipped": 0, "answer_accuracy": 0.5, "updates": 4, "seconds": 3.127194404602051, "time": 1790990990.0711472, "loss": -0.818087861533475, "confidence": 0.49609810617195993, "mass": 0.9999582437484354, "hinge_active": 0.0, "stop_prob": 0.999598503112793, "sampled_number_rate": 1.0, "kl": 0.0, "kl_coef": 0.05, "value_loss": 0.0}
A decoder-only architecture is being used, but right-padding was detected! For correct generation results, please set `padding_side='left'` when initializing the tokenizer.
{"step": 316, "epoch": 0, "batch_hash": 3248995784, "rows": 8, "skipped": 0, "answer_accuracy": 0.75, "updates": 4, "seconds": 2.28926157951355, "time": 1790990992.3653584, "loss": -0.8183625348010346, "confidence": 0.5372459677306902, "mass": 0.9991504244239376, "hinge_active": 0.0, "stop_prob": 0.999847523868084, "sampled_number_rate": 1.0, "kl": 0.0, "kl_coef": 0.05, "value_loss": 0.0}
A decoder-only architecture is being used, but right-padding was detected! For correct generation results, please set `padding_side='left'` when initializing the tokenizer.
{"step": 317, "epoch": 0, "batch_hash": 2903183415, "rows": 8, "skipped": 0, "answer_accuracy": 0.625, "updates": 4, "seconds": 2.2616236209869385, "time": 1790990994.6292675, "loss": -0.965452640353966, "confidence": 0.6126322360484296, "mass": 0.9998863753347779, "hinge_active": 0.0, "stop_prob": 0.9998671188950539, "sampled_number_rate": 1.0, "kl": 0.0, "kl_coef": 0.05, "value_loss": 0.0}
A decoder-only architecture is being used, but right-padding was detected! For correct generation results, please set `padding_side='left'` when initializing the tokenizer.
{"step": 318, "epoch": 0, "batch_hash": 2491303500, "rows": 8, "skipped": 0, "answer_accuracy": 0.5, "updates": 4, "seconds": 2.4013020992279053, "time": 1790990997.0327818, "loss": -0.9516898817662782, "confidence": 0.4455546658353928, "mass": 0.9999938442154926, "hinge_active": 0.0, "stop_prob": 0.9994191229343414, "sampled_number_rate": 1.0, "kl": 0.0, "kl_coef": 0.05, "value_loss": 0.0}
A decoder-only architecture is being used, but right-padding was detected! For correct generation results, please set `padding_side='left'` when initializing the tokenizer.
{"step": 319, "epoch": 0, "batch_hash": 4208386819, "rows": 8, "skipped": 0, "answer_accuracy": 0.875, "updates": 4, "seconds": 2.213087558746338, "time": 1790990999.250453, "loss": -0.9078172531351574, "confidence": 0.768842069532928, "mass": 0.9999735627815023, "hinge_active": 0.0, "stop_prob": 0.9999017640948296, "sampled_number_rate": 1.0, "kl": 0.0, "kl_coef": 0.05, "value_loss": 0.0}
A decoder-only architecture is being used, but right-padding was detected! For correct generation results, please set `padding_side='left'` when initializing the tokenizer.
{"step": 320, "epoch": 0, "batch_hash": 858669561, "rows": 8, "skipped": 0, "answer_accuracy": 0.75, "updates": 4, "seconds": 2.2496352195739746, "time": 1790991001.5035017, "loss": -0.9362277647741402, "confidence": 0.6500001033357288, "mass": 0.9998150204122778, "hinge_active": 0.0, "stop_prob": 0.9999203234910965, "sampled_number_rate": 1.0, "kl": 0.0, "kl_coef": 0.05, "value_loss": 0.0}
checkpoint at step 320 (0.9 s)
A decoder-only architecture is being used, but right-padding was detected! For correct generation results, please set `padding_side='left'` when initializing the tokenizer.
{"step": 321, "epoch": 0, "batch_hash": 492524323, "rows": 8, "skipped": 0, "answer_accuracy": 0.625, "updates": 4, "seconds": 2.272217035293579, "time": 1790991004.7201576, "loss": -0.6359118416442816, "confidence": 0.5888071894022867, "mass": 0.9999938468386863, "hinge_active": 0.0, "stop_prob": 0.999405525624752, "sampled_number_rate": 1.0, "kl": 0.0, "kl_coef": 0.05, "value_loss": 0.0}
A decoder-only architecture is being used, but right-padding was detected! For correct generation results, please set `padding_side='left'` when initializing the tokenizer.
{"step": 322, "epoch": 0, "batch_hash": 1967176519, "rows": 8, "skipped": 0, "answer_accuracy": 0.625, "updates": 4, "seconds": 2.3498573303222656, "time": 1790991007.0728676, "loss": -0.9137162100107333, "confidence": 0.6572781400998149, "mass": 0.9999602800563524, "hinge_active": 0.0, "stop_prob": 0.9999279007315636, "sampled_number_rate": 1.0, "kl": 0.0, "kl_coef": 0.05, "value_loss": 0.0}
A decoder-only architecture is being used, but right-padding was detected! For correct generation results, please set `padding_side='left'` when initializing the tokenizer.
{"step": 323, "epoch": 0, "batch_hash": 3061683342, "rows": 8, "skipped": 0, "answer_accuracy": 0.75, "updates": 4, "seconds": 2.224416494369507, "time": 1790991009.3004615, "loss": -0.8674405073227847, "confidence": 0.7292035461918888, "mass": 0.999997547591363, "hinge_active": 0.0, "stop_prob": 0.9999351426959038, "sampled_number_rate": 1.0, "kl": 0.0, "kl_coef": 0.05, "value_loss": 0.0}
A decoder-only architecture is being used, but right-padding was detected! For correct generation results, please set `padding_side='left'` when initializing the tokenizer.
{"step": 324, "epoch": 0, "batch_hash": 1891273455, "rows": 8, "skipped": 0, "answer_accuracy": 0.375, "updates": 4, "seconds": 2.615939140319824, "time": 1790991011.9318154, "loss": -0.9572345290582118, "confidence": 0.42932132869667367, "mass": 0.999985728065069, "hinge_active": 0.0, "stop_prob": 0.9986435174942017, "sampled_number_rate": 1.0, "kl": 0.0, "kl_coef": 0.05, "value_loss": 0.0}
A decoder-only architecture is being used, but right-padding was detected! For correct generation results, please set `padding_side='left'` when initializing the tokenizer.
{"step": 325, "epoch": 0, "batch_hash": 847977163, "rows": 8, "skipped": 0, "answer_accuracy": 0.75, "updates": 4, "seconds": 2.3283069133758545, "time": 1790991014.2621722, "loss": -0.9017279320400853, "confidence": 0.6875091048552388, "mass": 0.9999570842999879, "hinge_active": 0.0, "stop_prob": 0.9999294728040695, "sampled_number_rate": 1.0, "kl": 0.0, "kl_coef": 0.05, "value_loss": 0.0}
A decoder-only architecture is being used, but right-padding was detected! For correct generation results, please set `padding_side='left'` when initializing the tokenizer.
{"step": 326, "epoch": 0, "batch_hash": 595104069, "rows": 8, "skipped": 0, "answer_accuracy": 0.75, "updates": 4, "seconds": 2.226301431655884, "time": 1790991016.490914, "loss": -0.8414773431111787, "confidence": 0.6301388332105076, "mass": 0.9998013437316787, "hinge_active": 0.0, "stop_prob": 0.9999295175075531, "sampled_number_rate": 1.0, "kl": 0.0, "kl_coef": 0.05, "value_loss": 0.0}
A decoder-only architecture is being used, but right-padding was detected! For correct generation results, please set `padding_side='left'` when initializing the tokenizer.
{"step": 327, "epoch": 0, "batch_hash": 3675142279, "rows": 7, "skipped": 1, "answer_accuracy": 0.7142857142857143, "updates": 4, "seconds": 13.196923971176147, "time": 1790991029.6900058, "loss": -0.867307797071476, "confidence": 0.7535274741574756, "mass": 0.9999846519404346, "hinge_active": 0.0, "stop_prob": 0.999933796269553, "sampled_number_rate": 0.9999999999999998, "kl": 0.0, "kl_coef": 0.05, "value_loss": 0.0}
A decoder-only architecture is being used, but right-padding was detected! For correct generation results, please set `padding_side='left'` when initializing the tokenizer.
{"step": 328, "epoch": 0, "batch_hash": 1397000716, "rows": 8, "skipped": 0, "answer_accuracy": 0.5, "updates": 4, "seconds": 2.3985214233398438, "time": 1790991032.0931726, "loss": -0.8023480632353258, "confidence": 0.524526920273241, "mass": 0.9982526683756856, "hinge_active": 0.0, "stop_prob": 0.9998292848467827, "sampled_number_rate": 1.0, "kl": 0.0, "kl_coef": 0.05, "value_loss": 0.0}
A decoder-only architecture is being used, but right-padding was detected! For correct generation results, please set `padding_side='left'` when initializing the tokenizer.
{"step": 329, "epoch": 0, "batch_hash": 1114145561, "rows": 8, "skipped": 0, "answer_accuracy": 0.5, "updates": 4, "seconds": 2.3516225814819336, "time": 1790991034.4477432, "loss": -0.8979076080606259, "confidence": 0.5495270649510728, "mass": 0.999936280433511, "hinge_active": 0.0, "stop_prob": 0.9965221732854843, "sampled_number_rate": 1.0, "kl": 0.0, "kl_coef": 0.05, "value_loss": 0.0}
A decoder-only architecture is being used, but right-padding was detected! For correct generation results, please set `padding_side='left'` when initializing the tokenizer.
{"step": 330, "epoch": 0, "batch_hash": 1292123904, "rows": 8, "skipped": 0, "answer_accuracy": 0.375, "updates": 4, "seconds": 2.290616750717163, "time": 1790991036.7407353, "loss": -0.934073104650263, "confidence": 0.4538559646986231, "mass": 0.9999501137149949, "hinge_active": 0.0, "stop_prob": 0.9998888373374939, "sampled_number_rate": 1.0, "kl": 0.0, "kl_coef": 0.05, "value_loss": 0.0}
A decoder-only architecture is being used, but right-padding was detected! For correct generation results, please set `padding_side='left'` when initializing the tokenizer.
{"step": 331, "epoch": 0, "batch_hash": 277637856, "rows": 7, "skipped": 1, "answer_accuracy": 0.7142857142857143, "updates": 4, "seconds": 2.0856688022613525, "time": 1790991038.8287652, "loss": -0.8692456030724433, "confidence": 0.5852004572977635, "mass": 0.9998485975298498, "hinge_active": 0.0, "stop_prob": 0.9998964497021267, "sampled_number_rate": 0.9999999999999998, "kl": 0.0, "kl_coef": 0.05, "value_loss": 0.0}
A decoder-only architecture is being used, but right-padding was detected! For correct generation results, please set `padding_side='left'` when initializing the tokenizer.
{"step": 332, "epoch": 0, "batch_hash": 2037205751, "rows": 7, "skipped": 1, "answer_accuracy": 0.5714285714285714, "updates": 4, "seconds": 2.2184112071990967, "time": 1790991041.0501418, "loss": -0.9309540253730311, "confidence": 0.4096705238673038, "mass": 0.9999988365329908, "hinge_active": 0.0, "stop_prob": 0.9999402506010873, "sampled_number_rate": 0.9999999999999998, "kl": 0.0, "kl_coef": 0.05, "value_loss": 0.0}
A decoder-only architecture is being used, but right-padding was detected! For correct generation results, please set `padding_side='left'` when initializing the tokenizer.
{"step": 333, "epoch": 0, "batch_hash": 3643856313, "rows": 8, "skipped": 0, "answer_accuracy": 0.75, "updates": 4, "seconds": 2.2257020473480225, "time": 1790991043.278726, "loss": -0.9684894358460995, "confidence": 0.6532991201915158, "mass": 0.9999286453070423, "hinge_active": 0.0, "stop_prob": 0.9996633008122444, "sampled_number_rate": 1.0, "kl": 0.0, "kl_coef": 0.05, "value_loss": 0.0}
A decoder-only architecture is being used, but right-padding was detected! For correct generation results, please set `padding_side='left'` when initializing the tokenizer.
{"step": 334, "epoch": 0, "batch_hash": 521243877, "rows": 8, "skipped": 0, "answer_accuracy": 0.875, "updates": 4, "seconds": 2.4000041484832764, "time": 1790991045.6816082, "loss": -0.8582904010742137, "confidence": 0.8226172618632721, "mass": 0.9998786248769229, "hinge_active": 0.0, "stop_prob": 0.9999235570430756, "sampled_number_rate": 1.0, "kl": 0.0, "kl_coef": 0.05, "value_loss": 0.0}
A decoder-only architecture is being used, but right-padding was detected! For correct generation results, please set `padding_side='left'` when initializing the tokenizer.
{"step": 335, "epoch": 0, "batch_hash": 3501054336, "rows": 8, "skipped": 0, "answer_accuracy": 0.375, "updates": 4, "seconds": 2.4421393871307373, "time": 1790991048.1264768, "loss": -0.9740244488134083, "confidence": 0.38470665536696147, "mass": 0.9994039687619521, "hinge_active": 0.0, "stop_prob": 0.9996173232793808, "sampled_number_rate": 1.0, "kl": 0.0, "kl_coef": 0.05, "value_loss": 0.0}
A decoder-only architecture is being used, but right-padding was detected! For correct generation results, please set `padding_side='left'` when initializing the tokenizer.
{"step": 336, "epoch": 0, "batch_hash": 2387476189, "rows": 7, "skipped": 1, "answer_accuracy": 0.7142857142857143, "updates": 4, "seconds": 2.9739558696746826, "time": 1790991051.1024878, "loss": -0.8832025472489403, "confidence": 0.7714249758770656, "mass": 0.9995988535485582, "hinge_active": 0.0, "stop_prob": 0.9997489196913583, "sampled_number_rate": 0.9999999999999998, "kl": 0.0, "kl_coef": 0.05, "value_loss": 0.0}
A decoder-only architecture is being used, but right-padding was detected! For correct generation results, please set `padding_side='left'` when initializing the tokenizer.
{"step": 337, "epoch": 0, "batch_hash": 3484446861, "rows": 8, "skipped": 0, "answer_accuracy": 0.75, "updates": 4, "seconds": 2.4010515213012695, "time": 1790991053.5162995, "loss": -0.9225910068022842, "confidence": 0.6041760641812267, "mass": 0.9963068836087114, "hinge_active": 0.0, "stop_prob": 0.9995531269482204, "sampled_number_rate": 0.875, "kl": 0.0, "kl_coef": 0.05, "value_loss": 0.0}
A decoder-only architecture is being used, but right-padding was detected! For correct generation results, please set `padding_side='left'` when initializing the tokenizer.
{"step": 338, "epoch": 0, "batch_hash": 1511613956, "rows": 8, "skipped": 0, "answer_accuracy": 0.625, "updates": 4, "seconds": 2.287259101867676, "time": 1790991055.8059957, "loss": -0.7722991556621273, "confidence": 0.4916752672701709, "mass": 0.9962498934978439, "hinge_active": 0.0, "stop_prob": 0.9998765513300896, "sampled_number_rate": 1.0, "kl": 0.0, "kl_coef": 0.05, "value_loss": 0.0}
A decoder-only architecture is being used, but right-padding was detected! For correct generation results, please set `padding_side='left'` when initializing the tokenizer.
{"step": 339, "epoch": 0, "batch_hash": 1981114844, "rows": 8, "skipped": 0, "answer_accuracy": 0.375, "updates": 4, "seconds": 2.2667932510375977, "time": 1790991058.085742, "loss": -0.8797063228085077, "confidence": 0.4916709181713165, "mass": 0.9998176946485537, "hinge_active": 0.0, "stop_prob": 0.9999122843146324, "sampled_number_rate": 1.0, "kl": 0.0, "kl_coef": 0.05, "value_loss": 0.0}
A decoder-only architecture is being used, but right-padding was detected! For correct generation results, please set `padding_side='left'` when initializing the tokenizer.
{"step": 340, "epoch": 0, "batch_hash": 700601295, "rows": 8, "skipped": 0, "answer_accuracy": 0.875, "updates": 4, "seconds": 2.3918745517730713, "time": 1790991060.4802823, "loss": -0.794224539439065, "confidence": 0.778644583641635, "mass": 0.9630239519663784, "hinge_active": 0.125, "stop_prob": 0.9998671667916434, "sampled_number_rate": 0.875, "kl": 0.0, "kl_coef": 0.05, "value_loss": 0.0}
A decoder-only architecture is being used, but right-padding was detected! For correct generation results, please set `padding_side='left'` when initializing the tokenizer.
{"step": 341, "epoch": 0, "batch_hash": 1742700204, "rows": 8, "skipped": 0, "answer_accuracy": 0.625, "updates": 4, "seconds": 2.263643741607666, "time": 1790991062.747242, "loss": -0.8883631941939519, "confidence": 0.7142703863116919, "mass": 0.9999993772507841, "hinge_active": 0.0, "stop_prob": 0.9999327659606934, "sampled_number_rate": 1.0, "kl": 0.0, "kl_coef": 0.05, "value_loss": 0.0}
A decoder-only architecture is being used, but right-padding was detected! For correct generation results, please set `padding_side='left'` when initializing the tokenizer.
{"step": 342, "epoch": 0, "batch_hash": 174261699, "rows": 8, "skipped": 0, "answer_accuracy": 0.75, "updates": 4, "seconds": 2.273020029067993, "time": 1790991065.0227504, "loss": -0.9741676246363236, "confidence": 0.6666264676867026, "mass": 0.9999986247752349, "hinge_active": 0.0, "stop_prob": 0.9999249801039696, "sampled_number_rate": 1.0, "kl": 0.0, "kl_coef": 0.05, "value_loss": 0.0}
A decoder-only architecture is being used, but right-padding was detected! For correct generation results, please set `padding_side='left'` when initializing the tokenizer.
{"step": 343, "epoch": 0, "batch_hash": 3517501730, "rows": 8, "skipped": 0, "answer_accuracy": 0.5, "updates": 4, "seconds": 2.8503551483154297, "time": 1790991067.8751855, "loss": -0.8862746070354321, "confidence": 0.6117922167314044, "mass": 0.9999982812104994, "hinge_active": 0.0, "stop_prob": 0.9999361336231232, "sampled_number_rate": 1.0, "kl": 0.0, "kl_coef": 0.05, "value_loss": 0.0}
A decoder-only architecture is being used, but right-padding was detected! For correct generation results, please set `padding_side='left'` when initializing the tokenizer.
{"step": 344, "epoch": 0, "batch_hash": 2396433183, "rows": 8, "skipped": 0, "answer_accuracy": 0.625, "updates": 4, "seconds": 2.5955071449279785, "time": 1790991070.473139, "loss": -0.9306229439808955, "confidence": 0.5575437018294503, "mass": 0.999998133845603, "hinge_active": 0.0, "stop_prob": 0.9999414384365082, "sampled_number_rate": 1.0, "kl": 0.0, "kl_coef": 0.05, "value_loss": 0.0}
A decoder-only architecture is being used, but right-padding was detected! For correct generation results, please set `padding_side='left'` when initializing the tokenizer.
{"step": 345, "epoch": 0, "batch_hash": 109107295, "rows": 7, "skipped": 1, "answer_accuracy": 0.7142857142857143, "updates": 4, "seconds": 2.7472689151763916, "time": 1790991073.2235942, "loss": -0.8698849883108026, "confidence": 0.7850161366962234, "mass": 0.9999995583177921, "hinge_active": 0.0, "stop_prob": 0.9999373384884426, "sampled_number_rate": 0.9999999999999998, "kl": 0.0, "kl_coef": 0.05, "value_loss": 0.0}
A decoder-only architecture is being used, but right-padding was detected! For correct generation results, please set `padding_side='left'` when initializing the tokenizer.
{"step": 346, "epoch": 0, "batch_hash": 1360765700, "rows": 8, "skipped": 0, "answer_accuracy": 0.5, "updates": 4, "seconds": 2.3341825008392334, "time": 1790991075.5609064, "loss": -0.8245486668571225, "confidence": 0.6176388272559629, "mass": 0.9999996101632275, "hinge_active": 0.0, "stop_prob": 0.999944843351841, "sampled_number_rate": 1.0, "kl": 0.0, "kl_coef": 0.05, "value_loss": 0.0}
A decoder-only architecture is being used, but right-padding was detected! For correct generation results, please set `padding_side='left'` when initializing the tokenizer.
{"step": 347, "epoch": 0, "batch_hash": 1958872434, "rows": 2, "skipped": 6, "answer_accuracy": 0.5, "updates": 2, "seconds": 12.69090223312378, "time": 1790991088.2551115, "loss": -0.9697327183977269, "confidence": 0.5001386013542769, "mass": 0.9999982686401485, "hinge_active": 0.0, "stop_prob": 0.9999149739742279, "sampled_number_rate": 1.0, "kl": 0.0, "kl_coef": 0.05, "value_loss": 0.0}
A decoder-only architecture is being used, but right-padding was detected! For correct generation results, please set `padding_side='left'` when initializing the tokenizer.
{"step": 348, "epoch": 0, "batch_hash": 3572629133, "rows": 8, "skipped": 0, "answer_accuracy": 0.5, "updates": 4, "seconds": 2.9245569705963135, "time": 1790991091.1819437, "loss": -0.7294727520725373, "confidence": 0.7650708518112532, "mass": 0.9999995053313965, "hinge_active": 0.0, "stop_prob": 0.9999438971281052, "sampled_number_rate": 1.0, "kl": 0.0, "kl_coef": 0.05, "value_loss": 0.0}
A decoder-only architecture is being used, but right-padding was detected! For correct generation results, please set `padding_side='left'` when initializing the tokenizer.
{"step": 349, "epoch": 0, "batch_hash": 1174818442, "rows": 8, "skipped": 0, "answer_accuracy": 0.625, "updates": 4, "seconds": 2.2812798023223877, "time": 1790991093.467951, "loss": -0.8345053526125239, "confidence": 0.5618592937498808, "mass": 0.9999995931295108, "hinge_active": 0.0, "stop_prob": 0.999510370194912, "sampled_number_rate": 1.0, "kl": 0.0, "kl_coef": 0.05, "value_loss": 0.0}
A decoder-only architecture is being used, but right-padding was detected! For correct generation results, please set `padding_side='left'` when initializing the tokenizer.
{"step": 350, "epoch": 0, "batch_hash": 300591079, "rows": 7, "skipped": 1, "answer_accuracy": 0.8571428571428571, "updates": 4, "seconds": 2.2665963172912598, "time": 1790991095.7386932, "loss": -0.8862958883253669, "confidence": 0.7605391864142405, "mass": 0.9999997166607133, "hinge_active": 0.0, "stop_prob": 0.9999396290097918, "sampled_number_rate": 0.9999999999999998, "kl": 0.0, "kl_coef": 0.05, "value_loss": 0.0}
A decoder-only architecture is being used, but right-padding was detected! For correct generation results, please set `padding_side='left'` when initializing the tokenizer.
{"step": 351, "epoch": 0, "batch_hash": 2548422320, "rows": 8, "skipped": 0, "answer_accuracy": 0.75, "updates": 4, "seconds": 2.3482704162597656, "time": 1790991098.0896573, "loss": -0.8130301200564497, "confidence": 0.7351207526736131, "mass": 0.9999998214800665, "hinge_active": 0.0, "stop_prob": 0.9999469295144081, "sampled_number_rate": 1.0, "kl": 0.0, "kl_coef": 0.05, "value_loss": 0.0}
A decoder-only architecture is being used, but right-padding was detected! For correct generation results, please set `padding_side='left'` when initializing the tokenizer.
{"step": 352, "epoch": 0, "batch_hash": 549305641, "rows": 8, "skipped": 0, "answer_accuracy": 0.625, "updates": 4, "seconds": 2.3784782886505127, "time": 1790991100.4706647, "loss": -0.7020226758819588, "confidence": 0.37703736825921297, "mass": 0.9999994070005945, "hinge_active": 0.0, "stop_prob": 0.999793142080307, "sampled_number_rate": 1.0, "kl": 0.0, "kl_coef": 0.05, "value_loss": 0.0}
checkpoint at step 352 (0.7 s)
A decoder-only architecture is being used, but right-padding was detected! For correct generation results, please set `padding_side='left'` when initializing the tokenizer.
{"step": 353, "epoch": 0, "batch_hash": 1343748248, "rows": 8, "skipped": 0, "answer_accuracy": 0.5, "updates": 4, "seconds": 2.410386323928833, "time": 1790991103.5879126, "loss": -0.8377752761119596, "confidence": 0.522584935439703, "mass": 0.9999996444384359, "hinge_active": 0.0, "stop_prob": 0.9999557808041573, "sampled_number_rate": 1.0, "kl": 0.0, "kl_coef": 0.05, "value_loss": 0.0}
A decoder-only architecture is being used, but right-padding was detected! For correct generation results, please set `padding_side='left'` when initializing the tokenizer.
{"step": 354, "epoch": 0, "batch_hash": 420996263, "rows": 8, "skipped": 0, "answer_accuracy": 0.375, "updates": 4, "seconds": 2.512465238571167, "time": 1790991106.1034214, "loss": -0.8864209416865739, "confidence": 0.47498869930759613, "mass": 0.9999987978731174, "hinge_active": 0.0, "stop_prob": 0.9999527558684349, "sampled_number_rate": 1.0, "kl": 0.0, "kl_coef": 0.05, "value_loss": 0.0}
A decoder-only architecture is being used, but right-padding was detected! For correct generation results, please set `padding_side='left'` when initializing the tokenizer.
{"step": 355, "epoch": 0, "batch_hash": 1559362871, "rows": 8, "skipped": 0, "answer_accuracy": 0.625, "updates": 4, "seconds": 2.2666432857513428, "time": 1790991108.3821013, "loss": -0.8537438311566211, "confidence": 0.5531733344450982, "mass": 0.9999996584117861, "hinge_active": 0.0, "stop_prob": 0.9999712631106377, "sampled_number_rate": 1.0, "kl": 0.0, "kl_coef": 0.05, "value_loss": 0.0}
A decoder-only architecture is being used, but right-padding was detected! For correct generation results, please set `padding_side='left'` when initializing the tokenizer.
{"step": 356, "epoch": 0, "batch_hash": 1520035136, "rows": 8, "skipped": 0, "answer_accuracy": 0.75, "updates": 4, "seconds": 2.2331056594848633, "time": 1790991110.617395, "loss": -0.8460512276316873, "confidence": 0.4951264448289472, "mass": 0.999999712445015, "hinge_active": 0.0, "stop_prob": 0.9999699592590332, "sampled_number_rate": 1.0, "kl": 0.0, "kl_coef": 0.05, "value_loss": 0.0}
A decoder-only architecture is being used, but right-padding was detected! For correct generation results, please set `padding_side='left'` when initializing the tokenizer.
{"step": 357, "epoch": 0, "batch_hash": 3621651821, "rows": 7, "skipped": 1, "answer_accuracy": 0.42857142857142855, "updates": 4, "seconds": 3.9059970378875732, "time": 1790991114.5272932, "loss": -0.8974578741381212, "confidence": 0.5607549096046871, "mass": 0.9999994417211339, "hinge_active": 0.0, "stop_prob": 0.9999730331557137, "sampled_number_rate": 0.9999999999999998, "kl": 0.0, "kl_coef": 0.05, "value_loss": 0.0}
A decoder-only architecture is being used, but right-padding was detected! For correct generation results, please set `padding_side='left'` when initializing the tokenizer.
{"step": 358, "epoch": 0, "batch_hash": 735930281, "rows": 8, "skipped": 0, "answer_accuracy": 0.625, "updates": 4, "seconds": 2.360452890396118, "time": 1790991116.8904269, "loss": -0.962189565911153, "confidence": 0.6045779221251624, "mass": 0.9999993382544096, "hinge_active": 0.0, "stop_prob": 0.9999681860208511, "sampled_number_rate": 1.0, "kl": 0.0, "kl_coef": 0.05, "value_loss": 0.0}
A decoder-only architecture is being used, but right-padding was detected! For correct generation results, please set `padding_side='left'` when initializing the tokenizer.
{"step": 359, "epoch": 0, "batch_hash": 2917183809, "rows": 8, "skipped": 0, "answer_accuracy": 0.5, "updates": 4, "seconds": 2.2307825088500977, "time": 1790991119.1232939, "loss": -0.9091150585393472, "confidence": 0.5748194310961855, "mass": 0.99999869402111, "hinge_active": 0.0, "stop_prob": 0.999946728348732, "sampled_number_rate": 1.0, "kl": 0.0, "kl_coef": 0.05, "value_loss": 0.0}
A decoder-only architecture is being used, but right-padding was detected! For correct generation results, please set `padding_side='left'` when initializing the tokenizer.
{"step": 360, "epoch": 0, "batch_hash": 655667881, "rows": 8, "skipped": 0, "answer_accuracy": 0.5, "updates": 4, "seconds": 2.2743263244628906, "time": 1790991121.411365, "loss": -0.8733651188304864, "confidence": 0.5651204623303854, "mass": 0.999999639165282, "hinge_active": 0.0, "stop_prob": 0.9999711513519287, "sampled_number_rate": 1.0, "kl": 0.0, "kl_coef": 0.05, "value_loss": 0.0}
A decoder-only architecture is being used, but right-padding was detected! For correct generation results, please set `padding_side='left'` when initializing the tokenizer.
{"step": 361, "epoch": 0, "batch_hash": 2916849536, "rows": 8, "skipped": 0, "answer_accuracy": 0.75, "updates": 4, "seconds": 2.291402816772461, "time": 1790991123.708645, "loss": -0.9518726439881277, "confidence": 0.7459099394757782, "mass": 0.9999987172077984, "hinge_active": 0.0, "stop_prob": 0.9993805587291718, "sampled_number_rate": 1.0, "kl": 0.0, "kl_coef": 0.05, "value_loss": 0.0}
A decoder-only architecture is being used, but right-padding was detected! For correct generation results, please set `padding_side='left'` when initializing the tokenizer.
{"step": 362, "epoch": 0, "batch_hash": 2844778107, "rows": 8, "skipped": 0, "answer_accuracy": 0.625, "updates": 4, "seconds": 2.2266883850097656, "time": 1790991125.9434896, "loss": -0.8827458694425303, "confidence": 0.6493062673558486, "mass": 0.9999994928734339, "hinge_active": 0.0, "stop_prob": 0.9999705776572227, "sampled_number_rate": 1.0, "kl": 0.0, "kl_coef": 0.05, "value_loss": 0.0}
A decoder-only architecture is being used, but right-padding was detected! For correct generation results, please set `padding_side='left'` when initializing the tokenizer.
{"step": 363, "epoch": 0, "batch_hash": 3494670446, "rows": 8, "skipped": 0, "answer_accuracy": 0.5, "updates": 4, "seconds": 2.187962293624878, "time": 1790991128.134991, "loss": -0.8727716564284966, "confidence": 0.5383300129775758, "mass": 0.9999994754999739, "hinge_active": 0.0, "stop_prob": 0.9999641254544258, "sampled_number_rate": 1.0, "kl": 0.0, "kl_coef": 0.05, "value_loss": 0.0}
A decoder-only architecture is being used, but right-padding was detected! For correct generation results, please set `padding_side='left'` when initializing the tokenizer.
{"step": 364, "epoch": 0, "batch_hash": 2589788653, "rows": 8, "skipped": 0, "answer_accuracy": 0.375, "updates": 4, "seconds": 2.275815725326538, "time": 1790991130.4149528, "loss": -0.8885269468502948, "confidence": 0.4745648453771708, "mass": 0.9999992348057433, "hinge_active": 0.0, "stop_prob": 0.9999734908342361, "sampled_number_rate": 1.0, "kl": 0.0, "kl_coef": 0.05, "value_loss": 0.0}
A decoder-only architecture is being used, but right-padding was detected! For correct generation results, please set `padding_side='left'` when initializing the tokenizer.
{"step": 365, "epoch": 0, "batch_hash": 1292078816, "rows": 8, "skipped": 0, "answer_accuracy": 0.75, "updates": 4, "seconds": 2.239927291870117, "time": 1790991132.657649, "loss": -0.9543203140024146, "confidence": 0.7414050746227794, "mass": 0.9999986944576298, "hinge_active": 0.0, "stop_prob": 0.9999679327011108, "sampled_number_rate": 1.0, "kl": 0.0, "kl_coef": 0.05, "value_loss": 0.0}
A decoder-only architecture is being used, but right-padding was detected! For correct generation results, please set `padding_side='left'` when initializing the tokenizer.
{"step": 366, "epoch": 0, "batch_hash": 3910937137, "rows": 8, "skipped": 0, "answer_accuracy": 0.75, "updates": 4, "seconds": 2.3187036514282227, "time": 1790991134.9794483, "loss": -0.8134049116861114, "confidence": 0.7191605949890969, "mass": 0.9999996361879904, "hinge_active": 0.0, "stop_prob": 0.9999708607792854, "sampled_number_rate": 1.0, "kl": 0.0, "kl_coef": 0.05, "value_loss": 0.0}
A decoder-only architecture is being used, but right-padding was detected! For correct generation results, please set `padding_side='left'` when initializing the tokenizer.
{"step": 367, "epoch": 0, "batch_hash": 1343957650, "rows": 8, "skipped": 0, "answer_accuracy": 0.625, "updates": 4, "seconds": 2.3243212699890137, "time": 1790991137.3064497, "loss": -0.8449506241081689, "confidence": 0.5991434002428743, "mass": 0.9999995181325877, "hinge_active": 0.0, "stop_prob": 0.9999721348285675, "sampled_number_rate": 1.0, "kl": 0.0, "kl_coef": 0.05, "value_loss": 0.0}
A decoder-only architecture is being used, but right-padding was detected! For correct generation results, please set `padding_side='left'` when initializing the tokenizer.
{"step": 368, "epoch": 0, "batch_hash": 1339336559, "rows": 8, "skipped": 0, "answer_accuracy": 0.5, "updates": 4, "seconds": 2.234841823577881, "time": 1790991139.554464, "loss": -0.7232803283280137, "confidence": 0.625462240151378, "mass": 0.9999994800362391, "hinge_active": 0.0, "stop_prob": 0.9999714642763138, "sampled_number_rate": 1.0, "kl": 0.0, "kl_coef": 0.05, "value_loss": 0.0}
A decoder-only architecture is being used, but right-padding was detected! For correct generation results, please set `padding_side='left'` when initializing the tokenizer.
{"step": 369, "epoch": 0, "batch_hash": 1884928946, "rows": 8, "skipped": 0, "answer_accuracy": 0.5, "updates": 4, "seconds": 2.4252357482910156, "time": 1790991141.982577, "loss": -0.8176199467891809, "confidence": 0.7111796808638973, "mass": 0.9999995814771163, "hinge_active": 0.0, "stop_prob": 0.999967023730278, "sampled_number_rate": 1.0, "kl": 0.0, "kl_coef": 0.05, "value_loss": 0.0}
A decoder-only architecture is being used, but right-padding was detected! For correct generation results, please set `padding_side='left'` when initializing the tokenizer.
{"step": 370, "epoch": 0, "batch_hash": 3546565252, "rows": 8, "skipped": 0, "answer_accuracy": 0.75, "updates": 4, "seconds": 2.4083752632141113, "time": 1790991144.3937013, "loss": -0.8763523110238736, "confidence": 0.7822253181591032, "mass": 0.9999993138339708, "hinge_active": 0.0, "stop_prob": 0.99996717274189, "sampled_number_rate": 1.0, "kl": 0.0, "kl_coef": 0.05, "value_loss": 0.0}
A decoder-only architecture is being used, but right-padding was detected! For correct generation results, please set `padding_side='left'` when initializing the tokenizer.
{"step": 371, "epoch": 0, "batch_hash": 767549791, "rows": 8, "skipped": 0, "answer_accuracy": 0.625, "updates": 4, "seconds": 2.51042103767395, "time": 1790991146.9085312, "loss": -0.9382466716414655, "confidence": 0.6555885926117362, "mass": 0.9999993299369646, "hinge_active": 0.0, "stop_prob": 0.9999706000089645, "sampled_number_rate": 1.0, "kl": 0.0, "kl_coef": 0.05, "value_loss": 0.0}
A decoder-only architecture is being used, but right-padding was detected! For correct generation results, please set `padding_side='left'` when initializing the tokenizer.
{"step": 372, "epoch": 0, "batch_hash": 2033695906, "rows": 8, "skipped": 0, "answer_accuracy": 0.625, "updates": 4, "seconds": 2.317362070083618, "time": 1790991149.23511, "loss": -0.8226885331936828, "confidence": 0.5981211708882477, "mass": 0.9999994685889735, "hinge_active": 0.0, "stop_prob": 0.9999721944332123, "sampled_number_rate": 1.0, "kl": 0.0, "kl_coef": 0.05, "value_loss": 0.0}
A decoder-only architecture is being used, but right-padding was detected! For correct generation results, please set `padding_side='left'` when initializing the tokenizer.
{"step": 373, "epoch": 0, "batch_hash": 4228448668, "rows": 8, "skipped": 0, "answer_accuracy": 0.5, "updates": 4, "seconds": 2.2740108966827393, "time": 1790991151.5117166, "loss": -0.9112534374595429, "confidence": 0.5176733558191358, "mass": 0.9999995595940082, "hinge_active": 0.0, "stop_prob": 0.9999755546450615, "sampled_number_rate": 1.0, "kl": 0.0, "kl_coef": 0.05, "value_loss": 0.0}
A decoder-only architecture is being used, but right-padding was detected! For correct generation results, please set `padding_side='left'` when initializing the tokenizer.
{"step": 374, "epoch": 0, "batch_hash": 2904404767, "rows": 8, "skipped": 0, "answer_accuracy": 0.5, "updates": 4, "seconds": 2.280716896057129, "time": 1790991153.7989707, "loss": -0.8605947732346698, "confidence": 0.49087994245229066, "mass": 0.9999993781611412, "hinge_active": 0.0, "stop_prob": 0.9999587833881378, "sampled_number_rate": 1.0, "kl": 0.0, "kl_coef": 0.05, "value_loss": 0.0}
A decoder-only architecture is being used, but right-padding was detected! For correct generation results, please set `padding_side='left'` when initializing the tokenizer.
{"step": 375, "epoch": 0, "batch_hash": 309468568, "rows": 8, "skipped": 0, "answer_accuracy": 0.625, "updates": 4, "seconds": 2.5881454944610596, "time": 1790991156.4044158, "loss": -0.931404439469753, "confidence": 0.5669773826298073, "mass": 0.9999991847485663, "hinge_active": 0.0, "stop_prob": 0.9999666586518288, "sampled_number_rate": 1.0, "kl": 0.0, "kl_coef": 0.05, "value_loss": 0.0}
A decoder-only architecture is being used, but right-padding was detected! For correct generation results, please set `padding_side='left'` when initializing the tokenizer.
{"step": 376, "epoch": 0, "batch_hash": 1419816855, "rows": 8, "skipped": 0, "answer_accuracy": 0.5, "updates": 4, "seconds": 2.5706448554992676, "time": 1790991158.985552, "loss": -0.8319162045851978, "confidence": 0.3872702789245993, "mass": 0.999998422691304, "hinge_active": 0.0, "stop_prob": 0.9999613761901855, "sampled_number_rate": 1.0, "kl": 0.0, "kl_coef": 0.05, "value_loss": 0.0}
A decoder-only architecture is being used, but right-padding was detected! For correct generation results, please set `padding_side='left'` when initializing the tokenizer.
{"step": 377, "epoch": 0, "batch_hash": 231625013, "rows": 8, "skipped": 0, "answer_accuracy": 0.75, "updates": 4, "seconds": 2.18977952003479, "time": 1790991161.1773555, "loss": -0.79234283976952, "confidence": 0.44264492296297525, "mass": 0.9999997366255344, "hinge_active": 0.0, "stop_prob": 0.9999753832817078, "sampled_number_rate": 1.0, "kl": 0.0, "kl_coef": 0.05, "value_loss": 0.0}
A decoder-only architecture is being used, but right-padding was detected! For correct generation results, please set `padding_side='left'` when initializing the tokenizer.
{"step": 378, "epoch": 0, "batch_hash": 3360895297, "rows": 3, "skipped": 5, "answer_accuracy": 0.3333333333333333, "updates": 2, "seconds": 13.014285326004028, "time": 1790991174.1939023, "loss": -0.7511949975026486, "confidence": 0.6095477660350046, "mass": 0.9999985031708185, "hinge_active": 0.0, "stop_prob": 0.9998905658721924, "sampled_number_rate": 1.0, "kl": 0.0, "kl_coef": 0.05, "value_loss": 0.0}
A decoder-only architecture is being used, but right-padding was detected! For correct generation results, please set `padding_side='left'` when initializing the tokenizer.
{"step": 379, "epoch": 0, "batch_hash": 649959376, "rows": 8, "skipped": 0, "answer_accuracy": 0.625, "updates": 4, "seconds": 2.3346219062805176, "time": 1790991176.5310163, "loss": -0.9463287925066916, "confidence": 0.6629305917917184, "mass": 0.9999986035129113, "hinge_active": 0.0, "stop_prob": 0.9999712258577347, "sampled_number_rate": 1.0, "kl": 0.0, "kl_coef": 0.05, "value_loss": 0.0}
A decoder-only architecture is being used, but right-padding was detected! For correct generation results, please set `padding_side='left'` when initializing the tokenizer.
{"step": 380, "epoch": 0, "batch_hash": 230473005, "rows": 8, "skipped": 0, "answer_accuracy": 0.625, "updates": 4, "seconds": 2.3133034706115723, "time": 1790991178.8465295, "loss": -0.8674514639233949, "confidence": 0.7461241645676486, "mass": 0.9999987651801362, "hinge_active": 0.0, "stop_prob": 0.9999704137444496, "sampled_number_rate": 1.0, "kl": 0.0, "kl_coef": 0.05, "value_loss": 0.0}
A decoder-only architecture is being used, but right-padding was detected! For correct generation results, please set `padding_side='left'` when initializing the tokenizer.
{"step": 381, "epoch": 0, "batch_hash": 225262502, "rows": 8, "skipped": 0, "answer_accuracy": 0.375, "updates": 4, "seconds": 2.3775267601013184, "time": 1790991181.226503, "loss": -0.8655594716299149, "confidence": 0.5661411236903684, "mass": 0.9999989366372342, "hinge_active": 0.0, "stop_prob": 0.9999722093343735, "sampled_number_rate": 1.0, "kl": 0.0, "kl_coef": 0.05, "value_loss": 0.0}
A decoder-only architecture is being used, but right-padding was detected! For correct generation results, please set `padding_side='left'` when initializing the tokenizer.
{"step": 382, "epoch": 0, "batch_hash": 838536570, "rows": 8, "skipped": 0, "answer_accuracy": 0.625, "updates": 4, "seconds": 2.263054132461548, "time": 1790991183.491808, "loss": -0.7311869980422238, "confidence": 0.8999990047691975, "mass": 0.9999988729154641, "hinge_active": 0.0, "stop_prob": 0.9999681413173676, "sampled_number_rate": 1.0, "kl": 0.0, "kl_coef": 0.05, "value_loss": 0.0}
A decoder-only architecture is being used, but right-padding was detected! For correct generation results, please set `padding_side='left'` when initializing the tokenizer.
{"step": 383, "epoch": 0, "batch_hash": 3655158720, "rows": 8, "skipped": 0, "answer_accuracy": 0.875, "updates": 4, "seconds": 2.3047122955322266, "time": 1790991185.8005395, "loss": -0.9652639766749997, "confidence": 0.8117736876842747, "mass": 0.9999987502112291, "hinge_active": 0.0, "stop_prob": 0.9999689236283302, "sampled_number_rate": 1.0, "kl": 0.0, "kl_coef": 0.05, "value_loss": 0.0}
A decoder-only architecture is being used, but right-padding was detected! For correct generation results, please set `padding_side='left'` when initializing the tokenizer.
{"step": 384, "epoch": 0, "batch_hash": 2802338694, "rows": 8, "skipped": 0, "answer_accuracy": 0.75, "updates": 4, "seconds": 2.367616891860962, "time": 1790991188.1836433, "loss": -0.8107168654338566, "confidence": 0.8999999599394404, "mass": 0.999997879233462, "hinge_active": 0.0, "stop_prob": 0.9999660849571228, "sampled_number_rate": 1.0, "kl": 0.0, "kl_coef": 0.05, "value_loss": 0.0}
checkpoint at step 384 (0.8 s)
A decoder-only architecture is being used, but right-padding was detected! For correct generation results, please set `padding_side='left'` when initializing the tokenizer.
{"step": 385, "epoch": 0, "batch_hash": 1981530725, "rows": 8, "skipped": 0, "answer_accuracy": 0.75, "updates": 4, "seconds": 2.1716551780700684, "time": 1790991191.1402102, "loss": -0.8139587761366843, "confidence": 0.897951891567693, "mass": 0.9999986813866243, "hinge_active": 0.0, "stop_prob": 0.9999678730964661, "sampled_number_rate": 1.0, "kl": 0.0, "kl_coef": 0.05, "value_loss": 0.0}
A decoder-only architecture is being used, but right-padding was detected! For correct generation results, please set `padding_side='left'` when initializing the tokenizer.
{"step": 386, "epoch": 0, "batch_hash": 1010436185, "rows": 8, "skipped": 0, "answer_accuracy": 0.5, "updates": 4, "seconds": 2.3193695545196533, "time": 1790991193.462465, "loss": -0.7993762569389142, "confidence": 0.7346430404732737, "mass": 0.9999985029332072, "hinge_active": 0.0, "stop_prob": 0.9999679774045944, "sampled_number_rate": 1.0, "kl": 0.0, "kl_coef": 0.05, "value_loss": 0.0}
A decoder-only architecture is being used, but right-padding was detected! For correct generation results, please set `padding_side='left'` when initializing the tokenizer.
{"step": 387, "epoch": 0, "batch_hash": 980807228, "rows": 8, "skipped": 0, "answer_accuracy": 0.5, "updates": 4, "seconds": 2.301915407180786, "time": 1790991195.7666252, "loss": -0.9143312303252744, "confidence": 0.6280914590311037, "mass": 0.9999995270888072, "hinge_active": 0.0, "stop_prob": 0.9999736249446869, "sampled_number_rate": 1.0, "kl": 0.0, "kl_coef": 0.05, "value_loss": 0.0}
A decoder-only architecture is being used, but right-padding was detected! For correct generation results, please set `padding_side='left'` when initializing the tokenizer.
{"step": 388, "epoch": 0, "batch_hash": 553591773, "rows": 8, "skipped": 0, "answer_accuracy": 0.5, "updates": 4, "seconds": 2.270691156387329, "time": 1790991198.039555, "loss": -0.7588218071834054, "confidence": 0.598453831069667, "mass": 0.9999992249781647, "hinge_active": 0.0, "stop_prob": 0.9999684691429138, "sampled_number_rate": 1.0, "kl": 0.0, "kl_coef": 0.05, "value_loss": 0.0}
A decoder-only architecture is being used, but right-padding was detected! For correct generation results, please set `padding_side='left'` when initializing the tokenizer.
{"step": 389, "epoch": 0, "batch_hash": 3191678202, "rows": 8, "skipped": 0, "answer_accuracy": 0.625, "updates": 4, "seconds": 2.228787899017334, "time": 1790991200.2708457, "loss": -0.9615934295477777, "confidence": 0.6012806567590957, "mass": 0.9999992940340112, "hinge_active": 0.0, "stop_prob": 0.9999690279364586, "sampled_number_rate": 1.0, "kl": 0.0, "kl_coef": 0.05, "value_loss": 0.0}
A decoder-only architecture is being used, but right-padding was detected! For correct generation results, please set `padding_side='left'` when initializing the tokenizer.
{"step": 390, "epoch": 0, "batch_hash": 2149716971, "rows": 5, "skipped": 3, "answer_accuracy": 0.0, "updates": 4, "seconds": 13.388152837753296, "time": 1790991213.6616247, "loss": -0.9227123079132221, "confidence": 0.2186607859114015, "mass": 0.9999990279956561, "hinge_active": 0.0, "stop_prob": 0.9999727606773376, "sampled_number_rate": 1.0, "kl": 0.0, "kl_coef": 0.05, "value_loss": 0.0}
A decoder-only architecture is being used, but right-padding was detected! For correct generation results, please set `padding_side='left'` when initializing the tokenizer.
{"step": 391, "epoch": 0, "batch_hash": 3274077760, "rows": 8, "skipped": 0, "answer_accuracy": 0.375, "updates": 4, "seconds": 2.3947176933288574, "time": 1790991216.1508179, "loss": -0.8456362095593699, "confidence": 0.34019108187318103, "mass": 0.9999997374407772, "hinge_active": 0.0, "stop_prob": 0.9999762624502182, "sampled_number_rate": 1.0, "kl": 0.0, "kl_coef": 0.05, "value_loss": 0.0}
A decoder-only architecture is being used, but right-padding was detected! For correct generation results, please set `padding_side='left'` when initializing the tokenizer.
{"step": 392, "epoch": 0, "batch_hash": 574024385, "rows": 7, "skipped": 1, "answer_accuracy": 0.7142857142857143, "updates": 4, "seconds": 2.7898945808410645, "time": 1790991218.9435878, "loss": -0.8243895924875281, "confidence": 0.4882517223267982, "mass": 0.9999996531164332, "hinge_active": 0.0, "stop_prob": 0.9999718070030212, "sampled_number_rate": 0.9999999999999998, "kl": 0.0, "kl_coef": 0.05, "value_loss": 0.0}
A decoder-only architecture is being used, but right-padding was detected! For correct generation results, please set `padding_side='left'` when initializing the tokenizer.
{"step": 393, "epoch": 0, "batch_hash": 617163554, "rows": 8, "skipped": 0, "answer_accuracy": 1.0, "updates": 4, "seconds": 2.2363507747650146, "time": 1790991221.1840346, "loss": -0.8074479215190988, "confidence": 0.6306737106712155, "mass": 0.9999993786520239, "hinge_active": 0.0, "stop_prob": 0.9999694600701332, "sampled_number_rate": 1.0, "kl": 0.0, "kl_coef": 0.05, "value_loss": 0.0}
A decoder-only architecture is being used, but right-padding was detected! For correct generation results, please set `padding_side='left'` when initializing the tokenizer.
{"step": 394, "epoch": 0, "batch_hash": 2041037110, "rows": 8, "skipped": 0, "answer_accuracy": 0.875, "updates": 4, "seconds": 2.3020570278167725, "time": 1790991223.4883847, "loss": -0.8194136852551603, "confidence": 0.7361512199281698, "mass": 0.9999997945364945, "hinge_active": 0.0, "stop_prob": 0.9999661892652512, "sampled_number_rate": 1.0, "kl": 0.0, "kl_coef": 0.05, "value_loss": 0.0}
A decoder-only architecture is being used, but right-padding was detected! For correct generation results, please set `padding_side='left'` when initializing the tokenizer.
{"step": 395, "epoch": 0, "batch_hash": 2551907559, "rows": 8, "skipped": 0, "answer_accuracy": 0.625, "updates": 4, "seconds": 2.4884979724884033, "time": 1790991225.9792824, "loss": -0.9060232324748011, "confidence": 0.6876985282822119, "mass": 0.9999996409506025, "hinge_active": 0.0, "stop_prob": 0.9999679401516914, "sampled_number_rate": 1.0, "kl": 0.0, "kl_coef": 0.05, "value_loss": 0.0}
A decoder-only architecture is being used, but right-padding was detected! For correct generation results, please set `padding_side='left'` when initializing the tokenizer.
{"step": 396, "epoch": 0, "batch_hash": 2053175416, "rows": 8, "skipped": 0, "answer_accuracy": 0.75, "updates": 4, "seconds": 2.493866443634033, "time": 1790991228.4754639, "loss": -0.8814947684240189, "confidence": 0.604918227294408, "mass": 0.9999998403844144, "hinge_active": 0.0, "stop_prob": 0.9999702870845795, "sampled_number_rate": 1.0, "kl": 0.0, "kl_coef": 0.05, "value_loss": 0.0}
A decoder-only architecture is being used, but right-padding was detected! For correct generation results, please set `padding_side='left'` when initializing the tokenizer.
{"step": 397, "epoch": 0, "batch_hash": 1143622020, "rows": 8, "skipped": 0, "answer_accuracy": 0.625, "updates": 4, "seconds": 2.4754459857940674, "time": 1790991230.9535239, "loss": -0.9162746311978835, "confidence": 0.7108990824525491, "mass": 0.999998734798769, "hinge_active": 0.0, "stop_prob": 0.9999661147594452, "sampled_number_rate": 1.0, "kl": 0.0, "kl_coef": 0.05, "value_loss": 0.0}
A decoder-only architecture is being used, but right-padding was detected! For correct generation results, please set `padding_side='left'` when initializing the tokenizer.
{"step": 398, "epoch": 0, "batch_hash": 104110697, "rows": 8, "skipped": 0, "answer_accuracy": 0.5, "updates": 4, "seconds": 2.4792978763580322, "time": 1790991233.4366996, "loss": -0.8731796456283396, "confidence": 0.6427732200750345, "mass": 0.9999994146201496, "hinge_active": 0.0, "stop_prob": 0.9999625459313393, "sampled_number_rate": 1.0, "kl": 0.0, "kl_coef": 0.05, "value_loss": 0.0}
A decoder-only architecture is being used, but right-padding was detected! For correct generation results, please set `padding_side='left'` when initializing the tokenizer.
{"step": 399, "epoch": 0, "batch_hash": 1969123705, "rows": 8, "skipped": 0, "answer_accuracy": 0.625, "updates": 4, "seconds": 2.235881805419922, "time": 1790991235.6749434, "loss": -0.8546350844651295, "confidence": 0.7240925779512764, "mass": 0.9999997766371223, "hinge_active": 0.0, "stop_prob": 0.9999674335122108, "sampled_number_rate": 1.0, "kl": 0.0, "kl_coef": 0.05, "value_loss": 0.0}
A decoder-only architecture is being used, but right-padding was detected! For correct generation results, please set `padding_side='left'` when initializing the tokenizer.
{"step": 400, "epoch": 0, "batch_hash": 2099973365, "rows": 8, "skipped": 0, "answer_accuracy": 0.375, "updates": 4, "seconds": 2.2778806686401367, "time": 1790991237.9562254, "loss": -0.7677318162298131, "confidence": 0.5193879871805899, "mass": 0.9999996509961432, "hinge_active": 0.0, "stop_prob": 0.9999702349305153, "sampled_number_rate": 1.0, "kl": 0.0, "kl_coef": 0.05, "value_loss": 0.0}
A decoder-only architecture is being used, but right-padding was detected! For correct generation results, please set `padding_side='left'` when initializing the tokenizer.
{"step": 401, "epoch": 0, "batch_hash": 2240698909, "rows": 8, "skipped": 0, "answer_accuracy": 0.625, "updates": 4, "seconds": 2.2180655002593994, "time": 1790991240.176285, "loss": -0.9470073753636856, "confidence": 0.6158949598144297, "mass": 0.999999428166713, "hinge_active": 0.0, "stop_prob": 0.9999680370092392, "sampled_number_rate": 1.0, "kl": 0.0, "kl_coef": 0.05, "value_loss": 0.0}
A decoder-only architecture is being used, but right-padding was detected! For correct generation results, please set `padding_side='left'` when initializing the tokenizer.
{"step": 402, "epoch": 0, "batch_hash": 3305270254, "rows": 8, "skipped": 0, "answer_accuracy": 0.625, "updates": 4, "seconds": 2.748753309249878, "time": 1790991242.927259, "loss": -0.817861435655392, "confidence": 0.6835820431610922, "mass": 0.9999986038072093, "hinge_active": 0.0, "stop_prob": 0.9999642372131348, "sampled_number_rate": 1.0, "kl": 0.0, "kl_coef": 0.05, "value_loss": 0.0}
A decoder-only architecture is being used, but right-padding was detected! For correct generation results, please set `padding_side='left'` when initializing the tokenizer.
{"step": 403, "epoch": 0, "batch_hash": 2536764302, "rows": 8, "skipped": 0, "answer_accuracy": 0.5, "updates": 4, "seconds": 2.2748382091522217, "time": 1790991245.2044497, "loss": -0.7563548274424344, "confidence": 0.7616158813623325, "mass": 0.999999369094231, "hinge_active": 0.0, "stop_prob": 0.9999701082706451, "sampled_number_rate": 1.0, "kl": 0.0, "kl_coef": 0.05, "value_loss": 0.0}
A decoder-only architecture is being used, but right-padding was detected! For correct generation results, please set `padding_side='left'` when initializing the tokenizer.
{"step": 404, "epoch": 0, "batch_hash": 3725297846, "rows": 8, "skipped": 0, "answer_accuracy": 0.5, "updates": 4, "seconds": 2.3911378383636475, "time": 1790991247.6091967, "loss": -0.8078290120092037, "confidence": 0.6965053479349543, "mass": 0.9999994513882011, "hinge_active": 0.0, "stop_prob": 0.9999681264162064, "sampled_number_rate": 1.0, "kl": 0.0, "kl_coef": 0.05, "value_loss": 0.0}
A decoder-only architecture is being used, but right-padding was detected! For correct generation results, please set `padding_side='left'` when initializing the tokenizer.
{"step": 405, "epoch": 0, "batch_hash": 1514908085, "rows": 8, "skipped": 0, "answer_accuracy": 0.5, "updates": 4, "seconds": 2.2722952365875244, "time": 1790991249.8916147, "loss": -0.7983793449826486, "confidence": 0.7068572519022126, "mass": 0.9999994800631826, "hinge_active": 0.0, "stop_prob": 0.9999682232737541, "sampled_number_rate": 1.0, "kl": 0.0, "kl_coef": 0.05, "value_loss": 0.0}
A decoder-only architecture is being used, but right-padding was detected! For correct generation results, please set `padding_side='left'` when initializing the tokenizer.
{"step": 406, "epoch": 0, "batch_hash": 762620653, "rows": 8, "skipped": 0, "answer_accuracy": 0.75, "updates": 4, "seconds": 2.415389060974121, "time": 1790991252.3093522, "loss": -0.8642597426394693, "confidence": 0.5569344102163204, "mass": 0.9999996836360138, "hinge_active": 0.0, "stop_prob": 0.9999739900231361, "sampled_number_rate": 1.0, "kl": 0.0, "kl_coef": 0.05, "value_loss": 0.0}
A decoder-only architecture is being used, but right-padding was detected! For correct generation results, please set `padding_side='left'` when initializing the tokenizer.
{"step": 407, "epoch": 0, "batch_hash": 3093285493, "rows": 8, "skipped": 0, "answer_accuracy": 0.625, "updates": 4, "seconds": 2.280595064163208, "time": 1790991254.5968266, "loss": -0.9049755085599402, "confidence": 0.7301429881762229, "mass": 0.9999987473089033, "hinge_active": 0.0, "stop_prob": 0.9999636337161064, "sampled_number_rate": 1.0, "kl": 0.0, "kl_coef": 0.05, "value_loss": 0.0}
A decoder-only architecture is being used, but right-padding was detected! For correct generation results, please set `padding_side='left'` when initializing the tokenizer.
{"step": 408, "epoch": 0, "batch_hash": 439872318, "rows": 8, "skipped": 0, "answer_accuracy": 0.875, "updates": 4, "seconds": 2.3316593170166016, "time": 1790991256.9310243, "loss": -0.9601272512149985, "confidence": 0.7977010636416848, "mass": 0.9999994325615297, "hinge_active": 0.0, "stop_prob": 0.9999648183584213, "sampled_number_rate": 1.0, "kl": 0.0, "kl_coef": 0.05, "value_loss": 0.0}
A decoder-only architecture is being used, but right-padding was detected! For correct generation results, please set `padding_side='left'` when initializing the tokenizer.
{"step": 409, "epoch": 0, "batch_hash": 640462907, "rows": 8, "skipped": 0, "answer_accuracy": 0.75, "updates": 4, "seconds": 2.273026466369629, "time": 1790991259.2064428, "loss": -0.8923915853948916, "confidence": 0.7990324715268532, "mass": 0.9999994048300502, "hinge_active": 0.0, "stop_prob": 0.9999653995037079, "sampled_number_rate": 1.0, "kl": 0.0, "kl_coef": 0.05, "value_loss": 0.0}
A decoder-only architecture is being used, but right-padding was detected! For correct generation results, please set `padding_side='left'` when initializing the tokenizer.
{"step": 410, "epoch": 0, "batch_hash": 3549725684, "rows": 8, "skipped": 0, "answer_accuracy": 0.75, "updates": 4, "seconds": 2.1839122772216797, "time": 1790991261.4001517, "loss": -0.8637460931939531, "confidence": 0.8445731891176922, "mass": 0.9999993234296234, "hinge_active": 0.0, "stop_prob": 0.9999644309282303, "sampled_number_rate": 1.0, "kl": 0.0, "kl_coef": 0.05, "value_loss": 0.0}
A decoder-only architecture is being used, but right-padding was detected! For correct generation results, please set `padding_side='left'` when initializing the tokenizer.
{"step": 411, "epoch": 0, "batch_hash": 2523093825, "rows": 8, "skipped": 0, "answer_accuracy": 0.75, "updates": 4, "seconds": 2.3650271892547607, "time": 1790991263.7812304, "loss": -0.8610316697291206, "confidence": 0.7462760438689281, "mass": 0.9999993442745392, "hinge_active": 0.0, "stop_prob": 0.9999637603759766, "sampled_number_rate": 1.0, "kl": 0.0, "kl_coef": 0.05, "value_loss": 0.0}
A decoder-only architecture is being used, but right-padding was detected! For correct generation results, please set `padding_side='left'` when initializing the tokenizer.
{"step": 412, "epoch": 0, "batch_hash": 3596000805, "rows": 8, "skipped": 0, "answer_accuracy": 0.625, "updates": 4, "seconds": 2.3040971755981445, "time": 1790991266.0876553, "loss": -0.8986792960496786, "confidence": 0.7166781308696323, "mass": 0.9999997710234322, "hinge_active": 0.0, "stop_prob": 0.9999691098928452, "sampled_number_rate": 1.0, "kl": 0.0, "kl_coef": 0.05, "value_loss": 0.0}
A decoder-only architecture is being used, but right-padding was detected! For correct generation results, please set `padding_side='left'` when initializing the tokenizer.
{"step": 413, "epoch": 0, "batch_hash": 895036339, "rows": 8, "skipped": 0, "answer_accuracy": 0.75, "updates": 4, "seconds": 2.3629348278045654, "time": 1790991268.4534383, "loss": -0.88873609086362, "confidence": 0.6442581713003364, "mass": 0.9999997431104735, "hinge_active": 0.0, "stop_prob": 0.9999715983867645, "sampled_number_rate": 1.0, "kl": 0.0, "kl_coef": 0.05, "value_loss": 0.0}
A decoder-only architecture is being used, but right-padding was detected! For correct generation results, please set `padding_side='left'` when initializing the tokenizer.
{"step": 414, "epoch": 0, "batch_hash": 751889705, "rows": 8, "skipped": 0, "answer_accuracy": 0.5, "updates": 4, "seconds": 6.350875616073608, "time": 1790991274.8071516, "loss": -0.9018192595329725, "confidence": 0.6318274173323285, "mass": 0.999996695943972, "hinge_active": 0.0, "stop_prob": 0.9999543353915215, "sampled_number_rate": 1.0, "kl": 0.0, "kl_coef": 0.05, "value_loss": 0.0}
A decoder-only architecture is being used, but right-padding was detected! For correct generation results, please set `padding_side='left'` when initializing the tokenizer.
{"step": 415, "epoch": 0, "batch_hash": 2433726971, "rows": 8, "skipped": 0, "answer_accuracy": 0.875, "updates": 4, "seconds": 2.3499274253845215, "time": 1790991277.1834586, "loss": -0.9327087498451493, "confidence": 0.7164456126802419, "mass": 0.9999995381697738, "hinge_active": 0.0, "stop_prob": 0.9999673366546631, "sampled_number_rate": 1.0, "kl": 0.0, "kl_coef": 0.05, "value_loss": 0.0}
A decoder-only architecture is being used, but right-padding was detected! For correct generation results, please set `padding_side='left'` when initializing the tokenizer.
{"step": 416, "epoch": 0, "batch_hash": 620912478, "rows": 8, "skipped": 0, "answer_accuracy": 0.625, "updates": 4, "seconds": 2.2573482990264893, "time": 1790991279.4445891, "loss": -0.7777282975296482, "confidence": 0.7097714013911166, "mass": 0.999999721057849, "hinge_active": 0.0, "stop_prob": 0.9999704509973526, "sampled_number_rate": 1.0, "kl": 0.0, "kl_coef": 0.05, "value_loss": 0.0}
checkpoint at step 416 (0.7 s)
A decoder-only architecture is being used, but right-padding was detected! For correct generation results, please set `padding_side='left'` when initializing the tokenizer.
{"step": 417, "epoch": 0, "batch_hash": 1196422952, "rows": 8, "skipped": 0, "answer_accuracy": 0.75, "updates": 4, "seconds": 2.3244237899780273, "time": 1790991282.4703999, "loss": -0.9043114961186406, "confidence": 0.7736971108369152, "mass": 0.9999994873224588, "hinge_active": 0.0, "stop_prob": 0.9999666586518288, "sampled_number_rate": 1.0, "kl": 0.0, "kl_coef": 0.05, "value_loss": 0.0}
A decoder-only architecture is being used, but right-padding was detected! For correct generation results, please set `padding_side='left'` when initializing the tokenizer.
{"step": 418, "epoch": 0, "batch_hash": 2611583194, "rows": 8, "skipped": 0, "answer_accuracy": 0.5, "updates": 4, "seconds": 2.4030516147613525, "time": 1790991284.8756552, "loss": -0.8695370925362007, "confidence": 0.5520949636910663, "mass": 0.9999993776324754, "hinge_active": 0.0, "stop_prob": 0.9999570325016975, "sampled_number_rate": 1.0, "kl": 0.0, "kl_coef": 0.05, "value_loss": 0.0}
A decoder-only architecture is being used, but right-padding was detected! For correct generation results, please set `padding_side='left'` when initializing the tokenizer.
{"step": 419, "epoch": 0, "batch_hash": 776161413, "rows": 8, "skipped": 0, "answer_accuracy": 0.5, "updates": 4, "seconds": 2.6257126331329346, "time": 1790991287.5034132, "loss": -0.8588582508101458, "confidence": 0.522907762078134, "mass": 0.9999994324269855, "hinge_active": 0.0, "stop_prob": 0.999971978366375, "sampled_number_rate": 1.0, "kl": 0.0, "kl_coef": 0.05, "value_loss": 0.0}
A decoder-only architecture is being used, but right-padding was detected! For correct generation results, please set `padding_side='left'` when initializing the tokenizer.
{"step": 420, "epoch": 0, "batch_hash": 2476302129, "rows": 8, "skipped": 0, "answer_accuracy": 0.625, "updates": 4, "seconds": 2.2109501361846924, "time": 1790991289.726753, "loss": -0.8744631484328368, "confidence": 0.6611759427297491, "mass": 0.999999326769016, "hinge_active": 0.0, "stop_prob": 0.9999690279364586, "sampled_number_rate": 1.0, "kl": 0.0, "kl_coef": 0.05, "value_loss": 0.0}
A decoder-only architecture is being used, but right-padding was detected! For correct generation results, please set `padding_side='left'` when initializing the tokenizer.
{"step": 421, "epoch": 0, "batch_hash": 3441296185, "rows": 8, "skipped": 0, "answer_accuracy": 0.5, "updates": 4, "seconds": 3.292886734008789, "time": 1790991293.0221522, "loss": -0.7711143489488957, "confidence": 0.535588727636896, "mass": 0.9999995751761228, "hinge_active": 0.0, "stop_prob": 0.9999656975269318, "sampled_number_rate": 1.0, "kl": 0.0, "kl_coef": 0.05, "value_loss": 0.0}
A decoder-only architecture is being used, but right-padding was detected! For correct generation results, please set `padding_side='left'` when initializing the tokenizer.
{"step": 422, "epoch": 0, "batch_hash": 3944283609, "rows": 8, "skipped": 0, "answer_accuracy": 0.75, "updates": 4, "seconds": 2.269411087036133, "time": 1790991295.2953963, "loss": -0.8480616713984509, "confidence": 0.7276074907351712, "mass": 0.9999997154821654, "hinge_active": 0.0, "stop_prob": 0.9999717324972153, "sampled_number_rate": 1.0, "kl": 0.0, "kl_coef": 0.05, "value_loss": 0.0}
A decoder-only architecture is being used, but right-padding was detected! For correct generation results, please set `padding_side='left'` when initializing the tokenizer.
{"step": 423, "epoch": 0, "batch_hash": 3639905083, "rows": 8, "skipped": 0, "answer_accuracy": 0.625, "updates": 4, "seconds": 2.5804250240325928, "time": 1790991297.878069, "loss": -0.8083904500057433, "confidence": 0.7193919239786789, "mass": 0.9999985313399851, "hinge_active": 0.0, "stop_prob": 0.9999567866325378, "sampled_number_rate": 1.0, "kl": 0.0, "kl_coef": 0.05, "value_loss": 0.0}
A decoder-only architecture is being used, but right-padding was detected! For correct generation results, please set `padding_side='left'` when initializing the tokenizer.
{"step": 424, "epoch": 0, "batch_hash": 3547976041, "rows": 8, "skipped": 0, "answer_accuracy": 0.625, "updates": 4, "seconds": 2.243776321411133, "time": 1790991300.124681, "loss": -0.9133796718086914, "confidence": 0.5896049734832532, "mass": 0.9999996241733407, "hinge_active": 0.0, "stop_prob": 0.9999681711196899, "sampled_number_rate": 1.0, "kl": 0.0, "kl_coef": 0.05, "value_loss": 0.0}
A decoder-only architecture is being used, but right-padding was detected! For correct generation results, please set `padding_side='left'` when initializing the tokenizer.
{"step": 425, "epoch": 0, "batch_hash": 2138332965, "rows": 8, "skipped": 0, "answer_accuracy": 0.5, "updates": 4, "seconds": 2.1813583374023438, "time": 1790991302.3079274, "loss": -0.910512932413611, "confidence": 0.5971644659488909, "mass": 0.9999998441792497, "hinge_active": 0.0, "stop_prob": 0.9999693036079407, "sampled_number_rate": 1.0, "kl": 0.0, "kl_coef": 0.05, "value_loss": 0.0}
A decoder-only architecture is being used, but right-padding was detected! For correct generation results, please set `padding_side='left'` when initializing the tokenizer.
{"step": 426, "epoch": 0, "batch_hash": 3855250708, "rows": 8, "skipped": 0, "answer_accuracy": 0.375, "updates": 4, "seconds": 3.1871581077575684, "time": 1790991305.5022426, "loss": -0.7959561217896183, "confidence": 0.6646048000156799, "mass": 0.9999994889433177, "hinge_active": 0.0, "stop_prob": 0.9999607130885124, "sampled_number_rate": 1.0, "kl": 0.0, "kl_coef": 0.05, "value_loss": 0.0}
A decoder-only architecture is being used, but right-padding was detected! For correct generation results, please set `padding_side='left'` when initializing the tokenizer.
{"step": 427, "epoch": 0, "batch_hash": 739312810, "rows": 8, "skipped": 0, "answer_accuracy": 0.5, "updates": 4, "seconds": 2.2283036708831787, "time": 1790991307.7437365, "loss": -0.8567129315365999, "confidence": 0.546959612306697, "mass": 0.9999998067731708, "hinge_active": 0.0, "stop_prob": 0.9999730512499809, "sampled_number_rate": 1.0, "kl": 0.0, "kl_coef": 0.05, "value_loss": 0.0}
A decoder-only architecture is being used, but right-padding was detected! For correct generation results, please set `padding_side='left'` when initializing the tokenizer.
{"step": 428, "epoch": 0, "batch_hash": 2080253451, "rows": 8, "skipped": 0, "answer_accuracy": 0.375, "updates": 4, "seconds": 2.411846399307251, "time": 1790991310.160524, "loss": -0.8602417558533694, "confidence": 0.4303766839040428, "mass": 0.9999994773982891, "hinge_active": 0.0, "stop_prob": 0.999972328543663, "sampled_number_rate": 1.0, "kl": 0.0, "kl_coef": 0.05, "value_loss": 0.0}
A decoder-only architecture is being used, but right-padding was detected! For correct generation results, please set `padding_side='left'` when initializing the tokenizer.
{"step": 429, "epoch": 0, "batch_hash": 4247026407, "rows": 8, "skipped": 0, "answer_accuracy": 0.75, "updates": 4, "seconds": 2.2340896129608154, "time": 1790991312.397722, "loss": -0.7250338615529152, "confidence": 0.49489971760925117, "mass": 0.999999819650633, "hinge_active": 0.0, "stop_prob": 0.9999751895666122, "sampled_number_rate": 1.0, "kl": 0.0, "kl_coef": 0.05, "value_loss": 0.0}
A decoder-only architecture is being used, but right-padding was detected! For correct generation results, please set `padding_side='left'` when initializing the tokenizer.
{"step": 430, "epoch": 0, "batch_hash": 3000937744, "rows": 8, "skipped": 0, "answer_accuracy": 0.5, "updates": 4, "seconds": 2.3367979526519775, "time": 1790991314.7367394, "loss": -0.8232046406744603, "confidence": 0.7078516109017182, "mass": 0.9999995650421574, "hinge_active": 0.0, "stop_prob": 0.9999701008200645, "sampled_number_rate": 1.0, "kl": 0.0, "kl_coef": 0.05, "value_loss": 0.0}
A decoder-only architecture is being used, but right-padding was detected! For correct generation results, please set `padding_side='left'` when initializing the tokenizer.
{"step": 431, "epoch": 0, "batch_hash": 1558697394, "rows": 8, "skipped": 0, "answer_accuracy": 0.625, "updates": 4, "seconds": 2.2238073348999023, "time": 1790991316.9630477, "loss": -0.8501440104833818, "confidence": 0.6296389221562108, "mass": 0.9999991933852347, "hinge_active": 0.0, "stop_prob": 0.9999518617987633, "sampled_number_rate": 1.0, "kl": 0.0, "kl_coef": 0.05, "value_loss": 0.0}
A decoder-only architecture is being used, but right-padding was detected! For correct generation results, please set `padding_side='left'` when initializing the tokenizer.
{"step": 432, "epoch": 0, "batch_hash": 2577652626, "rows": 8, "skipped": 0, "answer_accuracy": 0.5, "updates": 4, "seconds": 2.4816734790802, "time": 1790991319.4474635, "loss": -0.8119990090746733, "confidence": 0.5807949765171962, "mass": 0.9999998135887844, "hinge_active": 0.0, "stop_prob": 0.9999723136425018, "sampled_number_rate": 1.0, "kl": 0.0, "kl_coef": 0.05, "value_loss": 0.0}
A decoder-only architecture is being used, but right-padding was detected! For correct generation results, please set `padding_side='left'` when initializing the tokenizer.
{"step": 433, "epoch": 0, "batch_hash": 2321160348, "rows": 8, "skipped": 0, "answer_accuracy": 0.625, "updates": 4, "seconds": 2.6388039588928223, "time": 1790991322.08845, "loss": -0.8264320221966176, "confidence": 0.7542312221814795, "mass": 0.9999995540180073, "hinge_active": 0.0, "stop_prob": 0.9999681189656258, "sampled_number_rate": 1.0, "kl": 0.0, "kl_coef": 0.05, "value_loss": 0.0}
A decoder-only architecture is being used, but right-padding was detected! For correct generation results, please set `padding_side='left'` when initializing the tokenizer.
{"step": 434, "epoch": 0, "batch_hash": 1760824136, "rows": 8, "skipped": 0, "answer_accuracy": 0.375, "updates": 4, "seconds": 2.5960686206817627, "time": 1790991324.6869757, "loss": -0.8215912535966041, "confidence": 0.49021601499616424, "mass": 0.9999998342753352, "hinge_active": 0.0, "stop_prob": 0.9999721646308899, "sampled_number_rate": 1.0, "kl": 0.0, "kl_coef": 0.05, "value_loss": 0.0}
A decoder-only architecture is being used, but right-padding was detected! For correct generation results, please set `padding_side='left'` when initializing the tokenizer.
{"step": 435, "epoch": 0, "batch_hash": 299972475, "rows": 8, "skipped": 0, "answer_accuracy": 0.625, "updates": 4, "seconds": 2.2715201377868652, "time": 1790991326.9608266, "loss": -0.9029910284696807, "confidence": 0.6482562856157305, "mass": 0.9999996730945344, "hinge_active": 0.0, "stop_prob": 0.9999683871865273, "sampled_number_rate": 1.0, "kl": 0.0, "kl_coef": 0.05, "value_loss": 0.0}
A decoder-only architecture is being used, but right-padding was detected! For correct generation results, please set `padding_side='left'` when initializing the tokenizer.
{"step": 436, "epoch": 0, "batch_hash": 3400280853, "rows": 8, "skipped": 0, "answer_accuracy": 0.25, "updates": 4, "seconds": 2.178544521331787, "time": 1790991329.1427393, "loss": -0.8135371625541227, "confidence": 0.5438715451669891, "mass": 0.9999998596995214, "hinge_active": 0.0, "stop_prob": 0.9999723583459854, "sampled_number_rate": 1.0, "kl": 0.0, "kl_coef": 0.05, "value_loss": 0.0}
A decoder-only architecture is being used, but right-padding was detected! For correct generation results, please set `padding_side='left'` when initializing the tokenizer.
{"step": 437, "epoch": 0, "batch_hash": 1855659544, "rows": 8, "skipped": 0, "answer_accuracy": 0.625, "updates": 4, "seconds": 2.3008170127868652, "time": 1790991331.4455717, "loss": -0.9138852403139788, "confidence": 0.6609665564005269, "mass": 0.9999996591185274, "hinge_active": 0.0, "stop_prob": 0.9999691992998123, "sampled_number_rate": 1.0, "kl": 0.0, "kl_coef": 0.05, "value_loss": 0.0}
A decoder-only architecture is being used, but right-padding was detected! For correct generation results, please set `padding_side='left'` when initializing the tokenizer.
{"step": 438, "epoch": 0, "batch_hash": 2762705943, "rows": 8, "skipped": 0, "answer_accuracy": 0.875, "updates": 4, "seconds": 2.208186626434326, "time": 1790991333.6565576, "loss": -0.9177369047916167, "confidence": 0.6897163584478998, "mass": 0.9999997938463729, "hinge_active": 0.0, "stop_prob": 0.9999693557620049, "sampled_number_rate": 1.0, "kl": 0.0, "kl_coef": 0.05, "value_loss": 0.0}
A decoder-only architecture is being used, but right-padding was detected! For correct generation results, please set `padding_side='left'` when initializing the tokenizer.
{"step": 439, "epoch": 0, "batch_hash": 3600485062, "rows": 8, "skipped": 0, "answer_accuracy": 0.875, "updates": 4, "seconds": 2.410780191421509, "time": 1790991336.0692532, "loss": -0.869851393144796, "confidence": 0.62557203464198, "mass": 0.9999992622026783, "hinge_active": 0.0, "stop_prob": 0.9999637752771378, "sampled_number_rate": 1.0, "kl": 0.0, "kl_coef": 0.05, "value_loss": 0.0}
A decoder-only architecture is being used, but right-padding was detected! For correct generation results, please set `padding_side='left'` when initializing the tokenizer.
{"step": 440, "epoch": 0, "batch_hash": 1040977053, "rows": 8, "skipped": 0, "answer_accuracy": 0.75, "updates": 4, "seconds": 2.3805601596832275, "time": 1790991338.4520774, "loss": -0.8304712760948763, "confidence": 0.5720711338944136, "mass": 0.9999996949151947, "hinge_active": 0.0, "stop_prob": 0.9999685138463974, "sampled_number_rate": 1.0, "kl": 0.0, "kl_coef": 0.05, "value_loss": 0.0}
A decoder-only architecture is being used, but right-padding was detected! For correct generation results, please set `padding_side='left'` when initializing the tokenizer.
{"step": 441, "epoch": 0, "batch_hash": 4017577312, "rows": 7, "skipped": 1, "answer_accuracy": 0.42857142857142855, "updates": 4, "seconds": 2.528456926345825, "time": 1790991340.984537, "loss": -0.8827295119636926, "confidence": 0.4092680327537641, "mass": 0.9999981588990998, "hinge_active": 0.0, "stop_prob": 0.9999589409146991, "sampled_number_rate": 0.9999999999999998, "kl": 0.0, "kl_coef": 0.05, "value_loss": 0.0}
A decoder-only architecture is being used, but right-padding was detected! For correct generation results, please set `padding_side='left'` when initializing the tokenizer.
{"step": 442, "epoch": 0, "batch_hash": 960708049, "rows": 8, "skipped": 0, "answer_accuracy": 0.5, "updates": 4, "seconds": 2.33363676071167, "time": 1790991343.3205924, "loss": -0.7964852914333462, "confidence": 0.6015465904833993, "mass": 0.9999996687611069, "hinge_active": 0.0, "stop_prob": 0.9999696761369705, "sampled_number_rate": 1.0, "kl": 0.0, "kl_coef": 0.05, "value_loss": 0.0}
A decoder-only architecture is being used, but right-padding was detected! For correct generation results, please set `padding_side='left'` when initializing the tokenizer.
{"step": 443, "epoch": 0, "batch_hash": 4182033743, "rows": 8, "skipped": 0, "answer_accuracy": 1.0, "updates": 4, "seconds": 2.2734289169311523, "time": 1790991345.596782, "loss": -0.9568587772727191, "confidence": 0.8637317965923832, "mass": 0.9999995424705945, "hinge_active": 0.0, "stop_prob": 0.9999655708670616, "sampled_number_rate": 1.0, "kl": 0.0, "kl_coef": 0.05, "value_loss": 0.0}
A decoder-only architecture is being used, but right-padding was detected! For correct generation results, please set `padding_side='left'` when initializing the tokenizer.
{"step": 444, "epoch": 0, "batch_hash": 2634170236, "rows": 8, "skipped": 0, "answer_accuracy": 0.625, "updates": 4, "seconds": 2.262906551361084, "time": 1790991347.861916, "loss": -0.9492916318215334, "confidence": 0.6448141690432864, "mass": 0.9999993225195553, "hinge_active": 0.0, "stop_prob": 0.9999430999159813, "sampled_number_rate": 1.0, "kl": 0.0, "kl_coef": 0.05, "value_loss": 0.0}
A decoder-only architecture is being used, but right-padding was detected! For correct generation results, please set `padding_side='left'` when initializing the tokenizer.
{"step": 445, "epoch": 0, "batch_hash": 2361234710, "rows": 7, "skipped": 1, "answer_accuracy": 0.7142857142857143, "updates": 4, "seconds": 2.548358917236328, "time": 1790991350.412767, "loss": -0.9298787064145981, "confidence": 0.7014971899904334, "mass": 0.9999989591180578, "hinge_active": 0.0, "stop_prob": 0.9999624746186393, "sampled_number_rate": 0.9999999999999998, "kl": 0.0, "kl_coef": 0.05, "value_loss": 0.0}
A decoder-only architecture is being used, but right-padding was detected! For correct generation results, please set `padding_side='left'` when initializing the tokenizer.
{"step": 446, "epoch": 0, "batch_hash": 2179786128, "rows": 8, "skipped": 0, "answer_accuracy": 0.875, "updates": 4, "seconds": 2.320059299468994, "time": 1790991352.7363257, "loss": -0.8911968801456974, "confidence": 0.7355430317626922, "mass": 0.9999995766459755, "hinge_active": 0.0, "stop_prob": 0.999969482421875, "sampled_number_rate": 1.0, "kl": 0.0, "kl_coef": 0.05, "value_loss": 0.0}
A decoder-only architecture is being used, but right-padding was detected! For correct generation results, please set `padding_side='left'` when initializing the tokenizer.
{"step": 447, "epoch": 0, "batch_hash": 387418275, "rows": 8, "skipped": 0, "answer_accuracy": 0.625, "updates": 4, "seconds": 2.322813034057617, "time": 1790991355.0618334, "loss": -0.8491825521000629, "confidence": 0.748672860013086, "mass": 0.999999096856692, "hinge_active": 0.0, "stop_prob": 0.9999659582972527, "sampled_number_rate": 1.0, "kl": 0.0, "kl_coef": 0.05, "value_loss": 0.0}
A decoder-only architecture is being used, but right-padding was detected! For correct generation results, please set `padding_side='left'` when initializing the tokenizer.
{"step": 448, "epoch": 0, "batch_hash": 851552192, "rows": 8, "skipped": 0, "answer_accuracy": 0.5, "updates": 4, "seconds": 2.2303144931793213, "time": 1790991357.2946565, "loss": -0.9108617095357394, "confidence": 0.6321052281891458, "mass": 0.9999995747024212, "hinge_active": 0.0, "stop_prob": 0.9999721199274063, "sampled_number_rate": 1.0, "kl": 0.0, "kl_coef": 0.05, "value_loss": 0.0}
checkpoint at step 448 (0.7 s)
A decoder-only architecture is being used, but right-padding was detected! For correct generation results, please set `padding_side='left'` when initializing the tokenizer.
{"step": 449, "epoch": 0, "batch_hash": 969522906, "rows": 8, "skipped": 0, "answer_accuracy": 0.25, "updates": 4, "seconds": 2.496798515319824, "time": 1790991360.4835567, "loss": -0.8585019352811001, "confidence": 0.4880274899730325, "mass": 0.999999492583525, "hinge_active": 0.0, "stop_prob": 0.999970443546772, "sampled_number_rate": 1.0, "kl": 0.0, "kl_coef": 0.05, "value_loss": 0.0}
A decoder-only architecture is being used, but right-padding was detected! For correct generation results, please set `padding_side='left'` when initializing the tokenizer.
{"step": 450, "epoch": 0, "batch_hash": 2737280031, "rows": 8, "skipped": 0, "answer_accuracy": 0.5, "updates": 4, "seconds": 2.2675368785858154, "time": 1790991362.7541444, "loss": -0.9148549644067521, "confidence": 0.5977530407668358, "mass": 0.9999996663497166, "hinge_active": 0.0, "stop_prob": 0.9999707415699959, "sampled_number_rate": 1.0, "kl": 0.0, "kl_coef": 0.05, "value_loss": 0.0}
A decoder-only architecture is being used, but right-padding was detected! For correct generation results, please set `padding_side='left'` when initializing the tokenizer.
{"step": 451, "epoch": 0, "batch_hash": 3512239044, "rows": 8, "skipped": 0, "answer_accuracy": 0.5, "updates": 4, "seconds": 2.2351419925689697, "time": 1790991364.991974, "loss": -0.7940385485148053, "confidence": 0.44947590808480814, "mass": 0.99999949966941, "hinge_active": 0.0, "stop_prob": 0.9999709874391556, "sampled_number_rate": 1.0, "kl": 0.0, "kl_coef": 0.05, "value_loss": 0.0}
A decoder-only architecture is being used, but right-padding was detected! For correct generation results, please set `padding_side='left'` when initializing the tokenizer.
{"step": 452, "epoch": 0, "batch_hash": 296892987, "rows": 7, "skipped": 1, "answer_accuracy": 0.5714285714285714, "updates": 4, "seconds": 3.572263240814209, "time": 1790991368.566121, "loss": -0.8649634891516228, "confidence": 0.6925055622241707, "mass": 0.9999994664305798, "hinge_active": 0.0, "stop_prob": 0.9999687160764422, "sampled_number_rate": 0.9999999999999998, "kl": 0.0, "kl_coef": 0.05, "value_loss": 0.0}
A decoder-only architecture is being used, but right-padding was detected! For correct generation results, please set `padding_side='left'` when initializing the tokenizer.
{"step": 453, "epoch": 0, "batch_hash": 24793682, "rows": 8, "skipped": 0, "answer_accuracy": 0.375, "updates": 4, "seconds": 2.2988436222076416, "time": 1790991370.869155, "loss": -0.9412275910131734, "confidence": 0.4798599803885668, "mass": 0.9999997738822513, "hinge_active": 0.0, "stop_prob": 0.999973714351654, "sampled_number_rate": 1.0, "kl": 0.0, "kl_coef": 0.05, "value_loss": 0.0}
A decoder-only architecture is being used, but right-padding was detected! For correct generation results, please set `padding_side='left'` when initializing the tokenizer.
{"step": 454, "epoch": 0, "batch_hash": 2594466427, "rows": 8, "skipped": 0, "answer_accuracy": 0.625, "updates": 4, "seconds": 2.132131338119507, "time": 1790991373.003955, "loss": -0.9026376949993873, "confidence": 0.5256309877384242, "mass": 0.9999992992928035, "hinge_active": 0.0, "stop_prob": 0.9999721199274063, "sampled_number_rate": 1.0, "kl": 0.0, "kl_coef": 0.05, "value_loss": 0.0}
A decoder-only architecture is being used, but right-padding was detected! For correct generation results, please set `padding_side='left'` when initializing the tokenizer.
{"step": 455, "epoch": 0, "batch_hash": 2355343618, "rows": 8, "skipped": 0, "answer_accuracy": 0.5, "updates": 4, "seconds": 2.265077829360962, "time": 1790991375.2813284, "loss": -0.848746416453341, "confidence": 0.37675448285537766, "mass": 0.9999994378355431, "hinge_active": 0.0, "stop_prob": 0.9999769553542137, "sampled_number_rate": 1.0, "kl": 0.0, "kl_coef": 0.05, "value_loss": 0.0}
A decoder-only architecture is being used, but right-padding was detected! For correct generation results, please set `padding_side='left'` when initializing the tokenizer.
{"step": 456, "epoch": 0, "batch_hash": 1106830571, "rows": 8, "skipped": 0, "answer_accuracy": 0.875, "updates": 4, "seconds": 2.1923975944519043, "time": 1790991377.4763463, "loss": -0.8996899091839247, "confidence": 0.8264177307393313, "mass": 0.9999996582569515, "hinge_active": 0.0, "stop_prob": 0.9999670758843422, "sampled_number_rate": 1.0, "kl": 0.0, "kl_coef": 0.05, "value_loss": 0.0}
A decoder-only architecture is being used, but right-padding was detected! For correct generation results, please set `padding_side='left'` when initializing the tokenizer.
{"step": 457, "epoch": 0, "batch_hash": 4173458920, "rows": 8, "skipped": 0, "answer_accuracy": 0.625, "updates": 4, "seconds": 2.6492302417755127, "time": 1790991380.127743, "loss": -0.8845055837029633, "confidence": 0.588916546723952, "mass": 0.9999981674624151, "hinge_active": 0.0, "stop_prob": 0.9999696314334869, "sampled_number_rate": 1.0, "kl": 0.0, "kl_coef": 0.05, "value_loss": 0.0}
A decoder-only architecture is being used, but right-padding was detected! For correct generation results, please set `padding_side='left'` when initializing the tokenizer.
{"step": 458, "epoch": 0, "batch_hash": 133098461, "rows": 8, "skipped": 0, "answer_accuracy": 0.75, "updates": 4, "seconds": 2.328495740890503, "time": 1790991382.4594135, "loss": -0.7748428659457579, "confidence": 0.7685018970274088, "mass": 0.9999994653415138, "hinge_active": 0.0, "stop_prob": 0.9999680444598198, "sampled_number_rate": 1.0, "kl": 0.0, "kl_coef": 0.05, "value_loss": 0.0}
A decoder-only architecture is being used, but right-padding was detected! For correct generation results, please set `padding_side='left'` when initializing the tokenizer.
{"step": 459, "epoch": 0, "batch_hash": 1606756407, "rows": 8, "skipped": 0, "answer_accuracy": 0.5, "updates": 4, "seconds": 2.6566224098205566, "time": 1790991385.1188378, "loss": -0.8862627245306973, "confidence": 0.6305774393761637, "mass": 0.9999997334561569, "hinge_active": 0.0, "stop_prob": 0.9999705851078033, "sampled_number_rate": 1.0, "kl": 0.0, "kl_coef": 0.05, "value_loss": 0.0}
A decoder-only architecture is being used, but right-padding was detected! For correct generation results, please set `padding_side='left'` when initializing the tokenizer.
{"step": 460, "epoch": 0, "batch_hash": 966104539, "rows": 8, "skipped": 0, "answer_accuracy": 0.875, "updates": 4, "seconds": 2.2304465770721436, "time": 1790991387.3516314, "loss": -0.8816891249992275, "confidence": 0.6621238894696954, "mass": 0.9999995008247003, "hinge_active": 0.0, "stop_prob": 0.999969944357872, "sampled_number_rate": 1.0, "kl": 0.0, "kl_coef": 0.05, "value_loss": 0.0}
A decoder-only architecture is being used, but right-padding was detected! For correct generation results, please set `padding_side='left'` when initializing the tokenizer.
{"step": 461, "epoch": 0, "batch_hash": 1486573603, "rows": 7, "skipped": 1, "answer_accuracy": 0.7142857142857143, "updates": 4, "seconds": 13.458483934402466, "time": 1790991400.812555, "loss": -0.9573706559265656, "confidence": 0.6658837937886614, "mass": 0.9999990723683939, "hinge_active": 0.0, "stop_prob": 0.9999628833362034, "sampled_number_rate": 0.9999999999999998, "kl": 0.0, "kl_coef": 0.05, "value_loss": 0.0}
A decoder-only architecture is being used, but right-padding was detected! For correct generation results, please set `padding_side='left'` when initializing the tokenizer.
{"step": 462, "epoch": 0, "batch_hash": 2479143494, "rows": 7, "skipped": 1, "answer_accuracy": 0.5714285714285714, "updates": 4, "seconds": 2.9393436908721924, "time": 1790991403.758204, "loss": -0.823960233070731, "confidence": 0.5577603953542072, "mass": 0.9999996256821324, "hinge_active": 0.0, "stop_prob": 0.9999730672155108, "sampled_number_rate": 0.9999999999999998, "kl": 0.0, "kl_coef": 0.05, "value_loss": 0.0}
A decoder-only architecture is being used, but right-padding was detected! For correct generation results, please set `padding_side='left'` when initializing the tokenizer.
{"step": 463, "epoch": 0, "batch_hash": 984042822, "rows": 8, "skipped": 0, "answer_accuracy": 0.75, "updates": 4, "seconds": 2.2712905406951904, "time": 1790991406.032309, "loss": -0.8800614039128791, "confidence": 0.779469511105629, "mass": 0.999999729018556, "hinge_active": 0.0, "stop_prob": 0.9999688342213631, "sampled_number_rate": 1.0, "kl": 0.0, "kl_coef": 0.05, "value_loss": 0.0}
A decoder-only architecture is being used, but right-padding was detected! For correct generation results, please set `padding_side='left'` when initializing the tokenizer.
{"step": 464, "epoch": 0, "batch_hash": 1845868676, "rows": 8, "skipped": 0, "answer_accuracy": 0.625, "updates": 4, "seconds": 2.171558380126953, "time": 1790991408.2064636, "loss": -0.8484893648882218, "confidence": 0.5603169047325568, "mass": 0.9999997124922679, "hinge_active": 0.0, "stop_prob": 0.9999719858169556, "sampled_number_rate": 1.0, "kl": 0.0, "kl_coef": 0.05, "value_loss": 0.0}
A decoder-only architecture is being used, but right-padding was detected! For correct generation results, please set `padding_side='left'` when initializing the tokenizer.
{"step": 465, "epoch": 0, "batch_hash": 3267581896, "rows": 8, "skipped": 0, "answer_accuracy": 0.75, "updates": 4, "seconds": 2.185701608657837, "time": 1790991410.404447, "loss": -0.9467384263646939, "confidence": 0.6584053196336581, "mass": 0.9999996238175314, "hinge_active": 0.0, "stop_prob": 0.9999706447124481, "sampled_number_rate": 1.0, "kl": 0.0, "kl_coef": 0.05, "value_loss": 0.0}
A decoder-only architecture is being used, but right-padding was detected! For correct generation results, please set `padding_side='left'` when initializing the tokenizer.
{"step": 466, "epoch": 0, "batch_hash": 2596287056, "rows": 8, "skipped": 0, "answer_accuracy": 0.625, "updates": 4, "seconds": 2.258589506149292, "time": 1790991412.6746294, "loss": -0.8705421655665995, "confidence": 0.5947893911160752, "mass": 0.9999997281336893, "hinge_active": 0.0, "stop_prob": 0.9999717250466347, "sampled_number_rate": 1.0, "kl": 0.0, "kl_coef": 0.05, "value_loss": 0.0}
A decoder-only architecture is being used, but right-padding was detected! For correct generation results, please set `padding_side='left'` when initializing the tokenizer.
{"step": 467, "epoch": 0, "batch_hash": 3639350493, "rows": 8, "skipped": 0, "answer_accuracy": 0.375, "updates": 4, "seconds": 2.23551607131958, "time": 1790991414.9121578, "loss": -0.8453871294760046, "confidence": 0.4836059964176313, "mass": 0.9999996699587385, "hinge_active": 0.0, "stop_prob": 0.9999713972210884, "sampled_number_rate": 1.0, "kl": 0.0, "kl_coef": 0.05, "value_loss": 0.0}
A decoder-only architecture is being used, but right-padding was detected! For correct generation results, please set `padding_side='left'` when initializing the tokenizer.
{"step": 468, "epoch": 0, "batch_hash": 2172454186, "rows": 7, "skipped": 1, "answer_accuracy": 0.14285714285714285, "updates": 4, "seconds": 2.990156888961792, "time": 1790991417.9066768, "loss": -0.930725354648043, "confidence": 0.281639153948038, "mass": 0.9999980366800595, "hinge_active": 0.0, "stop_prob": 0.9999638795852661, "sampled_number_rate": 0.9999999999999998, "kl": 0.0, "kl_coef": 0.05, "value_loss": 0.0}
A decoder-only architecture is being used, but right-padding was detected! For correct generation results, please set `padding_side='left'` when initializing the tokenizer.
{"step": 469, "epoch": 0, "batch_hash": 2490089886, "rows": 8, "skipped": 0, "answer_accuracy": 0.125, "updates": 4, "seconds": 2.3234386444091797, "time": 1790991420.2417347, "loss": -0.8085595288434482, "confidence": 0.4876224781079425, "mass": 0.9999995159745543, "hinge_active": 0.0, "stop_prob": 0.9999711811542511, "sampled_number_rate": 1.0, "kl": 0.0, "kl_coef": 0.05, "value_loss": 0.0}
A decoder-only architecture is being used, but right-padding was detected! For correct generation results, please set `padding_side='left'` when initializing the tokenizer.
{"step": 470, "epoch": 0, "batch_hash": 1880918565, "rows": 8, "skipped": 0, "answer_accuracy": 0.625, "updates": 4, "seconds": 2.1888179779052734, "time": 1790991422.4331162, "loss": -0.8613632347480956, "confidence": 0.6434853721651402, "mass": 0.9999994674072062, "hinge_active": 0.0, "stop_prob": 0.9999696761369705, "sampled_number_rate": 1.0, "kl": 0.0, "kl_coef": 0.05, "value_loss": 0.0}
A decoder-only architecture is being used, but right-padding was detected! For correct generation results, please set `padding_side='left'` when initializing the tokenizer.
{"step": 471, "epoch": 0, "batch_hash": 824123945, "rows": 8, "skipped": 0, "answer_accuracy": 0.5, "updates": 4, "seconds": 2.421146869659424, "time": 1790991424.8589706, "loss": -0.8662934602484377, "confidence": 0.5170346567273792, "mass": 0.9999996370355968, "hinge_active": 0.0, "stop_prob": 0.9999716281890869, "sampled_number_rate": 1.0, "kl": 0.0, "kl_coef": 0.05, "value_loss": 0.0}
A decoder-only architecture is being used, but right-padding was detected! For correct generation results, please set `padding_side='left'` when initializing the tokenizer.
{"step": 472, "epoch": 0, "batch_hash": 3221154629, "rows": 8, "skipped": 0, "answer_accuracy": 0.875, "updates": 4, "seconds": 2.430521011352539, "time": 1790991427.2950954, "loss": -0.8865753884241923, "confidence": 0.6025927070344586, "mass": 0.9999995961010326, "hinge_active": 0.0, "stop_prob": 0.9999714270234108, "sampled_number_rate": 1.0, "kl": 0.0, "kl_coef": 0.05, "value_loss": 0.0}
A decoder-only architecture is being used, but right-padding was detected! For correct generation results, please set `padding_side='left'` when initializing the tokenizer.
{"step": 473, "epoch": 0, "batch_hash": 4291031356, "rows": 8, "skipped": 0, "answer_accuracy": 0.5, "updates": 4, "seconds": 2.360600233078003, "time": 1790991429.6579876, "loss": -0.7242767132222877, "confidence": 0.6851700033480224, "mass": 0.9999996190499557, "hinge_active": 0.0, "stop_prob": 0.9999685883522034, "sampled_number_rate": 1.0, "kl": 0.0, "kl_coef": 0.05, "value_loss": 0.0}
A decoder-only architecture is being used, but right-padding was detected! For correct generation results, please set `padding_side='left'` when initializing the tokenizer.
{"step": 474, "epoch": 0, "batch_hash": 789587632, "rows": 8, "skipped": 0, "answer_accuracy": 0.375, "updates": 4, "seconds": 2.385172128677368, "time": 1790991432.046409, "loss": -0.859412609770881, "confidence": 0.4863613878594713, "mass": 0.9999992883339206, "hinge_active": 0.0, "stop_prob": 0.9999725595116615, "sampled_number_rate": 1.0, "kl": 0.0, "kl_coef": 0.05, "value_loss": 0.0}
A decoder-only architecture is being used, but right-padding was detected! For correct generation results, please set `padding_side='left'` when initializing the tokenizer.
{"step": 475, "epoch": 0, "batch_hash": 1802074608, "rows": 8, "skipped": 0, "answer_accuracy": 0.5, "updates": 4, "seconds": 2.213794469833374, "time": 1790991434.2648337, "loss": -0.8755431554016075, "confidence": 0.6487240540799283, "mass": 0.9999996149512328, "hinge_active": 0.0, "stop_prob": 0.9999714270234108, "sampled_number_rate": 1.0, "kl": 0.0, "kl_coef": 0.05, "value_loss": 0.0}
A decoder-only architecture is being used, but right-padding was detected! For correct generation results, please set `padding_side='left'` when initializing the tokenizer.
{"step": 476, "epoch": 0, "batch_hash": 2070265608, "rows": 8, "skipped": 0, "answer_accuracy": 0.5, "updates": 4, "seconds": 2.6844844818115234, "time": 1790991436.9517581, "loss": -0.856754311255046, "confidence": 0.47816469606968004, "mass": 0.9999961307720608, "hinge_active": 0.0, "stop_prob": 0.9997481107711792, "sampled_number_rate": 1.0, "kl": 0.0, "kl_coef": 0.05, "value_loss": 0.0}
A decoder-only architecture is being used, but right-padding was detected! For correct generation results, please set `padding_side='left'` when initializing the tokenizer.
{"step": 477, "epoch": 0, "batch_hash": 2874081911, "rows": 8, "skipped": 0, "answer_accuracy": 0.75, "updates": 4, "seconds": 2.3133511543273926, "time": 1790991439.2674925, "loss": -0.9259761585036985, "confidence": 0.6552951263067728, "mass": 0.9999998108841881, "hinge_active": 0.0, "stop_prob": 0.999969132244587, "sampled_number_rate": 1.0, "kl": 0.0, "kl_coef": 0.05, "value_loss": 0.0}
A decoder-only architecture is being used, but right-padding was detected! For correct generation results, please set `padding_side='left'` when initializing the tokenizer.
{"step": 478, "epoch": 0, "batch_hash": 2648177848, "rows": 7, "skipped": 1, "answer_accuracy": 0.42857142857142855, "updates": 4, "seconds": 13.393736839294434, "time": 1790991452.6757407, "loss": -0.8020457128912597, "confidence": 0.637382673646396, "mass": 0.9999996254008208, "hinge_active": 0.0, "stop_prob": 0.9999688948903765, "sampled_number_rate": 0.9999999999999998, "kl": 0.0, "kl_coef": 0.05, "value_loss": 0.0}
A decoder-only architecture is being used, but right-padding was detected! For correct generation results, please set `padding_side='left'` when initializing the tokenizer.
{"step": 479, "epoch": 0, "batch_hash": 2740363838, "rows": 8, "skipped": 0, "answer_accuracy": 0.25, "updates": 4, "seconds": 2.229395866394043, "time": 1790991454.9083588, "loss": -0.9266337135808056, "confidence": 0.3966973388916381, "mass": 0.9999996840586781, "hinge_active": 0.0, "stop_prob": 0.9999769777059555, "sampled_number_rate": 1.0, "kl": 0.0, "kl_coef": 0.05, "value_loss": 0.0}
A decoder-only architecture is being used, but right-padding was detected! For correct generation results, please set `padding_side='left'` when initializing the tokenizer.
{"step": 480, "epoch": 0, "batch_hash": 3562848963, "rows": 8, "skipped": 0, "answer_accuracy": 0.625, "updates": 4, "seconds": 2.286078453063965, "time": 1790991457.2016902, "loss": -0.8977600659195387, "confidence": 0.5240981204311186, "mass": 0.9999995625316667, "hinge_active": 0.0, "stop_prob": 0.9999759867787361, "sampled_number_rate": 1.0, "kl": 0.0, "kl_coef": 0.05, "value_loss": 0.0}
checkpoint at step 480 (0.6 s)
A decoder-only architecture is being used, but right-padding was detected! For correct generation results, please set `padding_side='left'` when initializing the tokenizer.
{"step": 481, "epoch": 0, "batch_hash": 3520384760, "rows": 8, "skipped": 0, "answer_accuracy": 0.625, "updates": 4, "seconds": 2.443269729614258, "time": 1790991460.3047566, "loss": -0.9385204460642333, "confidence": 0.5872594802482116, "mass": 0.9999996767794801, "hinge_active": 0.0, "stop_prob": 0.9999698176980019, "sampled_number_rate": 1.0, "kl": 0.0, "kl_coef": 0.05, "value_loss": 0.0}
A decoder-only architecture is being used, but right-padding was detected! For correct generation results, please set `padding_side='left'` when initializing the tokenizer.
{"step": 482, "epoch": 0, "batch_hash": 3014232572, "rows": 8, "skipped": 0, "answer_accuracy": 0.5, "updates": 4, "seconds": 2.4820003509521484, "time": 1790991462.806607, "loss": -0.9469073765031298, "confidence": 0.5583306168986157, "mass": 0.9999984318419987, "hinge_active": 0.0, "stop_prob": 0.9999681934714317, "sampled_number_rate": 1.0, "kl": 0.0, "kl_coef": 0.05, "value_loss": 0.0}
A decoder-only architecture is being used, but right-padding was detected! For correct generation results, please set `padding_side='left'` when initializing the tokenizer.
{"step": 483, "epoch": 0, "batch_hash": 2993939191, "rows": 8, "skipped": 0, "answer_accuracy": 0.5, "updates": 4, "seconds": 2.41163969039917, "time": 1790991465.229678, "loss": -0.8572140940038019, "confidence": 0.5120970975028611, "mass": 0.9999996928166772, "hinge_active": 0.0, "stop_prob": 0.9999734535813332, "sampled_number_rate": 1.0, "kl": 0.0, "kl_coef": 0.05, "value_loss": 0.0}
A decoder-only architecture is being used, but right-padding was detected! For correct generation results, please set `padding_side='left'` when initializing the tokenizer.
{"step": 484, "epoch": 0, "batch_hash": 550024957, "rows": 7, "skipped": 1, "answer_accuracy": 0.8571428571428571, "updates": 4, "seconds": 2.8371896743774414, "time": 1790991468.0691495, "loss": -0.8709961817080347, "confidence": 0.596745671739043, "mass": 0.999999445126369, "hinge_active": 0.0, "stop_prob": 0.9999684691429138, "sampled_number_rate": 0.9999999999999998, "kl": 0.0, "kl_coef": 0.05, "value_loss": 0.0}
A decoder-only architecture is being used, but right-padding was detected! For correct generation results, please set `padding_side='left'` when initializing the tokenizer.
{"step": 485, "epoch": 0, "batch_hash": 3801726018, "rows": 8, "skipped": 0, "answer_accuracy": 0.75, "updates": 4, "seconds": 2.335726737976074, "time": 1790991470.4073792, "loss": -0.922340087429829, "confidence": 0.5978745611700841, "mass": 0.9999996889798473, "hinge_active": 0.0, "stop_prob": 0.9999416396021843, "sampled_number_rate": 1.0, "kl": 0.0, "kl_coef": 0.05, "value_loss": 0.0}
A decoder-only architecture is being used, but right-padding was detected! For correct generation results, please set `padding_side='left'` when initializing the tokenizer.
{"step": 486, "epoch": 0, "batch_hash": 1208315880, "rows": 8, "skipped": 0, "answer_accuracy": 0.75, "updates": 4, "seconds": 2.3459856510162354, "time": 1790991472.7631536, "loss": -0.8478369321856738, "confidence": 0.5129628457405336, "mass": 0.9999996822990092, "hinge_active": 0.0, "stop_prob": 0.999974399805069, "sampled_number_rate": 1.0, "kl": 0.0, "kl_coef": 0.05, "value_loss": 0.0}
A decoder-only architecture is being used, but right-padding was detected! For correct generation results, please set `padding_side='left'` when initializing the tokenizer.
{"step": 487, "epoch": 0, "batch_hash": 1028882859, "rows": 8, "skipped": 0, "answer_accuracy": 0.625, "updates": 4, "seconds": 2.137815237045288, "time": 1790991474.9037492, "loss": -0.843461260677631, "confidence": 0.5132792235704969, "mass": 0.9999994206588486, "hinge_active": 0.0, "stop_prob": 0.9999516904354095, "sampled_number_rate": 1.0, "kl": 0.0, "kl_coef": 0.05, "value_loss": 0.0}
A decoder-only architecture is being used, but right-padding was detected! For correct generation results, please set `padding_side='left'` when initializing the tokenizer.
{"step": 488, "epoch": 0, "batch_hash": 557651125, "rows": 8, "skipped": 0, "answer_accuracy": 0.375, "updates": 4, "seconds": 2.660022735595703, "time": 1790991477.5759914, "loss": -0.8905591615610342, "confidence": 0.5540226203116435, "mass": 0.9999995288378845, "hinge_active": 0.0, "stop_prob": 0.9999667108058929, "sampled_number_rate": 1.0, "kl": 0.0, "kl_coef": 0.05, "value_loss": 0.0}
A decoder-only architecture is being used, but right-padding was detected! For correct generation results, please set `padding_side='left'` when initializing the tokenizer.
{"step": 489, "epoch": 0, "batch_hash": 3168905305, "rows": 8, "skipped": 0, "answer_accuracy": 0.625, "updates": 4, "seconds": 2.30342698097229, "time": 1790991479.881848, "loss": -0.8769424930179637, "confidence": 0.6380111625476429, "mass": 0.9999998418967716, "hinge_active": 0.0, "stop_prob": 0.999972827732563, "sampled_number_rate": 1.0, "kl": 0.0, "kl_coef": 0.05, "value_loss": 0.0}
A decoder-only architecture is being used, but right-padding was detected! For correct generation results, please set `padding_side='left'` when initializing the tokenizer.
{"step": 490, "epoch": 0, "batch_hash": 576587901, "rows": 8, "skipped": 0, "answer_accuracy": 0.375, "updates": 4, "seconds": 2.450504779815674, "time": 1790991482.3347971, "loss": -0.8046181926537692, "confidence": 0.46421369865327455, "mass": 0.9999995549593891, "hinge_active": 0.0, "stop_prob": 0.99997428804636, "sampled_number_rate": 1.0, "kl": 0.0, "kl_coef": 0.05, "value_loss": 0.0}
A decoder-only architecture is being used, but right-padding was detected! For correct generation results, please set `padding_side='left'` when initializing the tokenizer.
{"step": 491, "epoch": 0, "batch_hash": 657599048, "rows": 8, "skipped": 0, "answer_accuracy": 0.5, "updates": 4, "seconds": 2.2817976474761963, "time": 1790991484.618476, "loss": -0.8983204631235779, "confidence": 0.5694925491930816, "mass": 0.9999995887143871, "hinge_active": 0.0, "stop_prob": 0.999969132244587, "sampled_number_rate": 1.0, "kl": 0.0, "kl_coef": 0.05, "value_loss": 0.0}
A decoder-only architecture is being used, but right-padding was detected! For correct generation results, please set `padding_side='left'` when initializing the tokenizer.
{"step": 492, "epoch": 0, "batch_hash": 4025009242, "rows": 8, "skipped": 0, "answer_accuracy": 0.625, "updates": 4, "seconds": 2.4443461894989014, "time": 1790991487.0654135, "loss": -0.9133464239932865, "confidence": 0.5683991026540559, "mass": 0.9999989562456862, "hinge_active": 0.0, "stop_prob": 0.9999614804983139, "sampled_number_rate": 1.0, "kl": 0.0, "kl_coef": 0.05, "value_loss": 0.0}
A decoder-only architecture is being used, but right-padding was detected! For correct generation results, please set `padding_side='left'` when initializing the tokenizer.
{"step": 493, "epoch": 0, "batch_hash": 2366413588, "rows": 8, "skipped": 0, "answer_accuracy": 0.5, "updates": 4, "seconds": 2.2177696228027344, "time": 1790991489.2854836, "loss": -0.9130492111279629, "confidence": 0.548770853145305, "mass": 0.9999992320864519, "hinge_active": 0.0, "stop_prob": 0.9999609515070915, "sampled_number_rate": 1.0, "kl": 0.0, "kl_coef": 0.05, "value_loss": 0.0}
A decoder-only architecture is being used, but right-padding was detected! For correct generation results, please set `padding_side='left'` when initializing the tokenizer.
{"step": 494, "epoch": 0, "batch_hash": 393603189, "rows": 8, "skipped": 0, "answer_accuracy": 0.625, "updates": 4, "seconds": 3.5377957820892334, "time": 1790991492.8259835, "loss": -0.88893898876241, "confidence": 0.5885595033379785, "mass": 0.9999976599172151, "hinge_active": 0.0, "stop_prob": 0.9997438415884972, "sampled_number_rate": 1.0, "kl": 0.0, "kl_coef": 0.05, "value_loss": 0.0}
A decoder-only architecture is being used, but right-padding was detected! For correct generation results, please set `padding_side='left'` when initializing the tokenizer.
{"step": 495, "epoch": 0, "batch_hash": 2569990018, "rows": 8, "skipped": 0, "answer_accuracy": 0.75, "updates": 4, "seconds": 2.4288275241851807, "time": 1790991495.2584026, "loss": -0.9218087015586269, "confidence": 0.6873344616043912, "mass": 0.9999996606971393, "hinge_active": 0.0, "stop_prob": 0.9999684169888496, "sampled_number_rate": 1.0, "kl": 0.0, "kl_coef": 0.05, "value_loss": 0.0}
A decoder-only architecture is being used, but right-padding was detected! For correct generation results, please set `padding_side='left'` when initializing the tokenizer.
{"step": 496, "epoch": 0, "batch_hash": 235116229, "rows": 8, "skipped": 0, "answer_accuracy": 0.875, "updates": 4, "seconds": 2.2310192584991455, "time": 1790991497.4918952, "loss": -0.9184388948419773, "confidence": 0.6762807563396123, "mass": 0.9999995049334813, "hinge_active": 0.0, "stop_prob": 0.9999721422791481, "sampled_number_rate": 1.0, "kl": 0.0, "kl_coef": 0.05, "value_loss": 0.0}
A decoder-only architecture is being used, but right-padding was detected! For correct generation results, please set `padding_side='left'` when initializing the tokenizer.
{"step": 497, "epoch": 0, "batch_hash": 3643450270, "rows": 8, "skipped": 0, "answer_accuracy": 0.375, "updates": 4, "seconds": 2.268430709838867, "time": 1790991499.7759707, "loss": -0.8510524145888038, "confidence": 0.5951626058156667, "mass": 0.9999996788754499, "hinge_active": 0.0, "stop_prob": 0.9999675378203392, "sampled_number_rate": 1.0, "kl": 0.0, "kl_coef": 0.05, "value_loss": 0.0}
A decoder-only architecture is being used, but right-padding was detected! For correct generation results, please set `padding_side='left'` when initializing the tokenizer.
{"step": 498, "epoch": 0, "batch_hash": 3066109114, "rows": 8, "skipped": 0, "answer_accuracy": 0.875, "updates": 4, "seconds": 2.2705914974212646, "time": 1790991502.0487335, "loss": -0.8403112857690589, "confidence": 0.5836110862614761, "mass": 0.9999996157280452, "hinge_active": 0.0, "stop_prob": 0.9999725520610809, "sampled_number_rate": 1.0, "kl": 0.0, "kl_coef": 0.05, "value_loss": 0.0}
A decoder-only architecture is being used, but right-padding was detected! For correct generation results, please set `padding_side='left'` when initializing the tokenizer.
{"step": 499, "epoch": 0, "batch_hash": 2214811647, "rows": 8, "skipped": 0, "answer_accuracy": 0.5, "updates": 4, "seconds": 2.7123172283172607, "time": 1790991504.763437, "loss": -0.8997637961072112, "confidence": 0.6031949530059156, "mass": 0.9999983744182068, "hinge_active": 0.0, "stop_prob": 0.9997459650039673, "sampled_number_rate": 1.0, "kl": 0.0, "kl_coef": 0.05, "value_loss": 0.0}
A decoder-only architecture is being used, but right-padding was detected! For correct generation results, please set `padding_side='left'` when initializing the tokenizer.
{"step": 500, "epoch": 0, "batch_hash": 1502807934, "rows": 8, "skipped": 0, "answer_accuracy": 0.5, "updates": 4, "seconds": 2.3837881088256836, "time": 1790991507.1495664, "loss": -0.8662203587521049, "confidence": 0.5908415659140897, "mass": 0.9999997399795298, "hinge_active": 0.0, "stop_prob": 0.9999732822179794, "sampled_number_rate": 1.0, "kl": 0.0, "kl_coef": 0.05, "value_loss": 0.0, "save_seconds": 1.2917530536651611}
A decoder-only architecture is being used, but right-padding was detected! For correct generation results, please set `padding_side='left'` when initializing the tokenizer.
{"step": 501, "epoch": 0, "batch_hash": 3875441029, "rows": 8, "skipped": 0, "answer_accuracy": 0.375, "updates": 4, "seconds": 2.6682634353637695, "time": 1790991511.1128566, "loss": -0.739679531782842, "confidence": 0.710756365934295, "mass": 0.9999998098063011, "hinge_active": 0.0, "stop_prob": 0.9999703243374825, "sampled_number_rate": 1.0, "kl": 0.0, "kl_coef": 0.05, "value_loss": 0.0}
A decoder-only architecture is being used, but right-padding was detected! For correct generation results, please set `padding_side='left'` when initializing the tokenizer.
{"step": 502, "epoch": 0, "batch_hash": 4262270567, "rows": 8, "skipped": 0, "answer_accuracy": 0.25, "updates": 4, "seconds": 2.229473352432251, "time": 1790991513.346574, "loss": -0.7168660842867488, "confidence": 0.7332677734027905, "mass": 0.9999997829067214, "hinge_active": 0.0, "stop_prob": 0.9999691545963287, "sampled_number_rate": 1.0, "kl": 0.0, "kl_coef": 0.05, "value_loss": 0.0}
A decoder-only architecture is being used, but right-padding was detected! For correct generation results, please set `padding_side='left'` when initializing the tokenizer.
{"step": 503, "epoch": 0, "batch_hash": 2355950327, "rows": 8, "skipped": 0, "answer_accuracy": 0.5, "updates": 4, "seconds": 2.3603932857513428, "time": 1790991515.7092388, "loss": -0.8499739465850732, "confidence": 0.6317345927670425, "mass": 0.9999995222863161, "hinge_active": 0.0, "stop_prob": 0.9999705776572227, "sampled_number_rate": 1.0, "kl": 0.0, "kl_coef": 0.05, "value_loss": 0.0}
A decoder-only architecture is being used, but right-padding was detected! For correct generation results, please set `padding_side='left'` when initializing the tokenizer.
{"step": 504, "epoch": 0, "batch_hash": 931237192, "rows": 8, "skipped": 0, "answer_accuracy": 1.0, "updates": 4, "seconds": 2.4215965270996094, "time": 1790991518.1373315, "loss": -0.9169095649596567, "confidence": 0.7598369060841695, "mass": 0.9999998879476801, "hinge_active": 0.0, "stop_prob": 0.99996767193079, "sampled_number_rate": 1.0, "kl": 0.0, "kl_coef": 0.05, "value_loss": 0.0}
A decoder-only architecture is being used, but right-padding was detected! For correct generation results, please set `padding_side='left'` when initializing the tokenizer.
{"step": 505, "epoch": 0, "batch_hash": 2832875912, "rows": 6, "skipped": 2, "answer_accuracy": 0.3333333333333333, "updates": 4, "seconds": 13.244522333145142, "time": 1790991531.3844304, "loss": -0.8906567994431097, "confidence": 0.4008411592835206, "mass": 0.9999997500741741, "hinge_active": 0.0, "stop_prob": 0.9999725123246511, "sampled_number_rate": 0.9999999999999999, "kl": 0.0, "kl_coef": 0.05, "value_loss": 0.0}
A decoder-only architecture is being used, but right-padding was detected! For correct generation results, please set `padding_side='left'` when initializing the tokenizer.
{"step": 506, "epoch": 0, "batch_hash": 1560814548, "rows": 7, "skipped": 1, "answer_accuracy": 0.5714285714285714, "updates": 4, "seconds": 2.9237794876098633, "time": 1790991534.3116689, "loss": -0.8689552198891978, "confidence": 0.4969517693336993, "mass": 0.999999614398996, "hinge_active": 0.0, "stop_prob": 0.9999592644827706, "sampled_number_rate": 0.9999999999999998, "kl": 0.0, "kl_coef": 0.05, "value_loss": 0.0}
A decoder-only architecture is being used, but right-padding was detected! For correct generation results, please set `padding_side='left'` when initializing the tokenizer.
{"step": 507, "epoch": 0, "batch_hash": 1665460450, "rows": 8, "skipped": 0, "answer_accuracy": 0.5, "updates": 4, "seconds": 2.4422719478607178, "time": 1790991536.7574532, "loss": -0.8059947861122632, "confidence": 0.5866842290372363, "mass": 0.9999997418853039, "hinge_active": 0.0, "stop_prob": 0.9999694377183914, "sampled_number_rate": 1.0, "kl": 0.0, "kl_coef": 0.05, "value_loss": 0.0}
A decoder-only architecture is being used, but right-padding was detected! For correct generation results, please set `padding_side='left'` when initializing the tokenizer.
{"step": 508, "epoch": 0, "batch_hash": 3641890593, "rows": 8, "skipped": 0, "answer_accuracy": 0.5, "updates": 4, "seconds": 2.3421339988708496, "time": 1790991539.1026905, "loss": -0.8846097422228788, "confidence": 0.559803640790296, "mass": 0.9999997821777744, "hinge_active": 0.0, "stop_prob": 0.9999717995524406, "sampled_number_rate": 1.0, "kl": 0.0, "kl_coef": 0.05, "value_loss": 0.0}
A decoder-only architecture is being used, but right-padding was detected! For correct generation results, please set `padding_side='left'` when initializing the tokenizer.
{"step": 509, "epoch": 0, "batch_hash": 3866155039, "rows": 8, "skipped": 0, "answer_accuracy": 0.5, "updates": 4, "seconds": 2.45613431930542, "time": 1790991541.5715158, "loss": -0.8701931154021214, "confidence": 0.5784384260777878, "mass": 0.9999997015432964, "hinge_active": 0.0, "stop_prob": 0.9999678432941437, "sampled_number_rate": 1.0, "kl": 0.0, "kl_coef": 0.05, "value_loss": 0.0}
A decoder-only architecture is being used, but right-padding was detected! For correct generation results, please set `padding_side='left'` when initializing the tokenizer.
{"step": 510, "epoch": 0, "batch_hash": 2858851652, "rows": 8, "skipped": 0, "answer_accuracy": 0.5, "updates": 4, "seconds": 2.3024368286132812, "time": 1790991543.8765721, "loss": -0.8405621411048416, "confidence": 0.6592907658488989, "mass": 0.9999989231352622, "hinge_active": 0.0, "stop_prob": 0.9995595812797546, "sampled_number_rate": 1.0, "kl": 0.0, "kl_coef": 0.05, "value_loss": 0.0}
A decoder-only architecture is being used, but right-padding was detected! For correct generation results, please set `padding_side='left'` when initializing the tokenizer.
{"step": 511, "epoch": 0, "batch_hash": 1287133976, "rows": 8, "skipped": 0, "answer_accuracy": 0.75, "updates": 4, "seconds": 2.478307008743286, "time": 1790991546.3572965, "loss": -0.9145438784358432, "confidence": 0.62685716979194, "mass": 0.9999997784343845, "hinge_active": 0.0, "stop_prob": 0.9999701306223869, "sampled_number_rate": 1.0, "kl": 0.0, "kl_coef": 0.05, "value_loss": 0.0}
A decoder-only architecture is being used, but right-padding was detected! For correct generation results, please set `padding_side='left'` when initializing the tokenizer.
{"step": 512, "epoch": 0, "batch_hash": 4071351216, "rows": 7, "skipped": 1, "answer_accuracy": 0.2857142857142857, "updates": 4, "seconds": 3.5117239952087402, "time": 1790991549.8712265, "loss": -0.7601165323877948, "confidence": 0.5741051984353214, "mass": 0.9999993507802072, "hinge_active": 0.0, "stop_prob": 0.9999717814581734, "sampled_number_rate": 0.9999999999999998, "kl": 0.0, "kl_coef": 0.05, "value_loss": 0.0}
checkpoint at step 512 (0.8 s)
A decoder-only architecture is being used, but right-padding was detected! For correct generation results, please set `padding_side='left'` when initializing the tokenizer.
{"step": 513, "epoch": 0, "batch_hash": 3393442513, "rows": 8, "skipped": 0, "answer_accuracy": 0.75, "updates": 4, "seconds": 2.1883432865142822, "time": 1790991552.903364, "loss": -0.8264676314023985, "confidence": 0.5642792266252424, "mass": 0.9999998100107268, "hinge_active": 0.0, "stop_prob": 0.9999738037586212, "sampled_number_rate": 1.0, "kl": 0.0, "kl_coef": 0.05, "value_loss": 0.0}
A decoder-only architecture is being used, but right-padding was detected! For correct generation results, please set `padding_side='left'` when initializing the tokenizer.
{"step": 514, "epoch": 0, "batch_hash": 2329071719, "rows": 8, "skipped": 0, "answer_accuracy": 0.625, "updates": 4, "seconds": 2.3230957984924316, "time": 1790991555.2390177, "loss": -0.8381166609353796, "confidence": 0.5428476752234477, "mass": 0.9999997123378194, "hinge_active": 0.0, "stop_prob": 0.9999725818634033, "sampled_number_rate": 1.0, "kl": 0.0, "kl_coef": 0.05, "value_loss": 0.0}
A decoder-only architecture is being used, but right-padding was detected! For correct generation results, please set `padding_side='left'` when initializing the tokenizer.
{"step": 515, "epoch": 0, "batch_hash": 1778134568, "rows": 8, "skipped": 0, "answer_accuracy": 0.625, "updates": 4, "seconds": 2.3501484394073486, "time": 1790991557.5927384, "loss": -0.9499934938649404, "confidence": 0.5469711448286962, "mass": 0.9999985387933974, "hinge_active": 0.0, "stop_prob": 0.9998231753706932, "sampled_number_rate": 1.0, "kl": 0.0, "kl_coef": 0.05, "value_loss": 0.0}
A decoder-only architecture is being used, but right-padding was detected! For correct generation results, please set `padding_side='left'` when initializing the tokenizer.
{"step": 516, "epoch": 0, "batch_hash": 1711194972, "rows": 8, "skipped": 0, "answer_accuracy": 0.75, "updates": 4, "seconds": 2.279759168624878, "time": 1790991559.8755138, "loss": -0.8655800594384061, "confidence": 0.5325586167530273, "mass": 0.9999996345770947, "hinge_active": 0.0, "stop_prob": 0.999967135488987, "sampled_number_rate": 1.0, "kl": 0.0, "kl_coef": 0.05, "value_loss": 0.0}
A decoder-only architecture is being used, but right-padding was detected! For correct generation results, please set `padding_side='left'` when initializing the tokenizer.
{"step": 517, "epoch": 0, "batch_hash": 2182550904, "rows": 8, "skipped": 0, "answer_accuracy": 0.625, "updates": 4, "seconds": 2.322105646133423, "time": 1790991562.1998258, "loss": -0.8623686546817764, "confidence": 0.673892063998096, "mass": 0.9999996690843784, "hinge_active": 0.0, "stop_prob": 0.9999693110585213, "sampled_number_rate": 1.0, "kl": 0.0, "kl_coef": 0.05, "value_loss": 0.0}
A decoder-only architecture is being used, but right-padding was detected! For correct generation results, please set `padding_side='left'` when initializing the tokenizer.
{"step": 518, "epoch": 0, "batch_hash": 312880265, "rows": 8, "skipped": 0, "answer_accuracy": 0.75, "updates": 4, "seconds": 2.289708137512207, "time": 1790991564.5091403, "loss": -0.8894975140319975, "confidence": 0.7980702193019814, "mass": 0.9999991129435968, "hinge_active": 0.0, "stop_prob": 0.9999659582972527, "sampled_number_rate": 1.0, "kl": 0.0, "kl_coef": 0.05, "value_loss": 0.0}
A decoder-only architecture is being used, but right-padding was detected! For correct generation results, please set `padding_side='left'` when initializing the tokenizer.
{"step": 519, "epoch": 0, "batch_hash": 178874156, "rows": 7, "skipped": 1, "answer_accuracy": 0.7142857142857143, "updates": 4, "seconds": 2.677844762802124, "time": 1790991567.192987, "loss": -0.9198013556004354, "confidence": 0.7414964108310483, "mass": 0.9999932067893362, "hinge_active": 0.0, "stop_prob": 0.9996372972215924, "sampled_number_rate": 0.9999999999999998, "kl": 0.0, "kl_coef": 0.05, "value_loss": 0.0}
A decoder-only architecture is being used, but right-padding was detected! For correct generation results, please set `padding_side='left'` when initializing the tokenizer.
{"step": 520, "epoch": 0, "batch_hash": 866002559, "rows": 8, "skipped": 0, "answer_accuracy": 0.5, "updates": 4, "seconds": 2.2339680194854736, "time": 1790991569.4298875, "loss": -0.730033821661497, "confidence": 0.8396067984840301, "mass": 0.9999994937679637, "hinge_active": 0.0, "stop_prob": 0.9999660328030586, "sampled_number_rate": 1.0, "kl": 0.0, "kl_coef": 0.05, "value_loss": 0.0}
A decoder-only architecture is being used, but right-padding was detected! For correct generation results, please set `padding_side='left'` when initializing the tokenizer.
{"step": 521, "epoch": 0, "batch_hash": 1498118045, "rows": 8, "skipped": 0, "answer_accuracy": 0.625, "updates": 4, "seconds": 2.227118968963623, "time": 1790991571.6594281, "loss": -0.8584465100633604, "confidence": 0.7447292745357819, "mass": 0.9999994521773227, "hinge_active": 0.0, "stop_prob": 0.9999701082706451, "sampled_number_rate": 1.0, "kl": 0.0, "kl_coef": 0.05, "value_loss": 0.0}
A decoder-only architecture is being used, but right-padding was detected! For correct generation results, please set `padding_side='left'` when initializing the tokenizer.
{"step": 522, "epoch": 0, "batch_hash": 1086780557, "rows": 8, "skipped": 0, "answer_accuracy": 0.625, "updates": 4, "seconds": 2.3954098224639893, "time": 1790991574.0584645, "loss": -0.9462858831393048, "confidence": 0.5915120489607985, "mass": 0.9999989427927747, "hinge_active": 0.0, "stop_prob": 0.9999671131372452, "sampled_number_rate": 1.0, "kl": 0.0, "kl_coef": 0.05, "value_loss": 0.0}
A decoder-only architecture is being used, but right-padding was detected! For correct generation results, please set `padding_side='left'` when initializing the tokenizer.
{"step": 523, "epoch": 0, "batch_hash": 563656323, "rows": 7, "skipped": 1, "answer_accuracy": 0.42857142857142855, "updates": 4, "seconds": 2.210340738296509, "time": 1790991576.2719073, "loss": -0.9478285061087623, "confidence": 0.5062140462271847, "mass": 0.9999995305548747, "hinge_active": 0.0, "stop_prob": 0.9999745317867824, "sampled_number_rate": 0.9999999999999998, "kl": 0.0, "kl_coef": 0.05, "value_loss": 0.0}
A decoder-only architecture is being used, but right-padding was detected! For correct generation results, please set `padding_side='left'` when initializing the tokenizer.
{"step": 524, "epoch": 0, "batch_hash": 1146702115, "rows": 8, "skipped": 0, "answer_accuracy": 0.75, "updates": 4, "seconds": 2.307967185974121, "time": 1790991578.5825937, "loss": -0.8811790810679313, "confidence": 0.7344896104284147, "mass": 0.9999997523755707, "hinge_active": 0.0, "stop_prob": 0.9999709203839302, "sampled_number_rate": 1.0, "kl": 0.0, "kl_coef": 0.05, "value_loss": 0.0}
A decoder-only architecture is being used, but right-padding was detected! For correct generation results, please set `padding_side='left'` when initializing the tokenizer.
{"step": 525, "epoch": 0, "batch_hash": 2070482858, "rows": 8, "skipped": 0, "answer_accuracy": 0.5, "updates": 4, "seconds": 2.1385910511016846, "time": 1790991580.7852798, "loss": -0.758603100904347, "confidence": 0.7466909776103096, "mass": 0.9999995523602883, "hinge_active": 0.0, "stop_prob": 0.9999669641256332, "sampled_number_rate": 1.0, "kl": 0.0, "kl_coef": 0.05, "value_loss": 0.0}
A decoder-only architecture is being used, but right-padding was detected! For correct generation results, please set `padding_side='left'` when initializing the tokenizer.
{"step": 526, "epoch": 0, "batch_hash": 451274592, "rows": 8, "skipped": 0, "answer_accuracy": 0.5, "updates": 4, "seconds": 2.2173919677734375, "time": 1790991583.0053043, "loss": -0.8641514009652465, "confidence": 0.5396155697485595, "mass": 0.9999996461322816, "hinge_active": 0.0, "stop_prob": 0.9999736323952675, "sampled_number_rate": 1.0, "kl": 0.0, "kl_coef": 0.05, "value_loss": 0.0}
A decoder-only architecture is being used, but right-padding was detected! For correct generation results, please set `padding_side='left'` when initializing the tokenizer.
{"step": 527, "epoch": 0, "batch_hash": 3144722930, "rows": 8, "skipped": 0, "answer_accuracy": 0.5, "updates": 4, "seconds": 2.422031879425049, "time": 1790991585.439279, "loss": -0.921255326637167, "confidence": 0.5545746766350457, "mass": 0.9999997616798492, "hinge_active": 0.0, "stop_prob": 0.9999699890613556, "sampled_number_rate": 1.0, "kl": 0.0, "kl_coef": 0.05, "value_loss": 0.0}
A decoder-only architecture is being used, but right-padding was detected! For correct generation results, please set `padding_side='left'` when initializing the tokenizer.
{"step": 528, "epoch": 0, "batch_hash": 1469965403, "rows": 8, "skipped": 0, "answer_accuracy": 0.875, "updates": 4, "seconds": 2.275669574737549, "time": 1790991587.7176514, "loss": -0.9101921390298687, "confidence": 0.8230542567368319, "mass": 0.999999726835712, "hinge_active": 0.0, "stop_prob": 0.99996667355299, "sampled_number_rate": 1.0, "kl": 0.0, "kl_coef": 0.05, "value_loss": 0.0}
A decoder-only architecture is being used, but right-padding was detected! For correct generation results, please set `padding_side='left'` when initializing the tokenizer.
{"step": 529, "epoch": 0, "batch_hash": 2205068876, "rows": 8, "skipped": 0, "answer_accuracy": 0.5, "updates": 4, "seconds": 2.2826552391052246, "time": 1790991590.0035284, "loss": -0.8848848788417835, "confidence": 0.6212991595408325, "mass": 0.9999996091032691, "hinge_active": 0.0, "stop_prob": 0.9999726340174675, "sampled_number_rate": 1.0, "kl": 0.0, "kl_coef": 0.05, "value_loss": 0.0}
A decoder-only architecture is being used, but right-padding was detected! For correct generation results, please set `padding_side='left'` when initializing the tokenizer.
{"step": 530, "epoch": 0, "batch_hash": 3250435956, "rows": 8, "skipped": 0, "answer_accuracy": 0.625, "updates": 4, "seconds": 2.5052683353424072, "time": 1790991592.5224664, "loss": -0.9261432970314155, "confidence": 0.6322626435469112, "mass": 0.9999974214216613, "hinge_active": 0.0, "stop_prob": 0.9999348521232605, "sampled_number_rate": 1.0, "kl": 0.0, "kl_coef": 0.05, "value_loss": 0.0}
A decoder-only architecture is being used, but right-padding was detected! For correct generation results, please set `padding_side='left'` when initializing the tokenizer.
{"step": 531, "epoch": 0, "batch_hash": 1822164644, "rows": 8, "skipped": 0, "answer_accuracy": 0.75, "updates": 4, "seconds": 2.2161824703216553, "time": 1790991594.7424738, "loss": -0.839420803328858, "confidence": 0.5397000924529366, "mass": 0.9999996721600721, "hinge_active": 0.0, "stop_prob": 0.9999707937240601, "sampled_number_rate": 1.0, "kl": 0.0, "kl_coef": 0.05, "value_loss": 0.0}
A decoder-only architecture is being used, but right-padding was detected! For correct generation results, please set `padding_side='left'` when initializing the tokenizer.
{"step": 532, "epoch": 0, "batch_hash": 3972649333, "rows": 8, "skipped": 0, "answer_accuracy": 0.5, "updates": 4, "seconds": 2.3195245265960693, "time": 1790991597.064197, "loss": -0.880724562186229, "confidence": 0.6021462756558664, "mass": 0.9999997431703793, "hinge_active": 0.0, "stop_prob": 0.99997279047966, "sampled_number_rate": 1.0, "kl": 0.0, "kl_coef": 0.05, "value_loss": 0.0}
A decoder-only architecture is being used, but right-padding was detected! For correct generation results, please set `padding_side='left'` when initializing the tokenizer.
{"step": 533, "epoch": 0, "batch_hash": 1550820904, "rows": 8, "skipped": 0, "answer_accuracy": 0.625, "updates": 4, "seconds": 2.2283942699432373, "time": 1790991599.2951148, "loss": -0.7921599014026305, "confidence": 0.4658333413833436, "mass": 0.999999752826914, "hinge_active": 0.0, "stop_prob": 0.9999724924564362, "sampled_number_rate": 1.0, "kl": 0.0, "kl_coef": 0.05, "value_loss": 0.0}
A decoder-only architecture is being used, but right-padding was detected! For correct generation results, please set `padding_side='left'` when initializing the tokenizer.
{"step": 534, "epoch": 0, "batch_hash": 2177421543, "rows": 8, "skipped": 0, "answer_accuracy": 0.625, "updates": 4, "seconds": 2.2947771549224854, "time": 1790991601.5920439, "loss": -0.8994165950627853, "confidence": 0.6261325374566773, "mass": 0.9999995753727438, "hinge_active": 0.0, "stop_prob": 0.9999613016843796, "sampled_number_rate": 1.0, "kl": 0.0, "kl_coef": 0.05, "value_loss": 0.0}
A decoder-only architecture is being used, but right-padding was detected! For correct generation results, please set `padding_side='left'` when initializing the tokenizer.
{"step": 535, "epoch": 0, "batch_hash": 1862240115, "rows": 8, "skipped": 0, "answer_accuracy": 0.5, "updates": 4, "seconds": 2.3880953788757324, "time": 1790991603.9826326, "loss": -0.8454862044258722, "confidence": 0.7238373975731481, "mass": 0.9999997414375845, "hinge_active": 0.0, "stop_prob": 0.9999713227152824, "sampled_number_rate": 1.0, "kl": 0.0, "kl_coef": 0.05, "value_loss": 0.0}
A decoder-only architecture is being used, but right-padding was detected! For correct generation results, please set `padding_side='left'` when initializing the tokenizer.
{"step": 536, "epoch": 0, "batch_hash": 3580773684, "rows": 8, "skipped": 0, "answer_accuracy": 0.375, "updates": 4, "seconds": 4.02498722076416, "time": 1790991608.0109026, "loss": -0.8586634351244883, "confidence": 0.5284525443455701, "mass": 0.9999994076251102, "hinge_active": 0.0, "stop_prob": 0.9999613612890244, "sampled_number_rate": 1.0, "kl": 0.0, "kl_coef": 0.05, "value_loss": 0.0}
A decoder-only architecture is being used, but right-padding was detected! For correct generation results, please set `padding_side='left'` when initializing the tokenizer.
{"step": 537, "epoch": 0, "batch_hash": 2179980410, "rows": 8, "skipped": 0, "answer_accuracy": 0.75, "updates": 4, "seconds": 2.30603289604187, "time": 1790991610.3233256, "loss": -0.8674174352980554, "confidence": 0.5332237406276805, "mass": 0.9999995999305231, "hinge_active": 0.0, "stop_prob": 0.9999731481075287, "sampled_number_rate": 1.0, "kl": 0.0, "kl_coef": 0.05, "value_loss": 0.0}
A decoder-only architecture is being used, but right-padding was detected! For correct generation results, please set `padding_side='left'` when initializing the tokenizer.
{"step": 538, "epoch": 0, "batch_hash": 2782367132, "rows": 8, "skipped": 0, "answer_accuracy": 0.625, "updates": 4, "seconds": 2.319147825241089, "time": 1790991612.645489, "loss": -0.8027362237122446, "confidence": 0.36621007400635214, "mass": 0.9999993080668197, "hinge_active": 0.0, "stop_prob": 0.9999727085232735, "sampled_number_rate": 1.0, "kl": 0.0, "kl_coef": 0.05, "value_loss": 0.0}
A decoder-only architecture is being used, but right-padding was detected! For correct generation results, please set `padding_side='left'` when initializing the tokenizer.
{"step": 539, "epoch": 0, "batch_hash": 1087011118, "rows": 8, "skipped": 0, "answer_accuracy": 0.75, "updates": 4, "seconds": 2.299896240234375, "time": 1790991614.9474363, "loss": -0.9157552176601401, "confidence": 0.5784561800957064, "mass": 0.9999979869718614, "hinge_active": 0.0, "stop_prob": 0.9999387934803963, "sampled_number_rate": 1.0, "kl": 0.0, "kl_coef": 0.05, "value_loss": 0.0}
A decoder-only architecture is being used, but right-padding was detected! For correct generation results, please set `padding_side='left'` when initializing the tokenizer.
{"step": 540, "epoch": 0, "batch_hash": 518441214, "rows": 7, "skipped": 1, "answer_accuracy": 0.5714285714285714, "updates": 4, "seconds": 2.580617666244507, "time": 1790991617.530458, "loss": -0.8526279450830477, "confidence": 0.7186553660742574, "mass": 0.9999995308254512, "hinge_active": 0.0, "stop_prob": 0.9999698826244899, "sampled_number_rate": 0.9999999999999998, "kl": 0.0, "kl_coef": 0.05, "value_loss": 0.0}
A decoder-only architecture is being used, but right-padding was detected! For correct generation results, please set `padding_side='left'` when initializing the tokenizer.
{"step": 541, "epoch": 0, "batch_hash": 1973901428, "rows": 8, "skipped": 0, "answer_accuracy": 0.5, "updates": 4, "seconds": 2.4381814002990723, "time": 1790991619.9713805, "loss": -0.7851662832184282, "confidence": 0.6497446466764293, "mass": 0.9999997351339098, "hinge_active": 0.0, "stop_prob": 0.9999698773026466, "sampled_number_rate": 1.0, "kl": 0.0, "kl_coef": 0.05, "value_loss": 0.0}
A decoder-only architecture is being used, but right-padding was detected! For correct generation results, please set `padding_side='left'` when initializing the tokenizer.
{"step": 542, "epoch": 0, "batch_hash": 1273139085, "rows": 8, "skipped": 0, "answer_accuracy": 0.625, "updates": 4, "seconds": 2.3373939990997314, "time": 1790991622.3111827, "loss": -0.8713649333308812, "confidence": 0.4965240080839626, "mass": 0.9999997491068878, "hinge_active": 0.0, "stop_prob": 0.9999696910381317, "sampled_number_rate": 1.0, "kl": 0.0, "kl_coef": 0.05, "value_loss": 0.0}
A decoder-only architecture is being used, but right-padding was detected! For correct generation results, please set `padding_side='left'` when initializing the tokenizer.
{"step": 543, "epoch": 0, "batch_hash": 505078772, "rows": 8, "skipped": 0, "answer_accuracy": 0.5, "updates": 4, "seconds": 2.31122088432312, "time": 1790991624.6277723, "loss": -0.8958756411459821, "confidence": 0.5835799567779534, "mass": 0.9999996532167367, "hinge_active": 0.0, "stop_prob": 0.9999358803033829, "sampled_number_rate": 1.0, "kl": 0.0, "kl_coef": 0.05, "value_loss": 0.0}
A decoder-only architecture is being used, but right-padding was detected! For correct generation results, please set `padding_side='left'` when initializing the tokenizer.
{"step": 544, "epoch": 0, "batch_hash": 3251115674, "rows": 8, "skipped": 0, "answer_accuracy": 0.25, "updates": 4, "seconds": 2.385721206665039, "time": 1790991627.0184648, "loss": -0.8253040118784886, "confidence": 0.26886986180636574, "mass": 0.9999987288612467, "hinge_active": 0.0, "stop_prob": 0.999962292611599, "sampled_number_rate": 1.0, "kl": 0.0, "kl_coef": 0.05, "value_loss": 0.0}
checkpoint at step 544 (0.7 s)
A decoder-only architecture is being used, but right-padding was detected! For correct generation results, please set `padding_side='left'` when initializing the tokenizer.
{"step": 545, "epoch": 0, "batch_hash": 404273374, "rows": 8, "skipped": 0, "answer_accuracy": 0.625, "updates": 4, "seconds": 2.360246419906616, "time": 1790991630.0921917, "loss": -0.8727691610481038, "confidence": 0.6032592917301991, "mass": 0.9999998495659075, "hinge_active": 0.0, "stop_prob": 0.9999726936221123, "sampled_number_rate": 1.0, "kl": 0.0, "kl_coef": 0.05, "value_loss": 0.0}
A decoder-only architecture is being used, but right-padding was detected! For correct generation results, please set `padding_side='left'` when initializing the tokenizer.
{"step": 546, "epoch": 0, "batch_hash": 320828767, "rows": 8, "skipped": 0, "answer_accuracy": 0.5, "updates": 4, "seconds": 2.2676820755004883, "time": 1790991632.3623924, "loss": -0.848637037702093, "confidence": 0.30423728076696327, "mass": 0.9999993865853252, "hinge_active": 0.0, "stop_prob": 0.9999768435955048, "sampled_number_rate": 1.0, "kl": 0.0, "kl_coef": 0.05, "value_loss": 0.0}
A decoder-only architecture is being used, but right-padding was detected! For correct generation results, please set `padding_side='left'` when initializing the tokenizer.
{"step": 547, "epoch": 0, "batch_hash": 2033636428, "rows": 8, "skipped": 0, "answer_accuracy": 0.375, "updates": 4, "seconds": 2.5150537490844727, "time": 1790991634.8803663, "loss": -0.8905048789925684, "confidence": 0.4311918594172543, "mass": 0.9999994871333868, "hinge_active": 0.0, "stop_prob": 0.9999741315841675, "sampled_number_rate": 1.0, "kl": 0.0, "kl_coef": 0.05, "value_loss": 0.0}
A decoder-only architecture is being used, but right-padding was detected! For correct generation results, please set `padding_side='left'` when initializing the tokenizer.
{"step": 548, "epoch": 0, "batch_hash": 3341577882, "rows": 8, "skipped": 0, "answer_accuracy": 0.5, "updates": 4, "seconds": 2.320023536682129, "time": 1790991637.2032192, "loss": -0.9498191176205413, "confidence": 0.449510369396262, "mass": 0.9999991736130555, "hinge_active": 0.0, "stop_prob": 0.9999563097953796, "sampled_number_rate": 1.0, "kl": 0.0, "kl_coef": 0.05, "value_loss": 0.0}
A decoder-only architecture is being used, but right-padding was detected! For correct generation results, please set `padding_side='left'` when initializing the tokenizer.
{"step": 549, "epoch": 0, "batch_hash": 320258376, "rows": 8, "skipped": 0, "answer_accuracy": 0.625, "updates": 4, "seconds": 2.525686264038086, "time": 1790991639.741179, "loss": -0.8339171186119593, "confidence": 0.46363575744383967, "mass": 0.9999969713807026, "hinge_active": 0.0, "stop_prob": 0.9999656304717064, "sampled_number_rate": 1.0, "kl": 0.0, "kl_coef": 0.05, "value_loss": 0.0}
A decoder-only architecture is being used, but right-padding was detected! For correct generation results, please set `padding_side='left'` when initializing the tokenizer.
{"step": 550, "epoch": 0, "batch_hash": 3682782659, "rows": 8, "skipped": 0, "answer_accuracy": 0.625, "updates": 4, "seconds": 2.6225881576538086, "time": 1790991642.3661308, "loss": -0.8633530687731739, "confidence": 0.3619956114895099, "mass": 0.9999967893195657, "hinge_active": 0.0, "stop_prob": 0.9998859316110611, "sampled_number_rate": 1.0, "kl": 0.0, "kl_coef": 0.05, "value_loss": 0.0}
A decoder-only architecture is being used, but right-padding was detected! For correct generation results, please set `padding_side='left'` when initializing the tokenizer.
{"step": 551, "epoch": 0, "batch_hash": 4053752324, "rows": 8, "skipped": 0, "answer_accuracy": 0.625, "updates": 4, "seconds": 2.3622591495513916, "time": 1790991644.7316847, "loss": -0.8912871231418706, "confidence": 0.5292269356301307, "mass": 0.9999998837003555, "hinge_active": 0.0, "stop_prob": 0.9999731779098511, "sampled_number_rate": 1.0, "kl": 0.0, "kl_coef": 0.05, "value_loss": 0.0}
A decoder-only architecture is being used, but right-padding was detected! For correct generation results, please set `padding_side='left'` when initializing the tokenizer.
{"step": 552, "epoch": 0, "batch_hash": 2141589855, "rows": 8, "skipped": 0, "answer_accuracy": 0.375, "updates": 4, "seconds": 2.6722605228424072, "time": 1790991647.4065719, "loss": -0.7630391866644483, "confidence": 0.4392142660209006, "mass": 0.9999993455760696, "hinge_active": 0.0, "stop_prob": 0.9999684169888496, "sampled_number_rate": 1.0, "kl": 0.0, "kl_coef": 0.05, "value_loss": 0.0}
A decoder-only architecture is being used, but right-padding was detected! For correct generation results, please set `padding_side='left'` when initializing the tokenizer.
{"step": 553, "epoch": 0, "batch_hash": 2945983832, "rows": 8, "skipped": 0, "answer_accuracy": 0.625, "updates": 4, "seconds": 2.2772717475891113, "time": 1790991649.6926017, "loss": -0.9017558914135285, "confidence": 0.4503378344318286, "mass": 0.9999995057931133, "hinge_active": 0.0, "stop_prob": 0.9999217689037323, "sampled_number_rate": 1.0, "kl": 0.0, "kl_coef": 0.05, "value_loss": 0.0}
A decoder-only architecture is being used, but right-padding was detected! For correct generation results, please set `padding_side='left'` when initializing the tokenizer.
{"step": 554, "epoch": 0, "batch_hash": 4285064546, "rows": 8, "skipped": 0, "answer_accuracy": 0.25, "updates": 4, "seconds": 2.3979015350341797, "time": 1790991652.093562, "loss": -0.9433652505130152, "confidence": 0.29912123083602254, "mass": 0.999997871802622, "hinge_active": 0.0, "stop_prob": 0.9999704733490944, "sampled_number_rate": 1.0, "kl": 0.0, "kl_coef": 0.05, "value_loss": 0.0}
A decoder-only architecture is being used, but right-padding was detected! For correct generation results, please set `padding_side='left'` when initializing the tokenizer.
{"step": 555, "epoch": 0, "batch_hash": 223591031, "rows": 8, "skipped": 0, "answer_accuracy": 0.875, "updates": 4, "seconds": 2.2595107555389404, "time": 1790991654.3561332, "loss": -0.8312665931859639, "confidence": 0.5399218040131408, "mass": 0.9999998560071479, "hinge_active": 0.0, "stop_prob": 0.999974437057972, "sampled_number_rate": 1.0, "kl": 0.0, "kl_coef": 0.05, "value_loss": 0.0}
A decoder-only architecture is being used, but right-padding was detected! For correct generation results, please set `padding_side='left'` when initializing the tokenizer.
{"step": 556, "epoch": 0, "batch_hash": 2431511367, "rows": 8, "skipped": 0, "answer_accuracy": 0.875, "updates": 4, "seconds": 2.4068260192871094, "time": 1790991656.7650468, "loss": -0.8853434153154318, "confidence": 0.662784621453547, "mass": 0.9999993114529898, "hinge_active": 0.0, "stop_prob": 0.999882847070694, "sampled_number_rate": 1.0, "kl": 0.0, "kl_coef": 0.05, "value_loss": 0.0}
A decoder-only architecture is being used, but right-padding was detected! For correct generation results, please set `padding_side='left'` when initializing the tokenizer.
{"step": 557, "epoch": 0, "batch_hash": 984620248, "rows": 8, "skipped": 0, "answer_accuracy": 0.5, "updates": 4, "seconds": 2.6095094680786133, "time": 1790991659.3787348, "loss": -0.9333103067401227, "confidence": 0.4619835593434487, "mass": 0.9999994278439146, "hinge_active": 0.0, "stop_prob": 0.9999453872442245, "sampled_number_rate": 1.0, "kl": 0.0, "kl_coef": 0.05, "value_loss": 0.0}
A decoder-only architecture is being used, but right-padding was detected! For correct generation results, please set `padding_side='left'` when initializing the tokenizer.
{"step": 558, "epoch": 0, "batch_hash": 2287771395, "rows": 8, "skipped": 0, "answer_accuracy": 0.625, "updates": 4, "seconds": 2.2105391025543213, "time": 1790991661.592866, "loss": -0.6453556430853977, "confidence": 0.6679212463769105, "mass": 0.9999997572063624, "hinge_active": 0.0, "stop_prob": 0.9999704211950302, "sampled_number_rate": 1.0, "kl": 0.0, "kl_coef": 0.05, "value_loss": 0.0}
A decoder-only architecture is being used, but right-padding was detected! For correct generation results, please set `padding_side='left'` when initializing the tokenizer.
{"step": 559, "epoch": 0, "batch_hash": 3025755592, "rows": 7, "skipped": 1, "answer_accuracy": 0.42857142857142855, "updates": 4, "seconds": 4.044867992401123, "time": 1790991665.6408467, "loss": -0.865356674076519, "confidence": 0.523108808792743, "mass": 0.9999991032639182, "hinge_active": 0.0, "stop_prob": 0.9999698741095406, "sampled_number_rate": 0.9999999999999998, "kl": 0.0, "kl_coef": 0.05, "value_loss": 0.0}
A decoder-only architecture is being used, but right-padding was detected! For correct generation results, please set `padding_side='left'` when initializing the tokenizer.
{"step": 560, "epoch": 0, "batch_hash": 3719260117, "rows": 8, "skipped": 0, "answer_accuracy": 0.625, "updates": 4, "seconds": 2.3141772747039795, "time": 1790991667.9577472, "loss": -0.9432804981252498, "confidence": 0.6134336769649932, "mass": 0.9999994250057841, "hinge_active": 0.0, "stop_prob": 0.9999581724405289, "sampled_number_rate": 1.0, "kl": 0.0, "kl_coef": 0.05, "value_loss": 0.0}
A decoder-only architecture is being used, but right-padding was detected! For correct generation results, please set `padding_side='left'` when initializing the tokenizer.
{"step": 561, "epoch": 0, "batch_hash": 2533403307, "rows": 7, "skipped": 1, "answer_accuracy": 0.5714285714285714, "updates": 4, "seconds": 13.212951421737671, "time": 1790991681.1735408, "loss": -0.8594796385856008, "confidence": 0.7081538490146986, "mass": 0.9999994957149867, "hinge_active": 0.0, "stop_prob": 0.9999669960566929, "sampled_number_rate": 0.9999999999999998, "kl": 0.0, "kl_coef": 0.05, "value_loss": 0.0}
A decoder-only architecture is being used, but right-padding was detected! For correct generation results, please set `padding_side='left'` when initializing the tokenizer.
{"step": 562, "epoch": 0, "batch_hash": 3795917544, "rows": 8, "skipped": 0, "answer_accuracy": 0.625, "updates": 4, "seconds": 2.318389654159546, "time": 1790991683.4951963, "loss": -0.7880953695493984, "confidence": 0.7341053462032553, "mass": 0.9999997381419901, "hinge_active": 0.0, "stop_prob": 0.9999668672680855, "sampled_number_rate": 1.0, "kl": 0.0, "kl_coef": 0.05, "value_loss": 0.0}
A decoder-only architecture is being used, but right-padding was detected! For correct generation results, please set `padding_side='left'` when initializing the tokenizer.
{"step": 563, "epoch": 0, "batch_hash": 2555015155, "rows": 8, "skipped": 0, "answer_accuracy": 0.75, "updates": 4, "seconds": 2.801987886428833, "time": 1790991686.2998624, "loss": -0.8534739462892381, "confidence": 0.6303378095921536, "mass": 0.9999995377539923, "hinge_active": 0.0, "stop_prob": 0.9999696314334869, "sampled_number_rate": 1.0, "kl": 0.0, "kl_coef": 0.05, "value_loss": 0.0}
A decoder-only architecture is being used, but right-padding was detected! For correct generation results, please set `padding_side='left'` when initializing the tokenizer.
{"step": 564, "epoch": 0, "batch_hash": 2004338333, "rows": 8, "skipped": 0, "answer_accuracy": 0.625, "updates": 4, "seconds": 2.1797711849212646, "time": 1790991688.4973052, "loss": -0.8603395069509875, "confidence": 0.7241432766314962, "mass": 0.9999998291445329, "hinge_active": 0.0, "stop_prob": 0.9999697431921959, "sampled_number_rate": 1.0, "kl": 0.0, "kl_coef": 0.05, "value_loss": 0.0}
A decoder-only architecture is being used, but right-padding was detected! For correct generation results, please set `padding_side='left'` when initializing the tokenizer.
{"step": 565, "epoch": 0, "batch_hash": 3220107755, "rows": 8, "skipped": 0, "answer_accuracy": 0.375, "updates": 4, "seconds": 2.341909885406494, "time": 1790991690.859996, "loss": -0.8413114474992093, "confidence": 0.5997203417927067, "mass": 0.9999995470183789, "hinge_active": 0.0, "stop_prob": 0.9999708384275436, "sampled_number_rate": 1.0, "kl": 0.0, "kl_coef": 0.05, "value_loss": 0.0}
A decoder-only architecture is being used, but right-padding was detected! For correct generation results, please set `padding_side='left'` when initializing the tokenizer.
{"step": 566, "epoch": 0, "batch_hash": 2811006951, "rows": 8, "skipped": 0, "answer_accuracy": 0.625, "updates": 4, "seconds": 2.3516082763671875, "time": 1790991693.2140298, "loss": -0.887417173063713, "confidence": 0.6115879321738626, "mass": 0.9999991069270057, "hinge_active": 0.0, "stop_prob": 0.9999693408608437, "sampled_number_rate": 1.0, "kl": 0.0, "kl_coef": 0.05, "value_loss": 0.0}
A decoder-only architecture is being used, but right-padding was detected! For correct generation results, please set `padding_side='left'` when initializing the tokenizer.
{"step": 567, "epoch": 0, "batch_hash": 681513792, "rows": 8, "skipped": 0, "answer_accuracy": 0.75, "updates": 4, "seconds": 2.4634010791778564, "time": 1790991695.6801987, "loss": -0.9347354741668402, "confidence": 0.7134641486623079, "mass": 0.999999556307767, "hinge_active": 0.0, "stop_prob": 0.9999687969684601, "sampled_number_rate": 1.0, "kl": 0.0, "kl_coef": 0.05, "value_loss": 0.0}
A decoder-only architecture is being used, but right-padding was detected! For correct generation results, please set `padding_side='left'` when initializing the tokenizer.
{"step": 568, "epoch": 0, "batch_hash": 728796486, "rows": 8, "skipped": 0, "answer_accuracy": 0.5, "updates": 4, "seconds": 3.2851293087005615, "time": 1790991698.9676788, "loss": -0.8005456219946868, "confidence": 0.5867178268249104, "mass": 0.9999998820535996, "hinge_active": 0.0, "stop_prob": 0.9999723061919212, "sampled_number_rate": 1.0, "kl": 0.0, "kl_coef": 0.05, "value_loss": 0.0}
A decoder-only architecture is being used, but right-padding was detected! For correct generation results, please set `padding_side='left'` when initializing the tokenizer.
{"step": 569, "epoch": 0, "batch_hash": 3435663264, "rows": 8, "skipped": 0, "answer_accuracy": 0.5, "updates": 4, "seconds": 2.3008615970611572, "time": 1790991701.2704017, "loss": -0.8474836916944801, "confidence": 0.5333005688959899, "mass": 0.9999999002089328, "hinge_active": 0.0, "stop_prob": 0.9999731183052063, "sampled_number_rate": 1.0, "kl": 0.0, "kl_coef": 0.05, "value_loss": 0.0}
A decoder-only architecture is being used, but right-padding was detected! For correct generation results, please set `padding_side='left'` when initializing the tokenizer.
{"step": 570, "epoch": 0, "batch_hash": 4101424316, "rows": 8, "skipped": 0, "answer_accuracy": 0.5, "updates": 4, "seconds": 2.304753065109253, "time": 1790991703.5776021, "loss": -0.918413177721506, "confidence": 0.49881835720743783, "mass": 0.9999978291769018, "hinge_active": 0.0, "stop_prob": 0.9998597055673599, "sampled_number_rate": 1.0, "kl": 0.0, "kl_coef": 0.05, "value_loss": 0.0}
A decoder-only architecture is being used, but right-padding was detected! For correct generation results, please set `padding_side='left'` when initializing the tokenizer.
{"step": 571, "epoch": 0, "batch_hash": 763336581, "rows": 8, "skipped": 0, "answer_accuracy": 0.75, "updates": 4, "seconds": 2.6795012950897217, "time": 1790991706.2600064, "loss": -0.8970497077327247, "confidence": 0.5629084469899786, "mass": 0.9999965607607411, "hinge_active": 0.0, "stop_prob": 0.9999005272984505, "sampled_number_rate": 1.0, "kl": 0.0, "kl_coef": 0.05, "value_loss": 0.0}
A decoder-only architecture is being used, but right-padding was detected! For correct generation results, please set `padding_side='left'` when initializing the tokenizer.
{"step": 572, "epoch": 0, "batch_hash": 85525534, "rows": 8, "skipped": 0, "answer_accuracy": 0.625, "updates": 4, "seconds": 2.3392550945281982, "time": 1790991708.6033592, "loss": -0.8045272226010068, "confidence": 0.5438866690435772, "mass": 0.9999985564092668, "hinge_active": 0.0, "stop_prob": 0.999970518052578, "sampled_number_rate": 1.0, "kl": 0.0, "kl_coef": 0.05, "value_loss": 0.0}
A decoder-only architecture is being used, but right-padding was detected! For correct generation results, please set `padding_side='left'` when initializing the tokenizer.
{"step": 573, "epoch": 0, "batch_hash": 146361708, "rows": 8, "skipped": 0, "answer_accuracy": 0.875, "updates": 4, "seconds": 2.2404277324676514, "time": 1790991710.8555877, "loss": -0.6452500237907607, "confidence": 0.5636888040492889, "mass": 0.9999995831016724, "hinge_active": 0.0, "stop_prob": 0.9999648034572601, "sampled_number_rate": 1.0, "kl": 0.0, "kl_coef": 0.05, "value_loss": 0.0}
A decoder-only architecture is being used, but right-padding was detected! For correct generation results, please set `padding_side='left'` when initializing the tokenizer.
{"step": 574, "epoch": 0, "batch_hash": 1724396735, "rows": 8, "skipped": 0, "answer_accuracy": 0.625, "updates": 4, "seconds": 2.268836498260498, "time": 1790991713.1272635, "loss": -0.8432269493013215, "confidence": 0.5458575526499638, "mass": 0.999999680863206, "hinge_active": 0.0, "stop_prob": 0.9999730661511421, "sampled_number_rate": 1.0, "kl": 0.0, "kl_coef": 0.05, "value_loss": 0.0}
A decoder-only architecture is being used, but right-padding was detected! For correct generation results, please set `padding_side='left'` when initializing the tokenizer.
{"step": 575, "epoch": 0, "batch_hash": 1464746389, "rows": 8, "skipped": 0, "answer_accuracy": 0.25, "updates": 4, "seconds": 2.264819383621216, "time": 1790991715.3953977, "loss": -0.8293626945867334, "confidence": 0.3326437844763838, "mass": 0.9999975004074758, "hinge_active": 0.0, "stop_prob": 0.999965600669384, "sampled_number_rate": 1.0, "kl": 0.0, "kl_coef": 0.05, "value_loss": 0.0}
A decoder-only architecture is being used, but right-padding was detected! For correct generation results, please set `padding_side='left'` when initializing the tokenizer.
{"step": 576, "epoch": 0, "batch_hash": 616142664, "rows": 8, "skipped": 0, "answer_accuracy": 0.75, "updates": 4, "seconds": 2.373418092727661, "time": 1790991717.7713964, "loss": -0.8831838679113257, "confidence": 0.5641621703280234, "mass": 0.9999996316305833, "hinge_active": 0.0, "stop_prob": 0.999957449734211, "sampled_number_rate": 1.0, "kl": 0.0, "kl_coef": 0.05, "value_loss": 0.0}
checkpoint at step 576 (0.7 s)
A decoder-only architecture is being used, but right-padding was detected! For correct generation results, please set `padding_side='left'` when initializing the tokenizer.
{"step": 577, "epoch": 0, "batch_hash": 197383077, "rows": 8, "skipped": 0, "answer_accuracy": 0.375, "updates": 4, "seconds": 2.2220964431762695, "time": 1790991720.6767964, "loss": -0.8701564055646098, "confidence": 0.456242499421857, "mass": 0.9999982298222965, "hinge_active": 0.0, "stop_prob": 0.9999722987413406, "sampled_number_rate": 1.0, "kl": 0.0, "kl_coef": 0.05, "value_loss": 0.0}
A decoder-only architecture is being used, but right-padding was detected! For correct generation results, please set `padding_side='left'` when initializing the tokenizer.
{"step": 578, "epoch": 0, "batch_hash": 3642713454, "rows": 8, "skipped": 0, "answer_accuracy": 0.5, "updates": 4, "seconds": 2.2815215587615967, "time": 1790991722.9623795, "loss": -0.8186609742613172, "confidence": 0.5937712731357898, "mass": 0.9999998412096796, "hinge_active": 0.0, "stop_prob": 0.9999695494771004, "sampled_number_rate": 1.0, "kl": 0.0, "kl_coef": 0.05, "value_loss": 0.0}
A decoder-only architecture is being used, but right-padding was detected! For correct generation results, please set `padding_side='left'` when initializing the tokenizer.
{"step": 579, "epoch": 0, "batch_hash": 686261571, "rows": 8, "skipped": 0, "answer_accuracy": 0.75, "updates": 4, "seconds": 2.6991794109344482, "time": 1790991725.6646416, "loss": -0.8131350657797896, "confidence": 0.7063151400659206, "mass": 0.9999986033752564, "hinge_active": 0.0, "stop_prob": 0.999967947602272, "sampled_number_rate": 1.0, "kl": 0.0, "kl_coef": 0.05, "value_loss": 0.0}
A decoder-only architecture is being used, but right-padding was detected! For correct generation results, please set `padding_side='left'` when initializing the tokenizer.
{"step": 580, "epoch": 0, "batch_hash": 877946920, "rows": 8, "skipped": 0, "answer_accuracy": 0.5, "updates": 4, "seconds": 2.3068788051605225, "time": 1790991727.973869, "loss": -0.8468989751094205, "confidence": 0.6467420666063076, "mass": 0.9999995452217195, "hinge_active": 0.0, "stop_prob": 0.9999702051281929, "sampled_number_rate": 1.0, "kl": 0.0, "kl_coef": 0.05, "value_loss": 0.0}
A decoder-only architecture is being used, but right-padding was detected! For correct generation results, please set `padding_side='left'` when initializing the tokenizer.
{"step": 581, "epoch": 0, "batch_hash": 2061997032, "rows": 8, "skipped": 0, "answer_accuracy": 0.375, "updates": 4, "seconds": 2.5748133659362793, "time": 1790991730.5517738, "loss": -0.7673583742166532, "confidence": 0.7203179227626868, "mass": 0.9999997191987435, "hinge_active": 0.0, "stop_prob": 0.9999678954482079, "sampled_number_rate": 1.0, "kl": 0.0, "kl_coef": 0.05, "value_loss": 0.0}
A decoder-only architecture is being used, but right-padding was detected! For correct generation results, please set `padding_side='left'` when initializing the tokenizer.
{"step": 582, "epoch": 0, "batch_hash": 3840446153, "rows": 8, "skipped": 0, "answer_accuracy": 0.625, "updates": 4, "seconds": 2.5207936763763428, "time": 1790991733.0748262, "loss": -0.8542038158100232, "confidence": 0.5349887123762957, "mass": 0.9999994218180419, "hinge_active": 0.0, "stop_prob": 0.9998681843280792, "sampled_number_rate": 1.0, "kl": 0.0, "kl_coef": 0.05, "value_loss": 0.0}
A decoder-only architecture is being used, but right-padding was detected! For correct generation results, please set `padding_side='left'` when initializing the tokenizer.
{"step": 583, "epoch": 0, "batch_hash": 1966908816, "rows": 8, "skipped": 0, "answer_accuracy": 0.5, "updates": 4, "seconds": 2.364976406097412, "time": 1790991735.442212, "loss": -0.7722924352200283, "confidence": 0.6453767953008126, "mass": 0.999995604046316, "hinge_active": 0.0, "stop_prob": 0.9998834207653999, "sampled_number_rate": 1.0, "kl": 0.0, "kl_coef": 0.05, "value_loss": 0.0}
A decoder-only architecture is being used, but right-padding was detected! For correct generation results, please set `padding_side='left'` when initializing the tokenizer.
{"step": 584, "epoch": 0, "batch_hash": 1596487917, "rows": 8, "skipped": 0, "answer_accuracy": 0.75, "updates": 4, "seconds": 2.3632824420928955, "time": 1790991737.8086705, "loss": -0.8573616237125493, "confidence": 0.6318703553417582, "mass": 0.9999996520667298, "hinge_active": 0.0, "stop_prob": 0.9999713897705078, "sampled_number_rate": 1.0, "kl": 0.0, "kl_coef": 0.05, "value_loss": 0.0}
A decoder-only architecture is being used, but right-padding was detected! For correct generation results, please set `padding_side='left'` when initializing the tokenizer.
{"step": 585, "epoch": 0, "batch_hash": 1620555736, "rows": 8, "skipped": 0, "answer_accuracy": 0.75, "updates": 4, "seconds": 2.232435464859009, "time": 1790991740.0481124, "loss": -0.8923055235749539, "confidence": 0.6542961161764554, "mass": 0.9999997210875512, "hinge_active": 0.0, "stop_prob": 0.9999658018350601, "sampled_number_rate": 1.0, "kl": 0.0, "kl_coef": 0.05, "value_loss": 0.0}
A decoder-only architecture is being used, but right-padding was detected! For correct generation results, please set `padding_side='left'` when initializing the tokenizer.
{"step": 586, "epoch": 0, "batch_hash": 189984177, "rows": 8, "skipped": 0, "answer_accuracy": 0.75, "updates": 4, "seconds": 2.3120241165161133, "time": 1790991742.3631613, "loss": -0.8635352648614019, "confidence": 0.6754317245155207, "mass": 0.9999997919454308, "hinge_active": 0.0, "stop_prob": 0.9999689534306526, "sampled_number_rate": 1.0, "kl": 0.0, "kl_coef": 0.05, "value_loss": 0.0}
A decoder-only architecture is being used, but right-padding was detected! For correct generation results, please set `padding_side='left'` when initializing the tokenizer.
{"step": 587, "epoch": 0, "batch_hash": 845622746, "rows": 8, "skipped": 0, "answer_accuracy": 0.625, "updates": 4, "seconds": 2.2741575241088867, "time": 1790991744.6410995, "loss": -0.8653022464312359, "confidence": 0.5970365371264975, "mass": 0.9999997862068671, "hinge_active": 0.0, "stop_prob": 0.9999673515558243, "sampled_number_rate": 1.0, "kl": 0.0, "kl_coef": 0.05, "value_loss": 0.0}
A decoder-only architecture is being used, but right-padding was detected! For correct generation results, please set `padding_side='left'` when initializing the tokenizer.
{"step": 588, "epoch": 0, "batch_hash": 1736400444, "rows": 8, "skipped": 0, "answer_accuracy": 0.625, "updates": 4, "seconds": 2.513335704803467, "time": 1790991747.1564791, "loss": -0.884339867859163, "confidence": 0.38291454751299137, "mass": 0.9999997360068146, "hinge_active": 0.0, "stop_prob": 0.9999638423323631, "sampled_number_rate": 1.0, "kl": 0.0, "kl_coef": 0.05, "value_loss": 0.0}
A decoder-only architecture is being used, but right-padding was detected! For correct generation results, please set `padding_side='left'` when initializing the tokenizer.
{"step": 589, "epoch": 0, "batch_hash": 2780957405, "rows": 8, "skipped": 0, "answer_accuracy": 0.5, "updates": 4, "seconds": 2.790161371231079, "time": 1790991749.9492674, "loss": -0.8212928632929081, "confidence": 0.5543203720384103, "mass": 0.9999996618642968, "hinge_active": 0.0, "stop_prob": 0.9999682083725929, "sampled_number_rate": 1.0, "kl": 0.0, "kl_coef": 0.05, "value_loss": 0.0}
A decoder-only architecture is being used, but right-padding was detected! For correct generation results, please set `padding_side='left'` when initializing the tokenizer.
{"step": 590, "epoch": 0, "batch_hash": 3120457636, "rows": 7, "skipped": 1, "answer_accuracy": 0.5714285714285714, "updates": 4, "seconds": 2.3438735008239746, "time": 1790991752.2957819, "loss": -0.8945738732599968, "confidence": 0.5231401930231823, "mass": 0.9999989186522624, "hinge_active": 0.0, "stop_prob": 0.9999565737588065, "sampled_number_rate": 0.9999999999999998, "kl": 0.0, "kl_coef": 0.05, "value_loss": 0.0}
A decoder-only architecture is being used, but right-padding was detected! For correct generation results, please set `padding_side='left'` when initializing the tokenizer.
{"step": 591, "epoch": 0, "batch_hash": 624296954, "rows": 7, "skipped": 1, "answer_accuracy": 0.42857142857142855, "updates": 4, "seconds": 2.55873703956604, "time": 1790991754.8919044, "loss": -0.8986085173482018, "confidence": 0.4546245701815642, "mass": 0.9999980233905027, "hinge_active": 0.0, "stop_prob": 0.9998775294848851, "sampled_number_rate": 0.9999999999999998, "kl": 0.0, "kl_coef": 0.05, "value_loss": 0.0}
A decoder-only architecture is being used, but right-padding was detected! For correct generation results, please set `padding_side='left'` when initializing the tokenizer.
{"step": 592, "epoch": 0, "batch_hash": 3958011184, "rows": 8, "skipped": 0, "answer_accuracy": 0.5, "updates": 4, "seconds": 2.3489949703216553, "time": 1790991757.2434418, "loss": -0.842604245538228, "confidence": 0.48043525396973324, "mass": 0.9999998346614514, "hinge_active": 0.0, "stop_prob": 0.9999732673168182, "sampled_number_rate": 1.0, "kl": 0.0, "kl_coef": 0.05, "value_loss": 0.0}
A decoder-only architecture is being used, but right-padding was detected! For correct generation results, please set `padding_side='left'` when initializing the tokenizer.
{"step": 593, "epoch": 0, "batch_hash": 199609685, "rows": 8, "skipped": 0, "answer_accuracy": 0.75, "updates": 4, "seconds": 2.441835403442383, "time": 1790991759.6879497, "loss": -0.8343270024599931, "confidence": 0.5026385412316454, "mass": 0.9999998954404836, "hinge_active": 0.0, "stop_prob": 0.9999714121222496, "sampled_number_rate": 1.0, "kl": 0.0, "kl_coef": 0.05, "value_loss": 0.0}
A decoder-only architecture is being used, but right-padding was detected! For correct generation results, please set `padding_side='left'` when initializing the tokenizer.
{"step": 594, "epoch": 0, "batch_hash": 3722882180, "rows": 8, "skipped": 0, "answer_accuracy": 0.75, "updates": 4, "seconds": 2.454420328140259, "time": 1790991762.1461174, "loss": -0.8935191630703984, "confidence": 0.5013768285363548, "mass": 0.9999991430928676, "hinge_active": 0.0, "stop_prob": 0.9999700263142586, "sampled_number_rate": 1.0, "kl": 0.0, "kl_coef": 0.05, "value_loss": 0.0}
A decoder-only architecture is being used, but right-padding was detected! For correct generation results, please set `padding_side='left'` when initializing the tokenizer.
{"step": 595, "epoch": 0, "batch_hash": 891374699, "rows": 8, "skipped": 0, "answer_accuracy": 0.5, "updates": 4, "seconds": 2.487342119216919, "time": 1790991764.6358352, "loss": -0.9076482909995928, "confidence": 0.4616316108025872, "mass": 0.9999995923684695, "hinge_active": 0.0, "stop_prob": 0.9999690279364586, "sampled_number_rate": 1.0, "kl": 0.0, "kl_coef": 0.05, "value_loss": 0.0}
A decoder-only architecture is being used, but right-padding was detected! For correct generation results, please set `padding_side='left'` when initializing the tokenizer.
{"step": 596, "epoch": 0, "batch_hash": 2771153313, "rows": 8, "skipped": 0, "answer_accuracy": 0.375, "updates": 4, "seconds": 2.608091115951538, "time": 1790991767.2461357, "loss": -0.9368841985056733, "confidence": 0.3474086962029141, "mass": 0.9999970056314623, "hinge_active": 0.0, "stop_prob": 0.9999361038208008, "sampled_number_rate": 1.0, "kl": 0.0, "kl_coef": 0.05, "value_loss": 0.0}
A decoder-only architecture is being used, but right-padding was detected! For correct generation results, please set `padding_side='left'` when initializing the tokenizer.
{"step": 597, "epoch": 0, "batch_hash": 545276638, "rows": 8, "skipped": 0, "answer_accuracy": 0.75, "updates": 4, "seconds": 2.3280582427978516, "time": 1790991769.576231, "loss": -0.8614310287003266, "confidence": 0.5285767218738938, "mass": 0.9999997991066479, "hinge_active": 0.0, "stop_prob": 0.9999697953462601, "sampled_number_rate": 1.0, "kl": 0.0, "kl_coef": 0.05, "value_loss": 0.0}
A decoder-only architecture is being used, but right-padding was detected! For correct generation results, please set `padding_side='left'` when initializing the tokenizer.
{"step": 598, "epoch": 0, "batch_hash": 2095104888, "rows": 8, "skipped": 0, "answer_accuracy": 0.75, "updates": 4, "seconds": 2.230557680130005, "time": 1790991771.8097577, "loss": -0.8748874480401766, "confidence": 0.5108111422226072, "mass": 0.999998616460742, "hinge_active": 0.0, "stop_prob": 0.9999676123261452, "sampled_number_rate": 1.0, "kl": 0.0, "kl_coef": 0.05, "value_loss": 0.0}
A decoder-only architecture is being used, but right-padding was detected! For correct generation results, please set `padding_side='left'` when initializing the tokenizer.
{"step": 599, "epoch": 0, "batch_hash": 2732454739, "rows": 8, "skipped": 0, "answer_accuracy": 0.25, "updates": 4, "seconds": 2.4408364295959473, "time": 1790991774.2565138, "loss": -0.8197692530212022, "confidence": 0.4744946127254968, "mass": 0.9999992557911177, "hinge_active": 0.0, "stop_prob": 0.9999718144536018, "sampled_number_rate": 1.0, "kl": 0.0, "kl_coef": 0.05, "value_loss": 0.0}
A decoder-only architecture is being used, but right-padding was detected! For correct generation results, please set `padding_side='left'` when initializing the tokenizer.
{"step": 600, "epoch": 0, "batch_hash": 2739645797, "rows": 8, "skipped": 0, "answer_accuracy": 0.375, "updates": 4, "seconds": 2.3467862606048584, "time": 1790991776.6057847, "loss": -0.9133413940992564, "confidence": 0.5122564762708464, "mass": 0.9999988251649741, "hinge_active": 0.0, "stop_prob": 0.9998288229107857, "sampled_number_rate": 1.0, "kl": 0.0, "kl_coef": 0.05, "value_loss": 0.0}
A decoder-only architecture is being used, but right-padding was detected! For correct generation results, please set `padding_side='left'` when initializing the tokenizer.
{"step": 601, "epoch": 0, "batch_hash": 1084077309, "rows": 8, "skipped": 0, "answer_accuracy": 0.5, "updates": 4, "seconds": 2.366321563720703, "time": 1790991778.983365, "loss": -0.9311995459887016, "confidence": 0.5180501161892146, "mass": 0.9999991923006553, "hinge_active": 0.0, "stop_prob": 0.999948650598526, "sampled_number_rate": 1.0, "kl": 0.0, "kl_coef": 0.05, "value_loss": 0.0}
A decoder-only architecture is being used, but right-padding was detected! For correct generation results, please set `padding_side='left'` when initializing the tokenizer.
{"step": 602, "epoch": 0, "batch_hash": 2871393967, "rows": 8, "skipped": 0, "answer_accuracy": 0.875, "updates": 4, "seconds": 2.3503451347351074, "time": 1790991781.3367298, "loss": -0.8445685109088286, "confidence": 0.6662820084355427, "mass": 0.9999997983289304, "hinge_active": 0.0, "stop_prob": 0.9999697804450989, "sampled_number_rate": 1.0, "kl": 0.0, "kl_coef": 0.05, "value_loss": 0.0}
A decoder-only architecture is being used, but right-padding was detected! For correct generation results, please set `padding_side='left'` when initializing the tokenizer.
{"step": 603, "epoch": 0, "batch_hash": 662998323, "rows": 8, "skipped": 0, "answer_accuracy": 0.625, "updates": 4, "seconds": 2.217194080352783, "time": 1790991783.555968, "loss": -0.9113696813263175, "confidence": 0.6365176088828784, "mass": 0.9999994479593669, "hinge_active": 0.0, "stop_prob": 0.9999518096446991, "sampled_number_rate": 1.0, "kl": 0.0, "kl_coef": 0.05, "value_loss": 0.0}
A decoder-only architecture is being used, but right-padding was detected! For correct generation results, please set `padding_side='left'` when initializing the tokenizer.
{"step": 604, "epoch": 0, "batch_hash": 139577438, "rows": 7, "skipped": 1, "answer_accuracy": 0.42857142857142855, "updates": 4, "seconds": 3.4402215480804443, "time": 1790991787.0007799, "loss": -0.8762082255511239, "confidence": 0.5418897132755987, "mass": 0.9999985216799336, "hinge_active": 0.0, "stop_prob": 0.999962602342878, "sampled_number_rate": 0.9999999999999998, "kl": 0.0, "kl_coef": 0.05, "value_loss": 0.0}
A decoder-only architecture is being used, but right-padding was detected! For correct generation results, please set `padding_side='left'` when initializing the tokenizer.
{"step": 605, "epoch": 0, "batch_hash": 3093111976, "rows": 8, "skipped": 0, "answer_accuracy": 0.25, "updates": 4, "seconds": 2.285414457321167, "time": 1790991789.3015137, "loss": -0.8072537251247359, "confidence": 0.3337728366494927, "mass": 0.999997874960449, "hinge_active": 0.0, "stop_prob": 0.9999635294079781, "sampled_number_rate": 1.0, "kl": 0.0, "kl_coef": 0.05, "value_loss": 0.0}
A decoder-only architecture is being used, but right-padding was detected! For correct generation results, please set `padding_side='left'` when initializing the tokenizer.
{"step": 606, "epoch": 0, "batch_hash": 3685041747, "rows": 8, "skipped": 0, "answer_accuracy": 0.875, "updates": 4, "seconds": 2.1852753162384033, "time": 1790991791.5007207, "loss": -0.9314286776279888, "confidence": 0.7054633185811933, "mass": 0.9999996972163605, "hinge_active": 0.0, "stop_prob": 0.9999703764915466, "sampled_number_rate": 1.0, "kl": 0.0, "kl_coef": 0.05, "value_loss": 0.0}
A decoder-only architecture is being used, but right-padding was detected! For correct generation results, please set `padding_side='left'` when initializing the tokenizer.
{"step": 607, "epoch": 0, "batch_hash": 3559832865, "rows": 8, "skipped": 0, "answer_accuracy": 0.375, "updates": 4, "seconds": 2.3161461353302, "time": 1790991793.8315754, "loss": -0.9106089881259052, "confidence": 0.35863878442867425, "mass": 0.9999976466212541, "hinge_active": 0.0, "stop_prob": 0.9998709335923195, "sampled_number_rate": 1.0, "kl": 0.0, "kl_coef": 0.05, "value_loss": 0.0}
A decoder-only architecture is being used, but right-padding was detected! For correct generation results, please set `padding_side='left'` when initializing the tokenizer.
{"step": 608, "epoch": 0, "batch_hash": 3847354940, "rows": 7, "skipped": 1, "answer_accuracy": 0.7142857142857143, "updates": 4, "seconds": 2.5727527141571045, "time": 1790991796.4080822, "loss": -0.9579662566645295, "confidence": 0.6104961971357188, "mass": 0.9999991569259572, "hinge_active": 0.0, "stop_prob": 0.9999653952462333, "sampled_number_rate": 0.9999999999999998, "kl": 0.0, "kl_coef": 0.05, "value_loss": 0.0}
checkpoint at step 608 (0.6 s)
A decoder-only architecture is being used, but right-padding was detected! For correct generation results, please set `padding_side='left'` when initializing the tokenizer.
{"step": 609, "epoch": 0, "batch_hash": 3554418998, "rows": 8, "skipped": 0, "answer_accuracy": 0.5, "updates": 4, "seconds": 2.9061505794525146, "time": 1790991799.9575477, "loss": -0.8947151528673499, "confidence": 0.4729555386087952, "mass": 0.9999993802874744, "hinge_active": 0.0, "stop_prob": 0.9999633058905602, "sampled_number_rate": 1.0, "kl": 0.0, "kl_coef": 0.05, "value_loss": 0.0}
A decoder-only architecture is being used, but right-padding was detected! For correct generation results, please set `padding_side='left'` when initializing the tokenizer.
{"step": 610, "epoch": 0, "batch_hash": 541725551, "rows": 8, "skipped": 0, "answer_accuracy": 0.875, "updates": 4, "seconds": 2.318089723587036, "time": 1790991802.2778213, "loss": -0.9219774243547265, "confidence": 0.8494450105909361, "mass": 0.9999993827850692, "hinge_active": 0.0, "stop_prob": 0.9999634250998497, "sampled_number_rate": 1.0, "kl": 0.0, "kl_coef": 0.05, "value_loss": 0.0}
A decoder-only architecture is being used, but right-padding was detected! For correct generation results, please set `padding_side='left'` when initializing the tokenizer.
{"step": 611, "epoch": 0, "batch_hash": 1463378102, "rows": 7, "skipped": 1, "answer_accuracy": 0.5714285714285714, "updates": 4, "seconds": 3.8118574619293213, "time": 1790991806.0925844, "loss": -0.9045607210510938, "confidence": 0.6497035980773506, "mass": 0.9999992832048599, "hinge_active": 0.0, "stop_prob": 0.9999210238456726, "sampled_number_rate": 0.9999999999999998, "kl": 0.0, "kl_coef": 0.05, "value_loss": 0.0}
A decoder-only architecture is being used, but right-padding was detected! For correct generation results, please set `padding_side='left'` when initializing the tokenizer.
{"step": 612, "epoch": 0, "batch_hash": 3961097668, "rows": 8, "skipped": 0, "answer_accuracy": 0.5, "updates": 4, "seconds": 2.2986321449279785, "time": 1790991808.393503, "loss": -0.856714880365328, "confidence": 0.6365663404517043, "mass": 0.9999994476206817, "hinge_active": 0.0, "stop_prob": 0.9999693557620049, "sampled_number_rate": 1.0, "kl": 0.0, "kl_coef": 0.05, "value_loss": 0.0}
A decoder-only architecture is being used, but right-padding was detected! For correct generation results, please set `padding_side='left'` when initializing the tokenizer.
{"step": 613, "epoch": 0, "batch_hash": 84284334, "rows": 8, "skipped": 0, "answer_accuracy": 0.875, "updates": 4, "seconds": 2.306422472000122, "time": 1790991810.7024848, "loss": -0.915710160261497, "confidence": 0.6915869642067244, "mass": 0.9999995986025232, "hinge_active": 0.0, "stop_prob": 0.9999665021896362, "sampled_number_rate": 1.0, "kl": 0.0, "kl_coef": 0.05, "value_loss": 0.0}
A decoder-only architecture is being used, but right-padding was detected! For correct generation results, please set `padding_side='left'` when initializing the tokenizer.
{"step": 614, "epoch": 0, "batch_hash": 3698841437, "rows": 8, "skipped": 0, "answer_accuracy": 0.625, "updates": 4, "seconds": 2.405111074447632, "time": 1790991813.1223612, "loss": -0.8796429119922567, "confidence": 0.6400755328169017, "mass": 0.9999784334975703, "hinge_active": 0.0, "stop_prob": 0.9997377321124077, "sampled_number_rate": 1.0, "kl": 0.0, "kl_coef": 0.05, "value_loss": 0.0}
A decoder-only architecture is being used, but right-padding was detected! For correct generation results, please set `padding_side='left'` when initializing the tokenizer.
{"step": 615, "epoch": 0, "batch_hash": 3513741232, "rows": 8, "skipped": 0, "answer_accuracy": 0.75, "updates": 4, "seconds": 2.3070199489593506, "time": 1790991815.432817, "loss": -0.9552956147102989, "confidence": 0.6157781266480595, "mass": 0.9999990675451566, "hinge_active": 0.0, "stop_prob": 0.9999709501862526, "sampled_number_rate": 1.0, "kl": 0.0, "kl_coef": 0.05, "value_loss": 0.0}
A decoder-only architecture is being used, but right-padding was detected! For correct generation results, please set `padding_side='left'` when initializing the tokenizer.
{"step": 616, "epoch": 0, "batch_hash": 3821747659, "rows": 8, "skipped": 0, "answer_accuracy": 0.25, "updates": 4, "seconds": 2.3263261318206787, "time": 1790991817.7639437, "loss": -0.8374460689447275, "confidence": 0.3799134718147633, "mass": 0.9999995988977892, "hinge_active": 0.0, "stop_prob": 0.9999723583459854, "sampled_number_rate": 1.0, "kl": 0.0, "kl_coef": 0.05, "value_loss": 0.0}
A decoder-only architecture is being used, but right-padding was detected! For correct generation results, please set `padding_side='left'` when initializing the tokenizer.
{"step": 617, "epoch": 0, "batch_hash": 203095015, "rows": 8, "skipped": 0, "answer_accuracy": 0.75, "updates": 4, "seconds": 2.3023948669433594, "time": 1790991820.0693333, "loss": -0.5780706893732134, "confidence": 0.5591437631936685, "mass": 0.999999785979687, "hinge_active": 0.0, "stop_prob": 0.9999695643782616, "sampled_number_rate": 1.0, "kl": 0.0, "kl_coef": 0.05, "value_loss": 0.0}
A decoder-only architecture is being used, but right-padding was detected! For correct generation results, please set `padding_side='left'` when initializing the tokenizer.
{"step": 618, "epoch": 0, "batch_hash": 2829866084, "rows": 7, "skipped": 1, "answer_accuracy": 0.5714285714285714, "updates": 4, "seconds": 3.850431203842163, "time": 1790991823.9222057, "loss": -0.86782184404918, "confidence": 0.6266379032103803, "mass": 0.9999995071902748, "hinge_active": 0.0, "stop_prob": 0.9999652079173497, "sampled_number_rate": 0.9999999999999998, "kl": 0.0, "kl_coef": 0.05, "value_loss": 0.0}
A decoder-only architecture is being used, but right-padding was detected! For correct generation results, please set `padding_side='left'` when initializing the tokenizer.
{"step": 619, "epoch": 0, "batch_hash": 2153151788, "rows": 8, "skipped": 0, "answer_accuracy": 0.75, "updates": 4, "seconds": 2.270491361618042, "time": 1790991826.1949933, "loss": -0.6991214719640354, "confidence": 0.4707867910646716, "mass": 0.9999996886178737, "hinge_active": 0.0, "stop_prob": 0.9999659135937691, "sampled_number_rate": 1.0, "kl": 0.0, "kl_coef": 0.05, "value_loss": 0.0}
A decoder-only architecture is being used, but right-padding was detected! For correct generation results, please set `padding_side='left'` when initializing the tokenizer.
{"step": 620, "epoch": 0, "batch_hash": 724706769, "rows": 8, "skipped": 0, "answer_accuracy": 0.875, "updates": 4, "seconds": 2.758121967315674, "time": 1790991828.955655, "loss": -0.9197084033957453, "confidence": 0.8101564385514712, "mass": 0.9999996035949839, "hinge_active": 0.0, "stop_prob": 0.9999668449163437, "sampled_number_rate": 1.0, "kl": 0.0, "kl_coef": 0.05, "value_loss": 0.0}
A decoder-only architecture is being used, but right-padding was detected! For correct generation results, please set `padding_side='left'` when initializing the tokenizer.
{"step": 621, "epoch": 0, "batch_hash": 2535622437, "rows": 8, "skipped": 0, "answer_accuracy": 1.0, "updates": 4, "seconds": 2.2320101261138916, "time": 1790991831.189835, "loss": -0.9376481762273391, "confidence": 0.827291934632343, "mass": 0.9999995988504827, "hinge_active": 0.0, "stop_prob": 0.9999680370092392, "sampled_number_rate": 1.0, "kl": 0.0, "kl_coef": 0.05, "value_loss": 0.0}
A decoder-only architecture is being used, but right-padding was detected! For correct generation results, please set `padding_side='left'` when initializing the tokenizer.
{"step": 622, "epoch": 0, "batch_hash": 1463607398, "rows": 8, "skipped": 0, "answer_accuracy": 0.625, "updates": 4, "seconds": 2.599756956100464, "time": 1790991833.7930248, "loss": -0.8792312627896571, "confidence": 0.7615671177551453, "mass": 0.9999996095499208, "hinge_active": 0.0, "stop_prob": 0.9999668896198273, "sampled_number_rate": 1.0, "kl": 0.0, "kl_coef": 0.05, "value_loss": 0.0}
A decoder-only architecture is being used, but right-padding was detected! For correct generation results, please set `padding_side='left'` when initializing the tokenizer.
{"step": 623, "epoch": 0, "batch_hash": 1288017533, "rows": 8, "skipped": 0, "answer_accuracy": 0.625, "updates": 4, "seconds": 2.4656288623809814, "time": 1790991836.261134, "loss": -0.9282030848792339, "confidence": 0.6488860318369217, "mass": 0.9999994488194763, "hinge_active": 0.0, "stop_prob": 0.9999724254012108, "sampled_number_rate": 1.0, "kl": 0.0, "kl_coef": 0.05, "value_loss": 0.0}
A decoder-only architecture is being used, but right-padding was detected! For correct generation results, please set `padding_side='left'` when initializing the tokenizer.
{"step": 624, "epoch": 0, "batch_hash": 3789794007, "rows": 8, "skipped": 0, "answer_accuracy": 0.375, "updates": 4, "seconds": 2.306264638900757, "time": 1790991838.5701184, "loss": -0.8364543707786661, "confidence": 0.5892711944273238, "mass": 0.9999978049011679, "hinge_active": 0.0, "stop_prob": 0.9999477937817574, "sampled_number_rate": 1.0, "kl": 0.0, "kl_coef": 0.05, "value_loss": 0.0}
A decoder-only architecture is being used, but right-padding was detected! For correct generation results, please set `padding_side='left'` when initializing the tokenizer.
{"step": 625, "epoch": 0, "batch_hash": 1936411538, "rows": 8, "skipped": 0, "answer_accuracy": 0.75, "updates": 4, "seconds": 2.2328734397888184, "time": 1790991840.8055022, "loss": -0.8460459956297283, "confidence": 0.7890500356172886, "mass": 0.9999996765963786, "hinge_active": 0.0, "stop_prob": 0.9999712556600571, "sampled_number_rate": 1.0, "kl": 0.0, "kl_coef": 0.05, "value_loss": 0.0}
A decoder-only architecture is being used, but right-padding was detected! For correct generation results, please set `padding_side='left'` when initializing the tokenizer.
{"step": 626, "epoch": 0, "batch_hash": 2080303954, "rows": 8, "skipped": 0, "answer_accuracy": 0.625, "updates": 4, "seconds": 2.1593854427337646, "time": 1790991842.975272, "loss": -0.8490714535428899, "confidence": 0.7051416306635991, "mass": 0.9999996709530894, "hinge_active": 0.0, "stop_prob": 0.9999742433428764, "sampled_number_rate": 1.0, "kl": 0.0, "kl_coef": 0.05, "value_loss": 0.0}
A decoder-only architecture is being used, but right-padding was detected! For correct generation results, please set `padding_side='left'` when initializing the tokenizer.
{"step": 627, "epoch": 0, "batch_hash": 3084056293, "rows": 8, "skipped": 0, "answer_accuracy": 0.5, "updates": 4, "seconds": 2.2708539962768555, "time": 1790991845.2485886, "loss": -0.8792982484914394, "confidence": 0.6912325699479676, "mass": 0.9999997574049694, "hinge_active": 0.0, "stop_prob": 0.9999726712703705, "sampled_number_rate": 1.0, "kl": 0.0, "kl_coef": 0.05, "value_loss": 0.0}
A decoder-only architecture is being used, but right-padding was detected! For correct generation results, please set `padding_side='left'` when initializing the tokenizer.
{"step": 628, "epoch": 0, "batch_hash": 3588310256, "rows": 7, "skipped": 1, "answer_accuracy": 0.7142857142857143, "updates": 4, "seconds": 2.1030611991882324, "time": 1790991847.3545942, "loss": -0.8192430914216261, "confidence": 0.7767775453529621, "mass": 0.9999997607716156, "hinge_active": 0.0, "stop_prob": 0.9999702147075108, "sampled_number_rate": 0.9999999999999998, "kl": 0.0, "kl_coef": 0.05, "value_loss": 0.0}
A decoder-only architecture is being used, but right-padding was detected! For correct generation results, please set `padding_side='left'` when initializing the tokenizer.
{"step": 629, "epoch": 0, "batch_hash": 842752484, "rows": 8, "skipped": 0, "answer_accuracy": 0.5, "updates": 4, "seconds": 2.682847738265991, "time": 1790991850.0410197, "loss": -0.8738129765852787, "confidence": 0.6212855563525783, "mass": 0.9999988029016008, "hinge_active": 0.0, "stop_prob": 0.9999692291021347, "sampled_number_rate": 1.0, "kl": 0.0, "kl_coef": 0.05, "value_loss": 0.0}
A decoder-only architecture is being used, but right-padding was detected! For correct generation results, please set `padding_side='left'` when initializing the tokenizer.
{"step": 630, "epoch": 0, "batch_hash": 2176755076, "rows": 8, "skipped": 0, "answer_accuracy": 0.75, "updates": 4, "seconds": 2.302558183670044, "time": 1790991852.3464456, "loss": -0.8886034918349204, "confidence": 0.7386740640276879, "mass": 0.9999997583903109, "hinge_active": 0.0, "stop_prob": 0.999972827732563, "sampled_number_rate": 1.0, "kl": 0.0, "kl_coef": 0.05, "value_loss": 0.0}
A decoder-only architecture is being used, but right-padding was detected! For correct generation results, please set `padding_side='left'` when initializing the tokenizer.
{"step": 631, "epoch": 0, "batch_hash": 2940693622, "rows": 8, "skipped": 0, "answer_accuracy": 0.625, "updates": 4, "seconds": 2.309727668762207, "time": 1790991854.6590476, "loss": -0.8734377098176539, "confidence": 0.5421812720191751, "mass": 0.9999997560130806, "hinge_active": 0.0, "stop_prob": 0.9999753385782242, "sampled_number_rate": 1.0, "kl": 0.0, "kl_coef": 0.05, "value_loss": 0.0}
A decoder-only architecture is being used, but right-padding was detected! For correct generation results, please set `padding_side='left'` when initializing the tokenizer.
{"step": 632, "epoch": 0, "batch_hash": 1870706027, "rows": 8, "skipped": 0, "answer_accuracy": 0.75, "updates": 4, "seconds": 2.3540587425231934, "time": 1790991857.0156958, "loss": -0.8902284572004088, "confidence": 0.7999295490273004, "mass": 0.9999985163596947, "hinge_active": 0.0, "stop_prob": 0.9999485909938812, "sampled_number_rate": 1.0, "kl": 0.0, "kl_coef": 0.05, "value_loss": 0.0}
A decoder-only architecture is being used, but right-padding was detected! For correct generation results, please set `padding_side='left'` when initializing the tokenizer.
{"step": 633, "epoch": 0, "batch_hash": 708242026, "rows": 8, "skipped": 0, "answer_accuracy": 0.875, "updates": 4, "seconds": 2.4190759658813477, "time": 1790991859.4370706, "loss": -0.8505824184898264, "confidence": 0.8257233055483418, "mass": 0.9999996963673351, "hinge_active": 0.0, "stop_prob": 0.999969407916069, "sampled_number_rate": 1.0, "kl": 0.0, "kl_coef": 0.05, "value_loss": 0.0}
A decoder-only architecture is being used, but right-padding was detected! For correct generation results, please set `padding_side='left'` when initializing the tokenizer.
{"step": 634, "epoch": 0, "batch_hash": 462424473, "rows": 8, "skipped": 0, "answer_accuracy": 0.375, "updates": 4, "seconds": 2.3030054569244385, "time": 1790991861.742704, "loss": -0.8000155738708697, "confidence": 0.630900650627605, "mass": 0.9999998262168879, "hinge_active": 0.0, "stop_prob": 0.9999742209911346, "sampled_number_rate": 1.0, "kl": 0.0, "kl_coef": 0.05, "value_loss": 0.0}
A decoder-only architecture is being used, but right-padding was detected! For correct generation results, please set `padding_side='left'` when initializing the tokenizer.
{"step": 635, "epoch": 0, "batch_hash": 3650483340, "rows": 8, "skipped": 0, "answer_accuracy": 0.625, "updates": 4, "seconds": 2.334254503250122, "time": 1790991864.0796192, "loss": -0.9048461862516881, "confidence": 0.7045277973812791, "mass": 0.9999997111795971, "hinge_active": 0.0, "stop_prob": 0.9999690726399422, "sampled_number_rate": 1.0, "kl": 0.0, "kl_coef": 0.05, "value_loss": 0.0}
A decoder-only architecture is being used, but right-padding was detected! For correct generation results, please set `padding_side='left'` when initializing the tokenizer.
{"step": 636, "epoch": 0, "batch_hash": 3864209853, "rows": 8, "skipped": 0, "answer_accuracy": 0.25, "updates": 4, "seconds": 2.497572183609009, "time": 1790991866.579729, "loss": -0.7233090137516436, "confidence": 0.6494060058397932, "mass": 0.999999399158769, "hinge_active": 0.0, "stop_prob": 0.9999478533864021, "sampled_number_rate": 1.0, "kl": 0.0, "kl_coef": 0.05, "value_loss": 0.0}
A decoder-only architecture is being used, but right-padding was detected! For correct generation results, please set `padding_side='left'` when initializing the tokenizer.
{"step": 637, "epoch": 0, "batch_hash": 2763269121, "rows": 8, "skipped": 0, "answer_accuracy": 0.75, "updates": 4, "seconds": 2.5402073860168457, "time": 1790991869.1234145, "loss": -0.8979014324978408, "confidence": 0.7159924166205723, "mass": 0.9999967230704864, "hinge_active": 0.0, "stop_prob": 0.9998858720064163, "sampled_number_rate": 1.0, "kl": 0.0, "kl_coef": 0.05, "value_loss": 0.0}
A decoder-only architecture is being used, but right-padding was detected! For correct generation results, please set `padding_side='left'` when initializing the tokenizer.
{"step": 638, "epoch": 0, "batch_hash": 1379014423, "rows": 8, "skipped": 0, "answer_accuracy": 0.5, "updates": 4, "seconds": 2.3883583545684814, "time": 1790991871.5172343, "loss": -0.8729902775191783, "confidence": 0.6618810731763891, "mass": 0.9999995574852099, "hinge_active": 0.0, "stop_prob": 0.999969907104969, "sampled_number_rate": 1.0, "kl": 0.0, "kl_coef": 0.05, "value_loss": 0.0}
A decoder-only architecture is being used, but right-padding was detected! For correct generation results, please set `padding_side='left'` when initializing the tokenizer.
{"step": 639, "epoch": 0, "batch_hash": 2404514161, "rows": 8, "skipped": 0, "answer_accuracy": 0.5, "updates": 4, "seconds": 2.4896862506866455, "time": 1790991874.0097198, "loss": -0.8946616593129728, "confidence": 0.5334059708911865, "mass": 0.9999991839344848, "hinge_active": 0.0, "stop_prob": 0.9999484643340111, "sampled_number_rate": 1.0, "kl": 0.0, "kl_coef": 0.05, "value_loss": 0.0}
A decoder-only architecture is being used, but right-padding was detected! For correct generation results, please set `padding_side='left'` when initializing the tokenizer.
{"step": 640, "epoch": 0, "batch_hash": 1053605413, "rows": 8, "skipped": 0, "answer_accuracy": 0.875, "updates": 4, "seconds": 2.6131157875061035, "time": 1790991876.6305878, "loss": -0.8934534524545888, "confidence": 0.7553569125397652, "mass": 0.9999997351512785, "hinge_active": 0.0, "stop_prob": 0.999970905482769, "sampled_number_rate": 1.0, "kl": 0.0, "kl_coef": 0.05, "value_loss": 0.0}
checkpoint at step 640 (0.7 s)
A decoder-only architecture is being used, but right-padding was detected! For correct generation results, please set `padding_side='left'` when initializing the tokenizer.
{"step": 641, "epoch": 0, "batch_hash": 412407980, "rows": 8, "skipped": 0, "answer_accuracy": 0.5, "updates": 4, "seconds": 2.261423110961914, "time": 1790991879.6061735, "loss": -0.9023462961973503, "confidence": 0.5840419725636614, "mass": 0.999999710782842, "hinge_active": 0.0, "stop_prob": 0.9999670535326004, "sampled_number_rate": 1.0, "kl": 0.0, "kl_coef": 0.05, "value_loss": 0.0}
A decoder-only architecture is being used, but right-padding was detected! For correct generation results, please set `padding_side='left'` when initializing the tokenizer.
{"step": 642, "epoch": 0, "batch_hash": 2644416597, "rows": 8, "skipped": 0, "answer_accuracy": 0.5, "updates": 4, "seconds": 2.213527202606201, "time": 1790991881.830914, "loss": -0.8242386331962833, "confidence": 0.6175263587986571, "mass": 0.9999998573140882, "hinge_active": 0.0, "stop_prob": 0.9999733120203018, "sampled_number_rate": 1.0, "kl": 0.0, "kl_coef": 0.05, "value_loss": 0.0}
A decoder-only architecture is being used, but right-padding was detected! For correct generation results, please set `padding_side='left'` when initializing the tokenizer.
{"step": 643, "epoch": 0, "batch_hash": 2671496459, "rows": 8, "skipped": 0, "answer_accuracy": 0.375, "updates": 4, "seconds": 2.5217230319976807, "time": 1790991884.3553977, "loss": -0.931013558296346, "confidence": 0.4456040399595758, "mass": 0.9999987265540353, "hinge_active": 0.0, "stop_prob": 0.9998078793287277, "sampled_number_rate": 1.0, "kl": 0.0, "kl_coef": 0.05, "value_loss": 0.0}
A decoder-only architecture is being used, but right-padding was detected! For correct generation results, please set `padding_side='left'` when initializing the tokenizer.
{"step": 644, "epoch": 0, "batch_hash": 3558943440, "rows": 8, "skipped": 0, "answer_accuracy": 0.375, "updates": 4, "seconds": 2.4319188594818115, "time": 1790991886.7908769, "loss": -0.8769118746090363, "confidence": 0.5409743633179177, "mass": 0.9999995132755612, "hinge_active": 0.0, "stop_prob": 0.99982550740242, "sampled_number_rate": 1.0, "kl": 0.0, "kl_coef": 0.05, "value_loss": 0.0}
A decoder-only architecture is being used, but right-padding was detected! For correct generation results, please set `padding_side='left'` when initializing the tokenizer.
{"step": 645, "epoch": 0, "batch_hash": 251905675, "rows": 8, "skipped": 0, "answer_accuracy": 0.5, "updates": 4, "seconds": 2.345911741256714, "time": 1790991889.1388702, "loss": -0.9281300610089188, "confidence": 0.4033875088259576, "mass": 0.9999992894186294, "hinge_active": 0.0, "stop_prob": 0.9999695867300034, "sampled_number_rate": 1.0, "kl": 0.0, "kl_coef": 0.05, "value_loss": 0.0}
A decoder-only architecture is being used, but right-padding was detected! For correct generation results, please set `padding_side='left'` when initializing the tokenizer.
{"step": 646, "epoch": 0, "batch_hash": 2414600207, "rows": 8, "skipped": 0, "answer_accuracy": 0.5, "updates": 4, "seconds": 2.2623252868652344, "time": 1790991891.4038012, "loss": -0.9250913601582951, "confidence": 0.5335962466689538, "mass": 0.9999997781356696, "hinge_active": 0.0, "stop_prob": 0.9998651295900345, "sampled_number_rate": 1.0, "kl": 0.0, "kl_coef": 0.05, "value_loss": 0.0}
A decoder-only architecture is being used, but right-padding was detected! For correct generation results, please set `padding_side='left'` when initializing the tokenizer.
{"step": 647, "epoch": 0, "batch_hash": 3341569441, "rows": 8, "skipped": 0, "answer_accuracy": 0.75, "updates": 4, "seconds": 2.619091749191284, "time": 1790991894.0352566, "loss": -0.937394278723712, "confidence": 0.6001616292935626, "mass": 0.9999996193315537, "hinge_active": 0.0, "stop_prob": 0.9997746869921684, "sampled_number_rate": 1.0, "kl": 0.0, "kl_coef": 0.05, "value_loss": 0.0}
A decoder-only architecture is being used, but right-padding was detected! For correct generation results, please set `padding_side='left'` when initializing the tokenizer.
{"step": 648, "epoch": 0, "batch_hash": 488079575, "rows": 8, "skipped": 0, "answer_accuracy": 0.875, "updates": 4, "seconds": 2.33709979057312, "time": 1790991896.3747633, "loss": -0.9600147885892976, "confidence": 0.7966699960809096, "mass": 0.9999997256286325, "hinge_active": 0.0, "stop_prob": 0.9999686777591705, "sampled_number_rate": 1.0, "kl": 0.0, "kl_coef": 0.05, "value_loss": 0.0}
A decoder-only architecture is being used, but right-padding was detected! For correct generation results, please set `padding_side='left'` when initializing the tokenizer.
{"step": 649, "epoch": 0, "batch_hash": 3386360150, "rows": 8, "skipped": 0, "answer_accuracy": 0.625, "updates": 4, "seconds": 2.2041733264923096, "time": 1790991898.58113, "loss": -0.9161831787518484, "confidence": 0.683592983063308, "mass": 0.9999996924384833, "hinge_active": 0.0, "stop_prob": 0.9999723434448242, "sampled_number_rate": 1.0, "kl": 0.0, "kl_coef": 0.05, "value_loss": 0.0}
A decoder-only architecture is being used, but right-padding was detected! For correct generation results, please set `padding_side='left'` when initializing the tokenizer.
{"step": 650, "epoch": 0, "batch_hash": 748285417, "rows": 8, "skipped": 0, "answer_accuracy": 0.625, "updates": 4, "seconds": 2.312288284301758, "time": 1790991900.8956356, "loss": -0.8710218150522795, "confidence": 0.7496508417561605, "mass": 0.9999996221367907, "hinge_active": 0.0, "stop_prob": 0.9999720379710197, "sampled_number_rate": 1.0, "kl": 0.0, "kl_coef": 0.05, "value_loss": 0.0}
A decoder-only architecture is being used, but right-padding was detected! For correct generation results, please set `padding_side='left'` when initializing the tokenizer.
{"step": 651, "epoch": 0, "batch_hash": 3509716585, "rows": 8, "skipped": 0, "answer_accuracy": 0.75, "updates": 4, "seconds": 2.406489610671997, "time": 1790991903.3051658, "loss": -0.8535232801899951, "confidence": 0.5682146742613252, "mass": 0.9999997836016262, "hinge_active": 0.0, "stop_prob": 0.9999729320406914, "sampled_number_rate": 1.0, "kl": 0.0, "kl_coef": 0.05, "value_loss": 0.0}
A decoder-only architecture is being used, but right-padding was detected! For correct generation results, please set `padding_side='left'` when initializing the tokenizer.
{"step": 652, "epoch": 0, "batch_hash": 676329930, "rows": 7, "skipped": 1, "answer_accuracy": 0.5714285714285714, "updates": 4, "seconds": 3.6643993854522705, "time": 1790991906.9812376, "loss": -0.8852253837959816, "confidence": 0.7064968965258616, "mass": 0.999974858688973, "hinge_active": 0.0, "stop_prob": 0.9999001451901027, "sampled_number_rate": 0.9999999999999998, "kl": 0.0, "kl_coef": 0.05, "value_loss": 0.0}
A decoder-only architecture is being used, but right-padding was detected! For correct generation results, please set `padding_side='left'` when initializing the tokenizer.
{"step": 653, "epoch": 0, "batch_hash": 83924760, "rows": 8, "skipped": 0, "answer_accuracy": 0.25, "updates": 4, "seconds": 2.5332412719726562, "time": 1790991909.5172143, "loss": -0.8595546481404227, "confidence": 0.4477422947944646, "mass": 0.9999996495490543, "hinge_active": 0.0, "stop_prob": 0.9999752938747406, "sampled_number_rate": 1.0, "kl": 0.0, "kl_coef": 0.05, "value_loss": 0.0}
A decoder-only architecture is being used, but right-padding was detected! For correct generation results, please set `padding_side='left'` when initializing the tokenizer.
{"step": 654, "epoch": 0, "batch_hash": 3492182258, "rows": 8, "skipped": 0, "answer_accuracy": 0.5, "updates": 4, "seconds": 2.3108205795288086, "time": 1790991911.830258, "loss": -0.8814787124097903, "confidence": 0.5512590942611881, "mass": 0.9999997826229574, "hinge_active": 0.0, "stop_prob": 0.999975211918354, "sampled_number_rate": 1.0, "kl": 0.0, "kl_coef": 0.05, "value_loss": 0.0}
A decoder-only architecture is being used, but right-padding was detected! For correct generation results, please set `padding_side='left'` when initializing the tokenizer.
{"step": 655, "epoch": 0, "batch_hash": 3899054818, "rows": 8, "skipped": 0, "answer_accuracy": 0.5, "updates": 4, "seconds": 2.297518730163574, "time": 1790991914.1325006, "loss": -0.9165621376029192, "confidence": 0.5953989522946921, "mass": 0.9999994021097982, "hinge_active": 0.0, "stop_prob": 0.9999675452709198, "sampled_number_rate": 1.0, "kl": 0.0, "kl_coef": 0.05, "value_loss": 0.0}
A decoder-only architecture is being used, but right-padding was detected! For correct generation results, please set `padding_side='left'` when initializing the tokenizer.
{"step": 656, "epoch": 0, "batch_hash": 3898571448, "rows": 8, "skipped": 0, "answer_accuracy": 0.875, "updates": 4, "seconds": 2.2340950965881348, "time": 1790991916.3688776, "loss": -0.8979038162628443, "confidence": 0.6892241257901732, "mass": 0.9999997386181105, "hinge_active": 0.0, "stop_prob": 0.9999713450670242, "sampled_number_rate": 1.0, "kl": 0.0, "kl_coef": 0.05, "value_loss": 0.0}
A decoder-only architecture is being used, but right-padding was detected! For correct generation results, please set `padding_side='left'` when initializing the tokenizer.
{"step": 657, "epoch": 0, "batch_hash": 1747483129, "rows": 8, "skipped": 0, "answer_accuracy": 0.5, "updates": 4, "seconds": 2.461298942565918, "time": 1790991918.8324838, "loss": -0.8534650028284744, "confidence": 0.5772483453155786, "mass": 0.9999996755502238, "hinge_active": 0.0, "stop_prob": 0.9999297261238098, "sampled_number_rate": 1.0, "kl": 0.0, "kl_coef": 0.05, "value_loss": 0.0}
A decoder-only architecture is being used, but right-padding was detected! For correct generation results, please set `padding_side='left'` when initializing the tokenizer.
{"step": 658, "epoch": 0, "batch_hash": 925447776, "rows": 8, "skipped": 0, "answer_accuracy": 0.75, "updates": 4, "seconds": 2.2205114364624023, "time": 1790991921.055123, "loss": -0.9568314102916431, "confidence": 0.663427391292262, "mass": 0.9999992267683323, "hinge_active": 0.0, "stop_prob": 0.9995720311999321, "sampled_number_rate": 1.0, "kl": 0.0, "kl_coef": 0.05, "value_loss": 0.0}
A decoder-only architecture is being used, but right-padding was detected! For correct generation results, please set `padding_side='left'` when initializing the tokenizer.
{"step": 659, "epoch": 0, "batch_hash": 541601329, "rows": 8, "skipped": 0, "answer_accuracy": 0.375, "updates": 4, "seconds": 2.610811710357666, "time": 1790991923.668913, "loss": -0.9454990968699584, "confidence": 0.41437426038456465, "mass": 0.9999979024375809, "hinge_active": 0.0, "stop_prob": 0.9997312277555466, "sampled_number_rate": 1.0, "kl": 0.0, "kl_coef": 0.05, "value_loss": 0.0}
A decoder-only architecture is being used, but right-padding was detected! For correct generation results, please set `padding_side='left'` when initializing the tokenizer.
{"step": 660, "epoch": 0, "batch_hash": 3356088745, "rows": 8, "skipped": 0, "answer_accuracy": 0.375, "updates": 4, "seconds": 2.555765390396118, "time": 1790991926.226876, "loss": -0.859729897798363, "confidence": 0.5969557310824827, "mass": 0.9999967231643335, "hinge_active": 0.0, "stop_prob": 0.9996445626020432, "sampled_number_rate": 1.0, "kl": 0.0, "kl_coef": 0.05, "value_loss": 0.0}
A decoder-only architecture is being used, but right-padding was detected! For correct generation results, please set `padding_side='left'` when initializing the tokenizer.
{"step": 661, "epoch": 0, "batch_hash": 3893676224, "rows": 8, "skipped": 0, "answer_accuracy": 0.625, "updates": 4, "seconds": 2.4811129570007324, "time": 1790991928.7106218, "loss": -0.9354972843055013, "confidence": 0.5621379847925956, "mass": 0.9999995528790921, "hinge_active": 0.0, "stop_prob": 0.9999687373638153, "sampled_number_rate": 1.0, "kl": 0.0, "kl_coef": 0.05, "value_loss": 0.0}
A decoder-only architecture is being used, but right-padding was detected! For correct generation results, please set `padding_side='left'` when initializing the tokenizer.
{"step": 662, "epoch": 0, "batch_hash": 984241179, "rows": 8, "skipped": 0, "answer_accuracy": 0.375, "updates": 4, "seconds": 2.4132580757141113, "time": 1790991931.131037, "loss": -0.9306112775938057, "confidence": 0.49501318608252465, "mass": 0.9999996705562022, "hinge_active": 0.0, "stop_prob": 0.9999735504388809, "sampled_number_rate": 1.0, "kl": 0.0, "kl_coef": 0.05, "value_loss": 0.0}
A decoder-only architecture is being used, but right-padding was detected! For correct generation results, please set `padding_side='left'` when initializing the tokenizer.
{"step": 663, "epoch": 0, "batch_hash": 620070877, "rows": 8, "skipped": 0, "answer_accuracy": 0.25, "updates": 4, "seconds": 2.4846248626708984, "time": 1790991933.6176414, "loss": -0.7256899538217866, "confidence": 0.6286384373846349, "mass": 0.9999996457710865, "hinge_active": 0.0, "stop_prob": 0.9999439343810081, "sampled_number_rate": 1.0, "kl": 0.0, "kl_coef": 0.05, "value_loss": 0.0}
A decoder-only architecture is being used, but right-padding was detected! For correct generation results, please set `padding_side='left'` when initializing the tokenizer.
{"step": 664, "epoch": 0, "batch_hash": 4046881924, "rows": 8, "skipped": 0, "answer_accuracy": 0.625, "updates": 4, "seconds": 2.2356069087982178, "time": 1790991935.855339, "loss": -0.9153618710262449, "confidence": 0.6871148664046934, "mass": 0.9999996555835164, "hinge_active": 0.0, "stop_prob": 0.9999645948410034, "sampled_number_rate": 1.0, "kl": 0.0, "kl_coef": 0.05, "value_loss": 0.0}
A decoder-only architecture is being used, but right-padding was detected! For correct generation results, please set `padding_side='left'` when initializing the tokenizer.
{"step": 665, "epoch": 0, "batch_hash": 2411532963, "rows": 8, "skipped": 0, "answer_accuracy": 0.625, "updates": 4, "seconds": 2.3906519412994385, "time": 1790991938.2484207, "loss": -0.9446048023970784, "confidence": 0.6157386468300953, "mass": 0.9999998168334374, "hinge_active": 0.0, "stop_prob": 0.9999721273779869, "sampled_number_rate": 1.0, "kl": 0.0, "kl_coef": 0.05, "value_loss": 0.0}
A decoder-only architecture is being used, but right-padding was detected! For correct generation results, please set `padding_side='left'` when initializing the tokenizer.
{"step": 666, "epoch": 0, "batch_hash": 3517443920, "rows": 8, "skipped": 0, "answer_accuracy": 0.375, "updates": 4, "seconds": 2.864365577697754, "time": 1790991941.116318, "loss": -0.9074695635568519, "confidence": 0.4820654845915187, "mass": 0.9999990096105271, "hinge_active": 0.0, "stop_prob": 0.999826192855835, "sampled_number_rate": 1.0, "kl": 0.0, "kl_coef": 0.05, "value_loss": 0.0}
A decoder-only architecture is being used, but right-padding was detected! For correct generation results, please set `padding_side='left'` when initializing the tokenizer.
{"step": 667, "epoch": 0, "batch_hash": 185268872, "rows": 8, "skipped": 0, "answer_accuracy": 0.5, "updates": 4, "seconds": 2.2734270095825195, "time": 1790991943.3925824, "loss": -0.9249172542025943, "confidence": 0.5847983672410614, "mass": 0.9999994274753752, "hinge_active": 0.0, "stop_prob": 0.9999609366059303, "sampled_number_rate": 1.0, "kl": 0.0, "kl_coef": 0.05, "value_loss": 0.0}
A decoder-only architecture is being used, but right-padding was detected! For correct generation results, please set `padding_side='left'` when initializing the tokenizer.
{"step": 668, "epoch": 0, "batch_hash": 3666701384, "rows": 8, "skipped": 0, "answer_accuracy": 0.625, "updates": 4, "seconds": 2.377915382385254, "time": 1790991945.7750218, "loss": -0.887865554045802, "confidence": 0.4898070741532729, "mass": 0.9999996895052884, "hinge_active": 0.0, "stop_prob": 0.9999513253569603, "sampled_number_rate": 1.0, "kl": 0.0, "kl_coef": 0.05, "value_loss": 0.0}
A decoder-only architecture is being used, but right-padding was detected! For correct generation results, please set `padding_side='left'` when initializing the tokenizer.
{"step": 669, "epoch": 0, "batch_hash": 2872362892, "rows": 8, "skipped": 0, "answer_accuracy": 0.625, "updates": 4, "seconds": 2.2353224754333496, "time": 1790991948.01289, "loss": -0.9317783747794024, "confidence": 0.5578679003519174, "mass": 0.9999996790192472, "hinge_active": 0.0, "stop_prob": 0.9999713599681854, "sampled_number_rate": 1.0, "kl": 0.0, "kl_coef": 0.05, "value_loss": 0.0}
A decoder-only architecture is being used, but right-padding was detected! For correct generation results, please set `padding_side='left'` when initializing the tokenizer.
{"step": 670, "epoch": 0, "batch_hash": 3333218137, "rows": 7, "skipped": 1, "answer_accuracy": 0.7142857142857143, "updates": 4, "seconds": 2.094245433807373, "time": 1790991950.1121428, "loss": -0.9081531954665314, "confidence": 0.6263158255557563, "mass": 0.9999998943056592, "hinge_active": 0.0, "stop_prob": 0.9999730246407645, "sampled_number_rate": 0.9999999999999998, "kl": 0.0, "kl_coef": 0.05, "value_loss": 0.0}
A decoder-only architecture is being used, but right-padding was detected! For correct generation results, please set `padding_side='left'` when initializing the tokenizer.
{"step": 671, "epoch": 0, "batch_hash": 2809207135, "rows": 8, "skipped": 0, "answer_accuracy": 0.5, "updates": 4, "seconds": 2.2991483211517334, "time": 1790991952.4150572, "loss": -0.8529009378384879, "confidence": 0.43602402959811937, "mass": 0.999996303954883, "hinge_active": 0.0, "stop_prob": 0.998139314353466, "sampled_number_rate": 1.0, "kl": 0.0, "kl_coef": 0.05, "value_loss": 0.0}
A decoder-only architecture is being used, but right-padding was detected! For correct generation results, please set `padding_side='left'` when initializing the tokenizer.
{"step": 672, "epoch": 0, "batch_hash": 269196324, "rows": 8, "skipped": 0, "answer_accuracy": 1.0, "updates": 4, "seconds": 2.2466378211975098, "time": 1790991954.6645293, "loss": -0.8381181977193752, "confidence": 0.6803762982848786, "mass": 0.9999997970927295, "hinge_active": 0.0, "stop_prob": 0.9999717548489571, "sampled_number_rate": 1.0, "kl": 0.0, "kl_coef": 0.05, "value_loss": 0.0}
checkpoint at step 672 (1.0 s)
A decoder-only architecture is being used, but right-padding was detected! For correct generation results, please set `padding_side='left'` when initializing the tokenizer.
{"step": 673, "epoch": 0, "batch_hash": 3580415566, "rows": 8, "skipped": 0, "answer_accuracy": 0.5, "updates": 4, "seconds": 2.2775793075561523, "time": 1790991957.9122646, "loss": -0.9477227419004219, "confidence": 0.5210115349171949, "mass": 0.9999995970251895, "hinge_active": 0.0, "stop_prob": 0.9999725967645645, "sampled_number_rate": 1.0, "kl": 0.0, "kl_coef": 0.05, "value_loss": 0.0}
A decoder-only architecture is being used, but right-padding was detected! For correct generation results, please set `padding_side='left'` when initializing the tokenizer.
{"step": 674, "epoch": 0, "batch_hash": 871953663, "rows": 8, "skipped": 0, "answer_accuracy": 0.5, "updates": 4, "seconds": 2.453127861022949, "time": 1790991960.3706293, "loss": -0.8137083534026905, "confidence": 0.6741674009059818, "mass": 0.9999997743305397, "hinge_active": 0.0, "stop_prob": 0.9999728798866272, "sampled_number_rate": 1.0, "kl": 0.0, "kl_coef": 0.05, "value_loss": 0.0}
A decoder-only architecture is being used, but right-padding was detected! For correct generation results, please set `padding_side='left'` when initializing the tokenizer.
{"step": 675, "epoch": 0, "batch_hash": 3376758789, "rows": 8, "skipped": 0, "answer_accuracy": 0.75, "updates": 4, "seconds": 2.344694137573242, "time": 1790991962.7180145, "loss": -0.8866067887229832, "confidence": 0.6632033199572533, "mass": 0.9999997496415297, "hinge_active": 0.0, "stop_prob": 0.9999716952443123, "sampled_number_rate": 1.0, "kl": 0.0, "kl_coef": 0.05, "value_loss": 0.0}
A decoder-only architecture is being used, but right-padding was detected! For correct generation results, please set `padding_side='left'` when initializing the tokenizer.
{"step": 676, "epoch": 0, "batch_hash": 3693999281, "rows": 8, "skipped": 0, "answer_accuracy": 0.875, "updates": 4, "seconds": 2.4651708602905273, "time": 1790991965.1860602, "loss": -0.8653411903297854, "confidence": 0.7622621008800816, "mass": 0.9999999289620979, "hinge_active": 0.0, "stop_prob": 0.9999673441052437, "sampled_number_rate": 1.0, "kl": 0.0, "kl_coef": 0.05, "value_loss": 0.0}
A decoder-only architecture is being used, but right-padding was detected! For correct generation results, please set `padding_side='left'` when initializing the tokenizer.
{"step": 677, "epoch": 0, "batch_hash": 4056041410, "rows": 7, "skipped": 1, "answer_accuracy": 0.42857142857142855, "updates": 4, "seconds": 13.59600305557251, "time": 1790991978.7841918, "loss": -0.8741911104298979, "confidence": 0.5702687140987018, "mass": 0.9999993219093132, "hinge_active": 0.0, "stop_prob": 0.9997728552137103, "sampled_number_rate": 0.9999999999999998, "kl": 0.0, "kl_coef": 0.05, "value_loss": 0.0}
A decoder-only architecture is being used, but right-padding was detected! For correct generation results, please set `padding_side='left'` when initializing the tokenizer.
{"step": 678, "epoch": 0, "batch_hash": 3765437101, "rows": 8, "skipped": 0, "answer_accuracy": 0.375, "updates": 4, "seconds": 2.309391498565674, "time": 1790991981.0975103, "loss": -0.7461952327304185, "confidence": 0.5365030142876364, "mass": 0.9999996562719428, "hinge_active": 0.0, "stop_prob": 0.9999628067016602, "sampled_number_rate": 1.0, "kl": 0.0, "kl_coef": 0.05, "value_loss": 0.0}
A decoder-only architecture is being used, but right-padding was detected! For correct generation results, please set `padding_side='left'` when initializing the tokenizer.
{"step": 679, "epoch": 0, "batch_hash": 4141584651, "rows": 8, "skipped": 0, "answer_accuracy": 0.625, "updates": 4, "seconds": 2.460038900375366, "time": 1790991983.5597937, "loss": -0.9003585612796643, "confidence": 0.6259438868118234, "mass": 0.9999980887929598, "hinge_active": 0.0, "stop_prob": 0.9996792078018188, "sampled_number_rate": 1.0, "kl": 0.0, "kl_coef": 0.05, "value_loss": 0.0}
A decoder-only architecture is being used, but right-padding was detected! For correct generation results, please set `padding_side='left'` when initializing the tokenizer.
{"step": 680, "epoch": 0, "batch_hash": 4115355285, "rows": 8, "skipped": 0, "answer_accuracy": 0.5, "updates": 4, "seconds": 2.2105464935302734, "time": 1790991985.7736194, "loss": -0.6904564179369393, "confidence": 0.7276922294576776, "mass": 0.9999998547817198, "hinge_active": 0.0, "stop_prob": 0.9999736770987511, "sampled_number_rate": 1.0, "kl": 0.0, "kl_coef": 0.05, "value_loss": 0.0}
A decoder-only architecture is being used, but right-padding was detected! For correct generation results, please set `padding_side='left'` when initializing the tokenizer.
{"step": 681, "epoch": 0, "batch_hash": 707108116, "rows": 8, "skipped": 0, "answer_accuracy": 0.875, "updates": 4, "seconds": 2.2818257808685303, "time": 1790991988.0578322, "loss": -0.9363194942608553, "confidence": 0.7250542446811412, "mass": 0.9999997281995521, "hinge_active": 0.0, "stop_prob": 0.9999716952443123, "sampled_number_rate": 1.0, "kl": 0.0, "kl_coef": 0.05, "value_loss": 0.0}
A decoder-only architecture is being used, but right-padding was detected! For correct generation results, please set `padding_side='left'` when initializing the tokenizer.
{"step": 682, "epoch": 0, "batch_hash": 2671064756, "rows": 8, "skipped": 0, "answer_accuracy": 0.75, "updates": 4, "seconds": 2.9691379070281982, "time": 1790991991.0295572, "loss": -0.8558426223006323, "confidence": 0.7188141188755259, "mass": 0.9999996868202286, "hinge_active": 0.0, "stop_prob": 0.9999534115195274, "sampled_number_rate": 1.0, "kl": 0.0, "kl_coef": 0.05, "value_loss": 0.0}
A decoder-only architecture is being used, but right-padding was detected! For correct generation results, please set `padding_side='left'` when initializing the tokenizer.
{"step": 683, "epoch": 0, "batch_hash": 556163305, "rows": 8, "skipped": 0, "answer_accuracy": 0.875, "updates": 4, "seconds": 2.321131944656372, "time": 1790991993.3528612, "loss": -0.8488343008657151, "confidence": 0.5838896356408333, "mass": 0.9999997975604685, "hinge_active": 0.0, "stop_prob": 0.9999749660491943, "sampled_number_rate": 1.0, "kl": 0.0, "kl_coef": 0.05, "value_loss": 0.0}
A decoder-only architecture is being used, but right-padding was detected! For correct generation results, please set `padding_side='left'` when initializing the tokenizer.
{"step": 684, "epoch": 0, "batch_hash": 3658936920, "rows": 8, "skipped": 0, "answer_accuracy": 0.5, "updates": 4, "seconds": 2.5826032161712646, "time": 1790991995.938117, "loss": -0.8396464514302149, "confidence": 0.7142133299700312, "mass": 0.9999995915662491, "hinge_active": 0.0, "stop_prob": 0.9999694377183914, "sampled_number_rate": 1.0, "kl": 0.0, "kl_coef": 0.05, "value_loss": 0.0}
A decoder-only architecture is being used, but right-padding was detected! For correct generation results, please set `padding_side='left'` when initializing the tokenizer.
{"step": 685, "epoch": 0, "batch_hash": 1232811324, "rows": 8, "skipped": 0, "answer_accuracy": 0.875, "updates": 4, "seconds": 2.1596670150756836, "time": 1790991998.1007931, "loss": -0.8610836366939507, "confidence": 0.8377683866042992, "mass": 0.9999996982542607, "hinge_active": 0.0, "stop_prob": 0.9999688044190407, "sampled_number_rate": 1.0, "kl": 0.0, "kl_coef": 0.05, "value_loss": 0.0}
A decoder-only architecture is being used, but right-padding was detected! For correct generation results, please set `padding_side='left'` when initializing the tokenizer.
{"step": 686, "epoch": 0, "batch_hash": 2878037987, "rows": 7, "skipped": 1, "answer_accuracy": 0.5714285714285714, "updates": 4, "seconds": 2.6206605434417725, "time": 1790992000.7363064, "loss": -0.803588396820847, "confidence": 0.511390964045054, "mass": 0.9999981767833692, "hinge_active": 0.0, "stop_prob": 0.9994378004755292, "sampled_number_rate": 0.9999999999999998, "kl": 0.0, "kl_coef": 0.05, "value_loss": 0.0}
A decoder-only architecture is being used, but right-padding was detected! For correct generation results, please set `padding_side='left'` when initializing the tokenizer.
{"step": 687, "epoch": 0, "batch_hash": 1666280307, "rows": 8, "skipped": 0, "answer_accuracy": 1.0, "updates": 4, "seconds": 2.30574107170105, "time": 1790992003.045339, "loss": -0.8955494069985636, "confidence": 0.7594137725487604, "mass": 0.9999998226407214, "hinge_active": 0.0, "stop_prob": 0.9999721720814705, "sampled_number_rate": 1.0, "kl": 0.0, "kl_coef": 0.05, "value_loss": 0.0}
A decoder-only architecture is being used, but right-padding was detected! For correct generation results, please set `padding_side='left'` when initializing the tokenizer.
{"step": 688, "epoch": 0, "batch_hash": 2025753804, "rows": 8, "skipped": 0, "answer_accuracy": 0.625, "updates": 4, "seconds": 2.62961745262146, "time": 1790992005.6774921, "loss": -0.8845295220146089, "confidence": 0.4488997811629607, "mass": 0.9999994494938657, "hinge_active": 0.0, "stop_prob": 0.9999711737036705, "sampled_number_rate": 1.0, "kl": 0.0, "kl_coef": 0.05, "value_loss": 0.0}
A decoder-only architecture is being used, but right-padding was detected! For correct generation results, please set `padding_side='left'` when initializing the tokenizer.
{"step": 689, "epoch": 0, "batch_hash": 1417159191, "rows": 8, "skipped": 0, "answer_accuracy": 0.875, "updates": 4, "seconds": 2.320357084274292, "time": 1790992007.9999864, "loss": -0.778426236921224, "confidence": 0.61851112489056, "mass": 0.9999997864392083, "hinge_active": 0.0, "stop_prob": 0.9999744072556496, "sampled_number_rate": 1.0, "kl": 0.0, "kl_coef": 0.05, "value_loss": 0.0}
A decoder-only architecture is being used, but right-padding was detected! For correct generation results, please set `padding_side='left'` when initializing the tokenizer.
{"step": 690, "epoch": 0, "batch_hash": 1761212579, "rows": 8, "skipped": 0, "answer_accuracy": 0.875, "updates": 4, "seconds": 2.2613279819488525, "time": 1790992010.2780921, "loss": -0.9735571456086873, "confidence": 0.7875019205009111, "mass": 0.9999992835946572, "hinge_active": 0.0, "stop_prob": 0.9998465999960899, "sampled_number_rate": 1.0, "kl": 0.0, "kl_coef": 0.05, "value_loss": 0.0}
A decoder-only architecture is being used, but right-padding was detected! For correct generation results, please set `padding_side='left'` when initializing the tokenizer.
{"step": 691, "epoch": 0, "batch_hash": 2791504986, "rows": 8, "skipped": 0, "answer_accuracy": 0.625, "updates": 4, "seconds": 2.5742552280426025, "time": 1790992012.8568609, "loss": -0.9698902442605236, "confidence": 0.5990596434926428, "mass": 0.9999985512764765, "hinge_active": 0.0, "stop_prob": 0.9999624937772751, "sampled_number_rate": 1.0, "kl": 0.0, "kl_coef": 0.05, "value_loss": 0.0}
A decoder-only architecture is being used, but right-padding was detected! For correct generation results, please set `padding_side='left'` when initializing the tokenizer.
{"step": 692, "epoch": 0, "batch_hash": 938696394, "rows": 8, "skipped": 0, "answer_accuracy": 0.625, "updates": 4, "seconds": 2.5383992195129395, "time": 1790992015.3973804, "loss": -0.8696855011114581, "confidence": 0.7099789716316317, "mass": 0.9999997158551797, "hinge_active": 0.0, "stop_prob": 0.999973252415657, "sampled_number_rate": 1.0, "kl": 0.0, "kl_coef": 0.05, "value_loss": 0.0}
A decoder-only architecture is being used, but right-padding was detected! For correct generation results, please set `padding_side='left'` when initializing the tokenizer.
{"step": 693, "epoch": 0, "batch_hash": 1334454264, "rows": 8, "skipped": 0, "answer_accuracy": 0.625, "updates": 4, "seconds": 2.447021722793579, "time": 1790992017.8649216, "loss": -0.8510055884898818, "confidence": 0.4007792133078186, "mass": 0.9999995728325263, "hinge_active": 0.0, "stop_prob": 0.9999715238809586, "sampled_number_rate": 1.0, "kl": 0.0, "kl_coef": 0.05, "value_loss": 0.0}
A decoder-only architecture is being used, but right-padding was detected! For correct generation results, please set `padding_side='left'` when initializing the tokenizer.
{"step": 694, "epoch": 0, "batch_hash": 3800322767, "rows": 8, "skipped": 0, "answer_accuracy": 0.5, "updates": 4, "seconds": 2.314189910888672, "time": 1790992020.1815708, "loss": -0.9210708310893698, "confidence": 0.5793180709933055, "mass": 0.9999997612747149, "hinge_active": 0.0, "stop_prob": 0.9999557882547379, "sampled_number_rate": 1.0, "kl": 0.0, "kl_coef": 0.05, "value_loss": 0.0}
A decoder-only architecture is being used, but right-padding was detected! For correct generation results, please set `padding_side='left'` when initializing the tokenizer.
{"step": 695, "epoch": 0, "batch_hash": 3441455812, "rows": 8, "skipped": 0, "answer_accuracy": 0.875, "updates": 4, "seconds": 2.261241912841797, "time": 1790992022.4467018, "loss": -0.8655271121453205, "confidence": 0.766791111261444, "mass": 0.9999997272608327, "hinge_active": 0.0, "stop_prob": 0.9999694749712944, "sampled_number_rate": 1.0, "kl": 0.0, "kl_coef": 0.05, "value_loss": 0.0}
A decoder-only architecture is being used, but right-padding was detected! For correct generation results, please set `padding_side='left'` when initializing the tokenizer.
{"step": 696, "epoch": 0, "batch_hash": 2106526106, "rows": 8, "skipped": 0, "answer_accuracy": 0.5, "updates": 4, "seconds": 2.2316040992736816, "time": 1790992024.6809657, "loss": -0.8718307676250964, "confidence": 0.6325781537512567, "mass": 0.9999998472438595, "hinge_active": 0.0, "stop_prob": 0.9999718889594078, "sampled_number_rate": 1.0, "kl": 0.0, "kl_coef": 0.05, "value_loss": 0.0}
A decoder-only architecture is being used, but right-padding was detected! For correct generation results, please set `padding_side='left'` when initializing the tokenizer.
{"step": 697, "epoch": 0, "batch_hash": 2078380553, "rows": 8, "skipped": 0, "answer_accuracy": 0.5, "updates": 4, "seconds": 2.382632255554199, "time": 1790992027.0662024, "loss": -0.8568923943567781, "confidence": 0.5839554426012905, "mass": 0.9999992178438697, "hinge_active": 0.0, "stop_prob": 0.9999689757823944, "sampled_number_rate": 1.0, "kl": 0.0, "kl_coef": 0.05, "value_loss": 0.0}
A decoder-only architecture is being used, but right-padding was detected! For correct generation results, please set `padding_side='left'` when initializing the tokenizer.
{"step": 698, "epoch": 0, "batch_hash": 3918839867, "rows": 8, "skipped": 0, "answer_accuracy": 0.625, "updates": 4, "seconds": 2.3690295219421387, "time": 1790992029.437448, "loss": -0.8564571909444816, "confidence": 0.6630285350349588, "mass": 0.9999963384632683, "hinge_active": 0.0, "stop_prob": 0.9998852238059044, "sampled_number_rate": 1.0, "kl": 0.0, "kl_coef": 0.05, "value_loss": 0.0}
A decoder-only architecture is being used, but right-padding was detected! For correct generation results, please set `padding_side='left'` when initializing the tokenizer.
{"step": 699, "epoch": 0, "batch_hash": 2285712092, "rows": 8, "skipped": 0, "answer_accuracy": 0.75, "updates": 4, "seconds": 2.184690475463867, "time": 1790992031.6252115, "loss": -0.8780868789745762, "confidence": 0.8315794280761393, "mass": 0.99999964736053, "hinge_active": 0.0, "stop_prob": 0.9999705255031586, "sampled_number_rate": 1.0, "kl": 0.0, "kl_coef": 0.05, "value_loss": 0.0}
A decoder-only architecture is being used, but right-padding was detected! For correct generation results, please set `padding_side='left'` when initializing the tokenizer.
{"step": 700, "epoch": 0, "batch_hash": 2243785351, "rows": 8, "skipped": 0, "answer_accuracy": 0.875, "updates": 4, "seconds": 2.384347915649414, "time": 1790992034.0122497, "loss": -0.9053962437836988, "confidence": 0.6802872349319466, "mass": 0.9999140862305631, "hinge_active": 0.0, "stop_prob": 0.9998496770858765, "sampled_number_rate": 1.0, "kl": 0.0, "kl_coef": 0.05, "value_loss": 0.0}
A decoder-only architecture is being used, but right-padding was detected! For correct generation results, please set `padding_side='left'` when initializing the tokenizer.
{"step": 701, "epoch": 0, "batch_hash": 3291145745, "rows": 8, "skipped": 0, "answer_accuracy": 0.75, "updates": 4, "seconds": 2.185904026031494, "time": 1790992036.202754, "loss": -0.8816747614441006, "confidence": 0.83960287452189, "mass": 0.9999997501395729, "hinge_active": 0.0, "stop_prob": 0.9999712258577347, "sampled_number_rate": 1.0, "kl": 0.0, "kl_coef": 0.05, "value_loss": 0.0}
A decoder-only architecture is being used, but right-padding was detected! For correct generation results, please set `padding_side='left'` when initializing the tokenizer.
{"step": 702, "epoch": 0, "batch_hash": 522824234, "rows": 8, "skipped": 0, "answer_accuracy": 0.25, "updates": 4, "seconds": 2.536219596862793, "time": 1790992038.7519774, "loss": -0.7429867549749136, "confidence": 0.6373097863479537, "mass": 0.999999102969457, "hinge_active": 0.0, "stop_prob": 0.999430850148201, "sampled_number_rate": 1.0, "kl": 0.0, "kl_coef": 0.05, "value_loss": 0.0}
A decoder-only architecture is being used, but right-padding was detected! For correct generation results, please set `padding_side='left'` when initializing the tokenizer.
{"step": 703, "epoch": 0, "batch_hash": 3493202851, "rows": 8, "skipped": 0, "answer_accuracy": 0.625, "updates": 4, "seconds": 2.4075002670288086, "time": 1790992041.1616502, "loss": -0.8622770886322058, "confidence": 0.6373237248811944, "mass": 0.9999997342547778, "hinge_active": 0.0, "stop_prob": 0.9999715834856033, "sampled_number_rate": 1.0, "kl": 0.0, "kl_coef": 0.05, "value_loss": 0.0}
A decoder-only architecture is being used, but right-padding was detected! For correct generation results, please set `padding_side='left'` when initializing the tokenizer.
{"step": 704, "epoch": 0, "batch_hash": 1322740634, "rows": 8, "skipped": 0, "answer_accuracy": 0.875, "updates": 4, "seconds": 2.45766019821167, "time": 1790992043.6847432, "loss": -0.8862462222910005, "confidence": 0.8882188529387299, "mass": 0.9999997302375501, "hinge_active": 0.0, "stop_prob": 0.9999716430902481, "sampled_number_rate": 1.0, "kl": 0.0, "kl_coef": 0.05, "value_loss": 0.0}
checkpoint at step 704 (1.0 s)
A decoder-only architecture is being used, but right-padding was detected! For correct generation results, please set `padding_side='left'` when initializing the tokenizer.
{"step": 705, "epoch": 0, "batch_hash": 1486112880, "rows": 8, "skipped": 0, "answer_accuracy": 0.625, "updates": 4, "seconds": 3.623425006866455, "time": 1790992048.3399334, "loss": -0.8799214761475601, "confidence": 0.5772792327631847, "mass": 0.9999997254319046, "hinge_active": 0.0, "stop_prob": 0.9999712333083153, "sampled_number_rate": 1.0, "kl": 0.0, "kl_coef": 0.05, "value_loss": 0.0}
A decoder-only architecture is being used, but right-padding was detected! For correct generation results, please set `padding_side='left'` when initializing the tokenizer.
{"step": 706, "epoch": 0, "batch_hash": 3371463073, "rows": 8, "skipped": 0, "answer_accuracy": 1.0, "updates": 4, "seconds": 2.2414042949676514, "time": 1790992050.583539, "loss": -0.9515361076440613, "confidence": 0.84838807023239, "mass": 0.9999996820068824, "hinge_active": 0.0, "stop_prob": 0.9999688491225243, "sampled_number_rate": 1.0, "kl": 0.0, "kl_coef": 0.05, "value_loss": 0.0}
A decoder-only architecture is being used, but right-padding was detected! For correct generation results, please set `padding_side='left'` when initializing the tokenizer.
{"step": 707, "epoch": 0, "batch_hash": 3735061129, "rows": 8, "skipped": 0, "answer_accuracy": 0.625, "updates": 4, "seconds": 2.3579485416412354, "time": 1790992052.944491, "loss": -0.8652164242233186, "confidence": 0.665237578250742, "mass": 0.9999995613972487, "hinge_active": 0.0, "stop_prob": 0.9999720454216003, "sampled_number_rate": 1.0, "kl": 0.0, "kl_coef": 0.05, "value_loss": 0.0}
A decoder-only architecture is being used, but right-padding was detected! For correct generation results, please set `padding_side='left'` when initializing the tokenizer.
{"step": 708, "epoch": 0, "batch_hash": 871096074, "rows": 8, "skipped": 0, "answer_accuracy": 0.75, "updates": 4, "seconds": 3.773115634918213, "time": 1790992056.7201385, "loss": -0.8949492630261208, "confidence": 0.6670689509277246, "mass": 0.9999989907157838, "hinge_active": 0.0, "stop_prob": 0.9999632388353348, "sampled_number_rate": 1.0, "kl": 0.0, "kl_coef": 0.05, "value_loss": 0.0}
A decoder-only architecture is being used, but right-padding was detected! For correct generation results, please set `padding_side='left'` when initializing the tokenizer.
{"step": 709, "epoch": 0, "batch_hash": 1583269182, "rows": 7, "skipped": 1, "answer_accuracy": 0.2857142857142857, "updates": 4, "seconds": 2.772954225540161, "time": 1790992059.4963512, "loss": -0.7997332664322474, "confidence": 0.37998600725681697, "mass": 0.9999896069413399, "hinge_active": 0.0, "stop_prob": 0.9980623126029968, "sampled_number_rate": 0.9999999999999998, "kl": 0.0, "kl_coef": 0.05, "value_loss": 0.0}
A decoder-only architecture is being used, but right-padding was detected! For correct generation results, please set `padding_side='left'` when initializing the tokenizer.
{"step": 710, "epoch": 0, "batch_hash": 3298110445, "rows": 8, "skipped": 0, "answer_accuracy": 0.5, "updates": 4, "seconds": 2.223068952560425, "time": 1790992061.7220237, "loss": -0.8439074613217051, "confidence": 0.6271029693651602, "mass": 0.9999998541827172, "hinge_active": 0.0, "stop_prob": 0.9999746754765511, "sampled_number_rate": 1.0, "kl": 0.0, "kl_coef": 0.05, "value_loss": 0.0}
A decoder-only architecture is being used, but right-padding was detected! For correct generation results, please set `padding_side='left'` when initializing the tokenizer.
{"step": 711, "epoch": 0, "batch_hash": 933815812, "rows": 8, "skipped": 0, "answer_accuracy": 0.75, "updates": 4, "seconds": 2.2312796115875244, "time": 1790992063.9556115, "loss": -0.8770940490542398, "confidence": 0.8367166639853342, "mass": 0.99999967757676, "hinge_active": 0.0, "stop_prob": 0.9999720454216003, "sampled_number_rate": 1.0, "kl": 0.0, "kl_coef": 0.05, "value_loss": 0.0}
A decoder-only architecture is being used, but right-padding was detected! For correct generation results, please set `padding_side='left'` when initializing the tokenizer.
{"step": 712, "epoch": 0, "batch_hash": 2191114800, "rows": 6, "skipped": 2, "answer_accuracy": 0.6666666666666666, "updates": 4, "seconds": 13.270281076431274, "time": 1790992077.2277315, "loss": -0.9561232255990684, "confidence": 0.6115619725719426, "mass": 0.999971172599534, "hinge_active": 0.0, "stop_prob": 0.9998216927051544, "sampled_number_rate": 0.9999999999999999, "kl": 0.0, "kl_coef": 0.05, "value_loss": 0.0}
A decoder-only architecture is being used, but right-padding was detected! For correct generation results, please set `padding_side='left'` when initializing the tokenizer.
{"step": 713, "epoch": 0, "batch_hash": 2874325304, "rows": 8, "skipped": 0, "answer_accuracy": 0.25, "updates": 4, "seconds": 2.364757776260376, "time": 1790992079.5976315, "loss": -0.8125722125231769, "confidence": 0.5713183543188679, "mass": 0.9999997917755231, "hinge_active": 0.0, "stop_prob": 0.9999745339155197, "sampled_number_rate": 1.0, "kl": 0.0, "kl_coef": 0.05, "value_loss": 0.0}
A decoder-only architecture is being used, but right-padding was detected! For correct generation results, please set `padding_side='left'` when initializing the tokenizer.
{"step": 714, "epoch": 0, "batch_hash": 2188133810, "rows": 8, "skipped": 0, "answer_accuracy": 0.25, "updates": 4, "seconds": 2.451932430267334, "time": 1790992082.0659783, "loss": -0.7317914051138856, "confidence": 0.6062704690295183, "mass": 0.9999980313746559, "hinge_active": 0.0, "stop_prob": 0.9992683529853821, "sampled_number_rate": 1.0, "kl": 0.0, "kl_coef": 0.05, "value_loss": 0.0}
A decoder-only architecture is being used, but right-padding was detected! For correct generation results, please set `padding_side='left'` when initializing the tokenizer.
{"step": 715, "epoch": 0, "batch_hash": 3393634025, "rows": 8, "skipped": 0, "answer_accuracy": 0.75, "updates": 4, "seconds": 2.170163869857788, "time": 1790992084.2556832, "loss": -0.8719027682423196, "confidence": 0.7738471182055104, "mass": 0.9999998050898532, "hinge_active": 0.0, "stop_prob": 0.9999716132879257, "sampled_number_rate": 1.0, "kl": 0.0, "kl_coef": 0.05, "value_loss": 0.0}
A decoder-only architecture is being used, but right-padding was detected! For correct generation results, please set `padding_side='left'` when initializing the tokenizer.
{"step": 716, "epoch": 0, "batch_hash": 1880935536, "rows": 8, "skipped": 0, "answer_accuracy": 0.5, "updates": 4, "seconds": 2.2134435176849365, "time": 1790992086.472621, "loss": -0.9377808197027048, "confidence": 0.546188272026108, "mass": 0.9999998818273237, "hinge_active": 0.0, "stop_prob": 0.999974861741066, "sampled_number_rate": 1.0, "kl": 0.0, "kl_coef": 0.05, "value_loss": 0.0}
A decoder-only architecture is being used, but right-padding was detected! For correct generation results, please set `padding_side='left'` when initializing the tokenizer.
{"step": 717, "epoch": 0, "batch_hash": 1859134704, "rows": 7, "skipped": 1, "answer_accuracy": 0.7142857142857143, "updates": 4, "seconds": 3.066934585571289, "time": 1790992089.5416806, "loss": -0.6523499851105935, "confidence": 0.48573407714404326, "mass": 0.9999988031483471, "hinge_active": 0.0, "stop_prob": 0.9999247363635472, "sampled_number_rate": 0.9999999999999998, "kl": 0.0, "kl_coef": 0.05, "value_loss": 0.0}
A decoder-only architecture is being used, but right-padding was detected! For correct generation results, please set `padding_side='left'` when initializing the tokenizer.
{"step": 718, "epoch": 0, "batch_hash": 245661142, "rows": 8, "skipped": 0, "answer_accuracy": 0.625, "updates": 4, "seconds": 2.185715436935425, "time": 1790992091.7296517, "loss": -0.8984116228494037, "confidence": 0.5182226318038637, "mass": 0.9999995287189645, "hinge_active": 0.0, "stop_prob": 0.9999745562672615, "sampled_number_rate": 1.0, "kl": 0.0, "kl_coef": 0.05, "value_loss": 0.0}
A decoder-only architecture is being used, but right-padding was detected! For correct generation results, please set `padding_side='left'` when initializing the tokenizer.
{"step": 719, "epoch": 0, "batch_hash": 2517941362, "rows": 8, "skipped": 0, "answer_accuracy": 0.875, "updates": 4, "seconds": 2.3016631603240967, "time": 1790992094.0335994, "loss": -0.9650886993439614, "confidence": 0.78585942852872, "mass": 0.9999996221909772, "hinge_active": 0.0, "stop_prob": 0.9999705627560616, "sampled_number_rate": 1.0, "kl": 0.0, "kl_coef": 0.05, "value_loss": 0.0}
A decoder-only architecture is being used, but right-padding was detected! For correct generation results, please set `padding_side='left'` when initializing the tokenizer.
{"step": 720, "epoch": 0, "batch_hash": 9299315, "rows": 8, "skipped": 0, "answer_accuracy": 0.75, "updates": 4, "seconds": 2.256096363067627, "time": 1790992096.2920241, "loss": -0.9596984027847112, "confidence": 0.6729093469725648, "mass": 0.9999985458368428, "hinge_active": 0.0, "stop_prob": 0.9998289495706558, "sampled_number_rate": 1.0, "kl": 0.0, "kl_coef": 0.05, "value_loss": 0.0}
A decoder-only architecture is being used, but right-padding was detected! For correct generation results, please set `padding_side='left'` when initializing the tokenizer.
{"step": 721, "epoch": 0, "batch_hash": 998663646, "rows": 8, "skipped": 0, "answer_accuracy": 0.75, "updates": 4, "seconds": 2.4108943939208984, "time": 1790992098.7059999, "loss": -0.828375671372723, "confidence": 0.7737247544420993, "mass": 0.9999997348132131, "hinge_active": 0.0, "stop_prob": 0.9999717772006989, "sampled_number_rate": 1.0, "kl": 0.0, "kl_coef": 0.05, "value_loss": 0.0}
A decoder-only architecture is being used, but right-padding was detected! For correct generation results, please set `padding_side='left'` when initializing the tokenizer.
{"step": 722, "epoch": 0, "batch_hash": 4254416856, "rows": 8, "skipped": 0, "answer_accuracy": 0.5, "updates": 4, "seconds": 2.441617965698242, "time": 1790992101.1564872, "loss": -0.8773798132576959, "confidence": 0.6749200531408781, "mass": 0.999999710503371, "hinge_active": 0.0, "stop_prob": 0.9999738782644272, "sampled_number_rate": 1.0, "kl": 0.0, "kl_coef": 0.05, "value_loss": 0.0}
A decoder-only architecture is being used, but right-padding was detected! For correct generation results, please set `padding_side='left'` when initializing the tokenizer.
{"step": 723, "epoch": 0, "batch_hash": 108802032, "rows": 8, "skipped": 0, "answer_accuracy": 0.75, "updates": 4, "seconds": 2.4683594703674316, "time": 1790992103.6285777, "loss": -0.8857400170003045, "confidence": 0.6985186979262301, "mass": 0.9999998041423452, "hinge_active": 0.0, "stop_prob": 0.9999713152647018, "sampled_number_rate": 1.0, "kl": 0.0, "kl_coef": 0.05, "value_loss": 0.0}
A decoder-only architecture is being used, but right-padding was detected! For correct generation results, please set `padding_side='left'` when initializing the tokenizer.
{"step": 724, "epoch": 0, "batch_hash": 1101656051, "rows": 8, "skipped": 0, "answer_accuracy": 0.5, "updates": 4, "seconds": 2.582167625427246, "time": 1790992106.2131455, "loss": -0.9036342721803435, "confidence": 0.4383608406287658, "mass": 0.999980541165928, "hinge_active": 0.0, "stop_prob": 0.9982288777828217, "sampled_number_rate": 1.0, "kl": 0.0, "kl_coef": 0.05, "value_loss": 0.0}
A decoder-only architecture is being used, but right-padding was detected! For correct generation results, please set `padding_side='left'` when initializing the tokenizer.
{"step": 725, "epoch": 0, "batch_hash": 2302934807, "rows": 8, "skipped": 0, "answer_accuracy": 0.625, "updates": 4, "seconds": 2.141209840774536, "time": 1790992108.3574553, "loss": -0.866393448633973, "confidence": 0.6894343647673896, "mass": 0.9999997947838515, "hinge_active": 0.0, "stop_prob": 0.9999752715229988, "sampled_number_rate": 1.0, "kl": 0.0, "kl_coef": 0.05, "value_loss": 0.0}
A decoder-only architecture is being used, but right-padding was detected! For correct generation results, please set `padding_side='left'` when initializing the tokenizer.
{"step": 726, "epoch": 0, "batch_hash": 3549002987, "rows": 8, "skipped": 0, "answer_accuracy": 0.625, "updates": 4, "seconds": 2.364288091659546, "time": 1790992110.726883, "loss": -0.8394657886521022, "confidence": 0.5997651780061378, "mass": 0.9999992035712888, "hinge_active": 0.0, "stop_prob": 0.9998837113380432, "sampled_number_rate": 1.0, "kl": 0.0, "kl_coef": 0.05, "value_loss": 0.0}
A decoder-only architecture is being used, but right-padding was detected! For correct generation results, please set `padding_side='left'` when initializing the tokenizer.
{"step": 727, "epoch": 0, "batch_hash": 1190901771, "rows": 8, "skipped": 0, "answer_accuracy": 0.25, "updates": 4, "seconds": 2.2825660705566406, "time": 1790992113.0116632, "loss": -0.7678963097932301, "confidence": 0.5775648484738587, "mass": 0.9999996693216023, "hinge_active": 0.0, "stop_prob": 0.9999735876917839, "sampled_number_rate": 1.0, "kl": 0.0, "kl_coef": 0.05, "value_loss": 0.0}
A decoder-only architecture is being used, but right-padding was detected! For correct generation results, please set `padding_side='left'` when initializing the tokenizer.
{"step": 728, "epoch": 0, "batch_hash": 2845893580, "rows": 8, "skipped": 0, "answer_accuracy": 0.75, "updates": 4, "seconds": 2.3151051998138428, "time": 1790992115.3323708, "loss": -0.881523869309767, "confidence": 0.5992551212732143, "mass": 0.9999995981646143, "hinge_active": 0.0, "stop_prob": 0.9999739900231361, "sampled_number_rate": 1.0, "kl": 0.0, "kl_coef": 0.05, "value_loss": 0.0}
A decoder-only architecture is being used, but right-padding was detected! For correct generation results, please set `padding_side='left'` when initializing the tokenizer.
{"step": 729, "epoch": 0, "batch_hash": 2657311096, "rows": 7, "skipped": 1, "answer_accuracy": 0.7142857142857143, "updates": 4, "seconds": 13.214017391204834, "time": 1790992128.5495105, "loss": -0.8005772832842297, "confidence": 0.37435450387980596, "mass": 0.9999995451527938, "hinge_active": 0.0, "stop_prob": 0.9999216539519173, "sampled_number_rate": 0.9999999999999998, "kl": 0.0, "kl_coef": 0.05, "value_loss": 0.0}
A decoder-only architecture is being used, but right-padding was detected! For correct generation results, please set `padding_side='left'` when initializing the tokenizer.
{"step": 730, "epoch": 0, "batch_hash": 2410109304, "rows": 7, "skipped": 1, "answer_accuracy": 0.7142857142857143, "updates": 4, "seconds": 3.317456007003784, "time": 1790992131.870429, "loss": -0.9652141528498472, "confidence": 0.6301317864720293, "mass": 0.9999975906424798, "hinge_active": 0.0, "stop_prob": 0.9999046240534101, "sampled_number_rate": 0.9999999999999998, "kl": 0.0, "kl_coef": 0.05, "value_loss": 0.0}
A decoder-only architecture is being used, but right-padding was detected! For correct generation results, please set `padding_side='left'` when initializing the tokenizer.
{"step": 731, "epoch": 0, "batch_hash": 1887718775, "rows": 8, "skipped": 0, "answer_accuracy": 0.75, "updates": 4, "seconds": 2.2217395305633545, "time": 1790992134.0945046, "loss": -0.9061603615935278, "confidence": 0.6262791899850269, "mass": 0.9999986804144622, "hinge_active": 0.0, "stop_prob": 0.9999696910381317, "sampled_number_rate": 1.0, "kl": 0.0, "kl_coef": 0.05, "value_loss": 0.0}
A decoder-only architecture is being used, but right-padding was detected! For correct generation results, please set `padding_side='left'` when initializing the tokenizer.
{"step": 732, "epoch": 0, "batch_hash": 2156190872, "rows": 7, "skipped": 1, "answer_accuracy": 0.7142857142857143, "updates": 4, "seconds": 3.6064682006835938, "time": 1790992137.7034178, "loss": -0.9245327357196189, "confidence": 0.6332040284740369, "mass": 0.9999996497011479, "hinge_active": 0.0, "stop_prob": 0.9999708959034511, "sampled_number_rate": 0.9999999999999998, "kl": 0.0, "kl_coef": 0.05, "value_loss": 0.0}
A decoder-only architecture is being used, but right-padding was detected! For correct generation results, please set `padding_side='left'` when initializing the tokenizer.
{"step": 733, "epoch": 0, "batch_hash": 3829953633, "rows": 8, "skipped": 0, "answer_accuracy": 0.625, "updates": 4, "seconds": 2.307136297225952, "time": 1790992140.0215368, "loss": -0.8729781482136509, "confidence": 0.6634641692212822, "mass": 0.999999726963646, "hinge_active": 0.0, "stop_prob": 0.9999703615903854, "sampled_number_rate": 1.0, "kl": 0.0, "kl_coef": 0.05, "value_loss": 0.0}
A decoder-only architecture is being used, but right-padding was detected! For correct generation results, please set `padding_side='left'` when initializing the tokenizer.
{"step": 734, "epoch": 0, "batch_hash": 2090814501, "rows": 7, "skipped": 1, "answer_accuracy": 0.7142857142857143, "updates": 4, "seconds": 3.1420955657958984, "time": 1790992143.1686926, "loss": -0.9079568335180657, "confidence": 0.5682149755608302, "mass": 0.9999995976334404, "hinge_active": 0.0, "stop_prob": 0.9999683839934213, "sampled_number_rate": 0.9999999999999998, "kl": 0.0, "kl_coef": 0.05, "value_loss": 0.0}
A decoder-only architecture is being used, but right-padding was detected! For correct generation results, please set `padding_side='left'` when initializing the tokenizer.
{"step": 735, "epoch": 0, "batch_hash": 2409363677, "rows": 8, "skipped": 0, "answer_accuracy": 0.5, "updates": 4, "seconds": 2.3657727241516113, "time": 1790992145.5370777, "loss": -0.9247307012605521, "confidence": 0.5945399572313098, "mass": 0.999999166071537, "hinge_active": 0.0, "stop_prob": 0.9999520927667618, "sampled_number_rate": 1.0, "kl": 0.0, "kl_coef": 0.05, "value_loss": 0.0}
A decoder-only architecture is being used, but right-padding was detected! For correct generation results, please set `padding_side='left'` when initializing the tokenizer.
{"step": 736, "epoch": 0, "batch_hash": 2089470100, "rows": 8, "skipped": 0, "answer_accuracy": 0.5, "updates": 4, "seconds": 2.213334560394287, "time": 1790992147.752875, "loss": -0.8200917718823447, "confidence": 0.5357804749864863, "mass": 0.9999992891077585, "hinge_active": 0.0, "stop_prob": 0.999903030693531, "sampled_number_rate": 1.0, "kl": 0.0, "kl_coef": 0.05, "value_loss": 0.0}
checkpoint at step 736 (0.7 s)
A decoder-only architecture is being used, but right-padding was detected! For correct generation results, please set `padding_side='left'` when initializing the tokenizer.
{"step": 737, "epoch": 0, "batch_hash": 1950401705, "rows": 8, "skipped": 0, "answer_accuracy": 0.5, "updates": 4, "seconds": 2.3334712982177734, "time": 1790992150.7901337, "loss": -0.9039378910339562, "confidence": 0.5361241334022774, "mass": 0.9999994113995798, "hinge_active": 0.0, "stop_prob": 0.9999729692935944, "sampled_number_rate": 1.0, "kl": 0.0, "kl_coef": 0.05, "value_loss": 0.0}
A decoder-only architecture is being used, but right-padding was detected! For correct generation results, please set `padding_side='left'` when initializing the tokenizer.
{"step": 738, "epoch": 0, "batch_hash": 3496471669, "rows": 8, "skipped": 0, "answer_accuracy": 0.875, "updates": 4, "seconds": 2.4212162494659424, "time": 1790992153.2135491, "loss": -0.9169761322806487, "confidence": 0.7900382564485235, "mass": 0.9999997186287595, "hinge_active": 0.0, "stop_prob": 0.9999706149101257, "sampled_number_rate": 1.0, "kl": 0.0, "kl_coef": 0.05, "value_loss": 0.0}
A decoder-only architecture is being used, but right-padding was detected! For correct generation results, please set `padding_side='left'` when initializing the tokenizer.
{"step": 739, "epoch": 0, "batch_hash": 2744634301, "rows": 8, "skipped": 0, "answer_accuracy": 0.375, "updates": 4, "seconds": 2.3653173446655273, "time": 1790992155.5820208, "loss": -0.6855232461986331, "confidence": 0.33215212123741245, "mass": 0.9999992536906892, "hinge_active": 0.0, "stop_prob": 0.9997139498591423, "sampled_number_rate": 1.0, "kl": 0.0, "kl_coef": 0.05, "value_loss": 0.0}
A decoder-only architecture is being used, but right-padding was detected! For correct generation results, please set `padding_side='left'` when initializing the tokenizer.
{"step": 740, "epoch": 0, "batch_hash": 1773282397, "rows": 7, "skipped": 1, "answer_accuracy": 0.2857142857142857, "updates": 4, "seconds": 2.8202457427978516, "time": 1790992158.4053295, "loss": -0.8341314378588331, "confidence": 0.5085276233543051, "mass": 0.9999968406433504, "hinge_active": 0.0, "stop_prob": 0.9993295499256679, "sampled_number_rate": 0.9999999999999998, "kl": 0.0, "kl_coef": 0.05, "value_loss": 0.0}
A decoder-only architecture is being used, but right-padding was detected! For correct generation results, please set `padding_side='left'` when initializing the tokenizer.
{"step": 741, "epoch": 0, "batch_hash": 982053667, "rows": 8, "skipped": 0, "answer_accuracy": 0.875, "updates": 4, "seconds": 2.217585325241089, "time": 1790992160.6332417, "loss": -0.9034445152353291, "confidence": 0.7025687069430011, "mass": 0.999999536979782, "hinge_active": 0.0, "stop_prob": 0.9999705925583839, "sampled_number_rate": 1.0, "kl": 0.0, "kl_coef": 0.05, "value_loss": 0.0}
A decoder-only architecture is being used, but right-padding was detected! For correct generation results, please set `padding_side='left'` when initializing the tokenizer.
{"step": 742, "epoch": 0, "batch_hash": 2491171158, "rows": 8, "skipped": 0, "answer_accuracy": 0.75, "updates": 4, "seconds": 2.27813982963562, "time": 1790992162.9144073, "loss": -0.8326598334697558, "confidence": 0.4693878034517785, "mass": 0.9999998871179191, "hinge_active": 0.0, "stop_prob": 0.9999736770987511, "sampled_number_rate": 1.0, "kl": 0.0, "kl_coef": 0.05, "value_loss": 0.0}
A decoder-only architecture is being used, but right-padding was detected! For correct generation results, please set `padding_side='left'` when initializing the tokenizer.
{"step": 743, "epoch": 0, "batch_hash": 2948957395, "rows": 7, "skipped": 1, "answer_accuracy": 0.7142857142857143, "updates": 4, "seconds": 4.52060866355896, "time": 1790992167.4380703, "loss": -0.8983358681648596, "confidence": 0.6231093043775665, "mass": 0.9999997824477245, "hinge_active": 0.0, "stop_prob": 0.9999689630099705, "sampled_number_rate": 0.9999999999999998, "kl": 0.0, "kl_coef": 0.05, "value_loss": 0.0}
A decoder-only architecture is being used, but right-padding was detected! For correct generation results, please set `padding_side='left'` when initializing the tokenizer.
{"step": 744, "epoch": 0, "batch_hash": 2157264487, "rows": 8, "skipped": 0, "answer_accuracy": 0.875, "updates": 4, "seconds": 2.3187785148620605, "time": 1790992169.7594862, "loss": -0.8883603957881557, "confidence": 0.8400233978293055, "mass": 0.999999769280892, "hinge_active": 0.0, "stop_prob": 0.9999689757823944, "sampled_number_rate": 1.0, "kl": 0.0, "kl_coef": 0.05, "value_loss": 0.0}
A decoder-only architecture is being used, but right-padding was detected! For correct generation results, please set `padding_side='left'` when initializing the tokenizer.
{"step": 745, "epoch": 0, "batch_hash": 277062647, "rows": 8, "skipped": 0, "answer_accuracy": 0.625, "updates": 4, "seconds": 2.2128098011016846, "time": 1790992171.9748902, "loss": -0.8023286175484765, "confidence": 0.5140695844643167, "mass": 0.9999995165884455, "hinge_active": 0.0, "stop_prob": 0.9999686107039452, "sampled_number_rate": 1.0, "kl": 0.0, "kl_coef": 0.05, "value_loss": 0.0}
A decoder-only architecture is being used, but right-padding was detected! For correct generation results, please set `padding_side='left'` when initializing the tokenizer.
{"step": 746, "epoch": 0, "batch_hash": 3667435676, "rows": 8, "skipped": 0, "answer_accuracy": 0.625, "updates": 4, "seconds": 2.39247465133667, "time": 1790992174.371175, "loss": -0.9116731557530314, "confidence": 0.5419889210042163, "mass": 0.999997688573102, "hinge_active": 0.0, "stop_prob": 0.999952144920826, "sampled_number_rate": 1.0, "kl": 0.0, "kl_coef": 0.05, "value_loss": 0.0}
A decoder-only architecture is being used, but right-padding was detected! For correct generation results, please set `padding_side='left'` when initializing the tokenizer.
{"step": 747, "epoch": 0, "batch_hash": 4188510346, "rows": 8, "skipped": 0, "answer_accuracy": 0.5, "updates": 4, "seconds": 2.3186230659484863, "time": 1790992176.6928127, "loss": -0.839967939310195, "confidence": 0.4883744202441083, "mass": 0.9999998523654455, "hinge_active": 0.0, "stop_prob": 0.9999767616391182, "sampled_number_rate": 1.0, "kl": 0.0, "kl_coef": 0.05, "value_loss": 0.0}
A decoder-only architecture is being used, but right-padding was detected! For correct generation results, please set `padding_side='left'` when initializing the tokenizer.
{"step": 748, "epoch": 0, "batch_hash": 2570831677, "rows": 8, "skipped": 0, "answer_accuracy": 0.75, "updates": 4, "seconds": 2.5147018432617188, "time": 1790992179.2101302, "loss": -0.931313256663756, "confidence": 0.6124401060757843, "mass": 0.9999997031587794, "hinge_active": 0.0, "stop_prob": 0.9999735131859779, "sampled_number_rate": 1.0, "kl": 0.0, "kl_coef": 0.05, "value_loss": 0.0}
A decoder-only architecture is being used, but right-padding was detected! For correct generation results, please set `padding_side='left'` when initializing the tokenizer.
{"step": 749, "epoch": 0, "batch_hash": 1426065031, "rows": 8, "skipped": 0, "answer_accuracy": 0.75, "updates": 4, "seconds": 2.5885603427886963, "time": 1790992181.8036025, "loss": -0.850722885529932, "confidence": 0.7143673091556132, "mass": 0.9999997662490361, "hinge_active": 0.0, "stop_prob": 0.9999696910381317, "sampled_number_rate": 1.0, "kl": 0.0, "kl_coef": 0.05, "value_loss": 0.0}
A decoder-only architecture is being used, but right-padding was detected! For correct generation results, please set `padding_side='left'` when initializing the tokenizer.
{"step": 750, "epoch": 0, "batch_hash": 759120416, "rows": 8, "skipped": 0, "answer_accuracy": 0.75, "updates": 4, "seconds": 2.238009452819824, "time": 1790992184.0532277, "loss": -0.8788834175209086, "confidence": 0.5778786584692679, "mass": 0.999999762838274, "hinge_active": 0.0, "stop_prob": 0.9999605640769005, "sampled_number_rate": 1.0, "kl": 0.0, "kl_coef": 0.05, "value_loss": 0.0}
A decoder-only architecture is being used, but right-padding was detected! For correct generation results, please set `padding_side='left'` when initializing the tokenizer.
{"step": 751, "epoch": 0, "batch_hash": 3951686239, "rows": 8, "skipped": 0, "answer_accuracy": 0.625, "updates": 4, "seconds": 2.217473030090332, "time": 1790992186.273299, "loss": -0.7869139538067459, "confidence": 0.7397173968366316, "mass": 0.9999997575506403, "hinge_active": 0.0, "stop_prob": 0.9999699741601944, "sampled_number_rate": 1.0, "kl": 0.0, "kl_coef": 0.05, "value_loss": 0.0}
A decoder-only architecture is being used, but right-padding was detected! For correct generation results, please set `padding_side='left'` when initializing the tokenizer.
{"step": 752, "epoch": 0, "batch_hash": 148035948, "rows": 8, "skipped": 0, "answer_accuracy": 0.875, "updates": 4, "seconds": 2.1880457401275635, "time": 1790992188.4650183, "loss": -0.8382244201348278, "confidence": 0.5839475084001784, "mass": 0.9999997576655933, "hinge_active": 0.0, "stop_prob": 0.9999722018837929, "sampled_number_rate": 1.0, "kl": 0.0, "kl_coef": 0.05, "value_loss": 0.0}
A decoder-only architecture is being used, but right-padding was detected! For correct generation results, please set `padding_side='left'` when initializing the tokenizer.
{"step": 753, "epoch": 0, "batch_hash": 3734466558, "rows": 7, "skipped": 1, "answer_accuracy": 0.2857142857142857, "updates": 4, "seconds": 2.9838907718658447, "time": 1790992191.4509244, "loss": -0.8645964908602987, "confidence": 0.4667844232651449, "mass": 0.9999998208698403, "hinge_active": 0.0, "stop_prob": 0.9999756557600838, "sampled_number_rate": 0.9999999999999998, "kl": 0.0, "kl_coef": 0.05, "value_loss": 0.0}
A decoder-only architecture is being used, but right-padding was detected! For correct generation results, please set `padding_side='left'` when initializing the tokenizer.
{"step": 754, "epoch": 0, "batch_hash": 1876193924, "rows": 8, "skipped": 0, "answer_accuracy": 0.375, "updates": 4, "seconds": 4.318025588989258, "time": 1790992195.7715368, "loss": -0.9362680092611555, "confidence": 0.4399106784960266, "mass": 0.9999996196309774, "hinge_active": 0.0, "stop_prob": 0.9999450743198395, "sampled_number_rate": 1.0, "kl": 0.0, "kl_coef": 0.05, "value_loss": 0.0}
A decoder-only architecture is being used, but right-padding was detected! For correct generation results, please set `padding_side='left'` when initializing the tokenizer.
{"step": 755, "epoch": 0, "batch_hash": 3144169623, "rows": 7, "skipped": 1, "answer_accuracy": 0.8571428571428571, "updates": 4, "seconds": 2.561488151550293, "time": 1790992198.335187, "loss": -0.8840979464703972, "confidence": 0.7281894361478456, "mass": 0.999999831128562, "hinge_active": 0.0, "stop_prob": 0.9999750597136361, "sampled_number_rate": 0.9999999999999998, "kl": 0.0, "kl_coef": 0.05, "value_loss": 0.0}
A decoder-only architecture is being used, but right-padding was detected! For correct generation results, please set `padding_side='left'` when initializing the tokenizer.
{"step": 756, "epoch": 0, "batch_hash": 59353637, "rows": 8, "skipped": 0, "answer_accuracy": 0.375, "updates": 4, "seconds": 2.44986629486084, "time": 1790992200.7874386, "loss": -0.8516212995125494, "confidence": 0.5729265022086899, "mass": 0.9999990141056773, "hinge_active": 0.0, "stop_prob": 0.9998725578188896, "sampled_number_rate": 1.0, "kl": 0.0, "kl_coef": 0.05, "value_loss": 0.0}
A decoder-only architecture is being used, but right-padding was detected! For correct generation results, please set `padding_side='left'` when initializing the tokenizer.
{"step": 757, "epoch": 0, "batch_hash": 103633191, "rows": 8, "skipped": 0, "answer_accuracy": 0.625, "updates": 4, "seconds": 2.281005620956421, "time": 1790992203.071306, "loss": -0.7818357131195404, "confidence": 0.6914393169742115, "mass": 0.9999997333431486, "hinge_active": 0.0, "stop_prob": 0.999972827732563, "sampled_number_rate": 1.0, "kl": 0.0, "kl_coef": 0.05, "value_loss": 0.0}
A decoder-only architecture is being used, but right-padding was detected! For correct generation results, please set `padding_side='left'` when initializing the tokenizer.
{"step": 758, "epoch": 0, "batch_hash": 1187640489, "rows": 8, "skipped": 0, "answer_accuracy": 0.375, "updates": 4, "seconds": 2.387904405593872, "time": 1790992205.4639184, "loss": -0.7799831424787851, "confidence": 0.69445231378266, "mass": 0.999999766463615, "hinge_active": 0.0, "stop_prob": 0.9999686628580093, "sampled_number_rate": 1.0, "kl": 0.0, "kl_coef": 0.05, "value_loss": 0.0}
A decoder-only architecture is being used, but right-padding was detected! For correct generation results, please set `padding_side='left'` when initializing the tokenizer.
{"step": 759, "epoch": 0, "batch_hash": 1170161289, "rows": 7, "skipped": 1, "answer_accuracy": 0.8571428571428571, "updates": 4, "seconds": 3.8171226978302, "time": 1790992209.2846425, "loss": -0.9169918129541106, "confidence": 0.6660799295663213, "mass": 0.9999996703364512, "hinge_active": 0.0, "stop_prob": 0.9999699677739825, "sampled_number_rate": 0.9999999999999998, "kl": 0.0, "kl_coef": 0.05, "value_loss": 0.0}
A decoder-only architecture is being used, but right-padding was detected! For correct generation results, please set `padding_side='left'` when initializing the tokenizer.
{"step": 760, "epoch": 0, "batch_hash": 1116645773, "rows": 8, "skipped": 0, "answer_accuracy": 0.5, "updates": 4, "seconds": 2.275827407836914, "time": 1790992211.5624647, "loss": -0.9103378115981666, "confidence": 0.5700223635269335, "mass": 0.9999991918656477, "hinge_active": 0.0, "stop_prob": 0.9999226704239845, "sampled_number_rate": 1.0, "kl": 0.0, "kl_coef": 0.05, "value_loss": 0.0}
A decoder-only architecture is being used, but right-padding was detected! For correct generation results, please set `padding_side='left'` when initializing the tokenizer.
{"step": 761, "epoch": 0, "batch_hash": 3822205411, "rows": 8, "skipped": 0, "answer_accuracy": 0.625, "updates": 4, "seconds": 3.5628952980041504, "time": 1790992215.1284373, "loss": -0.8825563469422308, "confidence": 0.4956615843224109, "mass": 0.9999872660289784, "hinge_active": 0.0, "stop_prob": 0.9891439452767372, "sampled_number_rate": 1.0, "kl": 0.0, "kl_coef": 0.05, "value_loss": 0.0}
A decoder-only architecture is being used, but right-padding was detected! For correct generation results, please set `padding_side='left'` when initializing the tokenizer.
{"step": 762, "epoch": 0, "batch_hash": 3745178040, "rows": 8, "skipped": 0, "answer_accuracy": 0.375, "updates": 4, "seconds": 2.456751585006714, "time": 1790992217.5884185, "loss": -0.7644923496990779, "confidence": 0.5706191229160676, "mass": 0.9999998083721593, "hinge_active": 0.0, "stop_prob": 0.9999727010726929, "sampled_number_rate": 1.0, "kl": 0.0, "kl_coef": 0.05, "value_loss": 0.0}
A decoder-only architecture is being used, but right-padding was detected! For correct generation results, please set `padding_side='left'` when initializing the tokenizer.
{"step": 763, "epoch": 0, "batch_hash": 2858127798, "rows": 8, "skipped": 0, "answer_accuracy": 0.875, "updates": 4, "seconds": 2.274608612060547, "time": 1790992219.8658075, "loss": -0.8021866204075037, "confidence": 0.4656468266225416, "mass": 0.999999859140698, "hinge_active": 0.0, "stop_prob": 0.9999784007668495, "sampled_number_rate": 1.0, "kl": 0.0, "kl_coef": 0.05, "value_loss": 0.0}
A decoder-only architecture is being used, but right-padding was detected! For correct generation results, please set `padding_side='left'` when initializing the tokenizer.
{"step": 764, "epoch": 0, "batch_hash": 2047088462, "rows": 8, "skipped": 0, "answer_accuracy": 0.5, "updates": 4, "seconds": 2.1930248737335205, "time": 1790992222.0611975, "loss": -0.8880774401573506, "confidence": 0.6191481797139765, "mass": 0.9999998181689593, "hinge_active": 0.0, "stop_prob": 0.9999733716249466, "sampled_number_rate": 1.0, "kl": 0.0, "kl_coef": 0.05, "value_loss": 0.0}
A decoder-only architecture is being used, but right-padding was detected! For correct generation results, please set `padding_side='left'` when initializing the tokenizer.
{"step": 765, "epoch": 0, "batch_hash": 3713569375, "rows": 8, "skipped": 0, "answer_accuracy": 0.625, "updates": 4, "seconds": 2.2609364986419678, "time": 1790992224.3245997, "loss": -0.8779291533113822, "confidence": 0.6863017582002292, "mass": 0.9999996453015664, "hinge_active": 0.0, "stop_prob": 0.9999737590551376, "sampled_number_rate": 1.0, "kl": 0.0, "kl_coef": 0.05, "value_loss": 0.0}
A decoder-only architecture is being used, but right-padding was detected! For correct generation results, please set `padding_side='left'` when initializing the tokenizer.
{"step": 766, "epoch": 0, "batch_hash": 2574614854, "rows": 8, "skipped": 0, "answer_accuracy": 0.5, "updates": 4, "seconds": 2.369992256164551, "time": 1790992226.6981363, "loss": -0.8187215931153341, "confidence": 0.4781522344867737, "mass": 0.9999997032089544, "hinge_active": 0.0, "stop_prob": 0.9999772533774376, "sampled_number_rate": 1.0, "kl": 0.0, "kl_coef": 0.05, "value_loss": 0.0}
A decoder-only architecture is being used, but right-padding was detected! For correct generation results, please set `padding_side='left'` when initializing the tokenizer.
{"step": 767, "epoch": 0, "batch_hash": 2572346186, "rows": 7, "skipped": 1, "answer_accuracy": 0.42857142857142855, "updates": 4, "seconds": 2.3819973468780518, "time": 1790992229.0963962, "loss": -0.8867056884813064, "confidence": 0.336770918981118, "mass": 0.9999904492135899, "hinge_active": 0.0, "stop_prob": 0.9999574933733258, "sampled_number_rate": 0.9999999999999998, "kl": 0.0, "kl_coef": 0.05, "value_loss": 0.0}
A decoder-only architecture is being used, but right-padding was detected! For correct generation results, please set `padding_side='left'` when initializing the tokenizer.
{"step": 768, "epoch": 0, "batch_hash": 2184021699, "rows": 7, "skipped": 1, "answer_accuracy": 0.5714285714285714, "updates": 4, "seconds": 3.475524425506592, "time": 1790992232.5744128, "loss": -0.879745346390038, "confidence": 0.5249204719068288, "mass": 0.9999996998132784, "hinge_active": 0.0, "stop_prob": 0.9999779377664838, "sampled_number_rate": 0.9999999999999998, "kl": 0.0, "kl_coef": 0.05, "value_loss": 0.0}
checkpoint at step 768 (0.8 s)
A decoder-only architecture is being used, but right-padding was detected! For correct generation results, please set `padding_side='left'` when initializing the tokenizer.
{"step": 769, "epoch": 0, "batch_hash": 165229502, "rows": 7, "skipped": 1, "answer_accuracy": 0.7142857142857143, "updates": 4, "seconds": 5.056872367858887, "time": 1790992238.3930066, "loss": -0.8489748259593229, "confidence": 0.549335524113852, "mass": 0.9999996336728254, "hinge_active": 0.0, "stop_prob": 0.999976132597242, "sampled_number_rate": 0.9999999999999998, "kl": 0.0, "kl_coef": 0.05, "value_loss": 0.0}
A decoder-only architecture is being used, but right-padding was detected! For correct generation results, please set `padding_side='left'` when initializing the tokenizer.
{"step": 770, "epoch": 0, "batch_hash": 2004816938, "rows": 8, "skipped": 0, "answer_accuracy": 0.625, "updates": 4, "seconds": 2.4523746967315674, "time": 1790992240.849977, "loss": -0.8355482436258499, "confidence": 0.7359956451765018, "mass": 0.9999996768184711, "hinge_active": 0.0, "stop_prob": 0.9999742805957794, "sampled_number_rate": 1.0, "kl": 0.0, "kl_coef": 0.05, "value_loss": 0.0}
A decoder-only architecture is being used, but right-padding was detected! For correct generation results, please set `padding_side='left'` when initializing the tokenizer.
{"step": 771, "epoch": 0, "batch_hash": 3459795702, "rows": 8, "skipped": 0, "answer_accuracy": 0.75, "updates": 4, "seconds": 2.2231695652008057, "time": 1790992243.0751243, "loss": -0.9103856951706326, "confidence": 0.6319548637907392, "mass": 0.9999997321333775, "hinge_active": 0.0, "stop_prob": 0.9999767392873764, "sampled_number_rate": 1.0, "kl": 0.0, "kl_coef": 0.05, "value_loss": 0.0}
A decoder-only architecture is being used, but right-padding was detected! For correct generation results, please set `padding_side='left'` when initializing the tokenizer.
{"step": 772, "epoch": 0, "batch_hash": 2951097105, "rows": 8, "skipped": 0, "answer_accuracy": 0.5, "updates": 4, "seconds": 2.1615660190582275, "time": 1790992245.23892, "loss": -0.8790097938999882, "confidence": 0.5771988054717819, "mass": 0.9999998413971392, "hinge_active": 0.0, "stop_prob": 0.9999779462814331, "sampled_number_rate": 1.0, "kl": 0.0, "kl_coef": 0.05, "value_loss": 0.0}
A decoder-only architecture is being used, but right-padding was detected! For correct generation results, please set `padding_side='left'` when initializing the tokenizer.
{"step": 773, "epoch": 0, "batch_hash": 384398004, "rows": 8, "skipped": 0, "answer_accuracy": 0.625, "updates": 4, "seconds": 2.482161521911621, "time": 1790992247.7244163, "loss": -0.8777593808699474, "confidence": 0.5577338440980039, "mass": 0.9999997811201743, "hinge_active": 0.0, "stop_prob": 0.9999782890081406, "sampled_number_rate": 1.0, "kl": 0.0, "kl_coef": 0.05, "value_loss": 0.0}
A decoder-only architecture is being used, but right-padding was detected! For correct generation results, please set `padding_side='left'` when initializing the tokenizer.
{"step": 774, "epoch": 0, "batch_hash": 909241412, "rows": 8, "skipped": 0, "answer_accuracy": 0.5, "updates": 4, "seconds": 2.3074798583984375, "time": 1790992250.034189, "loss": -0.8381829878023703, "confidence": 0.5186700808749325, "mass": 0.9999998099875316, "hinge_active": 0.0, "stop_prob": 0.9999777525663376, "sampled_number_rate": 1.0, "kl": 0.0, "kl_coef": 0.05, "value_loss": 0.0}
A decoder-only architecture is being used, but right-padding was detected! For correct generation results, please set `padding_side='left'` when initializing the tokenizer.
{"step": 775, "epoch": 0, "batch_hash": 4001498066, "rows": 7, "skipped": 1, "answer_accuracy": 0.7142857142857143, "updates": 4, "seconds": 2.259211540222168, "time": 1790992252.2960756, "loss": -0.9506942395924022, "confidence": 0.5925363477945775, "mass": 0.9999995060676321, "hinge_active": 0.0, "stop_prob": 0.9999760048730033, "sampled_number_rate": 0.9999999999999998, "kl": 0.0, "kl_coef": 0.05, "value_loss": 0.0}
A decoder-only architecture is being used, but right-padding was detected! For correct generation results, please set `padding_side='left'` when initializing the tokenizer.
{"step": 776, "epoch": 0, "batch_hash": 2110993399, "rows": 8, "skipped": 0, "answer_accuracy": 0.75, "updates": 4, "seconds": 2.2829248905181885, "time": 1790992254.5813498, "loss": -0.8772495263432107, "confidence": 0.6398355605365205, "mass": 0.9999998254824239, "hinge_active": 0.0, "stop_prob": 0.9999766647815704, "sampled_number_rate": 1.0, "kl": 0.0, "kl_coef": 0.05, "value_loss": 0.0}
A decoder-only architecture is being used, but right-padding was detected! For correct generation results, please set `padding_side='left'` when initializing the tokenizer.
{"step": 777, "epoch": 0, "batch_hash": 349397134, "rows": 8, "skipped": 0, "answer_accuracy": 0.875, "updates": 4, "seconds": 2.3612184524536133, "time": 1790992256.9445167, "loss": -0.9152453675489056, "confidence": 0.6589901529092159, "mass": 0.9999994983167692, "hinge_active": 0.0, "stop_prob": 0.9999738708138466, "sampled_number_rate": 1.0, "kl": 0.0, "kl_coef": 0.05, "value_loss": 0.0}
A decoder-only architecture is being used, but right-padding was detected! For correct generation results, please set `padding_side='left'` when initializing the tokenizer.
{"step": 778, "epoch": 0, "batch_hash": 2311857129, "rows": 8, "skipped": 0, "answer_accuracy": 0.25, "updates": 4, "seconds": 2.6467983722686768, "time": 1790992259.5935633, "loss": -0.9274991208000398, "confidence": 0.3377543904872725, "mass": 0.9999916780674841, "hinge_active": 0.0, "stop_prob": 0.9999668374657631, "sampled_number_rate": 1.0, "kl": 0.0, "kl_coef": 0.05, "value_loss": 0.0}
A decoder-only architecture is being used, but right-padding was detected! For correct generation results, please set `padding_side='left'` when initializing the tokenizer.
{"step": 779, "epoch": 0, "batch_hash": 910145121, "rows": 7, "skipped": 1, "answer_accuracy": 0.8571428571428571, "updates": 4, "seconds": 3.3903071880340576, "time": 1790992262.9861588, "loss": -0.9037719557832862, "confidence": 0.6571936453433246, "mass": 0.9999996691059738, "hinge_active": 0.0, "stop_prob": 0.9999735610825675, "sampled_number_rate": 0.9999999999999998, "kl": 0.0, "kl_coef": 0.05, "value_loss": 0.0}
A decoder-only architecture is being used, but right-padding was detected! For correct generation results, please set `padding_side='left'` when initializing the tokenizer.
{"step": 780, "epoch": 0, "batch_hash": 2627441925, "rows": 8, "skipped": 0, "answer_accuracy": 0.75, "updates": 4, "seconds": 2.2859246730804443, "time": 1790992265.275384, "loss": -0.8701601178105819, "confidence": 0.8055402433427251, "mass": 0.9999997956502613, "hinge_active": 0.0, "stop_prob": 0.9999749436974525, "sampled_number_rate": 1.0, "kl": 0.0, "kl_coef": 0.05, "value_loss": 0.0}
A decoder-only architecture is being used, but right-padding was detected! For correct generation results, please set `padding_side='left'` when initializing the tokenizer.
{"step": 781, "epoch": 0, "batch_hash": 449157003, "rows": 8, "skipped": 0, "answer_accuracy": 0.5, "updates": 4, "seconds": 2.4545912742614746, "time": 1790992267.739563, "loss": -0.8259444680318034, "confidence": 0.5981831991650621, "mass": 0.9999993496347244, "hinge_active": 0.0, "stop_prob": 0.9999764040112495, "sampled_number_rate": 1.0, "kl": 0.0, "kl_coef": 0.05, "value_loss": 0.0}
A decoder-only architecture is being used, but right-padding was detected! For correct generation results, please set `padding_side='left'` when initializing the tokenizer.
{"step": 782, "epoch": 0, "batch_hash": 3677409376, "rows": 8, "skipped": 0, "answer_accuracy": 0.625, "updates": 4, "seconds": 2.4784693717956543, "time": 1790992270.2208507, "loss": -0.8985729500230605, "confidence": 0.7100794312610177, "mass": 0.9999994348032406, "hinge_active": 0.0, "stop_prob": 0.999975822865963, "sampled_number_rate": 1.0, "kl": 0.0, "kl_coef": 0.05, "value_loss": 0.0}
A decoder-only architecture is being used, but right-padding was detected! For correct generation results, please set `padding_side='left'` when initializing the tokenizer.
{"step": 783, "epoch": 0, "batch_hash": 2863060551, "rows": 7, "skipped": 1, "answer_accuracy": 0.5714285714285714, "updates": 4, "seconds": 2.9269793033599854, "time": 1790992273.1510801, "loss": -0.9075475921263438, "confidence": 0.6065945632373342, "mass": 0.9999985148370215, "hinge_active": 0.0, "stop_prob": 0.9999736206872123, "sampled_number_rate": 0.9999999999999998, "kl": 0.0, "kl_coef": 0.05, "value_loss": 0.0}
A decoder-only architecture is being used, but right-padding was detected! For correct generation results, please set `padding_side='left'` when initializing the tokenizer.
{"step": 784, "epoch": 0, "batch_hash": 1111625670, "rows": 8, "skipped": 0, "answer_accuracy": 0.25, "updates": 4, "seconds": 2.32084584236145, "time": 1790992275.474315, "loss": -0.859051152242009, "confidence": 0.3437167521736999, "mass": 0.9999992485894986, "hinge_active": 0.0, "stop_prob": 0.9999784678220749, "sampled_number_rate": 1.0, "kl": 0.0, "kl_coef": 0.05, "value_loss": 0.0}
A decoder-only architecture is being used, but right-padding was detected! For correct generation results, please set `padding_side='left'` when initializing the tokenizer.
{"step": 785, "epoch": 0, "batch_hash": 910887282, "rows": 7, "skipped": 1, "answer_accuracy": 0.42857142857142855, "updates": 4, "seconds": 3.9121477603912354, "time": 1790992279.3887491, "loss": -0.8778980583925089, "confidence": 0.5276682030596034, "mass": 0.9999758461429227, "hinge_active": 0.0, "stop_prob": 0.9997475828443255, "sampled_number_rate": 0.9999999999999998, "kl": 0.0, "kl_coef": 0.05, "value_loss": 0.0}
A decoder-only architecture is being used, but right-padding was detected! For correct generation results, please set `padding_side='left'` when initializing the tokenizer.
{"step": 786, "epoch": 0, "batch_hash": 3443220478, "rows": 8, "skipped": 0, "answer_accuracy": 0.625, "updates": 4, "seconds": 2.218595027923584, "time": 1790992281.6100416, "loss": -0.8309953457032482, "confidence": 0.7486654949279841, "mass": 0.9999996666049147, "hinge_active": 0.0, "stop_prob": 0.9999758377671242, "sampled_number_rate": 1.0, "kl": 0.0, "kl_coef": 0.05, "value_loss": 0.0}
A decoder-only architecture is being used, but right-padding was detected! For correct generation results, please set `padding_side='left'` when initializing the tokenizer.
{"step": 787, "epoch": 0, "batch_hash": 1116474760, "rows": 8, "skipped": 0, "answer_accuracy": 0.5, "updates": 4, "seconds": 2.729907989501953, "time": 1790992284.3458645, "loss": -0.8913909366797407, "confidence": 0.5174465034822977, "mass": 0.9999991046233709, "hinge_active": 0.0, "stop_prob": 0.9999638870358467, "sampled_number_rate": 1.0, "kl": 0.0, "kl_coef": 0.05, "value_loss": 0.0}
A decoder-only architecture is being used, but right-padding was detected! For correct generation results, please set `padding_side='left'` when initializing the tokenizer.
{"step": 788, "epoch": 0, "batch_hash": 3216985405, "rows": 8, "skipped": 0, "answer_accuracy": 0.5, "updates": 4, "seconds": 3.395216464996338, "time": 1790992287.7435555, "loss": -0.8896736978402723, "confidence": 0.5770898089997335, "mass": 0.9999284180722178, "hinge_active": 0.0, "stop_prob": 0.999830849468708, "sampled_number_rate": 1.0, "kl": 0.0, "kl_coef": 0.05, "value_loss": 0.0}
A decoder-only architecture is being used, but right-padding was detected! For correct generation results, please set `padding_side='left'` when initializing the tokenizer.
{"step": 789, "epoch": 0, "batch_hash": 3114120133, "rows": 8, "skipped": 0, "answer_accuracy": 0.625, "updates": 4, "seconds": 2.2044684886932373, "time": 1790992289.9502187, "loss": -0.8663257328448125, "confidence": 0.6690934258292918, "mass": 0.9999997553384875, "hinge_active": 0.0, "stop_prob": 0.9999767914414406, "sampled_number_rate": 1.0, "kl": 0.0, "kl_coef": 0.05, "value_loss": 0.0}
A decoder-only architecture is being used, but right-padding was detected! For correct generation results, please set `padding_side='left'` when initializing the tokenizer.
{"step": 790, "epoch": 0, "batch_hash": 3536541419, "rows": 8, "skipped": 0, "answer_accuracy": 0.375, "updates": 4, "seconds": 2.9705159664154053, "time": 1790992292.9232666, "loss": -0.8645374888505426, "confidence": 0.6093122964844568, "mass": 0.9999997014935491, "hinge_active": 0.0, "stop_prob": 0.9999751150608063, "sampled_number_rate": 1.0, "kl": 0.0, "kl_coef": 0.05, "value_loss": 0.0}
A decoder-only architecture is being used, but right-padding was detected! For correct generation results, please set `padding_side='left'` when initializing the tokenizer.
{"step": 791, "epoch": 0, "batch_hash": 1544192561, "rows": 8, "skipped": 0, "answer_accuracy": 0.375, "updates": 4, "seconds": 2.5865840911865234, "time": 1790992295.5124183, "loss": -0.7558883553238513, "confidence": 0.687528076509708, "mass": 0.9999987623721449, "hinge_active": 0.0, "stop_prob": 0.999971479177475, "sampled_number_rate": 1.0, "kl": 0.0, "kl_coef": 0.05, "value_loss": 0.0}
A decoder-only architecture is being used, but right-padding was detected! For correct generation results, please set `padding_side='left'` when initializing the tokenizer.
{"step": 792, "epoch": 0, "batch_hash": 142639336, "rows": 8, "skipped": 0, "answer_accuracy": 0.375, "updates": 4, "seconds": 2.41965389251709, "time": 1790992297.9360325, "loss": -0.8721749845103418, "confidence": 0.5396761363711727, "mass": 0.9999998482383777, "hinge_active": 0.0, "stop_prob": 0.9999766871333122, "sampled_number_rate": 1.0, "kl": 0.0, "kl_coef": 0.05, "value_loss": 0.0}
A decoder-only architecture is being used, but right-padding was detected! For correct generation results, please set `padding_side='left'` when initializing the tokenizer.
{"step": 793, "epoch": 0, "batch_hash": 1111976999, "rows": 8, "skipped": 0, "answer_accuracy": 0.875, "updates": 4, "seconds": 2.278226852416992, "time": 1790992300.216674, "loss": -0.715522385005508, "confidence": 0.6374640961785186, "mass": 0.9999994897102862, "hinge_active": 0.0, "stop_prob": 0.9999734982848167, "sampled_number_rate": 1.0, "kl": 0.0, "kl_coef": 0.05, "value_loss": 0.0}
A decoder-only architecture is being used, but right-padding was detected! For correct generation results, please set `padding_side='left'` when initializing the tokenizer.
{"step": 794, "epoch": 0, "batch_hash": 149335204, "rows": 8, "skipped": 0, "answer_accuracy": 0.375, "updates": 4, "seconds": 2.394364356994629, "time": 1790992302.6145751, "loss": -0.8448305464814746, "confidence": 0.5449987055838906, "mass": 0.9999997783937932, "hinge_active": 0.0, "stop_prob": 0.9999753758311272, "sampled_number_rate": 1.0, "kl": 0.0, "kl_coef": 0.05, "value_loss": 0.0}
A decoder-only architecture is being used, but right-padding was detected! For correct generation results, please set `padding_side='left'` when initializing the tokenizer.
{"step": 795, "epoch": 0, "batch_hash": 1879953619, "rows": 8, "skipped": 0, "answer_accuracy": 0.5, "updates": 4, "seconds": 2.5279695987701416, "time": 1790992305.1486428, "loss": -0.9577172097327892, "confidence": 0.5170479541717986, "mass": 0.9999996950408885, "hinge_active": 0.0, "stop_prob": 0.9999789074063301, "sampled_number_rate": 1.0, "kl": 0.0, "kl_coef": 0.05, "value_loss": 0.0}
A decoder-only architecture is being used, but right-padding was detected! For correct generation results, please set `padding_side='left'` when initializing the tokenizer.
{"step": 796, "epoch": 0, "batch_hash": 954357745, "rows": 7, "skipped": 1, "answer_accuracy": 0.7142857142857143, "updates": 4, "seconds": 2.810529947280884, "time": 1790992307.9617443, "loss": -0.8942803653547624, "confidence": 0.7557861085283963, "mass": 0.9999997904127171, "hinge_active": 0.0, "stop_prob": 0.9999757579394749, "sampled_number_rate": 0.9999999999999998, "kl": 0.0, "kl_coef": 0.05, "value_loss": 0.0}
A decoder-only architecture is being used, but right-padding was detected! For correct generation results, please set `padding_side='left'` when initializing the tokenizer.
{"step": 797, "epoch": 0, "batch_hash": 694262232, "rows": 8, "skipped": 0, "answer_accuracy": 0.375, "updates": 4, "seconds": 2.3042588233947754, "time": 1790992310.2683115, "loss": -0.9525835917834333, "confidence": 0.44433097271607047, "mass": 0.9999995886205219, "hinge_active": 0.0, "stop_prob": 0.9999740347266197, "sampled_number_rate": 1.0, "kl": 0.0, "kl_coef": 0.05, "value_loss": 0.0}
A decoder-only architecture is being used, but right-padding was detected! For correct generation results, please set `padding_side='left'` when initializing the tokenizer.
{"step": 798, "epoch": 0, "batch_hash": 1993001911, "rows": 8, "skipped": 0, "answer_accuracy": 0.5, "updates": 4, "seconds": 2.3570902347564697, "time": 1790992312.6284108, "loss": -0.9035218183202842, "confidence": 0.4920602434164312, "mass": 0.9999998201579671, "hinge_active": 0.0, "stop_prob": 0.9999786913394928, "sampled_number_rate": 1.0, "kl": 0.0, "kl_coef": 0.05, "value_loss": 0.0}
A decoder-only architecture is being used, but right-padding was detected! For correct generation results, please set `padding_side='left'` when initializing the tokenizer.
{"step": 799, "epoch": 0, "batch_hash": 485752520, "rows": 8, "skipped": 0, "answer_accuracy": 0.625, "updates": 4, "seconds": 3.578862190246582, "time": 1790992316.209772, "loss": -0.9043032813671283, "confidence": 0.646989544375721, "mass": 0.9999988984990719, "hinge_active": 0.0, "stop_prob": 0.9999739155173302, "sampled_number_rate": 1.0, "kl": 0.0, "kl_coef": 0.05, "value_loss": 0.0}
A decoder-only architecture is being used, but right-padding was detected! For correct generation results, please set `padding_side='left'` when initializing the tokenizer.
{"step": 800, "epoch": 0, "batch_hash": 1013214306, "rows": 8, "skipped": 0, "answer_accuracy": 0.75, "updates": 4, "seconds": 2.2400436401367188, "time": 1790992318.455187, "loss": -0.8715337062866947, "confidence": 0.555248706290044, "mass": 0.9999995687876632, "hinge_active": 0.0, "stop_prob": 0.99997678399086, "sampled_number_rate": 1.0, "kl": 0.0, "kl_coef": 0.05, "value_loss": 0.0}
checkpoint at step 800 (0.7 s)
A decoder-only architecture is being used, but right-padding was detected! For correct generation results, please set `padding_side='left'` when initializing the tokenizer.
{"step": 801, "epoch": 0, "batch_hash": 1767571344, "rows": 8, "skipped": 0, "answer_accuracy": 0.625, "updates": 4, "seconds": 2.2656378746032715, "time": 1790992321.4260547, "loss": -0.9267522525424847, "confidence": 0.6717637173747959, "mass": 0.9999994262654008, "hinge_active": 0.0, "stop_prob": 0.9999776110053062, "sampled_number_rate": 1.0, "kl": 0.0, "kl_coef": 0.05, "value_loss": 0.0}
A decoder-only architecture is being used, but right-padding was detected! For correct generation results, please set `padding_side='left'` when initializing the tokenizer.
{"step": 802, "epoch": 0, "batch_hash": 3872201392, "rows": 8, "skipped": 0, "answer_accuracy": 0.375, "updates": 4, "seconds": 2.254863977432251, "time": 1790992323.6836162, "loss": -0.874249563129119, "confidence": 0.4511098925326521, "mass": 0.9999995404635327, "hinge_active": 0.0, "stop_prob": 0.9999789521098137, "sampled_number_rate": 1.0, "kl": 0.0, "kl_coef": 0.05, "value_loss": 0.0}
A decoder-only architecture is being used, but right-padding was detected! For correct generation results, please set `padding_side='left'` when initializing the tokenizer.
{"step": 803, "epoch": 0, "batch_hash": 1131892080, "rows": 8, "skipped": 0, "answer_accuracy": 0.875, "updates": 4, "seconds": 2.793269634246826, "time": 1790992326.4794922, "loss": -0.9403390379002395, "confidence": 0.7994027307992886, "mass": 0.9999994174805253, "hinge_active": 0.0, "stop_prob": 0.9999717846512794, "sampled_number_rate": 1.0, "kl": 0.0, "kl_coef": 0.05, "value_loss": 0.0}
A decoder-only architecture is being used, but right-padding was detected! For correct generation results, please set `padding_side='left'` when initializing the tokenizer.
{"step": 804, "epoch": 0, "batch_hash": 1439500653, "rows": 8, "skipped": 0, "answer_accuracy": 0.75, "updates": 4, "seconds": 2.359579563140869, "time": 1790992328.8428295, "loss": -0.8787312438301973, "confidence": 0.4549283692067895, "mass": 0.9999994335391458, "hinge_active": 0.0, "stop_prob": 0.9999755546450615, "sampled_number_rate": 1.0, "kl": 0.0, "kl_coef": 0.05, "value_loss": 0.0}
A decoder-only architecture is being used, but right-padding was detected! For correct generation results, please set `padding_side='left'` when initializing the tokenizer.
{"step": 805, "epoch": 0, "batch_hash": 3396294582, "rows": 8, "skipped": 0, "answer_accuracy": 0.5, "updates": 4, "seconds": 3.456542491912842, "time": 1790992332.302081, "loss": -0.8225386992199595, "confidence": 0.49182701439191323, "mass": 0.9999998497241739, "hinge_active": 0.0, "stop_prob": 0.9999761506915092, "sampled_number_rate": 1.0, "kl": 0.0, "kl_coef": 0.05, "value_loss": 0.0}
A decoder-only architecture is being used, but right-padding was detected! For correct generation results, please set `padding_side='left'` when initializing the tokenizer.
{"step": 806, "epoch": 0, "batch_hash": 759209044, "rows": 8, "skipped": 0, "answer_accuracy": 0.5, "updates": 4, "seconds": 2.265929937362671, "time": 1790992334.580885, "loss": -0.906172219295854, "confidence": 0.4061471906357541, "mass": 0.9999994176044804, "hinge_active": 0.0, "stop_prob": 0.9999723732471466, "sampled_number_rate": 1.0, "kl": 0.0, "kl_coef": 0.05, "value_loss": 0.0}
A decoder-only architecture is being used, but right-padding was detected! For correct generation results, please set `padding_side='left'` when initializing the tokenizer.
{"step": 807, "epoch": 0, "batch_hash": 2946023518, "rows": 8, "skipped": 0, "answer_accuracy": 0.875, "updates": 4, "seconds": 2.420666456222534, "time": 1790992337.0057752, "loss": -0.9124784901005973, "confidence": 0.8551821876567631, "mass": 0.9999996333766473, "hinge_active": 0.0, "stop_prob": 0.9999730437994003, "sampled_number_rate": 1.0, "kl": 0.0, "kl_coef": 0.05, "value_loss": 0.0}
A decoder-only architecture is being used, but right-padding was detected! For correct generation results, please set `padding_side='left'` when initializing the tokenizer.
{"step": 808, "epoch": 0, "batch_hash": 2171615803, "rows": 8, "skipped": 0, "answer_accuracy": 0.625, "updates": 4, "seconds": 2.313596725463867, "time": 1790992339.331822, "loss": -0.9172581609291068, "confidence": 0.5475010926441963, "mass": 0.9999997606906115, "hinge_active": 0.0, "stop_prob": 0.9999769181013107, "sampled_number_rate": 1.0, "kl": 0.0, "kl_coef": 0.05, "value_loss": 0.0}
A decoder-only architecture is being used, but right-padding was detected! For correct generation results, please set `padding_side='left'` when initializing the tokenizer.
{"step": 809, "epoch": 0, "batch_hash": 3938933103, "rows": 8, "skipped": 0, "answer_accuracy": 0.5, "updates": 4, "seconds": 2.4037864208221436, "time": 1790992341.7757077, "loss": -0.908570181698413, "confidence": 0.43725111044711185, "mass": 0.9999997518085948, "hinge_active": 0.0, "stop_prob": 0.9999770522117615, "sampled_number_rate": 1.0, "kl": 0.0, "kl_coef": 0.05, "value_loss": 0.0}
A decoder-only architecture is being used, but right-padding was detected! For correct generation results, please set `padding_side='left'` when initializing the tokenizer.
{"step": 810, "epoch": 0, "batch_hash": 3614059264, "rows": 8, "skipped": 0, "answer_accuracy": 0.875, "updates": 4, "seconds": 2.275664806365967, "time": 1790992344.0536346, "loss": -0.8778128026740372, "confidence": 0.8619980078081487, "mass": 0.9999997059209083, "hinge_active": 0.0, "stop_prob": 0.9999727383255959, "sampled_number_rate": 1.0, "kl": 0.0, "kl_coef": 0.05, "value_loss": 0.0}
A decoder-only architecture is being used, but right-padding was detected! For correct generation results, please set `padding_side='left'` when initializing the tokenizer.
{"step": 811, "epoch": 0, "batch_hash": 1985261091, "rows": 8, "skipped": 0, "answer_accuracy": 0.75, "updates": 4, "seconds": 2.2172393798828125, "time": 1790992346.2731652, "loss": -0.8501872362172889, "confidence": 0.5111148542907612, "mass": 0.9999974111502812, "hinge_active": 0.0, "stop_prob": 0.99997478723526, "sampled_number_rate": 1.0, "kl": 0.0, "kl_coef": 0.05, "value_loss": 0.0}
A decoder-only architecture is being used, but right-padding was detected! For correct generation results, please set `padding_side='left'` when initializing the tokenizer.
{"step": 812, "epoch": 0, "batch_hash": 702503367, "rows": 6, "skipped": 2, "answer_accuracy": 0.5, "updates": 4, "seconds": 3.7613344192504883, "time": 1790992350.0370438, "loss": -0.6024335697360123, "confidence": 0.42185434342944167, "mass": 0.9999993250895468, "hinge_active": 0.0, "stop_prob": 0.9999756912390391, "sampled_number_rate": 0.9999999999999999, "kl": 0.0, "kl_coef": 0.05, "value_loss": 0.0}
A decoder-only architecture is being used, but right-padding was detected! For correct generation results, please set `padding_side='left'` when initializing the tokenizer.
{"step": 813, "epoch": 0, "batch_hash": 1405660234, "rows": 8, "skipped": 0, "answer_accuracy": 0.625, "updates": 4, "seconds": 2.272402048110962, "time": 1790992352.3118694, "loss": -0.959453981396566, "confidence": 0.5754883446207488, "mass": 0.9999996729272562, "hinge_active": 0.0, "stop_prob": 0.9999775812029839, "sampled_number_rate": 1.0, "kl": 0.0, "kl_coef": 0.05, "value_loss": 0.0}
A decoder-only architecture is being used, but right-padding was detected! For correct generation results, please set `padding_side='left'` when initializing the tokenizer.
{"step": 814, "epoch": 0, "batch_hash": 4033693068, "rows": 8, "skipped": 0, "answer_accuracy": 0.625, "updates": 4, "seconds": 2.361424684524536, "time": 1790992354.6767352, "loss": -0.871616250747958, "confidence": 0.7682157669979741, "mass": 0.9999996776286859, "hinge_active": 0.0, "stop_prob": 0.999973714351654, "sampled_number_rate": 1.0, "kl": 0.0, "kl_coef": 0.05, "value_loss": 0.0}
A decoder-only architecture is being used, but right-padding was detected! For correct generation results, please set `padding_side='left'` when initializing the tokenizer.
{"step": 815, "epoch": 0, "batch_hash": 1186909864, "rows": 8, "skipped": 0, "answer_accuracy": 0.75, "updates": 4, "seconds": 2.2730214595794678, "time": 1790992356.9518366, "loss": -0.8749828359178212, "confidence": 0.8504960497970638, "mass": 0.999999693341608, "hinge_active": 0.0, "stop_prob": 0.9999718889594078, "sampled_number_rate": 1.0, "kl": 0.0, "kl_coef": 0.05, "value_loss": 0.0}
A decoder-only architecture is being used, but right-padding was detected! For correct generation results, please set `padding_side='left'` when initializing the tokenizer.
{"step": 816, "epoch": 0, "batch_hash": 3528569371, "rows": 8, "skipped": 0, "answer_accuracy": 0.25, "updates": 4, "seconds": 3.0138063430786133, "time": 1790992359.9693797, "loss": -0.787528974143287, "confidence": 0.5930091257552846, "mass": 0.9999997916717842, "hinge_active": 0.0, "stop_prob": 0.999974824488163, "sampled_number_rate": 1.0, "kl": 0.0, "kl_coef": 0.05, "value_loss": 0.0}
A decoder-only architecture is being used, but right-padding was detected! For correct generation results, please set `padding_side='left'` when initializing the tokenizer.
{"step": 817, "epoch": 0, "batch_hash": 2392788898, "rows": 8, "skipped": 0, "answer_accuracy": 0.625, "updates": 4, "seconds": 2.2331326007843018, "time": 1790992362.2050836, "loss": -0.8884170725510971, "confidence": 0.5620474557349361, "mass": 0.9999997747254559, "hinge_active": 0.0, "stop_prob": 0.9999795481562614, "sampled_number_rate": 1.0, "kl": 0.0, "kl_coef": 0.05, "value_loss": 0.0}
A decoder-only architecture is being used, but right-padding was detected! For correct generation results, please set `padding_side='left'` when initializing the tokenizer.
{"step": 818, "epoch": 0, "batch_hash": 4862674, "rows": 8, "skipped": 0, "answer_accuracy": 0.75, "updates": 4, "seconds": 2.3278567790985107, "time": 1790992364.5438528, "loss": -0.8820397795231948, "confidence": 0.7775723979485205, "mass": 0.9999997513971548, "hinge_active": 0.0, "stop_prob": 0.999974399805069, "sampled_number_rate": 1.0, "kl": 0.0, "kl_coef": 0.05, "value_loss": 0.0}
A decoder-only architecture is being used, but right-padding was detected! For correct generation results, please set `padding_side='left'` when initializing the tokenizer.
{"step": 819, "epoch": 0, "batch_hash": 2109570624, "rows": 8, "skipped": 0, "answer_accuracy": 0.625, "updates": 4, "seconds": 2.5042147636413574, "time": 1790992367.0509427, "loss": -0.8767509383152635, "confidence": 0.47844529444543776, "mass": 0.9999804459772672, "hinge_active": 0.0, "stop_prob": 0.9999662786722183, "sampled_number_rate": 1.0, "kl": 0.0, "kl_coef": 0.05, "value_loss": 0.0}
A decoder-only architecture is being used, but right-padding was detected! For correct generation results, please set `padding_side='left'` when initializing the tokenizer.
{"step": 820, "epoch": 0, "batch_hash": 1860081458, "rows": 8, "skipped": 0, "answer_accuracy": 0.75, "updates": 4, "seconds": 2.3593878746032715, "time": 1790992369.4137156, "loss": -0.8571355627729728, "confidence": 0.850971078977101, "mass": 0.9999996489387686, "hinge_active": 0.0, "stop_prob": 0.9999742805957794, "sampled_number_rate": 1.0, "kl": 0.0, "kl_coef": 0.05, "value_loss": 0.0}
A decoder-only architecture is being used, but right-padding was detected! For correct generation results, please set `padding_side='left'` when initializing the tokenizer.
{"step": 821, "epoch": 0, "batch_hash": 1565607355, "rows": 8, "skipped": 0, "answer_accuracy": 0.875, "updates": 4, "seconds": 2.3750593662261963, "time": 1790992371.7915714, "loss": -0.9225725051555869, "confidence": 0.6907390585005219, "mass": 0.9999978223911268, "hinge_active": 0.0, "stop_prob": 0.9999705255031586, "sampled_number_rate": 1.0, "kl": 0.0, "kl_coef": 0.05, "value_loss": 0.0}
A decoder-only architecture is being used, but right-padding was detected! For correct generation results, please set `padding_side='left'` when initializing the tokenizer.
{"step": 822, "epoch": 0, "batch_hash": 2900528178, "rows": 8, "skipped": 0, "answer_accuracy": 0.625, "updates": 4, "seconds": 2.215853452682495, "time": 1790992374.0095696, "loss": -0.885811863107002, "confidence": 0.649955938797464, "mass": 0.9999996398175421, "hinge_active": 0.0, "stop_prob": 0.9999766796827316, "sampled_number_rate": 1.0, "kl": 0.0, "kl_coef": 0.05, "value_loss": 0.0}
A decoder-only architecture is being used, but right-padding was detected! For correct generation results, please set `padding_side='left'` when initializing the tokenizer.
{"step": 823, "epoch": 0, "batch_hash": 821009033, "rows": 8, "skipped": 0, "answer_accuracy": 0.25, "updates": 4, "seconds": 2.376065492630005, "time": 1790992376.3991055, "loss": -0.8115642433696628, "confidence": 0.501008982508302, "mass": 0.9999996713750021, "hinge_active": 0.0, "stop_prob": 0.9999779462814331, "sampled_number_rate": 1.0, "kl": 0.0, "kl_coef": 0.05, "value_loss": 0.0}
A decoder-only architecture is being used, but right-padding was detected! For correct generation results, please set `padding_side='left'` when initializing the tokenizer.
{"step": 824, "epoch": 0, "batch_hash": 1685656170, "rows": 8, "skipped": 0, "answer_accuracy": 0.375, "updates": 4, "seconds": 2.140497922897339, "time": 1790992378.555804, "loss": -0.7407161079483793, "confidence": 0.6882414816239159, "mass": 0.9999994479492601, "hinge_active": 0.0, "stop_prob": 0.9999763295054436, "sampled_number_rate": 1.0, "kl": 0.0, "kl_coef": 0.05, "value_loss": 0.0}
A decoder-only architecture is being used, but right-padding was detected! For correct generation results, please set `padding_side='left'` when initializing the tokenizer.
{"step": 825, "epoch": 0, "batch_hash": 3453459894, "rows": 8, "skipped": 0, "answer_accuracy": 0.5, "updates": 4, "seconds": 2.9513299465179443, "time": 1790992381.509514, "loss": -0.801931416383387, "confidence": 0.6853801639555409, "mass": 0.999999603669496, "hinge_active": 0.0, "stop_prob": 0.9999736994504929, "sampled_number_rate": 1.0, "kl": 0.0, "kl_coef": 0.05, "value_loss": 0.0}
A decoder-only architecture is being used, but right-padding was detected! For correct generation results, please set `padding_side='left'` when initializing the tokenizer.
{"step": 826, "epoch": 0, "batch_hash": 3993622551, "rows": 8, "skipped": 0, "answer_accuracy": 0.625, "updates": 4, "seconds": 2.383107900619507, "time": 1790992383.8982139, "loss": -0.9465679295436219, "confidence": 0.6622149031285998, "mass": 0.9999997564662938, "hinge_active": 0.0, "stop_prob": 0.9999756664037704, "sampled_number_rate": 1.0, "kl": 0.0, "kl_coef": 0.05, "value_loss": 0.0}
A decoder-only architecture is being used, but right-padding was detected! For correct generation results, please set `padding_side='left'` when initializing the tokenizer.
{"step": 827, "epoch": 0, "batch_hash": 19435045, "rows": 8, "skipped": 0, "answer_accuracy": 0.25, "updates": 4, "seconds": 2.8399887084960938, "time": 1790992386.7548077, "loss": -0.8628104522323773, "confidence": 0.5183076287525791, "mass": 0.9999992586425096, "hinge_active": 0.0, "stop_prob": 0.9999762400984764, "sampled_number_rate": 1.0, "kl": 0.0, "kl_coef": 0.05, "value_loss": 0.0}
A decoder-only architecture is being used, but right-padding was detected! For correct generation results, please set `padding_side='left'` when initializing the tokenizer.
{"step": 828, "epoch": 0, "batch_hash": 2927393112, "rows": 8, "skipped": 0, "answer_accuracy": 0.625, "updates": 4, "seconds": 2.4276061058044434, "time": 1790992389.1855927, "loss": -0.7420932506131827, "confidence": 0.47972032698958456, "mass": 0.9999997077754724, "hinge_active": 0.0, "stop_prob": 0.9999789893627167, "sampled_number_rate": 1.0, "kl": 0.0, "kl_coef": 0.05, "value_loss": 0.0}
A decoder-only architecture is being used, but right-padding was detected! For correct generation results, please set `padding_side='left'` when initializing the tokenizer.
{"step": 829, "epoch": 0, "batch_hash": 4056613564, "rows": 7, "skipped": 1, "answer_accuracy": 0.8571428571428571, "updates": 4, "seconds": 2.995103359222412, "time": 1790992392.183869, "loss": -0.8593846182382183, "confidence": 0.5428692565690993, "mass": 0.9999998306636892, "hinge_active": 0.0, "stop_prob": 0.9999792064939227, "sampled_number_rate": 0.9999999999999998, "kl": 0.0, "kl_coef": 0.05, "value_loss": 0.0}
A decoder-only architecture is being used, but right-padding was detected! For correct generation results, please set `padding_side='left'` when initializing the tokenizer.
{"step": 830, "epoch": 0, "batch_hash": 836799896, "rows": 8, "skipped": 0, "answer_accuracy": 0.5, "updates": 4, "seconds": 2.3497748374938965, "time": 1790992394.5358365, "loss": -0.8160294183756829, "confidence": 0.5707275960326939, "mass": 0.9999997675555145, "hinge_active": 0.0, "stop_prob": 0.9999765679240227, "sampled_number_rate": 1.0, "kl": 0.0, "kl_coef": 0.05, "value_loss": 0.0}
A decoder-only architecture is being used, but right-padding was detected! For correct generation results, please set `padding_side='left'` when initializing the tokenizer.
{"step": 831, "epoch": 0, "batch_hash": 1331758033, "rows": 8, "skipped": 0, "answer_accuracy": 1.0, "updates": 4, "seconds": 2.21930193901062, "time": 1790992396.7574377, "loss": -0.7241897741984613, "confidence": 0.47052335135232426, "mass": 0.9999999260007375, "hinge_active": 0.0, "stop_prob": 0.999979242682457, "sampled_number_rate": 1.0, "kl": 0.0, "kl_coef": 0.05, "value_loss": 0.0}
A decoder-only architecture is being used, but right-padding was detected! For correct generation results, please set `padding_side='left'` when initializing the tokenizer.
{"step": 832, "epoch": 0, "batch_hash": 2395086972, "rows": 8, "skipped": 0, "answer_accuracy": 0.75, "updates": 4, "seconds": 2.2754032611846924, "time": 1790992399.036053, "loss": -0.8384904914574763, "confidence": 0.7507678280944667, "mass": 0.9999997845878544, "hinge_active": 0.0, "stop_prob": 0.9999756515026093, "sampled_number_rate": 1.0, "kl": 0.0, "kl_coef": 0.05, "value_loss": 0.0}
checkpoint at step 832 (0.6 s)
A decoder-only architecture is being used, but right-padding was detected! For correct generation results, please set `padding_side='left'` when initializing the tokenizer.
{"step": 833, "epoch": 0, "batch_hash": 2507077257, "rows": 8, "skipped": 0, "answer_accuracy": 0.25, "updates": 4, "seconds": 2.22513484954834, "time": 1790992401.8661542, "loss": -0.9154330375040513, "confidence": 0.3598514543204315, "mass": 0.9999989012324905, "hinge_active": 0.0, "stop_prob": 0.999976173043251, "sampled_number_rate": 1.0, "kl": 0.0, "kl_coef": 0.05, "value_loss": 0.0}
A decoder-only architecture is being used, but right-padding was detected! For correct generation results, please set `padding_side='left'` when initializing the tokenizer.
{"step": 834, "epoch": 0, "batch_hash": 1039229191, "rows": 8, "skipped": 0, "answer_accuracy": 0.5, "updates": 4, "seconds": 2.393632650375366, "time": 1790992404.2621856, "loss": -0.8619226710956797, "confidence": 0.6313412679077235, "mass": 0.9999991883033897, "hinge_active": 0.0, "stop_prob": 0.9999796226620674, "sampled_number_rate": 1.0, "kl": 0.0, "kl_coef": 0.05, "value_loss": 0.0}
A decoder-only architecture is being used, but right-padding was detected! For correct generation results, please set `padding_side='left'` when initializing the tokenizer.
{"step": 835, "epoch": 0, "batch_hash": 1043262150, "rows": 8, "skipped": 0, "answer_accuracy": 0.875, "updates": 4, "seconds": 2.271465539932251, "time": 1790992406.5360339, "loss": -0.7926187079277716, "confidence": 0.6985009080764671, "mass": 0.9999998061079415, "hinge_active": 0.0, "stop_prob": 0.9999752268195152, "sampled_number_rate": 1.0, "kl": 0.0, "kl_coef": 0.05, "value_loss": 0.0}
A decoder-only architecture is being used, but right-padding was detected! For correct generation results, please set `padding_side='left'` when initializing the tokenizer.
{"step": 836, "epoch": 0, "batch_hash": 3186899840, "rows": 8, "skipped": 0, "answer_accuracy": 0.5, "updates": 4, "seconds": 2.285494804382324, "time": 1790992408.824018, "loss": -0.8661793886266612, "confidence": 0.6719029982033745, "mass": 0.9999997163730416, "hinge_active": 0.0, "stop_prob": 0.9999779090285301, "sampled_number_rate": 1.0, "kl": 0.0, "kl_coef": 0.05, "value_loss": 0.0}
A decoder-only architecture is being used, but right-padding was detected! For correct generation results, please set `padding_side='left'` when initializing the tokenizer.
{"step": 837, "epoch": 0, "batch_hash": 2497518227, "rows": 8, "skipped": 0, "answer_accuracy": 0.5, "updates": 4, "seconds": 2.312445640563965, "time": 1790992411.1384997, "loss": -0.8727770064093048, "confidence": 0.4634837605633394, "mass": 0.9999963727394596, "hinge_active": 0.0, "stop_prob": 0.9999727681279182, "sampled_number_rate": 1.0, "kl": 0.0, "kl_coef": 0.05, "value_loss": 0.0}
A decoder-only architecture is being used, but right-padding was detected! For correct generation results, please set `padding_side='left'` when initializing the tokenizer.
{"step": 838, "epoch": 0, "batch_hash": 2249109888, "rows": 8, "skipped": 0, "answer_accuracy": 0.25, "updates": 4, "seconds": 2.3834660053253174, "time": 1790992413.5246272, "loss": -0.9237337817729123, "confidence": 0.3884831801663761, "mass": 0.9999995791939912, "hinge_active": 0.0, "stop_prob": 0.9999804943799973, "sampled_number_rate": 1.0, "kl": 0.0, "kl_coef": 0.05, "value_loss": 0.0}
A decoder-only architecture is being used, but right-padding was detected! For correct generation results, please set `padding_side='left'` when initializing the tokenizer.
{"step": 839, "epoch": 0, "batch_hash": 2252510056, "rows": 8, "skipped": 0, "answer_accuracy": 0.625, "updates": 4, "seconds": 2.2359230518341064, "time": 1790992415.7634387, "loss": -0.8290835947495957, "confidence": 0.6482753144513794, "mass": 0.9999997037038206, "hinge_active": 0.0, "stop_prob": 0.9999789670109749, "sampled_number_rate": 1.0, "kl": 0.0, "kl_coef": 0.05, "value_loss": 0.0}
A decoder-only architecture is being used, but right-padding was detected! For correct generation results, please set `padding_side='left'` when initializing the tokenizer.
{"step": 840, "epoch": 0, "batch_hash": 2219220619, "rows": 8, "skipped": 0, "answer_accuracy": 0.25, "updates": 4, "seconds": 2.653557300567627, "time": 1790992418.4203098, "loss": -0.8031887491000835, "confidence": 0.6146589627162222, "mass": 0.999998365018786, "hinge_active": 0.0, "stop_prob": 0.9999760314822197, "sampled_number_rate": 1.0, "kl": 0.0, "kl_coef": 0.05, "value_loss": 0.0}
A decoder-only architecture is being used, but right-padding was detected! For correct generation results, please set `padding_side='left'` when initializing the tokenizer.
{"step": 841, "epoch": 0, "batch_hash": 2504452261, "rows": 8, "skipped": 0, "answer_accuracy": 0.625, "updates": 4, "seconds": 2.2277872562408447, "time": 1790992420.650623, "loss": -0.7823054373055979, "confidence": 0.699877410979375, "mass": 0.9999998295167057, "hinge_active": 0.0, "stop_prob": 0.9999766051769257, "sampled_number_rate": 1.0, "kl": 0.0, "kl_coef": 0.05, "value_loss": 0.0}
A decoder-only architecture is being used, but right-padding was detected! For correct generation results, please set `padding_side='left'` when initializing the tokenizer.
{"step": 842, "epoch": 0, "batch_hash": 3488418522, "rows": 8, "skipped": 0, "answer_accuracy": 0.75, "updates": 4, "seconds": 2.5228805541992188, "time": 1790992423.1763878, "loss": -0.8914087086906927, "confidence": 0.6283450069740575, "mass": 0.9999997260751982, "hinge_active": 0.0, "stop_prob": 0.9999774768948555, "sampled_number_rate": 1.0, "kl": 0.0, "kl_coef": 0.05, "value_loss": 0.0}
A decoder-only architecture is being used, but right-padding was detected! For correct generation results, please set `padding_side='left'` when initializing the tokenizer.
{"step": 843, "epoch": 0, "batch_hash": 3032439281, "rows": 8, "skipped": 0, "answer_accuracy": 0.875, "updates": 4, "seconds": 2.186033010482788, "time": 1790992425.3650854, "loss": -0.9575128363831866, "confidence": 0.765501773472701, "mass": 0.9999990357233137, "hinge_active": 0.0, "stop_prob": 0.9999744221568108, "sampled_number_rate": 1.0, "kl": 0.0, "kl_coef": 0.05, "value_loss": 0.0}
A decoder-only architecture is being used, but right-padding was detected! For correct generation results, please set `padding_side='left'` when initializing the tokenizer.
{"step": 844, "epoch": 0, "batch_hash": 1749593689, "rows": 8, "skipped": 0, "answer_accuracy": 0.5, "updates": 4, "seconds": 2.4194886684417725, "time": 1790992427.7870998, "loss": -0.8633484482256532, "confidence": 0.4934792571575519, "mass": 0.9999990562639474, "hinge_active": 0.0, "stop_prob": 0.9999799057841301, "sampled_number_rate": 1.0, "kl": 0.0, "kl_coef": 0.05, "value_loss": 0.0}
A decoder-only architecture is being used, but right-padding was detected! For correct generation results, please set `padding_side='left'` when initializing the tokenizer.
{"step": 845, "epoch": 0, "batch_hash": 1791205201, "rows": 8, "skipped": 0, "answer_accuracy": 0.75, "updates": 4, "seconds": 3.157539129257202, "time": 1790992430.949234, "loss": -0.8916537146511789, "confidence": 0.7290238561894428, "mass": 0.9999997292167452, "hinge_active": 0.0, "stop_prob": 0.9999774023890495, "sampled_number_rate": 1.0, "kl": 0.0, "kl_coef": 0.05, "value_loss": 0.0}
A decoder-only architecture is being used, but right-padding was detected! For correct generation results, please set `padding_side='left'` when initializing the tokenizer.
{"step": 846, "epoch": 0, "batch_hash": 2850009341, "rows": 8, "skipped": 0, "answer_accuracy": 0.625, "updates": 4, "seconds": 2.1929421424865723, "time": 1790992433.1466835, "loss": -0.8820468458438168, "confidence": 0.618242507550519, "mass": 0.999999759613666, "hinge_active": 0.0, "stop_prob": 0.999977819621563, "sampled_number_rate": 1.0, "kl": 0.0, "kl_coef": 0.05, "value_loss": 0.0}
A decoder-only architecture is being used, but right-padding was detected! For correct generation results, please set `padding_side='left'` when initializing the tokenizer.
{"step": 847, "epoch": 0, "batch_hash": 4103632125, "rows": 8, "skipped": 0, "answer_accuracy": 0.625, "updates": 4, "seconds": 2.36513614654541, "time": 1790992435.5139244, "loss": -0.8709839641583637, "confidence": 0.6969323792409856, "mass": 0.9999996244335342, "hinge_active": 0.0, "stop_prob": 0.9999753534793854, "sampled_number_rate": 1.0, "kl": 0.0, "kl_coef": 0.05, "value_loss": 0.0}
A decoder-only architecture is being used, but right-padding was detected! For correct generation results, please set `padding_side='left'` when initializing the tokenizer.
{"step": 848, "epoch": 0, "batch_hash": 3799339257, "rows": 8, "skipped": 0, "answer_accuracy": 0.5, "updates": 4, "seconds": 2.431772470474243, "time": 1790992437.9489815, "loss": -0.8430869311918856, "confidence": 0.6631023243804278, "mass": 0.9999995493631881, "hinge_active": 0.0, "stop_prob": 0.999974712729454, "sampled_number_rate": 1.0, "kl": 0.0, "kl_coef": 0.05, "value_loss": 0.0}
A decoder-only architecture is being used, but right-padding was detected! For correct generation results, please set `padding_side='left'` when initializing the tokenizer.
{"step": 849, "epoch": 0, "batch_hash": 1023521916, "rows": 8, "skipped": 0, "answer_accuracy": 0.625, "updates": 4, "seconds": 2.348153829574585, "time": 1790992440.2993557, "loss": -0.872234417858235, "confidence": 0.6368973527092995, "mass": 0.999999729282363, "hinge_active": 0.0, "stop_prob": 0.9999765902757645, "sampled_number_rate": 1.0, "kl": 0.0, "kl_coef": 0.05, "value_loss": 0.0}
A decoder-only architecture is being used, but right-padding was detected! For correct generation results, please set `padding_side='left'` when initializing the tokenizer.
{"step": 850, "epoch": 0, "batch_hash": 1326014408, "rows": 8, "skipped": 0, "answer_accuracy": 0.5, "updates": 4, "seconds": 2.216196060180664, "time": 1790992442.5316308, "loss": -0.9170222064013918, "confidence": 0.5996672810767478, "mass": 0.9999997118764572, "hinge_active": 0.0, "stop_prob": 0.9999798089265823, "sampled_number_rate": 1.0, "kl": 0.0, "kl_coef": 0.05, "value_loss": 0.0}
A decoder-only architecture is being used, but right-padding was detected! For correct generation results, please set `padding_side='left'` when initializing the tokenizer.
{"step": 851, "epoch": 0, "batch_hash": 3720210765, "rows": 8, "skipped": 0, "answer_accuracy": 0.5, "updates": 4, "seconds": 2.3327858448028564, "time": 1790992444.8665624, "loss": -0.9303689115071909, "confidence": 0.5262153982364908, "mass": 0.9999993986127083, "hinge_active": 0.0, "stop_prob": 0.9999784082174301, "sampled_number_rate": 1.0, "kl": 0.0, "kl_coef": 0.05, "value_loss": 0.0}
A decoder-only architecture is being used, but right-padding was detected! For correct generation results, please set `padding_side='left'` when initializing the tokenizer.
{"step": 852, "epoch": 0, "batch_hash": 3371430791, "rows": 8, "skipped": 0, "answer_accuracy": 0.625, "updates": 4, "seconds": 2.275636672973633, "time": 1790992447.1458151, "loss": -0.9375947516578368, "confidence": 0.6131553884777541, "mass": 0.999999829468069, "hinge_active": 0.0, "stop_prob": 0.9999772161245346, "sampled_number_rate": 1.0, "kl": 0.0, "kl_coef": 0.05, "value_loss": 0.0}
A decoder-only architecture is being used, but right-padding was detected! For correct generation results, please set `padding_side='left'` when initializing the tokenizer.
{"step": 853, "epoch": 0, "batch_hash": 1245661605, "rows": 8, "skipped": 0, "answer_accuracy": 0.875, "updates": 4, "seconds": 2.3157880306243896, "time": 1790992449.4638264, "loss": -0.8555315139114226, "confidence": 0.6430810536931848, "mass": 0.9999997098364102, "hinge_active": 0.0, "stop_prob": 0.9999757632613182, "sampled_number_rate": 1.0, "kl": 0.0, "kl_coef": 0.05, "value_loss": 0.0}
A decoder-only architecture is being used, but right-padding was detected! For correct generation results, please set `padding_side='left'` when initializing the tokenizer.
{"step": 854, "epoch": 0, "batch_hash": 1176573383, "rows": 8, "skipped": 0, "answer_accuracy": 0.625, "updates": 4, "seconds": 2.1410388946533203, "time": 1790992451.6073036, "loss": -0.9113325358854182, "confidence": 0.5638601919796616, "mass": 0.9999994087095081, "hinge_active": 0.0, "stop_prob": 0.9999806582927704, "sampled_number_rate": 1.0, "kl": 0.0, "kl_coef": 0.05, "value_loss": 0.0}
A decoder-only architecture is being used, but right-padding was detected! For correct generation results, please set `padding_side='left'` when initializing the tokenizer.
{"step": 855, "epoch": 0, "batch_hash": 2203848086, "rows": 7, "skipped": 1, "answer_accuracy": 0.5714285714285714, "updates": 4, "seconds": 2.755859375, "time": 1790992454.372072, "loss": -0.8762807123556664, "confidence": 0.6844238125012454, "mass": 0.9999985348769015, "hinge_active": 0.0, "stop_prob": 0.9999697208404541, "sampled_number_rate": 0.9999999999999998, "kl": 0.0, "kl_coef": 0.05, "value_loss": 0.0}
A decoder-only architecture is being used, but right-padding was detected! For correct generation results, please set `padding_side='left'` when initializing the tokenizer.
{"step": 856, "epoch": 0, "batch_hash": 2038668999, "rows": 8, "skipped": 0, "answer_accuracy": 0.375, "updates": 4, "seconds": 2.2090840339660645, "time": 1790992456.5836794, "loss": -0.8055292765525165, "confidence": 0.5657167876458878, "mass": 0.9999998588807608, "hinge_active": 0.0, "stop_prob": 0.9999808818101883, "sampled_number_rate": 1.0, "kl": 0.0, "kl_coef": 0.05, "value_loss": 0.0}
A decoder-only architecture is being used, but right-padding was detected! For correct generation results, please set `padding_side='left'` when initializing the tokenizer.
{"step": 857, "epoch": 0, "batch_hash": 2768284324, "rows": 8, "skipped": 0, "answer_accuracy": 0.625, "updates": 4, "seconds": 2.3798880577087402, "time": 1790992458.9658325, "loss": -0.9006649341975583, "confidence": 0.7138392594861698, "mass": 0.9999996821970448, "hinge_active": 0.0, "stop_prob": 0.99997628480196, "sampled_number_rate": 1.0, "kl": 0.0, "kl_coef": 0.05, "value_loss": 0.0}
A decoder-only architecture is being used, but right-padding was detected! For correct generation results, please set `padding_side='left'` when initializing the tokenizer.
{"step": 858, "epoch": 0, "batch_hash": 132050453, "rows": 8, "skipped": 0, "answer_accuracy": 0.75, "updates": 4, "seconds": 2.3456990718841553, "time": 1790992461.3140526, "loss": -0.881953179143423, "confidence": 0.6642502013970013, "mass": 0.9999998295615911, "hinge_active": 0.0, "stop_prob": 0.9999743700027466, "sampled_number_rate": 1.0, "kl": 0.0, "kl_coef": 0.05, "value_loss": 0.0}
A decoder-only architecture is being used, but right-padding was detected! For correct generation results, please set `padding_side='left'` when initializing the tokenizer.
{"step": 859, "epoch": 0, "batch_hash": 3873255529, "rows": 8, "skipped": 0, "answer_accuracy": 0.5, "updates": 4, "seconds": 2.2454142570495605, "time": 1790992463.564924, "loss": -0.8662200837479139, "confidence": 0.4790070814730153, "mass": 0.9999995967826437, "hinge_active": 0.0, "stop_prob": 0.9999807551503181, "sampled_number_rate": 1.0, "kl": 0.0, "kl_coef": 0.05, "value_loss": 0.0}
A decoder-only architecture is being used, but right-padding was detected! For correct generation results, please set `padding_side='left'` when initializing the tokenizer.
{"step": 860, "epoch": 0, "batch_hash": 816029716, "rows": 8, "skipped": 0, "answer_accuracy": 0.75, "updates": 4, "seconds": 2.36495041847229, "time": 1790992465.9320762, "loss": -0.8345852200832079, "confidence": 0.6723312134380767, "mass": 0.9999998062056563, "hinge_active": 0.0, "stop_prob": 0.9999779835343361, "sampled_number_rate": 1.0, "kl": 0.0, "kl_coef": 0.05, "value_loss": 0.0}
A decoder-only architecture is being used, but right-padding was detected! For correct generation results, please set `padding_side='left'` when initializing the tokenizer.
{"step": 861, "epoch": 0, "batch_hash": 1710183647, "rows": 8, "skipped": 0, "answer_accuracy": 0.75, "updates": 4, "seconds": 2.219538688659668, "time": 1790992468.1539738, "loss": -0.8913721835747879, "confidence": 0.7207309041446881, "mass": 0.999999696498634, "hinge_active": 0.0, "stop_prob": 0.9999786764383316, "sampled_number_rate": 1.0, "kl": 0.0, "kl_coef": 0.05, "value_loss": 0.0}
A decoder-only architecture is being used, but right-padding was detected! For correct generation results, please set `padding_side='left'` when initializing the tokenizer.
{"step": 862, "epoch": 0, "batch_hash": 690197030, "rows": 8, "skipped": 0, "answer_accuracy": 0.625, "updates": 4, "seconds": 2.7703700065612793, "time": 1790992470.9278467, "loss": -0.9231036043334531, "confidence": 0.5468649195732117, "mass": 0.9999996274079627, "hinge_active": 0.0, "stop_prob": 0.9999783486127853, "sampled_number_rate": 1.0, "kl": 0.0, "kl_coef": 0.05, "value_loss": 0.0}
A decoder-only architecture is being used, but right-padding was detected! For correct generation results, please set `padding_side='left'` when initializing the tokenizer.
{"step": 863, "epoch": 0, "batch_hash": 1596644116, "rows": 8, "skipped": 0, "answer_accuracy": 1.0, "updates": 4, "seconds": 2.432849407196045, "time": 1790992473.363131, "loss": -0.8008942811647336, "confidence": 0.6331379936276418, "mass": 0.9999992184015791, "hinge_active": 0.0, "stop_prob": 0.9999774694442749, "sampled_number_rate": 1.0, "kl": 0.0, "kl_coef": 0.05, "value_loss": 0.0}
A decoder-only architecture is being used, but right-padding was detected! For correct generation results, please set `padding_side='left'` when initializing the tokenizer.
{"step": 864, "epoch": 0, "batch_hash": 1075587258, "rows": 7, "skipped": 1, "answer_accuracy": 0.2857142857142857, "updates": 4, "seconds": 2.2573862075805664, "time": 1790992475.6233287, "loss": -0.8496626581006835, "confidence": 0.4873115838510615, "mass": 0.9999997466174833, "hinge_active": 0.0, "stop_prob": 0.9999802368027824, "sampled_number_rate": 0.9999999999999998, "kl": 0.0, "kl_coef": 0.05, "value_loss": 0.0}
checkpoint at step 864 (0.7 s)
A decoder-only architecture is being used, but right-padding was detected! For correct generation results, please set `padding_side='left'` when initializing the tokenizer.
{"step": 865, "epoch": 0, "batch_hash": 395197378, "rows": 8, "skipped": 0, "answer_accuracy": 0.5, "updates": 4, "seconds": 2.274780750274658, "time": 1790992478.6108704, "loss": -0.8845520907679179, "confidence": 0.6230570141043869, "mass": 0.9999997242093126, "hinge_active": 0.0, "stop_prob": 0.9999773949384689, "sampled_number_rate": 1.0, "kl": 0.0, "kl_coef": 0.05, "value_loss": 0.0}
A decoder-only architecture is being used, but right-padding was detected! For correct generation results, please set `padding_side='left'` when initializing the tokenizer.
{"step": 866, "epoch": 0, "batch_hash": 1011228468, "rows": 8, "skipped": 0, "answer_accuracy": 0.625, "updates": 4, "seconds": 2.3006327152252197, "time": 1790992480.9169178, "loss": -0.9051051934402778, "confidence": 0.6605448657406783, "mass": 0.9999996897538638, "hinge_active": 0.0, "stop_prob": 0.9999774619936943, "sampled_number_rate": 1.0, "kl": 0.0, "kl_coef": 0.05, "value_loss": 0.0}
A decoder-only architecture is being used, but right-padding was detected! For correct generation results, please set `padding_side='left'` when initializing the tokenizer.
{"step": 867, "epoch": 0, "batch_hash": 3598585553, "rows": 8, "skipped": 0, "answer_accuracy": 0.5, "updates": 4, "seconds": 2.2054786682128906, "time": 1790992483.124676, "loss": -0.8674508493222318, "confidence": 0.48744199010532224, "mass": 0.9999999691250436, "hinge_active": 0.0, "stop_prob": 0.9999784082174301, "sampled_number_rate": 1.0, "kl": 0.0, "kl_coef": 0.05, "value_loss": 0.0}
A decoder-only architecture is being used, but right-padding was detected! For correct generation results, please set `padding_side='left'` when initializing the tokenizer.
{"step": 868, "epoch": 0, "batch_hash": 175716017, "rows": 7, "skipped": 1, "answer_accuracy": 0.5714285714285714, "updates": 4, "seconds": 3.4118404388427734, "time": 1790992486.5395503, "loss": -0.9212789748486849, "confidence": 0.583260377930478, "mass": 0.9999997731661704, "hinge_active": 0.0, "stop_prob": 0.9999780484608242, "sampled_number_rate": 0.9999999999999998, "kl": 0.0, "kl_coef": 0.05, "value_loss": 0.0}
A decoder-only architecture is being used, but right-padding was detected! For correct generation results, please set `padding_side='left'` when initializing the tokenizer.
{"step": 869, "epoch": 0, "batch_hash": 3289748679, "rows": 8, "skipped": 0, "answer_accuracy": 0.5, "updates": 4, "seconds": 2.228323459625244, "time": 1790992488.770355, "loss": -0.8029657098958055, "confidence": 0.49077671576134096, "mass": 0.999999611246866, "hinge_active": 0.0, "stop_prob": 0.9999793022871017, "sampled_number_rate": 1.0, "kl": 0.0, "kl_coef": 0.05, "value_loss": 0.0}
A decoder-only architecture is being used, but right-padding was detected! For correct generation results, please set `padding_side='left'` when initializing the tokenizer.
{"step": 870, "epoch": 0, "batch_hash": 1790684481, "rows": 8, "skipped": 0, "answer_accuracy": 0.5, "updates": 4, "seconds": 2.2644031047821045, "time": 1790992491.0370648, "loss": -0.8967752367058619, "confidence": 0.42484475850200687, "mass": 0.9999920581296167, "hinge_active": 0.0, "stop_prob": 0.9999810755252838, "sampled_number_rate": 1.0, "kl": 0.0, "kl_coef": 0.05, "value_loss": 0.0}
A decoder-only architecture is being used, but right-padding was detected! For correct generation results, please set `padding_side='left'` when initializing the tokenizer.
{"step": 871, "epoch": 0, "batch_hash": 466185980, "rows": 8, "skipped": 0, "answer_accuracy": 0.5, "updates": 4, "seconds": 2.369842767715454, "time": 1790992493.4092531, "loss": -0.8687661511890719, "confidence": 0.6688094226860962, "mass": 0.9999997353146837, "hinge_active": 0.0, "stop_prob": 0.9999751001596451, "sampled_number_rate": 1.0, "kl": 0.0, "kl_coef": 0.05, "value_loss": 0.0}
A decoder-only architecture is being used, but right-padding was detected! For correct generation results, please set `padding_side='left'` when initializing the tokenizer.
{"step": 872, "epoch": 0, "batch_hash": 1093852751, "rows": 8, "skipped": 0, "answer_accuracy": 0.875, "updates": 4, "seconds": 2.2555010318756104, "time": 1790992495.6729662, "loss": -0.8269077009381995, "confidence": 0.5345597900412182, "mass": 0.9999997329251358, "hinge_active": 0.0, "stop_prob": 0.9999797642230988, "sampled_number_rate": 1.0, "kl": 0.0, "kl_coef": 0.05, "value_loss": 0.0}
A decoder-only architecture is being used, but right-padding was detected! For correct generation results, please set `padding_side='left'` when initializing the tokenizer.
{"step": 873, "epoch": 0, "batch_hash": 45303728, "rows": 8, "skipped": 0, "answer_accuracy": 0.625, "updates": 4, "seconds": 2.4260597229003906, "time": 1790992498.1022973, "loss": -0.8956587874460666, "confidence": 0.5072736959797336, "mass": 0.9999998608256039, "hinge_active": 0.0, "stop_prob": 0.9999760016798973, "sampled_number_rate": 1.0, "kl": 0.0, "kl_coef": 0.05, "value_loss": 0.0}
A decoder-only architecture is being used, but right-padding was detected! For correct generation results, please set `padding_side='left'` when initializing the tokenizer.
{"step": 874, "epoch": 0, "batch_hash": 3435424203, "rows": 8, "skipped": 0, "answer_accuracy": 0.75, "updates": 4, "seconds": 2.2840898036956787, "time": 1790992500.3994875, "loss": -0.9356043084837202, "confidence": 0.6367478816881585, "mass": 0.9999997116132886, "hinge_active": 0.0, "stop_prob": 0.9999771565198898, "sampled_number_rate": 1.0, "kl": 0.0, "kl_coef": 0.05, "value_loss": 0.0}
A decoder-only architecture is being used, but right-padding was detected! For correct generation results, please set `padding_side='left'` when initializing the tokenizer.
{"step": 875, "epoch": 0, "batch_hash": 2228604354, "rows": 8, "skipped": 0, "answer_accuracy": 1.0, "updates": 4, "seconds": 2.277556896209717, "time": 1790992502.694915, "loss": -0.8872717346435326, "confidence": 0.7374773699538079, "mass": 0.9999997771980724, "hinge_active": 0.0, "stop_prob": 0.9999722465872765, "sampled_number_rate": 1.0, "kl": 0.0, "kl_coef": 0.05, "value_loss": 0.0}
A decoder-only architecture is being used, but right-padding was detected! For correct generation results, please set `padding_side='left'` when initializing the tokenizer.
{"step": 876, "epoch": 0, "batch_hash": 758912714, "rows": 8, "skipped": 0, "answer_accuracy": 0.5, "updates": 4, "seconds": 2.4461541175842285, "time": 1790992505.143637, "loss": -0.8855699599417218, "confidence": 0.5030304773126857, "mass": 0.99999953093926, "hinge_active": 0.0, "stop_prob": 0.9999759346246719, "sampled_number_rate": 1.0, "kl": 0.0, "kl_coef": 0.05, "value_loss": 0.0}
A decoder-only architecture is being used, but right-padding was detected! For correct generation results, please set `padding_side='left'` when initializing the tokenizer.
{"step": 877, "epoch": 0, "batch_hash": 2354614794, "rows": 8, "skipped": 0, "answer_accuracy": 0.625, "updates": 4, "seconds": 2.2507903575897217, "time": 1790992507.3969696, "loss": -0.8906344597905298, "confidence": 0.5880927114342259, "mass": 0.9999996401367497, "hinge_active": 0.0, "stop_prob": 0.9999760538339615, "sampled_number_rate": 1.0, "kl": 0.0, "kl_coef": 0.05, "value_loss": 0.0}
A decoder-only architecture is being used, but right-padding was detected! For correct generation results, please set `padding_side='left'` when initializing the tokenizer.
{"step": 878, "epoch": 0, "batch_hash": 441773051, "rows": 7, "skipped": 1, "answer_accuracy": 0.7142857142857143, "updates": 4, "seconds": 2.0128045082092285, "time": 1790992509.4121504, "loss": -0.8898849455824993, "confidence": 0.6169412156084352, "mass": 0.9999999063964521, "hinge_active": 0.0, "stop_prob": 0.9999781932149615, "sampled_number_rate": 0.9999999999999998, "kl": 0.0, "kl_coef": 0.05, "value_loss": 0.0}
A decoder-only architecture is being used, but right-padding was detected! For correct generation results, please set `padding_side='left'` when initializing the tokenizer.
{"step": 879, "epoch": 0, "batch_hash": 747695529, "rows": 8, "skipped": 0, "answer_accuracy": 0.625, "updates": 4, "seconds": 2.3946421146392822, "time": 1790992511.8108504, "loss": -0.9418302623793889, "confidence": 0.6248497101422116, "mass": 0.9999989152752344, "hinge_active": 0.0, "stop_prob": 0.9999741241335869, "sampled_number_rate": 1.0, "kl": 0.0, "kl_coef": 0.05, "value_loss": 0.0}
A decoder-only architecture is being used, but right-padding was detected! For correct generation results, please set `padding_side='left'` when initializing the tokenizer.
{"step": 880, "epoch": 0, "batch_hash": 1538165471, "rows": 8, "skipped": 0, "answer_accuracy": 0.375, "updates": 4, "seconds": 2.314324378967285, "time": 1790992514.1294477, "loss": -0.8768687380555951, "confidence": 0.4761596131188407, "mass": 0.9999998132504709, "hinge_active": 0.0, "stop_prob": 0.9999788701534271, "sampled_number_rate": 1.0, "kl": 0.0, "kl_coef": 0.05, "value_loss": 0.0}
A decoder-only architecture is being used, but right-padding was detected! For correct generation results, please set `padding_side='left'` when initializing the tokenizer.
{"step": 881, "epoch": 0, "batch_hash": 661961850, "rows": 8, "skipped": 0, "answer_accuracy": 0.125, "updates": 4, "seconds": 2.347762107849121, "time": 1790992516.4811318, "loss": -0.8483033128930398, "confidence": 0.42307540812807914, "mass": 0.9999997009811081, "hinge_active": 0.0, "stop_prob": 0.9999809190630913, "sampled_number_rate": 1.0, "kl": 0.0, "kl_coef": 0.05, "value_loss": 0.0}
A decoder-only architecture is being used, but right-padding was detected! For correct generation results, please set `padding_side='left'` when initializing the tokenizer.
{"step": 882, "epoch": 0, "batch_hash": 2387489504, "rows": 7, "skipped": 1, "answer_accuracy": 0.7142857142857143, "updates": 4, "seconds": 2.418036460876465, "time": 1790992518.9015005, "loss": -0.8224041168662317, "confidence": 0.4407705415274579, "mass": 0.9999990572403673, "hinge_active": 0.0, "stop_prob": 0.9999761155673436, "sampled_number_rate": 0.9999999999999998, "kl": 0.0, "kl_coef": 0.05, "value_loss": 0.0}
A decoder-only architecture is being used, but right-padding was detected! For correct generation results, please set `padding_side='left'` when initializing the tokenizer.
{"step": 883, "epoch": 0, "batch_hash": 464612735, "rows": 8, "skipped": 0, "answer_accuracy": 0.875, "updates": 4, "seconds": 2.273261308670044, "time": 1790992521.1892397, "loss": -0.8790122945989858, "confidence": 0.6279774255302476, "mass": 0.9999997099306712, "hinge_active": 0.0, "stop_prob": 0.9999778270721436, "sampled_number_rate": 1.0, "kl": 0.0, "kl_coef": 0.05, "value_loss": 0.0}
A decoder-only architecture is being used, but right-padding was detected! For correct generation results, please set `padding_side='left'` when initializing the tokenizer.
{"step": 884, "epoch": 0, "batch_hash": 3359333865, "rows": 8, "skipped": 0, "answer_accuracy": 0.5, "updates": 4, "seconds": 2.8239433765411377, "time": 1790992524.0159225, "loss": -0.9260994181276119, "confidence": 0.5871166809412648, "mass": 0.9999957014062197, "hinge_active": 0.0, "stop_prob": 0.9999696910381317, "sampled_number_rate": 1.0, "kl": 0.0, "kl_coef": 0.05, "value_loss": 0.0}
A decoder-only architecture is being used, but right-padding was detected! For correct generation results, please set `padding_side='left'` when initializing the tokenizer.
{"step": 885, "epoch": 0, "batch_hash": 616063072, "rows": 8, "skipped": 0, "answer_accuracy": 0.625, "updates": 4, "seconds": 2.220198154449463, "time": 1790992526.2392368, "loss": -0.86334976338716, "confidence": 0.6260189412931282, "mass": 0.9999999353241761, "hinge_active": 0.0, "stop_prob": 0.9999786838889122, "sampled_number_rate": 1.0, "kl": 0.0, "kl_coef": 0.05, "value_loss": 0.0}
A decoder-only architecture is being used, but right-padding was detected! For correct generation results, please set `padding_side='left'` when initializing the tokenizer.
{"step": 886, "epoch": 0, "batch_hash": 726082581, "rows": 8, "skipped": 0, "answer_accuracy": 0.875, "updates": 4, "seconds": 2.5366945266723633, "time": 1790992528.778664, "loss": -0.8112588694601648, "confidence": 0.6489020053708459, "mass": 0.9999998115668659, "hinge_active": 0.0, "stop_prob": 0.999976709485054, "sampled_number_rate": 1.0, "kl": 0.0, "kl_coef": 0.05, "value_loss": 0.0}
A decoder-only architecture is being used, but right-padding was detected! For correct generation results, please set `padding_side='left'` when initializing the tokenizer.
{"step": 887, "epoch": 0, "batch_hash": 2501344968, "rows": 8, "skipped": 0, "answer_accuracy": 0.625, "updates": 4, "seconds": 2.4016873836517334, "time": 1790992531.182553, "loss": -0.7250022878468981, "confidence": 0.7442554399135299, "mass": 0.9999995492037564, "hinge_active": 0.0, "stop_prob": 0.9999741315841675, "sampled_number_rate": 1.0, "kl": 0.0, "kl_coef": 0.05, "value_loss": 0.0}
A decoder-only architecture is being used, but right-padding was detected! For correct generation results, please set `padding_side='left'` when initializing the tokenizer.
{"step": 888, "epoch": 0, "batch_hash": 3680371006, "rows": 8, "skipped": 0, "answer_accuracy": 0.5, "updates": 4, "seconds": 2.3463547229766846, "time": 1790992533.533216, "loss": -0.8224103921376276, "confidence": 0.5405813381427245, "mass": 0.9999995888006348, "hinge_active": 0.0, "stop_prob": 0.9999787732958794, "sampled_number_rate": 1.0, "kl": 0.0, "kl_coef": 0.05, "value_loss": 0.0}
A decoder-only architecture is being used, but right-padding was detected! For correct generation results, please set `padding_side='left'` when initializing the tokenizer.
{"step": 889, "epoch": 0, "batch_hash": 3475734490, "rows": 8, "skipped": 0, "answer_accuracy": 0.5, "updates": 4, "seconds": 2.639347553253174, "time": 1790992536.1756027, "loss": -0.8292254342439976, "confidence": 0.7584493272630712, "mass": 0.9999990822348912, "hinge_active": 0.0, "stop_prob": 0.9999731332063675, "sampled_number_rate": 1.0, "kl": 0.0, "kl_coef": 0.05, "value_loss": 0.0}
A decoder-only architecture is being used, but right-padding was detected! For correct generation results, please set `padding_side='left'` when initializing the tokenizer.
{"step": 890, "epoch": 0, "batch_hash": 463193938, "rows": 8, "skipped": 0, "answer_accuracy": 0.875, "updates": 4, "seconds": 2.2310948371887207, "time": 1790992538.4259443, "loss": -0.9081381403968032, "confidence": 0.7914881867552022, "mass": 0.9999996917979551, "hinge_active": 0.0, "stop_prob": 0.9999746605753899, "sampled_number_rate": 1.0, "kl": 0.0, "kl_coef": 0.05, "value_loss": 0.0}
A decoder-only architecture is being used, but right-padding was detected! For correct generation results, please set `padding_side='left'` when initializing the tokenizer.
{"step": 891, "epoch": 0, "batch_hash": 2103630880, "rows": 8, "skipped": 0, "answer_accuracy": 0.5, "updates": 4, "seconds": 2.5728602409362793, "time": 1790992541.0011365, "loss": -0.8500249857022146, "confidence": 0.6881906926995686, "mass": 0.9999997052191035, "hinge_active": 0.0, "stop_prob": 0.9999761804938316, "sampled_number_rate": 1.0, "kl": 0.0, "kl_coef": 0.05, "value_loss": 0.0}
A decoder-only architecture is being used, but right-padding was detected! For correct generation results, please set `padding_side='left'` when initializing the tokenizer.
{"step": 892, "epoch": 0, "batch_hash": 1593829360, "rows": 8, "skipped": 0, "answer_accuracy": 0.5, "updates": 4, "seconds": 2.488628387451172, "time": 1790992543.5070078, "loss": -0.8223447383234926, "confidence": 0.6920620680226547, "mass": 0.9999996140650925, "hinge_active": 0.0, "stop_prob": 0.9999756366014481, "sampled_number_rate": 1.0, "kl": 0.0, "kl_coef": 0.05, "value_loss": 0.0}
A decoder-only architecture is being used, but right-padding was detected! For correct generation results, please set `padding_side='left'` when initializing the tokenizer.
{"step": 893, "epoch": 0, "batch_hash": 1673781195, "rows": 7, "skipped": 1, "answer_accuracy": 0.7142857142857143, "updates": 4, "seconds": 13.426017999649048, "time": 1790992556.9414866, "loss": -0.8283277140924638, "confidence": 0.8132837657797373, "mass": 0.9999997012674233, "hinge_active": 0.0, "stop_prob": 0.9999730331557137, "sampled_number_rate": 0.9999999999999998, "kl": 0.0, "kl_coef": 0.05, "value_loss": 0.0}
A decoder-only architecture is being used, but right-padding was detected! For correct generation results, please set `padding_side='left'` when initializing the tokenizer.
{"step": 894, "epoch": 0, "batch_hash": 306408505, "rows": 8, "skipped": 0, "answer_accuracy": 0.625, "updates": 4, "seconds": 2.393502712249756, "time": 1790992559.4659107, "loss": -0.8207009434873556, "confidence": 0.5238156573480884, "mass": 0.9999997498968523, "hinge_active": 0.0, "stop_prob": 0.9999793693423271, "sampled_number_rate": 1.0, "kl": 0.0, "kl_coef": 0.05, "value_loss": 0.0}
A decoder-only architecture is being used, but right-padding was detected! For correct generation results, please set `padding_side='left'` when initializing the tokenizer.
{"step": 895, "epoch": 0, "batch_hash": 1951385507, "rows": 8, "skipped": 0, "answer_accuracy": 0.75, "updates": 4, "seconds": 2.615102529525757, "time": 1790992562.084226, "loss": -0.8692007040741884, "confidence": 0.7524884721448414, "mass": 0.9999994853998513, "hinge_active": 0.0, "stop_prob": 0.9999713450670242, "sampled_number_rate": 1.0, "kl": 0.0, "kl_coef": 0.05, "value_loss": 0.0}
A decoder-only architecture is being used, but right-padding was detected! For correct generation results, please set `padding_side='left'` when initializing the tokenizer.
{"step": 896, "epoch": 0, "batch_hash": 4090612735, "rows": 8, "skipped": 0, "answer_accuracy": 0.5, "updates": 4, "seconds": 2.4645724296569824, "time": 1790992564.5515044, "loss": -0.8102669985322677, "confidence": 0.7150855014617409, "mass": 0.9999998792641229, "hinge_active": 0.0, "stop_prob": 0.9999746680259705, "sampled_number_rate": 1.0, "kl": 0.0, "kl_coef": 0.05, "value_loss": 0.0}
checkpoint at step 896 (0.7 s)
A decoder-only architecture is being used, but right-padding was detected! For correct generation results, please set `padding_side='left'` when initializing the tokenizer.
{"step": 897, "epoch": 0, "batch_hash": 2497850484, "rows": 8, "skipped": 0, "answer_accuracy": 0.625, "updates": 4, "seconds": 2.2283787727355957, "time": 1790992567.5145671, "loss": -0.8811974048970163, "confidence": 0.6949920634987043, "mass": 0.9999995912352763, "hinge_active": 0.0, "stop_prob": 0.9999194368720055, "sampled_number_rate": 1.0, "kl": 0.0, "kl_coef": 0.05, "value_loss": 0.0}
A decoder-only architecture is being used, but right-padding was detected! For correct generation results, please set `padding_side='left'` when initializing the tokenizer.
{"step": 898, "epoch": 0, "batch_hash": 2404951371, "rows": 8, "skipped": 0, "answer_accuracy": 0.75, "updates": 4, "seconds": 2.2525696754455566, "time": 1790992569.7702827, "loss": -0.9153730303441905, "confidence": 0.7028085987458969, "mass": 0.9999995706095669, "hinge_active": 0.0, "stop_prob": 0.9999771416187286, "sampled_number_rate": 1.0, "kl": 0.0, "kl_coef": 0.05, "value_loss": 0.0}
A decoder-only architecture is being used, but right-padding was detected! For correct generation results, please set `padding_side='left'` when initializing the tokenizer.
{"step": 899, "epoch": 0, "batch_hash": 655563958, "rows": 8, "skipped": 0, "answer_accuracy": 0.5, "updates": 4, "seconds": 2.359679698944092, "time": 1790992572.1324522, "loss": -0.829096471301906, "confidence": 0.7326624549931058, "mass": 0.9999997782810905, "hinge_active": 0.0, "stop_prob": 0.999972015619278, "sampled_number_rate": 1.0, "kl": 0.0, "kl_coef": 0.05, "value_loss": 0.0}
A decoder-only architecture is being used, but right-padding was detected! For correct generation results, please set `padding_side='left'` when initializing the tokenizer.
{"step": 900, "epoch": 0, "batch_hash": 1407511300, "rows": 8, "skipped": 0, "answer_accuracy": 0.625, "updates": 4, "seconds": 2.975759267807007, "time": 1790992575.11093, "loss": -0.8554948821585613, "confidence": 0.7152110464179647, "mass": 0.9999998898028633, "hinge_active": 0.0, "stop_prob": 0.9999753683805466, "sampled_number_rate": 1.0, "kl": 0.0, "kl_coef": 0.05, "value_loss": 0.0}
A decoder-only architecture is being used, but right-padding was detected! For correct generation results, please set `padding_side='left'` when initializing the tokenizer.
{"step": 901, "epoch": 0, "batch_hash": 1798479882, "rows": 8, "skipped": 0, "answer_accuracy": 0.625, "updates": 4, "seconds": 2.4460973739624023, "time": 1790992577.5638144, "loss": -0.9406723713619234, "confidence": 0.6713183804254104, "mass": 0.9999995373668611, "hinge_active": 0.0, "stop_prob": 0.9999772980809212, "sampled_number_rate": 1.0, "kl": 0.0, "kl_coef": 0.05, "value_loss": 0.0}
A decoder-only architecture is being used, but right-padding was detected! For correct generation results, please set `padding_side='left'` when initializing the tokenizer.
{"step": 902, "epoch": 0, "batch_hash": 3383205530, "rows": 8, "skipped": 0, "answer_accuracy": 0.625, "updates": 4, "seconds": 2.963461399078369, "time": 1790992580.5309227, "loss": -0.8960315220546471, "confidence": 0.6147607545784719, "mass": 0.9999995865759144, "hinge_active": 0.0, "stop_prob": 0.9999775812029839, "sampled_number_rate": 1.0, "kl": 0.0, "kl_coef": 0.05, "value_loss": 0.0}
A decoder-only architecture is being used, but right-padding was detected! For correct generation results, please set `padding_side='left'` when initializing the tokenizer.
{"step": 903, "epoch": 0, "batch_hash": 2025841575, "rows": 8, "skipped": 0, "answer_accuracy": 0.625, "updates": 4, "seconds": 2.455353021621704, "time": 1790992582.9887395, "loss": -0.8598526747565532, "confidence": 0.6246395868085032, "mass": 0.9999998292606589, "hinge_active": 0.0, "stop_prob": 0.9999774172902107, "sampled_number_rate": 1.0, "kl": 0.0, "kl_coef": 0.05, "value_loss": 0.0}
A decoder-only architecture is being used, but right-padding was detected! For correct generation results, please set `padding_side='left'` when initializing the tokenizer.
{"step": 904, "epoch": 0, "batch_hash": 4182738523, "rows": 7, "skipped": 1, "answer_accuracy": 1.0, "updates": 4, "seconds": 2.3201887607574463, "time": 1790992585.310921, "loss": -0.9582204122450346, "confidence": 0.8688213688324805, "mass": 0.9999994723984712, "hinge_active": 0.0, "stop_prob": 0.9999713557107108, "sampled_number_rate": 0.9999999999999998, "kl": 0.0, "kl_coef": 0.05, "value_loss": 0.0}
A decoder-only architecture is being used, but right-padding was detected! For correct generation results, please set `padding_side='left'` when initializing the tokenizer.
{"step": 905, "epoch": 0, "batch_hash": 2514146824, "rows": 8, "skipped": 0, "answer_accuracy": 0.625, "updates": 4, "seconds": 2.3149936199188232, "time": 1790992587.6296313, "loss": -0.911108541703438, "confidence": 0.6624717756676436, "mass": 0.9999996185893996, "hinge_active": 0.0, "stop_prob": 0.9999771937727928, "sampled_number_rate": 1.0, "kl": 0.0, "kl_coef": 0.05, "value_loss": 0.0}
A decoder-only architecture is being used, but right-padding was detected! For correct generation results, please set `padding_side='left'` when initializing the tokenizer.
{"step": 906, "epoch": 0, "batch_hash": 1471118826, "rows": 8, "skipped": 0, "answer_accuracy": 0.75, "updates": 4, "seconds": 2.2695608139038086, "time": 1790992589.9033022, "loss": -0.9471027250825168, "confidence": 0.7569362407175174, "mass": 0.9999997099895535, "hinge_active": 0.0, "stop_prob": 0.9999759420752525, "sampled_number_rate": 1.0, "kl": 0.0, "kl_coef": 0.05, "value_loss": 0.0}
A decoder-only architecture is being used, but right-padding was detected! For correct generation results, please set `padding_side='left'` when initializing the tokenizer.
{"step": 907, "epoch": 0, "batch_hash": 808218178, "rows": 8, "skipped": 0, "answer_accuracy": 0.625, "updates": 4, "seconds": 2.3033735752105713, "time": 1790992592.2182658, "loss": -0.929215795204209, "confidence": 0.6576332660726244, "mass": 0.9999997020691118, "hinge_active": 0.0, "stop_prob": 0.9999760687351227, "sampled_number_rate": 1.0, "kl": 0.0, "kl_coef": 0.05, "value_loss": 0.0}
A decoder-only architecture is being used, but right-padding was detected! For correct generation results, please set `padding_side='left'` when initializing the tokenizer.
{"step": 908, "epoch": 0, "batch_hash": 4174067337, "rows": 8, "skipped": 0, "answer_accuracy": 0.75, "updates": 4, "seconds": 2.91998028755188, "time": 1790992595.1408389, "loss": -0.8859240465887541, "confidence": 0.787499595328539, "mass": 0.9999995471470433, "hinge_active": 0.0, "stop_prob": 0.9999705776572227, "sampled_number_rate": 1.0, "kl": 0.0, "kl_coef": 0.05, "value_loss": 0.0}
A decoder-only architecture is being used, but right-padding was detected! For correct generation results, please set `padding_side='left'` when initializing the tokenizer.
{"step": 909, "epoch": 0, "batch_hash": 3136283509, "rows": 8, "skipped": 0, "answer_accuracy": 0.75, "updates": 4, "seconds": 2.173006296157837, "time": 1790992597.3167856, "loss": -0.8232200800574865, "confidence": 0.597727016276723, "mass": 0.9999997192676675, "hinge_active": 0.0, "stop_prob": 0.999980665743351, "sampled_number_rate": 1.0, "kl": 0.0, "kl_coef": 0.05, "value_loss": 0.0}
A decoder-only architecture is being used, but right-padding was detected! For correct generation results, please set `padding_side='left'` when initializing the tokenizer.
{"step": 910, "epoch": 0, "batch_hash": 1971563987, "rows": 8, "skipped": 0, "answer_accuracy": 0.375, "updates": 4, "seconds": 2.755011558532715, "time": 1790992600.0739079, "loss": -0.8590055004032946, "confidence": 0.5830283876159524, "mass": 0.9999996902766073, "hinge_active": 0.0, "stop_prob": 0.9999774396419525, "sampled_number_rate": 1.0, "kl": 0.0, "kl_coef": 0.05, "value_loss": 0.0}
A decoder-only architecture is being used, but right-padding was detected! For correct generation results, please set `padding_side='left'` when initializing the tokenizer.
{"step": 911, "epoch": 0, "batch_hash": 1313628914, "rows": 8, "skipped": 0, "answer_accuracy": 0.75, "updates": 4, "seconds": 2.3163771629333496, "time": 1790992602.3923993, "loss": -0.885776958650023, "confidence": 0.5799461381469269, "mass": 0.9999998218241402, "hinge_active": 0.0, "stop_prob": 0.9999778941273689, "sampled_number_rate": 1.0, "kl": 0.0, "kl_coef": 0.05, "value_loss": 0.0}
A decoder-only architecture is being used, but right-padding was detected! For correct generation results, please set `padding_side='left'` when initializing the tokenizer.
{"step": 912, "epoch": 0, "batch_hash": 42197583, "rows": 8, "skipped": 0, "answer_accuracy": 0.875, "updates": 4, "seconds": 2.278118848800659, "time": 1790992604.6727338, "loss": -0.9390178459936249, "confidence": 0.7968023567152482, "mass": 0.9999997088935307, "hinge_active": 0.0, "stop_prob": 0.9999741390347481, "sampled_number_rate": 1.0, "kl": 0.0, "kl_coef": 0.05, "value_loss": 0.0}
A decoder-only architecture is being used, but right-padding was detected! For correct generation results, please set `padding_side='left'` when initializing the tokenizer.
{"step": 913, "epoch": 0, "batch_hash": 1765223996, "rows": 8, "skipped": 0, "answer_accuracy": 0.5, "updates": 4, "seconds": 2.325544834136963, "time": 1790992607.000898, "loss": -0.8981166240249786, "confidence": 0.4584435276153383, "mass": 0.9999992825145405, "hinge_active": 0.0, "stop_prob": 0.9999751299619675, "sampled_number_rate": 1.0, "kl": 0.0, "kl_coef": 0.05, "value_loss": 0.0}
A decoder-only architecture is being used, but right-padding was detected! For correct generation results, please set `padding_side='left'` when initializing the tokenizer.
{"step": 914, "epoch": 0, "batch_hash": 200470608, "rows": 8, "skipped": 0, "answer_accuracy": 1.0, "updates": 4, "seconds": 2.303393602371216, "time": 1790992609.320653, "loss": -0.9191795289146995, "confidence": 0.778436460029113, "mass": 0.9999997092556782, "hinge_active": 0.0, "stop_prob": 0.9999732300639153, "sampled_number_rate": 1.0, "kl": 0.0, "kl_coef": 0.05, "value_loss": 0.0}
A decoder-only architecture is being used, but right-padding was detected! For correct generation results, please set `padding_side='left'` when initializing the tokenizer.
{"step": 915, "epoch": 0, "batch_hash": 3752664265, "rows": 8, "skipped": 0, "answer_accuracy": 0.625, "updates": 4, "seconds": 3.642225980758667, "time": 1790992612.9651468, "loss": -0.8236581714816135, "confidence": 0.6374866011187438, "mass": 0.9999997653985163, "hinge_active": 0.0, "stop_prob": 0.999977707862854, "sampled_number_rate": 1.0, "kl": 0.0, "kl_coef": 0.05, "value_loss": 0.0}
A decoder-only architecture is being used, but right-padding was detected! For correct generation results, please set `padding_side='left'` when initializing the tokenizer.
{"step": 916, "epoch": 0, "batch_hash": 2527114698, "rows": 7, "skipped": 1, "answer_accuracy": 0.2857142857142857, "updates": 4, "seconds": 2.4989049434661865, "time": 1790992615.466548, "loss": -0.8787115219511274, "confidence": 0.509032379374906, "mass": 0.9999845317727084, "hinge_active": 0.0, "stop_prob": 0.9999622447150094, "sampled_number_rate": 0.9999999999999998, "kl": 0.0, "kl_coef": 0.05, "value_loss": 0.0}
A decoder-only architecture is being used, but right-padding was detected! For correct generation results, please set `padding_side='left'` when initializing the tokenizer.
{"step": 917, "epoch": 0, "batch_hash": 3134015791, "rows": 8, "skipped": 0, "answer_accuracy": 0.375, "updates": 4, "seconds": 2.2646119594573975, "time": 1790992617.73406, "loss": -0.9151695894038857, "confidence": 0.5134062683606394, "mass": 0.9999996655514828, "hinge_active": 0.0, "stop_prob": 0.9999779984354973, "sampled_number_rate": 1.0, "kl": 0.0, "kl_coef": 0.05, "value_loss": 0.0}
A decoder-only architecture is being used, but right-padding was detected! For correct generation results, please set `padding_side='left'` when initializing the tokenizer.
{"step": 918, "epoch": 0, "batch_hash": 2288973330, "rows": 8, "skipped": 0, "answer_accuracy": 0.75, "updates": 4, "seconds": 2.279693603515625, "time": 1790992620.019864, "loss": -0.9071936160552666, "confidence": 0.6943779920887538, "mass": 0.9999994603581807, "hinge_active": 0.0, "stop_prob": 0.9999737367033958, "sampled_number_rate": 1.0, "kl": 0.0, "kl_coef": 0.05, "value_loss": 0.0}
A decoder-only architecture is being used, but right-padding was detected! For correct generation results, please set `padding_side='left'` when initializing the tokenizer.
{"step": 919, "epoch": 0, "batch_hash": 2184741655, "rows": 8, "skipped": 0, "answer_accuracy": 0.875, "updates": 4, "seconds": 2.2599730491638184, "time": 1790992622.288503, "loss": -0.8921677596939221, "confidence": 0.7219685169768607, "mass": 0.999999886198327, "hinge_active": 0.0, "stop_prob": 0.9999724552035332, "sampled_number_rate": 1.0, "kl": 0.0, "kl_coef": 0.05, "value_loss": 0.0}
A decoder-only architecture is being used, but right-padding was detected! For correct generation results, please set `padding_side='left'` when initializing the tokenizer.
{"step": 920, "epoch": 0, "batch_hash": 1616745165, "rows": 8, "skipped": 0, "answer_accuracy": 0.75, "updates": 4, "seconds": 2.1731715202331543, "time": 1790992624.463949, "loss": -0.8859129108876481, "confidence": 0.8125161351367032, "mass": 0.9999997625818787, "hinge_active": 0.0, "stop_prob": 0.9999728575348854, "sampled_number_rate": 1.0, "kl": 0.0, "kl_coef": 0.05, "value_loss": 0.0}
A decoder-only architecture is being used, but right-padding was detected! For correct generation results, please set `padding_side='left'` when initializing the tokenizer.
{"step": 921, "epoch": 0, "batch_hash": 2411571759, "rows": 8, "skipped": 0, "answer_accuracy": 0.375, "updates": 4, "seconds": 2.302053928375244, "time": 1790992626.768372, "loss": -0.8458061856135937, "confidence": 0.5971772050772692, "mass": 0.9999995208150947, "hinge_active": 0.0, "stop_prob": 0.9999747350811958, "sampled_number_rate": 1.0, "kl": 0.0, "kl_coef": 0.05, "value_loss": 0.0}
A decoder-only architecture is being used, but right-padding was detected! For correct generation results, please set `padding_side='left'` when initializing the tokenizer.
{"step": 922, "epoch": 0, "batch_hash": 1009300765, "rows": 8, "skipped": 0, "answer_accuracy": 0.625, "updates": 4, "seconds": 2.2638256549835205, "time": 1790992629.0350275, "loss": -0.854716834022856, "confidence": 0.7706035424003228, "mass": 0.9999996943148901, "hinge_active": 0.0, "stop_prob": 0.9999753311276436, "sampled_number_rate": 1.0, "kl": 0.0, "kl_coef": 0.05, "value_loss": 0.0}
A decoder-only architecture is being used, but right-padding was detected! For correct generation results, please set `padding_side='left'` when initializing the tokenizer.
{"step": 923, "epoch": 0, "batch_hash": 3978906900, "rows": 8, "skipped": 0, "answer_accuracy": 0.5, "updates": 4, "seconds": 2.7918474674224854, "time": 1790992631.8293374, "loss": -0.7917964726711613, "confidence": 0.7499465407064866, "mass": 0.9999996932890814, "hinge_active": 0.0, "stop_prob": 0.9999695792794228, "sampled_number_rate": 1.0, "kl": 0.0, "kl_coef": 0.05, "value_loss": 0.0}
A decoder-only architecture is being used, but right-padding was detected! For correct generation results, please set `padding_side='left'` when initializing the tokenizer.
{"step": 924, "epoch": 0, "batch_hash": 3155950426, "rows": 8, "skipped": 0, "answer_accuracy": 0.375, "updates": 4, "seconds": 2.4305238723754883, "time": 1790992634.263274, "loss": -0.8624690777881046, "confidence": 0.5091181394321265, "mass": 0.9999998163585052, "hinge_active": 0.0, "stop_prob": 0.9999783858656883, "sampled_number_rate": 1.0, "kl": 0.0, "kl_coef": 0.05, "value_loss": 0.0}
A decoder-only architecture is being used, but right-padding was detected! For correct generation results, please set `padding_side='left'` when initializing the tokenizer.
{"step": 925, "epoch": 0, "batch_hash": 2922374635, "rows": 8, "skipped": 0, "answer_accuracy": 0.625, "updates": 4, "seconds": 2.2350831031799316, "time": 1790992636.5010498, "loss": -0.7689227921347483, "confidence": 0.7637400831209603, "mass": 0.9999997649307779, "hinge_active": 0.0, "stop_prob": 0.9999745041131973, "sampled_number_rate": 1.0, "kl": 0.0, "kl_coef": 0.05, "value_loss": 0.0}
A decoder-only architecture is being used, but right-padding was detected! For correct generation results, please set `padding_side='left'` when initializing the tokenizer.
{"step": 926, "epoch": 0, "batch_hash": 936170236, "rows": 8, "skipped": 0, "answer_accuracy": 0.75, "updates": 4, "seconds": 2.3051228523254395, "time": 1790992638.8192806, "loss": -0.8019878918248958, "confidence": 0.6759451954962711, "mass": 0.9999997164607353, "hinge_active": 0.0, "stop_prob": 0.999973364174366, "sampled_number_rate": 1.0, "kl": 0.0, "kl_coef": 0.05, "value_loss": 0.0}
A decoder-only architecture is being used, but right-padding was detected! For correct generation results, please set `padding_side='left'` when initializing the tokenizer.
{"step": 927, "epoch": 0, "batch_hash": 3468430178, "rows": 8, "skipped": 0, "answer_accuracy": 0.75, "updates": 4, "seconds": 2.273918628692627, "time": 1790992641.0958426, "loss": -0.7812323755502837, "confidence": 0.637147211291349, "mass": 0.9999993945659087, "hinge_active": 0.0, "stop_prob": 0.999973937869072, "sampled_number_rate": 1.0, "kl": 0.0, "kl_coef": 0.05, "value_loss": 0.0}
A decoder-only architecture is being used, but right-padding was detected! For correct generation results, please set `padding_side='left'` when initializing the tokenizer.
{"step": 928, "epoch": 0, "batch_hash": 3384651221, "rows": 8, "skipped": 0, "answer_accuracy": 1.0, "updates": 4, "seconds": 2.3140766620635986, "time": 1790992643.4125957, "loss": -0.9607297767525771, "confidence": 0.8751126835566932, "mass": 0.9999997407285851, "hinge_active": 0.0, "stop_prob": 0.9999678656458855, "sampled_number_rate": 1.0, "kl": 0.0, "kl_coef": 0.05, "value_loss": 0.0}
checkpoint at step 928 (0.7 s)
A decoder-only architecture is being used, but right-padding was detected! For correct generation results, please set `padding_side='left'` when initializing the tokenizer.
{"step": 929, "epoch": 0, "batch_hash": 1943137462, "rows": 8, "skipped": 0, "answer_accuracy": 0.75, "updates": 4, "seconds": 3.488661527633667, "time": 1790992647.6299005, "loss": -0.847708530026706, "confidence": 0.6962034118198183, "mass": 0.9999997858345502, "hinge_active": 0.0, "stop_prob": 0.9999748095870018, "sampled_number_rate": 1.0, "kl": 0.0, "kl_coef": 0.05, "value_loss": 0.0}
A decoder-only architecture is being used, but right-padding was detected! For correct generation results, please set `padding_side='left'` when initializing the tokenizer.
{"step": 930, "epoch": 0, "batch_hash": 2025082586, "rows": 8, "skipped": 0, "answer_accuracy": 0.5, "updates": 4, "seconds": 3.0069074630737305, "time": 1790992650.6388764, "loss": -0.7973947712889832, "confidence": 0.6020743504997632, "mass": 0.9999992807850951, "hinge_active": 0.0, "stop_prob": 0.999975211918354, "sampled_number_rate": 1.0, "kl": 0.0, "kl_coef": 0.05, "value_loss": 0.0}
A decoder-only architecture is being used, but right-padding was detected! For correct generation results, please set `padding_side='left'` when initializing the tokenizer.
{"step": 931, "epoch": 0, "batch_hash": 1295822448, "rows": 8, "skipped": 0, "answer_accuracy": 0.625, "updates": 4, "seconds": 2.220004081726074, "time": 1790992652.8641887, "loss": -0.8082329292563842, "confidence": 0.5896311005758752, "mass": 0.9999996749744289, "hinge_active": 0.0, "stop_prob": 0.9999735280871391, "sampled_number_rate": 1.0, "kl": 0.0, "kl_coef": 0.05, "value_loss": 0.0}
A decoder-only architecture is being used, but right-padding was detected! For correct generation results, please set `padding_side='left'` when initializing the tokenizer.
{"step": 932, "epoch": 0, "batch_hash": 2865194514, "rows": 8, "skipped": 0, "answer_accuracy": 0.875, "updates": 4, "seconds": 2.175847291946411, "time": 1790992655.042278, "loss": -0.8545258752502506, "confidence": 0.6918727098094832, "mass": 0.9999995929362567, "hinge_active": 0.0, "stop_prob": 0.9999768957495689, "sampled_number_rate": 1.0, "kl": 0.0, "kl_coef": 0.05, "value_loss": 0.0}
A decoder-only architecture is being used, but right-padding was detected! For correct generation results, please set `padding_side='left'` when initializing the tokenizer.
{"step": 933, "epoch": 0, "batch_hash": 1084689937, "rows": 8, "skipped": 0, "answer_accuracy": 0.5, "updates": 4, "seconds": 2.282491445541382, "time": 1790992657.3269374, "loss": -0.8196795722518094, "confidence": 0.6517637899207042, "mass": 0.9999997531161195, "hinge_active": 0.0, "stop_prob": 0.9999745860695839, "sampled_number_rate": 1.0, "kl": 0.0, "kl_coef": 0.05, "value_loss": 0.0}
A decoder-only architecture is being used, but right-padding was detected! For correct generation results, please set `padding_side='left'` when initializing the tokenizer.
{"step": 934, "epoch": 0, "batch_hash": 651566031, "rows": 8, "skipped": 0, "answer_accuracy": 0.5, "updates": 4, "seconds": 2.2616844177246094, "time": 1790992659.5918326, "loss": -0.7804050387617575, "confidence": 0.6553400349920168, "mass": 0.999999784287001, "hinge_active": 0.0, "stop_prob": 0.9999746084213257, "sampled_number_rate": 1.0, "kl": 0.0, "kl_coef": 0.05, "value_loss": 0.0}
A decoder-only architecture is being used, but right-padding was detected! For correct generation results, please set `padding_side='left'` when initializing the tokenizer.
{"step": 935, "epoch": 0, "batch_hash": 1961333433, "rows": 8, "skipped": 0, "answer_accuracy": 0.5, "updates": 4, "seconds": 2.1857147216796875, "time": 1790992661.779541, "loss": -0.860631360992443, "confidence": 0.6007057401789486, "mass": 0.9999996196679832, "hinge_active": 0.0, "stop_prob": 0.9999765157699585, "sampled_number_rate": 1.0, "kl": 0.0, "kl_coef": 0.05, "value_loss": 0.0}
A decoder-only architecture is being used, but right-padding was detected! For correct generation results, please set `padding_side='left'` when initializing the tokenizer.
{"step": 936, "epoch": 0, "batch_hash": 2631970064, "rows": 6, "skipped": 2, "answer_accuracy": 0.5, "updates": 4, "seconds": 2.8862133026123047, "time": 1790992664.6678412, "loss": -0.9227750585001802, "confidence": 0.5862865777163913, "mass": 0.999997753880884, "hinge_active": 0.0, "stop_prob": 0.9999726613362631, "sampled_number_rate": 0.9999999999999999, "kl": 0.0, "kl_coef": 0.05, "value_loss": 0.0}
A decoder-only architecture is being used, but right-padding was detected! For correct generation results, please set `padding_side='left'` when initializing the tokenizer.
{"step": 937, "epoch": 0, "batch_hash": 1755148333, "rows": 7, "skipped": 1, "answer_accuracy": 0.7142857142857143, "updates": 4, "seconds": 2.8107779026031494, "time": 1790992667.4816628, "loss": -0.9287134813298307, "confidence": 0.5714801031425083, "mass": 0.9999978007060395, "hinge_active": 0.0, "stop_prob": 0.999974616936275, "sampled_number_rate": 0.9999999999999998, "kl": 0.0, "kl_coef": 0.05, "value_loss": 0.0}
A decoder-only architecture is being used, but right-padding was detected! For correct generation results, please set `padding_side='left'` when initializing the tokenizer.
{"step": 938, "epoch": 0, "batch_hash": 4114272812, "rows": 8, "skipped": 0, "answer_accuracy": 0.5, "updates": 4, "seconds": 2.5949831008911133, "time": 1790992670.0809333, "loss": -0.8509888796968228, "confidence": 0.4355215513937705, "mass": 0.9999992672766301, "hinge_active": 0.0, "stop_prob": 0.9999759420752525, "sampled_number_rate": 1.0, "kl": 0.0, "kl_coef": 0.05, "value_loss": 0.0}
A decoder-only architecture is being used, but right-padding was detected! For correct generation results, please set `padding_side='left'` when initializing the tokenizer.
{"step": 939, "epoch": 0, "batch_hash": 2088279309, "rows": 8, "skipped": 0, "answer_accuracy": 0.5, "updates": 4, "seconds": 2.3721847534179688, "time": 1790992672.4559014, "loss": -0.961134206656529, "confidence": 0.5237540350644013, "mass": 0.9999974800635941, "hinge_active": 0.0, "stop_prob": 0.9999687597155571, "sampled_number_rate": 1.0, "kl": 0.0, "kl_coef": 0.05, "value_loss": 0.0}
A decoder-only architecture is being used, but right-padding was detected! For correct generation results, please set `padding_side='left'` when initializing the tokenizer.
{"step": 940, "epoch": 0, "batch_hash": 2210918589, "rows": 8, "skipped": 0, "answer_accuracy": 0.5, "updates": 4, "seconds": 3.2810726165771484, "time": 1790992675.739591, "loss": -0.940433681333512, "confidence": 0.5545403104054042, "mass": 0.9999992947766763, "hinge_active": 0.0, "stop_prob": 0.999973863363266, "sampled_number_rate": 1.0, "kl": 0.0, "kl_coef": 0.05, "value_loss": 0.0}
A decoder-only architecture is being used, but right-padding was detected! For correct generation results, please set `padding_side='left'` when initializing the tokenizer.
{"step": 941, "epoch": 0, "batch_hash": 1344938576, "rows": 8, "skipped": 0, "answer_accuracy": 0.75, "updates": 4, "seconds": 2.271562099456787, "time": 1790992678.013389, "loss": -0.900031016296254, "confidence": 0.6847401986826802, "mass": 0.9999995675888609, "hinge_active": 0.0, "stop_prob": 0.9999743103981018, "sampled_number_rate": 1.0, "kl": 0.0, "kl_coef": 0.05, "value_loss": 0.0}
A decoder-only architecture is being used, but right-padding was detected! For correct generation results, please set `padding_side='left'` when initializing the tokenizer.
{"step": 942, "epoch": 0, "batch_hash": 2186878057, "rows": 8, "skipped": 0, "answer_accuracy": 0.625, "updates": 4, "seconds": 2.277636766433716, "time": 1790992680.2947574, "loss": -0.7521935698993545, "confidence": 0.6842901948607714, "mass": 0.9999999072112813, "hinge_active": 0.0, "stop_prob": 0.9999759942293167, "sampled_number_rate": 1.0, "kl": 0.0, "kl_coef": 0.05, "value_loss": 0.0}
A decoder-only architecture is being used, but right-padding was detected! For correct generation results, please set `padding_side='left'` when initializing the tokenizer.
{"step": 943, "epoch": 0, "batch_hash": 1749730801, "rows": 7, "skipped": 1, "answer_accuracy": 0.5714285714285714, "updates": 4, "seconds": 13.386086463928223, "time": 1790992693.68355, "loss": -0.8521627416295552, "confidence": 0.6836160784263313, "mass": 0.9999999313530886, "hinge_active": 0.0, "stop_prob": 0.9999772395406451, "sampled_number_rate": 0.9999999999999998, "kl": 0.0, "kl_coef": 0.05, "value_loss": 0.0}
A decoder-only architecture is being used, but right-padding was detected! For correct generation results, please set `padding_side='left'` when initializing the tokenizer.
{"step": 944, "epoch": 0, "batch_hash": 1585603623, "rows": 8, "skipped": 0, "answer_accuracy": 0.75, "updates": 4, "seconds": 2.2639663219451904, "time": 1790992695.9521031, "loss": -0.9071804037927345, "confidence": 0.6661289836906666, "mass": 0.9999996684674103, "hinge_active": 0.0, "stop_prob": 0.9999751299619675, "sampled_number_rate": 1.0, "kl": 0.0, "kl_coef": 0.05, "value_loss": 0.0}
A decoder-only architecture is being used, but right-padding was detected! For correct generation results, please set `padding_side='left'` when initializing the tokenizer.
{"step": 945, "epoch": 0, "batch_hash": 2698752434, "rows": 7, "skipped": 1, "answer_accuracy": 0.5714285714285714, "updates": 4, "seconds": 4.367054462432861, "time": 1790992700.3225834, "loss": -0.9528748071012655, "confidence": 0.6036325276055565, "mass": 0.9999995747880319, "hinge_active": 0.0, "stop_prob": 0.9999755791255406, "sampled_number_rate": 0.9999999999999998, "kl": 0.0, "kl_coef": 0.05, "value_loss": 0.0}
A decoder-only architecture is being used, but right-padding was detected! For correct generation results, please set `padding_side='left'` when initializing the tokenizer.
{"step": 946, "epoch": 0, "batch_hash": 3866689749, "rows": 8, "skipped": 0, "answer_accuracy": 0.625, "updates": 4, "seconds": 2.2963414192199707, "time": 1790992702.6221318, "loss": -0.9081334164032536, "confidence": 0.651674832786811, "mass": 0.9999997527052167, "hinge_active": 0.0, "stop_prob": 0.9999722838401794, "sampled_number_rate": 1.0, "kl": 0.0, "kl_coef": 0.05, "value_loss": 0.0}
A decoder-only architecture is being used, but right-padding was detected! For correct generation results, please set `padding_side='left'` when initializing the tokenizer.
{"step": 947, "epoch": 0, "batch_hash": 361870875, "rows": 8, "skipped": 0, "answer_accuracy": 0.375, "updates": 4, "seconds": 2.248546600341797, "time": 1790992704.873115, "loss": -0.9021219896599039, "confidence": 0.4282197813400496, "mass": 0.999999732634762, "hinge_active": 0.0, "stop_prob": 0.9999770149588585, "sampled_number_rate": 1.0, "kl": 0.0, "kl_coef": 0.05, "value_loss": 0.0}
A decoder-only architecture is being used, but right-padding was detected! For correct generation results, please set `padding_side='left'` when initializing the tokenizer.
{"step": 948, "epoch": 0, "batch_hash": 1755226908, "rows": 8, "skipped": 0, "answer_accuracy": 0.5, "updates": 4, "seconds": 2.315847158432007, "time": 1790992707.1919782, "loss": -0.85454630043269, "confidence": 0.6188513076225286, "mass": 0.9999997480672653, "hinge_active": 0.0, "stop_prob": 0.9999778568744659, "sampled_number_rate": 1.0, "kl": 0.0, "kl_coef": 0.05, "value_loss": 0.0}
A decoder-only architecture is being used, but right-padding was detected! For correct generation results, please set `padding_side='left'` when initializing the tokenizer.
{"step": 949, "epoch": 0, "batch_hash": 934428874, "rows": 4, "skipped": 4, "answer_accuracy": 0.5, "updates": 2, "seconds": 13.12973141670227, "time": 1790992720.3243334, "loss": -0.9615713405390499, "confidence": 0.5240682215298135, "mass": 0.9999996924476185, "hinge_active": 0.0, "stop_prob": 0.9999768286943436, "sampled_number_rate": 1.0, "kl": 0.0, "kl_coef": 0.05, "value_loss": 0.0}
A decoder-only architecture is being used, but right-padding was detected! For correct generation results, please set `padding_side='left'` when initializing the tokenizer.
{"step": 950, "epoch": 0, "batch_hash": 848741635, "rows": 8, "skipped": 0, "answer_accuracy": 0.75, "updates": 4, "seconds": 2.232982873916626, "time": 1790992722.5596435, "loss": -0.9143533645001548, "confidence": 0.6187237076627489, "mass": 0.9999994994654764, "hinge_active": 0.0, "stop_prob": 0.9999730587005615, "sampled_number_rate": 1.0, "kl": 0.0, "kl_coef": 0.05, "value_loss": 0.0}
A decoder-only architecture is being used, but right-padding was detected! For correct generation results, please set `padding_side='left'` when initializing the tokenizer.
{"step": 951, "epoch": 0, "batch_hash": 488291856, "rows": 8, "skipped": 0, "answer_accuracy": 0.625, "updates": 4, "seconds": 2.2755954265594482, "time": 1790992724.8375022, "loss": -0.7513503081139052, "confidence": 0.5995368053595869, "mass": 0.9999998948544006, "hinge_active": 0.0, "stop_prob": 0.9999770447611809, "sampled_number_rate": 1.0, "kl": 0.0, "kl_coef": 0.05, "value_loss": 0.0}
A decoder-only architecture is being used, but right-padding was detected! For correct generation results, please set `padding_side='left'` when initializing the tokenizer.
{"step": 952, "epoch": 0, "batch_hash": 318757696, "rows": 8, "skipped": 0, "answer_accuracy": 0.75, "updates": 4, "seconds": 2.310121536254883, "time": 1790992727.1519125, "loss": -0.9514199060029183, "confidence": 0.6746425195637655, "mass": 0.9999997028710684, "hinge_active": 0.0, "stop_prob": 0.9999759718775749, "sampled_number_rate": 1.0, "kl": 0.0, "kl_coef": 0.05, "value_loss": 0.0}
A decoder-only architecture is being used, but right-padding was detected! For correct generation results, please set `padding_side='left'` when initializing the tokenizer.
{"step": 953, "epoch": 0, "batch_hash": 1689814129, "rows": 8, "skipped": 0, "answer_accuracy": 0.625, "updates": 4, "seconds": 2.411585807800293, "time": 1790992729.5666034, "loss": -0.8886893906176254, "confidence": 0.6844378660527439, "mass": 0.9999976474714846, "hinge_active": 0.0, "stop_prob": 0.9999659359455109, "sampled_number_rate": 1.0, "kl": 0.0, "kl_coef": 0.05, "value_loss": 0.0}
A decoder-only architecture is being used, but right-padding was detected! For correct generation results, please set `padding_side='left'` when initializing the tokenizer.
{"step": 954, "epoch": 0, "batch_hash": 1934774586, "rows": 8, "skipped": 0, "answer_accuracy": 0.625, "updates": 4, "seconds": 2.3546054363250732, "time": 1790992731.9235184, "loss": -0.9551409658378811, "confidence": 0.6374170648371748, "mass": 0.9999993375756185, "hinge_active": 0.0, "stop_prob": 0.9999723583459854, "sampled_number_rate": 1.0, "kl": 0.0, "kl_coef": 0.05, "value_loss": 0.0}
A decoder-only architecture is being used, but right-padding was detected! For correct generation results, please set `padding_side='left'` when initializing the tokenizer.
{"step": 955, "epoch": 0, "batch_hash": 4282557568, "rows": 8, "skipped": 0, "answer_accuracy": 0.375, "updates": 4, "seconds": 2.2195117473602295, "time": 1790992734.1460547, "loss": -0.8706271700385133, "confidence": 0.5991970946698949, "mass": 0.9999995572856966, "hinge_active": 0.0, "stop_prob": 0.9999744817614555, "sampled_number_rate": 1.0, "kl": 0.0, "kl_coef": 0.05, "value_loss": 0.0}
A decoder-only architecture is being used, but right-padding was detected! For correct generation results, please set `padding_side='left'` when initializing the tokenizer.
{"step": 956, "epoch": 0, "batch_hash": 3616705618, "rows": 8, "skipped": 0, "answer_accuracy": 0.5, "updates": 4, "seconds": 2.1636762619018555, "time": 1790992736.312232, "loss": -0.8310895397162414, "confidence": 0.4850582282657061, "mass": 0.9999988625177273, "hinge_active": 0.0, "stop_prob": 0.9999760538339615, "sampled_number_rate": 1.0, "kl": 0.0, "kl_coef": 0.05, "value_loss": 0.0}
A decoder-only architecture is being used, but right-padding was detected! For correct generation results, please set `padding_side='left'` when initializing the tokenizer.
{"step": 957, "epoch": 0, "batch_hash": 3556628217, "rows": 8, "skipped": 0, "answer_accuracy": 0.625, "updates": 4, "seconds": 2.4772608280181885, "time": 1790992738.7939456, "loss": -0.8513862201545644, "confidence": 0.46895164489604024, "mass": 0.9999959195658293, "hinge_active": 0.0, "stop_prob": 0.999969057738781, "sampled_number_rate": 1.0, "kl": 0.0, "kl_coef": 0.05, "value_loss": 0.0}
A decoder-only architecture is being used, but right-padding was detected! For correct generation results, please set `padding_side='left'` when initializing the tokenizer.
{"step": 958, "epoch": 0, "batch_hash": 1800590016, "rows": 8, "skipped": 0, "answer_accuracy": 0.75, "updates": 4, "seconds": 2.425539255142212, "time": 1790992741.2223423, "loss": -0.8409969771230249, "confidence": 0.5404917108427877, "mass": 0.999999773787384, "hinge_active": 0.0, "stop_prob": 0.9999778792262077, "sampled_number_rate": 1.0, "kl": 0.0, "kl_coef": 0.05, "value_loss": 0.0}
A decoder-only architecture is being used, but right-padding was detected! For correct generation results, please set `padding_side='left'` when initializing the tokenizer.
{"step": 959, "epoch": 0, "batch_hash": 4210863513, "rows": 8, "skipped": 0, "answer_accuracy": 0.75, "updates": 4, "seconds": 2.883925676345825, "time": 1790992744.1090744, "loss": -0.8970577577601476, "confidence": 0.6184268540706023, "mass": 0.999999944347176, "hinge_active": 0.0, "stop_prob": 0.9999753087759018, "sampled_number_rate": 1.0, "kl": 0.0, "kl_coef": 0.05, "value_loss": 0.0}
A decoder-only architecture is being used, but right-padding was detected! For correct generation results, please set `padding_side='left'` when initializing the tokenizer.
{"step": 960, "epoch": 0, "batch_hash": 4274173250, "rows": 8, "skipped": 0, "answer_accuracy": 0.875, "updates": 4, "seconds": 2.2343554496765137, "time": 1790992746.3498988, "loss": -0.899968709895836, "confidence": 0.8185547736403013, "mass": 0.9999995721458835, "hinge_active": 0.0, "stop_prob": 0.9999708905816078, "sampled_number_rate": 1.0, "kl": 0.0, "kl_coef": 0.05, "value_loss": 0.0}
checkpoint at step 960 (0.7 s)
A decoder-only architecture is being used, but right-padding was detected! For correct generation results, please set `padding_side='left'` when initializing the tokenizer.
{"step": 961, "epoch": 0, "batch_hash": 3049961836, "rows": 8, "skipped": 0, "answer_accuracy": 0.5, "updates": 4, "seconds": 2.2763805389404297, "time": 1790992749.3284917, "loss": -0.8363460520484824, "confidence": 0.5599784085818652, "mass": 0.9999996236945113, "hinge_active": 0.0, "stop_prob": 0.9999775812029839, "sampled_number_rate": 1.0, "kl": 0.0, "kl_coef": 0.05, "value_loss": 0.0}
A decoder-only architecture is being used, but right-padding was detected! For correct generation results, please set `padding_side='left'` when initializing the tokenizer.
{"step": 962, "epoch": 0, "batch_hash": 2787335743, "rows": 8, "skipped": 0, "answer_accuracy": 0.625, "updates": 4, "seconds": 2.568690538406372, "time": 1790992751.8996632, "loss": -0.9558023344203336, "confidence": 0.5892490333637705, "mass": 0.9999994082189392, "hinge_active": 0.0, "stop_prob": 0.9999735578894615, "sampled_number_rate": 1.0, "kl": 0.0, "kl_coef": 0.05, "value_loss": 0.0}
A decoder-only architecture is being used, but right-padding was detected! For correct generation results, please set `padding_side='left'` when initializing the tokenizer.
{"step": 963, "epoch": 0, "batch_hash": 3914866859, "rows": 8, "skipped": 0, "answer_accuracy": 0.5, "updates": 4, "seconds": 2.393796682357788, "time": 1790992754.3085566, "loss": -0.8058759291852762, "confidence": 0.7143129344486849, "mass": 0.9999998520626588, "hinge_active": 0.0, "stop_prob": 0.9999720752239227, "sampled_number_rate": 1.0, "kl": 0.0, "kl_coef": 0.05, "value_loss": 0.0}
A decoder-only architecture is being used, but right-padding was detected! For correct generation results, please set `padding_side='left'` when initializing the tokenizer.
{"step": 964, "epoch": 0, "batch_hash": 3676513107, "rows": 8, "skipped": 0, "answer_accuracy": 0.75, "updates": 4, "seconds": 2.2603023052215576, "time": 1790992756.5748708, "loss": -0.9091265607460947, "confidence": 0.8245146189544411, "mass": 0.999999529572012, "hinge_active": 0.0, "stop_prob": 0.9999724850058556, "sampled_number_rate": 1.0, "kl": 0.0, "kl_coef": 0.05, "value_loss": 0.0}
A decoder-only architecture is being used, but right-padding was detected! For correct generation results, please set `padding_side='left'` when initializing the tokenizer.
{"step": 965, "epoch": 0, "batch_hash": 987557426, "rows": 8, "skipped": 0, "answer_accuracy": 0.5, "updates": 4, "seconds": 2.5683648586273193, "time": 1790992759.1471562, "loss": -0.7293534727966524, "confidence": 0.6179711170286553, "mass": 0.9999997902941336, "hinge_active": 0.0, "stop_prob": 0.9999759867787361, "sampled_number_rate": 1.0, "kl": 0.0, "kl_coef": 0.05, "value_loss": 0.0}
A decoder-only architecture is being used, but right-padding was detected! For correct generation results, please set `padding_side='left'` when initializing the tokenizer.
{"step": 966, "epoch": 0, "batch_hash": 528191037, "rows": 7, "skipped": 1, "answer_accuracy": 0.7142857142857143, "updates": 4, "seconds": 3.358327627182007, "time": 1790992762.508525, "loss": -0.9165959920012072, "confidence": 0.7420442913457734, "mass": 0.9999997833739777, "hinge_active": 0.0, "stop_prob": 0.9999775971685138, "sampled_number_rate": 0.9999999999999998, "kl": 0.0, "kl_coef": 0.05, "value_loss": 0.0}
A decoder-only architecture is being used, but right-padding was detected! For correct generation results, please set `padding_side='left'` when initializing the tokenizer.
{"step": 967, "epoch": 0, "batch_hash": 3383358343, "rows": 8, "skipped": 0, "answer_accuracy": 0.75, "updates": 4, "seconds": 2.224749803543091, "time": 1790992764.7409172, "loss": -0.9041025522462932, "confidence": 0.6497046648437271, "mass": 0.9999993497768422, "hinge_active": 0.0, "stop_prob": 0.9999734461307526, "sampled_number_rate": 1.0, "kl": 0.0, "kl_coef": 0.05, "value_loss": 0.0}
A decoder-only architecture is being used, but right-padding was detected! For correct generation results, please set `padding_side='left'` when initializing the tokenizer.
{"step": 968, "epoch": 0, "batch_hash": 3835819055, "rows": 8, "skipped": 0, "answer_accuracy": 0.75, "updates": 4, "seconds": 2.2337751388549805, "time": 1790992766.9775586, "loss": -0.7894926009809458, "confidence": 0.8500147797326295, "mass": 0.9999996916815366, "hinge_active": 0.0, "stop_prob": 0.9999732375144958, "sampled_number_rate": 1.0, "kl": 0.0, "kl_coef": 0.05, "value_loss": 0.0}
A decoder-only architecture is being used, but right-padding was detected! For correct generation results, please set `padding_side='left'` when initializing the tokenizer.
{"step": 969, "epoch": 0, "batch_hash": 965965799, "rows": 8, "skipped": 0, "answer_accuracy": 0.75, "updates": 4, "seconds": 2.388401746749878, "time": 1790992769.3691592, "loss": -0.8632665328419858, "confidence": 0.8056079095911239, "mass": 0.9999996512415726, "hinge_active": 0.0, "stop_prob": 0.9999702870845795, "sampled_number_rate": 1.0, "kl": 0.0, "kl_coef": 0.05, "value_loss": 0.0}
A decoder-only architecture is being used, but right-padding was detected! For correct generation results, please set `padding_side='left'` when initializing the tokenizer.
{"step": 970, "epoch": 0, "batch_hash": 1602948809, "rows": 8, "skipped": 0, "answer_accuracy": 0.875, "updates": 4, "seconds": 2.2598156929016113, "time": 1790992771.6318662, "loss": -0.8323467043329625, "confidence": 0.7118813436193437, "mass": 0.9999997784056448, "hinge_active": 0.0, "stop_prob": 0.9999754130840302, "sampled_number_rate": 1.0, "kl": 0.0, "kl_coef": 0.05, "value_loss": 0.0}
A decoder-only architecture is being used, but right-padding was detected! For correct generation results, please set `padding_side='left'` when initializing the tokenizer.
{"step": 971, "epoch": 0, "batch_hash": 3871964019, "rows": 8, "skipped": 0, "answer_accuracy": 0.375, "updates": 4, "seconds": 2.2256557941436768, "time": 1790992773.860274, "loss": -0.8530283554909287, "confidence": 0.6022100007512783, "mass": 0.9999999052254352, "hinge_active": 0.0, "stop_prob": 0.9999754056334496, "sampled_number_rate": 1.0, "kl": 0.0, "kl_coef": 0.05, "value_loss": 0.0}
A decoder-only architecture is being used, but right-padding was detected! For correct generation results, please set `padding_side='left'` when initializing the tokenizer.
{"step": 972, "epoch": 0, "batch_hash": 850079240, "rows": 8, "skipped": 0, "answer_accuracy": 0.5, "updates": 4, "seconds": 2.6384599208831787, "time": 1790992776.5006416, "loss": -0.7377646308283697, "confidence": 0.6505014185124518, "mass": 0.9999939791282817, "hinge_active": 0.0, "stop_prob": 0.9999674707651138, "sampled_number_rate": 1.0, "kl": 0.0, "kl_coef": 0.05, "value_loss": 0.0}
A decoder-only architecture is being used, but right-padding was detected! For correct generation results, please set `padding_side='left'` when initializing the tokenizer.
{"step": 973, "epoch": 0, "batch_hash": 3114179689, "rows": 8, "skipped": 0, "answer_accuracy": 0.5, "updates": 4, "seconds": 2.348656177520752, "time": 1790992778.8633957, "loss": -0.8616377600303083, "confidence": 0.5718802150854699, "mass": 0.9999995978503444, "hinge_active": 0.0, "stop_prob": 0.9999754428863525, "sampled_number_rate": 1.0, "kl": 0.0, "kl_coef": 0.05, "value_loss": 0.0}
A decoder-only architecture is being used, but right-padding was detected! For correct generation results, please set `padding_side='left'` when initializing the tokenizer.
{"step": 974, "epoch": 0, "batch_hash": 598973389, "rows": 8, "skipped": 0, "answer_accuracy": 0.75, "updates": 4, "seconds": 3.2798855304718018, "time": 1790992782.1467633, "loss": -0.8001011528231337, "confidence": 0.5302926699002363, "mass": 0.9999990798459554, "hinge_active": 0.0, "stop_prob": 0.9999742358922958, "sampled_number_rate": 1.0, "kl": 0.0, "kl_coef": 0.05, "value_loss": 0.0}
A decoder-only architecture is being used, but right-padding was detected! For correct generation results, please set `padding_side='left'` when initializing the tokenizer.
{"step": 975, "epoch": 0, "batch_hash": 767280526, "rows": 8, "skipped": 0, "answer_accuracy": 0.625, "updates": 4, "seconds": 2.27215838432312, "time": 1790992784.4214196, "loss": -0.8140926751166497, "confidence": 0.743805377928334, "mass": 0.9999998434923855, "hinge_active": 0.0, "stop_prob": 0.9999779313802719, "sampled_number_rate": 1.0, "kl": 0.0, "kl_coef": 0.05, "value_loss": 0.0}
A decoder-only architecture is being used, but right-padding was detected! For correct generation results, please set `padding_side='left'` when initializing the tokenizer.
{"step": 976, "epoch": 0, "batch_hash": 4155504068, "rows": 8, "skipped": 0, "answer_accuracy": 0.375, "updates": 4, "seconds": 2.3163902759552, "time": 1790992786.7401524, "loss": -0.7748832710939578, "confidence": 0.6192553778434484, "mass": 0.9999995461340058, "hinge_active": 0.0, "stop_prob": 0.9999776259064674, "sampled_number_rate": 1.0, "kl": 0.0, "kl_coef": 0.05, "value_loss": 0.0}
A decoder-only architecture is being used, but right-padding was detected! For correct generation results, please set `padding_side='left'` when initializing the tokenizer.
{"step": 977, "epoch": 0, "batch_hash": 982381745, "rows": 8, "skipped": 0, "answer_accuracy": 0.75, "updates": 4, "seconds": 2.2776119709014893, "time": 1790992789.022168, "loss": -0.912507370366556, "confidence": 0.6352993231259835, "mass": 0.9999997568707399, "hinge_active": 0.0, "stop_prob": 0.9999776929616928, "sampled_number_rate": 1.0, "kl": 0.0, "kl_coef": 0.05, "value_loss": 0.0}
A decoder-only architecture is being used, but right-padding was detected! For correct generation results, please set `padding_side='left'` when initializing the tokenizer.
{"step": 978, "epoch": 0, "batch_hash": 3725192805, "rows": 8, "skipped": 0, "answer_accuracy": 0.375, "updates": 4, "seconds": 3.2337558269500732, "time": 1790992792.258203, "loss": -0.8453657860945322, "confidence": 0.508023430217934, "mass": 0.9999993524783582, "hinge_active": 0.0, "stop_prob": 0.9999715313315392, "sampled_number_rate": 1.0, "kl": 0.0, "kl_coef": 0.05, "value_loss": 0.0}
A decoder-only architecture is being used, but right-padding was detected! For correct generation results, please set `padding_side='left'` when initializing the tokenizer.
{"step": 979, "epoch": 0, "batch_hash": 485721827, "rows": 8, "skipped": 0, "answer_accuracy": 0.75, "updates": 4, "seconds": 2.2333309650421143, "time": 1790992794.494209, "loss": -0.8777971043934809, "confidence": 0.7627059491852839, "mass": 0.9999988396051507, "hinge_active": 0.0, "stop_prob": 0.9999745860695839, "sampled_number_rate": 1.0, "kl": 0.0, "kl_coef": 0.05, "value_loss": 0.0}
A decoder-only architecture is being used, but right-padding was detected! For correct generation results, please set `padding_side='left'` when initializing the tokenizer.
{"step": 980, "epoch": 0, "batch_hash": 343659302, "rows": 8, "skipped": 0, "answer_accuracy": 0.75, "updates": 4, "seconds": 2.29056453704834, "time": 1790992796.7882361, "loss": -0.8718619632687158, "confidence": 0.8445267303044339, "mass": 0.9999996272222782, "hinge_active": 0.0, "stop_prob": 0.9999766573309898, "sampled_number_rate": 1.0, "kl": 0.0, "kl_coef": 0.05, "value_loss": 0.0}
A decoder-only architecture is being used, but right-padding was detected! For correct generation results, please set `padding_side='left'` when initializing the tokenizer.
{"step": 981, "epoch": 0, "batch_hash": 3876891359, "rows": 8, "skipped": 0, "answer_accuracy": 0.625, "updates": 4, "seconds": 2.2624762058258057, "time": 1790992799.1410875, "loss": -0.8878919884950661, "confidence": 0.5599179609025341, "mass": 0.9999997937804748, "hinge_active": 0.0, "stop_prob": 0.9999729245901108, "sampled_number_rate": 1.0, "kl": 0.0, "kl_coef": 0.05, "value_loss": 0.0}
A decoder-only architecture is being used, but right-padding was detected! For correct generation results, please set `padding_side='left'` when initializing the tokenizer.
{"step": 982, "epoch": 0, "batch_hash": 2144298300, "rows": 8, "skipped": 0, "answer_accuracy": 0.5, "updates": 4, "seconds": 2.2136523723602295, "time": 1790992801.3568492, "loss": -0.853719766367555, "confidence": 0.684697261156107, "mass": 0.9999997311833638, "hinge_active": 0.0, "stop_prob": 0.9999770149588585, "sampled_number_rate": 1.0, "kl": 0.0, "kl_coef": 0.05, "value_loss": 0.0}
A decoder-only architecture is being used, but right-padding was detected! For correct generation results, please set `padding_side='left'` when initializing the tokenizer.
{"step": 983, "epoch": 0, "batch_hash": 192709322, "rows": 8, "skipped": 0, "answer_accuracy": 0.5, "updates": 4, "seconds": 2.5001614093780518, "time": 1790992803.8618429, "loss": -0.8876250265917436, "confidence": 0.6904016319088746, "mass": 0.9999998466987114, "hinge_active": 0.0, "stop_prob": 0.9999775439500809, "sampled_number_rate": 1.0, "kl": 0.0, "kl_coef": 0.05, "value_loss": 0.0}
A decoder-only architecture is being used, but right-padding was detected! For correct generation results, please set `padding_side='left'` when initializing the tokenizer.
{"step": 984, "epoch": 0, "batch_hash": 1050849037, "rows": 8, "skipped": 0, "answer_accuracy": 0.75, "updates": 4, "seconds": 2.3498146533966064, "time": 1790992806.214192, "loss": -0.7312841043396213, "confidence": 0.7345775947422208, "mass": 0.9999996353693286, "hinge_active": 0.0, "stop_prob": 0.9999763071537018, "sampled_number_rate": 1.0, "kl": 0.0, "kl_coef": 0.05, "value_loss": 0.0}
A decoder-only architecture is being used, but right-padding was detected! For correct generation results, please set `padding_side='left'` when initializing the tokenizer.
{"step": 985, "epoch": 0, "batch_hash": 2543173644, "rows": 8, "skipped": 0, "answer_accuracy": 0.625, "updates": 4, "seconds": 2.272827386856079, "time": 1790992808.4905217, "loss": -0.9697580514750848, "confidence": 0.6000652223512576, "mass": 0.9999981208511884, "hinge_active": 0.0, "stop_prob": 0.9999737590551376, "sampled_number_rate": 1.0, "kl": 0.0, "kl_coef": 0.05, "value_loss": 0.0}
A decoder-only architecture is being used, but right-padding was detected! For correct generation results, please set `padding_side='left'` when initializing the tokenizer.
{"step": 986, "epoch": 0, "batch_hash": 1249728437, "rows": 8, "skipped": 0, "answer_accuracy": 0.75, "updates": 4, "seconds": 2.321824312210083, "time": 1790992810.8526692, "loss": -0.8897842741841767, "confidence": 0.8466469070025846, "mass": 0.9999998449350281, "hinge_active": 0.0, "stop_prob": 0.9999699592590332, "sampled_number_rate": 1.0, "kl": 0.0, "kl_coef": 0.05, "value_loss": 0.0}
A decoder-only architecture is being used, but right-padding was detected! For correct generation results, please set `padding_side='left'` when initializing the tokenizer.
{"step": 987, "epoch": 0, "batch_hash": 1433456337, "rows": 8, "skipped": 0, "answer_accuracy": 0.75, "updates": 4, "seconds": 2.188347816467285, "time": 1790992813.0440695, "loss": -0.8986525064884976, "confidence": 0.7081426443609767, "mass": 0.9999998268069519, "hinge_active": 0.0, "stop_prob": 0.9999773129820824, "sampled_number_rate": 1.0, "kl": 0.0, "kl_coef": 0.05, "value_loss": 0.0}
A decoder-only architecture is being used, but right-padding was detected! For correct generation results, please set `padding_side='left'` when initializing the tokenizer.
{"step": 988, "epoch": 0, "batch_hash": 3101361969, "rows": 8, "skipped": 0, "answer_accuracy": 0.75, "updates": 4, "seconds": 2.189657688140869, "time": 1790992815.2371798, "loss": -0.9551111122372643, "confidence": 0.7374832553000397, "mass": 0.9999997179342359, "hinge_active": 0.0, "stop_prob": 0.9999754279851913, "sampled_number_rate": 1.0, "kl": 0.0, "kl_coef": 0.05, "value_loss": 0.0}
A decoder-only architecture is being used, but right-padding was detected! For correct generation results, please set `padding_side='left'` when initializing the tokenizer.
{"step": 989, "epoch": 0, "batch_hash": 1464707630, "rows": 8, "skipped": 0, "answer_accuracy": 0.625, "updates": 4, "seconds": 2.265718460083008, "time": 1790992817.504952, "loss": -0.6845957975632038, "confidence": 0.5585563809409229, "mass": 0.999999830718758, "hinge_active": 0.0, "stop_prob": 0.999977320432663, "sampled_number_rate": 1.0, "kl": 0.0, "kl_coef": 0.05, "value_loss": 0.0}
A decoder-only architecture is being used, but right-padding was detected! For correct generation results, please set `padding_side='left'` when initializing the tokenizer.
{"step": 990, "epoch": 0, "batch_hash": 2567568874, "rows": 8, "skipped": 0, "answer_accuracy": 0.625, "updates": 4, "seconds": 2.2159366607666016, "time": 1790992819.7337658, "loss": -0.9441244354682212, "confidence": 0.6626381741539081, "mass": 0.9999996746853907, "hinge_active": 0.0, "stop_prob": 0.9999761879444122, "sampled_number_rate": 1.0, "kl": 0.0, "kl_coef": 0.05, "value_loss": 0.0}
A decoder-only architecture is being used, but right-padding was detected! For correct generation results, please set `padding_side='left'` when initializing the tokenizer.
{"step": 991, "epoch": 0, "batch_hash": 2813264827, "rows": 8, "skipped": 0, "answer_accuracy": 0.375, "updates": 4, "seconds": 2.5470218658447266, "time": 1790992822.2834156, "loss": -0.8750230142946498, "confidence": 0.5010583051250442, "mass": 0.9999990195460664, "hinge_active": 0.0, "stop_prob": 0.9999739676713943, "sampled_number_rate": 1.0, "kl": 0.0, "kl_coef": 0.05, "value_loss": 0.0}
A decoder-only architecture is being used, but right-padding was detected! For correct generation results, please set `padding_side='left'` when initializing the tokenizer.
{"step": 992, "epoch": 0, "batch_hash": 2430996773, "rows": 8, "skipped": 0, "answer_accuracy": 0.625, "updates": 4, "seconds": 2.260498046875, "time": 1790992824.5464566, "loss": -0.8586774614437466, "confidence": 0.44660435310351176, "mass": 0.999999840064469, "hinge_active": 0.0, "stop_prob": 0.9999814331531525, "sampled_number_rate": 1.0, "kl": 0.0, "kl_coef": 0.05, "value_loss": 0.0}
checkpoint at step 992 (1.0 s)
A decoder-only architecture is being used, but right-padding was detected! For correct generation results, please set `padding_side='left'` when initializing the tokenizer.
{"step": 993, "epoch": 0, "batch_hash": 673965939, "rows": 8, "skipped": 0, "answer_accuracy": 0.375, "updates": 4, "seconds": 2.783515453338623, "time": 1790992828.3608794, "loss": -0.8343461572468571, "confidence": 0.48089138920154134, "mass": 0.9999997036913383, "hinge_active": 0.0, "stop_prob": 0.9999749660491943, "sampled_number_rate": 1.0, "kl": 0.0, "kl_coef": 0.05, "value_loss": 0.0}
A decoder-only architecture is being used, but right-padding was detected! For correct generation results, please set `padding_side='left'` when initializing the tokenizer.
{"step": 994, "epoch": 0, "batch_hash": 539173036, "rows": 8, "skipped": 0, "answer_accuracy": 0.375, "updates": 4, "seconds": 4.378175258636475, "time": 1790992832.7415965, "loss": -0.8928904270950307, "confidence": 0.430716788128376, "mass": 0.9999990174197213, "hinge_active": 0.0, "stop_prob": 0.9999730736017227, "sampled_number_rate": 1.0, "kl": 0.0, "kl_coef": 0.05, "value_loss": 0.0}
A decoder-only architecture is being used, but right-padding was detected! For correct generation results, please set `padding_side='left'` when initializing the tokenizer.
{"step": 995, "epoch": 0, "batch_hash": 4081201687, "rows": 8, "skipped": 0, "answer_accuracy": 0.875, "updates": 4, "seconds": 2.189018964767456, "time": 1790992834.9332256, "loss": -0.9047232139330018, "confidence": 0.6594171779552903, "mass": 0.9999999353015476, "hinge_active": 0.0, "stop_prob": 0.9999756589531898, "sampled_number_rate": 1.0, "kl": 0.0, "kl_coef": 0.05, "value_loss": 0.0}
A decoder-only architecture is being used, but right-padding was detected! For correct generation results, please set `padding_side='left'` when initializing the tokenizer.
{"step": 996, "epoch": 0, "batch_hash": 1507056588, "rows": 8, "skipped": 0, "answer_accuracy": 0.5, "updates": 4, "seconds": 2.5049471855163574, "time": 1790992837.4420416, "loss": -0.9106800090948416, "confidence": 0.5128515084841425, "mass": 0.9999999546252724, "hinge_active": 0.0, "stop_prob": 0.9999783635139465, "sampled_number_rate": 1.0, "kl": 0.0, "kl_coef": 0.05, "value_loss": 0.0}
A decoder-only architecture is being used, but right-padding was detected! For correct generation results, please set `padding_side='left'` when initializing the tokenizer.
{"step": 997, "epoch": 0, "batch_hash": 968572722, "rows": 8, "skipped": 0, "answer_accuracy": 0.625, "updates": 4, "seconds": 2.258570671081543, "time": 1790992839.7030528, "loss": -0.8337748370857616, "confidence": 0.5873511756335801, "mass": 0.9999999462029103, "hinge_active": 0.0, "stop_prob": 0.9999749660491943, "sampled_number_rate": 1.0, "kl": 0.0, "kl_coef": 0.05, "value_loss": 0.0}
A decoder-only architecture is being used, but right-padding was detected! For correct generation results, please set `padding_side='left'` when initializing the tokenizer.
{"step": 998, "epoch": 0, "batch_hash": 3695217406, "rows": 8, "skipped": 0, "answer_accuracy": 0.625, "updates": 4, "seconds": 2.303738832473755, "time": 1790992842.018928, "loss": -0.8608917039858962, "confidence": 0.6374882592414652, "mass": 0.9999993932779202, "hinge_active": 0.0, "stop_prob": 0.9999763071537018, "sampled_number_rate": 1.0, "kl": 0.0, "kl_coef": 0.05, "value_loss": 0.0}
A decoder-only architecture is being used, but right-padding was detected! For correct generation results, please set `padding_side='left'` when initializing the tokenizer.
{"step": 999, "epoch": 0, "batch_hash": 2197084893, "rows": 8, "skipped": 0, "answer_accuracy": 0.5, "updates": 4, "seconds": 2.447808265686035, "time": 1790992844.4700203, "loss": -0.8291991196429147, "confidence": 0.30753471956287187, "mass": 0.9999992520892249, "hinge_active": 0.0, "stop_prob": 0.9999796524643898, "sampled_number_rate": 1.0, "kl": 0.0, "kl_coef": 0.05, "value_loss": 0.0}
A decoder-only architecture is being used, but right-padding was detected! For correct generation results, please set `padding_side='left'` when initializing the tokenizer.
{"step": 1000, "epoch": 0, "batch_hash": 876589250, "rows": 7, "skipped": 1, "answer_accuracy": 0.8571428571428571, "updates": 4, "seconds": 2.1182363033294678, "time": 1790992846.5911534, "loss": -0.7696573708970689, "confidence": 0.720269753378706, "mass": 0.9999997965168348, "hinge_active": 0.0, "stop_prob": 0.9999735355377197, "sampled_number_rate": 0.9999999999999998, "kl": 0.0, "kl_coef": 0.05, "value_loss": 0.0, "save_seconds": 0.7234921455383301}
A decoder-only architecture is being used, but right-padding was detected! For correct generation results, please set `padding_side='left'` when initializing the tokenizer.
{"step": 1001, "epoch": 0, "batch_hash": 251216781, "rows": 8, "skipped": 0, "answer_accuracy": 1.0, "updates": 4, "seconds": 2.2546627521514893, "time": 1790992849.5732431, "loss": -0.930095907440006, "confidence": 0.8054355123252194, "mass": 0.999999850532698, "hinge_active": 0.0, "stop_prob": 0.9999751150608063, "sampled_number_rate": 1.0, "kl": 0.0, "kl_coef": 0.05, "value_loss": 0.0}
A decoder-only architecture is being used, but right-padding was detected! For correct generation results, please set `padding_side='left'` when initializing the tokenizer.
{"step": 1002, "epoch": 0, "batch_hash": 2648104424, "rows": 8, "skipped": 0, "answer_accuracy": 0.875, "updates": 4, "seconds": 2.3577606678009033, "time": 1790992851.9352887, "loss": -0.942833520008326, "confidence": 0.7656583376826096, "mass": 0.9999996769995645, "hinge_active": 0.0, "stop_prob": 0.999974824488163, "sampled_number_rate": 1.0, "kl": 0.0, "kl_coef": 0.05, "value_loss": 0.0}
A decoder-only architecture is being used, but right-padding was detected! For correct generation results, please set `padding_side='left'` when initializing the tokenizer.
{"step": 1003, "epoch": 0, "batch_hash": 1544086525, "rows": 8, "skipped": 0, "answer_accuracy": 0.75, "updates": 4, "seconds": 2.164337635040283, "time": 1790992854.1042693, "loss": -0.8582559054126575, "confidence": 0.639318237674008, "mass": 0.9999999098005525, "hinge_active": 0.0, "stop_prob": 0.9999760240316391, "sampled_number_rate": 1.0, "kl": 0.0, "kl_coef": 0.05, "value_loss": 0.0}
A decoder-only architecture is being used, but right-padding was detected! For correct generation results, please set `padding_side='left'` when initializing the tokenizer.
{"step": 1004, "epoch": 0, "batch_hash": 3253378490, "rows": 8, "skipped": 0, "answer_accuracy": 0.75, "updates": 4, "seconds": 2.2248311042785645, "time": 1790992856.3432953, "loss": -0.8974402144077251, "confidence": 0.6620755441904587, "mass": 0.9999998923850595, "hinge_active": 0.0, "stop_prob": 0.9999793767929077, "sampled_number_rate": 1.0, "kl": 0.0, "kl_coef": 0.05, "value_loss": 0.0}
A decoder-only architecture is being used, but right-padding was detected! For correct generation results, please set `padding_side='left'` when initializing the tokenizer.
{"step": 1005, "epoch": 0, "batch_hash": 968501761, "rows": 8, "skipped": 0, "answer_accuracy": 0.5, "updates": 4, "seconds": 2.366650104522705, "time": 1790992858.7127087, "loss": -0.9080862671817207, "confidence": 0.6223268315070738, "mass": 0.999999867391359, "hinge_active": 0.0, "stop_prob": 0.9999754577875137, "sampled_number_rate": 1.0, "kl": 0.0, "kl_coef": 0.05, "value_loss": 0.0}
A decoder-only architecture is being used, but right-padding was detected! For correct generation results, please set `padding_side='left'` when initializing the tokenizer.
{"step": 1006, "epoch": 0, "batch_hash": 3483015725, "rows": 8, "skipped": 0, "answer_accuracy": 0.625, "updates": 4, "seconds": 2.3298656940460205, "time": 1790992861.047521, "loss": -0.9385961659437106, "confidence": 0.5772917012957862, "mass": 0.9999997372324384, "hinge_active": 0.0, "stop_prob": 0.999975673854351, "sampled_number_rate": 1.0, "kl": 0.0, "kl_coef": 0.05, "value_loss": 0.0}
A decoder-only architecture is being used, but right-padding was detected! For correct generation results, please set `padding_side='left'` when initializing the tokenizer.
{"step": 1007, "epoch": 0, "batch_hash": 3635752152, "rows": 7, "skipped": 1, "answer_accuracy": 0.42857142857142855, "updates": 4, "seconds": 3.4283523559570312, "time": 1790992864.4789777, "loss": -0.9348022698007633, "confidence": 0.41466601597015584, "mass": 0.9999978104317327, "hinge_active": 0.0, "stop_prob": 0.9999776823180062, "sampled_number_rate": 0.9999999999999998, "kl": 0.0, "kl_coef": 0.05, "value_loss": 0.0}
A decoder-only architecture is being used, but right-padding was detected! For correct generation results, please set `padding_side='left'` when initializing the tokenizer.
{"step": 1008, "epoch": 0, "batch_hash": 2602016029, "rows": 8, "skipped": 0, "answer_accuracy": 0.875, "updates": 4, "seconds": 2.7064735889434814, "time": 1790992867.188534, "loss": -0.8749056750122597, "confidence": 0.6248448000540664, "mass": 0.9999998539852855, "hinge_active": 0.0, "stop_prob": 0.9999770522117615, "sampled_number_rate": 1.0, "kl": 0.0, "kl_coef": 0.05, "value_loss": 0.0}
A decoder-only architecture is being used, but right-padding was detected! For correct generation results, please set `padding_side='left'` when initializing the tokenizer.
{"step": 1009, "epoch": 0, "batch_hash": 345060454, "rows": 8, "skipped": 0, "answer_accuracy": 0.75, "updates": 4, "seconds": 2.3006327152252197, "time": 1790992869.4918082, "loss": -0.8765913688321111, "confidence": 0.7002523876115767, "mass": 0.9999998785568399, "hinge_active": 0.0, "stop_prob": 0.9999756813049316, "sampled_number_rate": 1.0, "kl": 0.0, "kl_coef": 0.05, "value_loss": 0.0}
A decoder-only architecture is being used, but right-padding was detected! For correct generation results, please set `padding_side='left'` when initializing the tokenizer.
{"step": 1010, "epoch": 0, "batch_hash": 111543908, "rows": 8, "skipped": 0, "answer_accuracy": 0.375, "updates": 4, "seconds": 2.315495252609253, "time": 1790992871.8108535, "loss": -0.9441384463758563, "confidence": 0.4555235156034259, "mass": 0.9999999144400283, "hinge_active": 0.0, "stop_prob": 0.9999757260084152, "sampled_number_rate": 1.0, "kl": 0.0, "kl_coef": 0.05, "value_loss": 0.0}
A decoder-only architecture is being used, but right-padding was detected! For correct generation results, please set `padding_side='left'` when initializing the tokenizer.
{"step": 1011, "epoch": 0, "batch_hash": 2893242300, "rows": 7, "skipped": 1, "answer_accuracy": 0.7142857142857143, "updates": 4, "seconds": 2.4164719581604004, "time": 1790992874.232658, "loss": -0.8065120395830934, "confidence": 0.6571348674258002, "mass": 0.9999995331690312, "hinge_active": 0.0, "stop_prob": 0.9999757238796779, "sampled_number_rate": 0.9999999999999998, "kl": 0.0, "kl_coef": 0.05, "value_loss": 0.0}
A decoder-only architecture is being used, but right-padding was detected! For correct generation results, please set `padding_side='left'` when initializing the tokenizer.
{"step": 1012, "epoch": 0, "batch_hash": 3786600505, "rows": 8, "skipped": 0, "answer_accuracy": 0.75, "updates": 4, "seconds": 2.1894519329071045, "time": 1790992876.4249558, "loss": -0.883647026922365, "confidence": 0.552417467505233, "mass": 0.9999998347662102, "hinge_active": 0.0, "stop_prob": 0.999971941113472, "sampled_number_rate": 1.0, "kl": 0.0, "kl_coef": 0.05, "value_loss": 0.0}
A decoder-only architecture is being used, but right-padding was detected! For correct generation results, please set `padding_side='left'` when initializing the tokenizer.
{"step": 1013, "epoch": 0, "batch_hash": 670674626, "rows": 7, "skipped": 1, "answer_accuracy": 0.7142857142857143, "updates": 4, "seconds": 13.538075685501099, "time": 1790992889.9651728, "loss": -0.9733273574438743, "confidence": 0.6596908311544396, "mass": 0.9999979053457604, "hinge_active": 0.0, "stop_prob": 0.9999306712831769, "sampled_number_rate": 0.9999999999999998, "kl": 0.0, "kl_coef": 0.05, "value_loss": 0.0}
A decoder-only architecture is being used, but right-padding was detected! For correct generation results, please set `padding_side='left'` when initializing the tokenizer.
{"step": 1014, "epoch": 0, "batch_hash": 1651281692, "rows": 8, "skipped": 0, "answer_accuracy": 0.625, "updates": 4, "seconds": 2.2244017124176025, "time": 1790992892.1934795, "loss": -0.9200507433817742, "confidence": 0.6290239246415843, "mass": 0.9999996643137674, "hinge_active": 0.0, "stop_prob": 0.9999773055315018, "sampled_number_rate": 1.0, "kl": 0.0, "kl_coef": 0.05, "value_loss": 0.0}
A decoder-only architecture is being used, but right-padding was detected! For correct generation results, please set `padding_side='left'` when initializing the tokenizer.
{"step": 1015, "epoch": 0, "batch_hash": 614243267, "rows": 8, "skipped": 0, "answer_accuracy": 0.875, "updates": 4, "seconds": 2.5215699672698975, "time": 1790992894.7178974, "loss": -0.9235383222387353, "confidence": 0.677776751886606, "mass": 0.9999997049671412, "hinge_active": 0.0, "stop_prob": 0.9999757558107376, "sampled_number_rate": 1.0, "kl": 0.0, "kl_coef": 0.05, "value_loss": 0.0}
A decoder-only architecture is being used, but right-padding was detected! For correct generation results, please set `padding_side='left'` when initializing the tokenizer.
{"step": 1016, "epoch": 0, "batch_hash": 1270741303, "rows": 6, "skipped": 2, "answer_accuracy": 0.3333333333333333, "updates": 4, "seconds": 13.278119325637817, "time": 1790992908.00165, "loss": -0.9531869911353501, "confidence": 0.30845691593376084, "mass": 0.999994807741154, "hinge_active": 0.0, "stop_prob": 0.9999637305736542, "sampled_number_rate": 0.9999999999999999, "kl": 0.0, "kl_coef": 0.05, "value_loss": 0.0}
A decoder-only architecture is being used, but right-padding was detected! For correct generation results, please set `padding_side='left'` when initializing the tokenizer.
{"step": 1017, "epoch": 0, "batch_hash": 2991091643, "rows": 8, "skipped": 0, "answer_accuracy": 0.625, "updates": 4, "seconds": 2.263943910598755, "time": 1790992910.2815564, "loss": -0.8441096563383994, "confidence": 0.6715638140777449, "mass": 0.9999997136232143, "hinge_active": 0.0, "stop_prob": 0.9999777749180794, "sampled_number_rate": 1.0, "kl": 0.0, "kl_coef": 0.05, "value_loss": 0.0}
A decoder-only architecture is being used, but right-padding was detected! For correct generation results, please set `padding_side='left'` when initializing the tokenizer.
{"step": 1018, "epoch": 0, "batch_hash": 4096948025, "rows": 8, "skipped": 0, "answer_accuracy": 0.375, "updates": 4, "seconds": 2.3182599544525146, "time": 1790992912.6023972, "loss": -0.7519209836737943, "confidence": 0.7000408249850693, "mass": 0.9999997248323386, "hinge_active": 0.0, "stop_prob": 0.9999748766422272, "sampled_number_rate": 1.0, "kl": 0.0, "kl_coef": 0.05, "value_loss": 0.0}
A decoder-only architecture is being used, but right-padding was detected! For correct generation results, please set `padding_side='left'` when initializing the tokenizer.
{"step": 1019, "epoch": 0, "batch_hash": 3834862203, "rows": 8, "skipped": 0, "answer_accuracy": 0.25, "updates": 4, "seconds": 2.298053026199341, "time": 1790992914.9142308, "loss": -0.7138352909353827, "confidence": 0.6409984294791842, "mass": 0.9999979809111608, "hinge_active": 0.0, "stop_prob": 0.9999747797846794, "sampled_number_rate": 1.0, "kl": 0.0, "kl_coef": 0.05, "value_loss": 0.0}
A decoder-only architecture is being used, but right-padding was detected! For correct generation results, please set `padding_side='left'` when initializing the tokenizer.
{"step": 1020, "epoch": 0, "batch_hash": 1141351445, "rows": 8, "skipped": 0, "answer_accuracy": 0.75, "updates": 4, "seconds": 2.352741241455078, "time": 1790992917.2708495, "loss": -0.9175656648722437, "confidence": 0.6936585090157262, "mass": 0.9999998891648657, "hinge_active": 0.0, "stop_prob": 0.9999733418226242, "sampled_number_rate": 1.0, "kl": 0.0, "kl_coef": 0.05, "value_loss": 0.0}
A decoder-only architecture is being used, but right-padding was detected! For correct generation results, please set `padding_side='left'` when initializing the tokenizer.
{"step": 1021, "epoch": 0, "batch_hash": 883699245, "rows": 8, "skipped": 0, "answer_accuracy": 0.5, "updates": 4, "seconds": 2.783189058303833, "time": 1790992920.0567174, "loss": -0.9655181328395128, "confidence": 0.512466054327615, "mass": 0.9999971266106994, "hinge_active": 0.0, "stop_prob": 0.9999741986393929, "sampled_number_rate": 1.0, "kl": 0.0, "kl_coef": 0.05, "value_loss": 0.0}
A decoder-only architecture is being used, but right-padding was detected! For correct generation results, please set `padding_side='left'` when initializing the tokenizer.
{"step": 1022, "epoch": 0, "batch_hash": 2593512341, "rows": 8, "skipped": 0, "answer_accuracy": 0.75, "updates": 4, "seconds": 2.3952178955078125, "time": 1790992922.4574678, "loss": -0.8616839034677388, "confidence": 0.5831593384345084, "mass": 0.9999998987952339, "hinge_active": 0.0, "stop_prob": 0.9999780654907227, "sampled_number_rate": 1.0, "kl": 0.0, "kl_coef": 0.05, "value_loss": 0.0}
A decoder-only architecture is being used, but right-padding was detected! For correct generation results, please set `padding_side='left'` when initializing the tokenizer.
{"step": 1023, "epoch": 0, "batch_hash": 3366702681, "rows": 8, "skipped": 0, "answer_accuracy": 0.75, "updates": 4, "seconds": 2.307544231414795, "time": 1790992924.768711, "loss": -0.8569220691174978, "confidence": 0.6441509656331748, "mass": 0.9999998111926011, "hinge_active": 0.0, "stop_prob": 0.9999762624502182, "sampled_number_rate": 1.0, "kl": 0.0, "kl_coef": 0.05, "value_loss": 0.0}
A decoder-only architecture is being used, but right-padding was detected! For correct generation results, please set `padding_side='left'` when initializing the tokenizer.
{"step": 1024, "epoch": 0, "batch_hash": 3067454538, "rows": 8, "skipped": 0, "answer_accuracy": 0.375, "updates": 4, "seconds": 2.1734814643859863, "time": 1790992926.946532, "loss": -0.8050723721151555, "confidence": 0.6780062194861719, "mass": 0.9999996361828933, "hinge_active": 0.0, "stop_prob": 0.9999759718775749, "sampled_number_rate": 1.0, "kl": 0.0, "kl_coef": 0.05, "value_loss": 0.0}
checkpoint at step 1024 (0.9 s)
A decoder-only architecture is being used, but right-padding was detected! For correct generation results, please set `padding_side='left'` when initializing the tokenizer.
{"step": 1025, "epoch": 0, "batch_hash": 445083527, "rows": 8, "skipped": 0, "answer_accuracy": 0.875, "updates": 4, "seconds": 2.5032238960266113, "time": 1790992930.3593228, "loss": -0.885020036164487, "confidence": 0.6869342531235001, "mass": 0.9999965950012876, "hinge_active": 0.0, "stop_prob": 0.9999679252505302, "sampled_number_rate": 1.0, "kl": 0.0, "kl_coef": 0.05, "value_loss": 0.0}
A decoder-only architecture is being used, but right-padding was detected! For correct generation results, please set `padding_side='left'` when initializing the tokenizer.
{"step": 1026, "epoch": 0, "batch_hash": 814719637, "rows": 8, "skipped": 0, "answer_accuracy": 0.75, "updates": 4, "seconds": 2.4315221309661865, "time": 1790992932.7933996, "loss": -0.9174764072957561, "confidence": 0.7521155859942327, "mass": 0.9999996943224856, "hinge_active": 0.0, "stop_prob": 0.9999734833836555, "sampled_number_rate": 1.0, "kl": 0.0, "kl_coef": 0.05, "value_loss": 0.0}
A decoder-only architecture is being used, but right-padding was detected! For correct generation results, please set `padding_side='left'` when initializing the tokenizer.
{"step": 1027, "epoch": 0, "batch_hash": 263367068, "rows": 7, "skipped": 1, "answer_accuracy": 0.5714285714285714, "updates": 4, "seconds": 2.2394325733184814, "time": 1790992935.0361524, "loss": -0.9696141221638284, "confidence": 0.5569730831271112, "mass": 0.9999996350262379, "hinge_active": 0.0, "stop_prob": 0.99997649874006, "sampled_number_rate": 0.9999999999999998, "kl": 0.0, "kl_coef": 0.05, "value_loss": 0.0}
A decoder-only architecture is being used, but right-padding was detected! For correct generation results, please set `padding_side='left'` when initializing the tokenizer.
{"step": 1028, "epoch": 0, "batch_hash": 3198219321, "rows": 8, "skipped": 0, "answer_accuracy": 0.75, "updates": 4, "seconds": 2.1723098754882812, "time": 1790992937.2112265, "loss": -0.8530570319617486, "confidence": 0.6249181981777289, "mass": 0.9999998513024876, "hinge_active": 0.0, "stop_prob": 0.9999759420752525, "sampled_number_rate": 1.0, "kl": 0.0, "kl_coef": 0.05, "value_loss": 0.0}
A decoder-only architecture is being used, but right-padding was detected! For correct generation results, please set `padding_side='left'` when initializing the tokenizer.
{"step": 1029, "epoch": 0, "batch_hash": 2408362512, "rows": 8, "skipped": 0, "answer_accuracy": 0.625, "updates": 4, "seconds": 2.645848512649536, "time": 1790992939.8643732, "loss": -0.7423422060087086, "confidence": 0.7395823094250629, "mass": 0.9999999515397329, "hinge_active": 0.0, "stop_prob": 0.9999739900231361, "sampled_number_rate": 1.0, "kl": 0.0, "kl_coef": 0.05, "value_loss": 0.0}
A decoder-only architecture is being used, but right-padding was detected! For correct generation results, please set `padding_side='left'` when initializing the tokenizer.
{"step": 1030, "epoch": 0, "batch_hash": 2577946679, "rows": 8, "skipped": 0, "answer_accuracy": 0.375, "updates": 4, "seconds": 2.5982091426849365, "time": 1790992942.4657433, "loss": -0.8778242987433844, "confidence": 0.5284600643290809, "mass": 0.9999926513193617, "hinge_active": 0.0, "stop_prob": 0.999823272228241, "sampled_number_rate": 1.0, "kl": 0.0, "kl_coef": 0.05, "value_loss": 0.0}
A decoder-only architecture is being used, but right-padding was detected! For correct generation results, please set `padding_side='left'` when initializing the tokenizer.
{"step": 1031, "epoch": 0, "batch_hash": 835769256, "rows": 8, "skipped": 0, "answer_accuracy": 0.75, "updates": 4, "seconds": 2.1650683879852295, "time": 1790992944.6354795, "loss": -0.8772385993375961, "confidence": 0.6613761176979887, "mass": 0.9999998102982782, "hinge_active": 0.0, "stop_prob": 0.99997678399086, "sampled_number_rate": 1.0, "kl": 0.0, "kl_coef": 0.05, "value_loss": 0.0}
A decoder-only architecture is being used, but right-padding was detected! For correct generation results, please set `padding_side='left'` when initializing the tokenizer.
{"step": 1032, "epoch": 0, "batch_hash": 1866596529, "rows": 8, "skipped": 0, "answer_accuracy": 0.375, "updates": 4, "seconds": 2.6237094402313232, "time": 1790992947.2625206, "loss": -0.8665485948277447, "confidence": 0.56231305081376, "mass": 0.9999993571977203, "hinge_active": 0.0, "stop_prob": 0.9999770745635033, "sampled_number_rate": 1.0, "kl": 0.0, "kl_coef": 0.05, "value_loss": 0.0}
A decoder-only architecture is being used, but right-padding was detected! For correct generation results, please set `padding_side='left'` when initializing the tokenizer.
{"step": 1033, "epoch": 0, "batch_hash": 700571999, "rows": 8, "skipped": 0, "answer_accuracy": 0.625, "updates": 4, "seconds": 2.5369770526885986, "time": 1790992949.8035378, "loss": -0.8784555931457968, "confidence": 0.5279896948666174, "mass": 0.9999967633125424, "hinge_active": 0.0, "stop_prob": 0.9999656826257706, "sampled_number_rate": 1.0, "kl": 0.0, "kl_coef": 0.05, "value_loss": 0.0}
A decoder-only architecture is being used, but right-padding was detected! For correct generation results, please set `padding_side='left'` when initializing the tokenizer.
{"step": 1034, "epoch": 0, "batch_hash": 2266363649, "rows": 8, "skipped": 0, "answer_accuracy": 0.25, "updates": 4, "seconds": 2.2787349224090576, "time": 1790992952.0971124, "loss": -0.8700611112230945, "confidence": 0.45446616787992583, "mass": 0.9999996073681248, "hinge_active": 0.0, "stop_prob": 0.9999777600169182, "sampled_number_rate": 1.0, "kl": 0.0, "kl_coef": 0.05, "value_loss": 0.0}
A decoder-only architecture is being used, but right-padding was detected! For correct generation results, please set `padding_side='left'` when initializing the tokenizer.
{"step": 1035, "epoch": 0, "batch_hash": 1302258905, "rows": 7, "skipped": 1, "answer_accuracy": 1.0, "updates": 4, "seconds": 2.3433117866516113, "time": 1790992954.459895, "loss": -0.9440255219433324, "confidence": 0.8324777339422909, "mass": 0.9999995656308673, "hinge_active": 0.0, "stop_prob": 0.9999725903783526, "sampled_number_rate": 0.9999999999999998, "kl": 0.0, "kl_coef": 0.05, "value_loss": 0.0}
A decoder-only architecture is being used, but right-padding was detected! For correct generation results, please set `padding_side='left'` when initializing the tokenizer.
{"step": 1036, "epoch": 0, "batch_hash": 1814714650, "rows": 8, "skipped": 0, "answer_accuracy": 0.375, "updates": 4, "seconds": 2.275800943374634, "time": 1790992956.7383397, "loss": -0.8249853198318672, "confidence": 0.6145690238546039, "mass": 0.9999998457235956, "hinge_active": 0.0, "stop_prob": 0.9999799132347107, "sampled_number_rate": 1.0, "kl": 0.0, "kl_coef": 0.05, "value_loss": 0.0}
A decoder-only architecture is being used, but right-padding was detected! For correct generation results, please set `padding_side='left'` when initializing the tokenizer.
{"step": 1037, "epoch": 0, "batch_hash": 1163336817, "rows": 8, "skipped": 0, "answer_accuracy": 0.625, "updates": 4, "seconds": 2.3774538040161133, "time": 1790992959.1186786, "loss": -0.8696843019986182, "confidence": 0.5514856213862462, "mass": 0.9999995936367814, "hinge_active": 0.0, "stop_prob": 0.9999767988920212, "sampled_number_rate": 1.0, "kl": 0.0, "kl_coef": 0.05, "value_loss": 0.0}
A decoder-only architecture is being used, but right-padding was detected! For correct generation results, please set `padding_side='left'` when initializing the tokenizer.
{"step": 1038, "epoch": 0, "batch_hash": 3493928338, "rows": 8, "skipped": 0, "answer_accuracy": 0.75, "updates": 4, "seconds": 2.2418441772460938, "time": 1790992961.3630111, "loss": -0.8678935064728659, "confidence": 0.624217550934031, "mass": 0.9999995379586522, "hinge_active": 0.0, "stop_prob": 0.9999777525663376, "sampled_number_rate": 1.0, "kl": 0.0, "kl_coef": 0.05, "value_loss": 0.0}
A decoder-only architecture is being used, but right-padding was detected! For correct generation results, please set `padding_side='left'` when initializing the tokenizer.
{"step": 1039, "epoch": 0, "batch_hash": 2976215330, "rows": 8, "skipped": 0, "answer_accuracy": 0.375, "updates": 4, "seconds": 2.2282052040100098, "time": 1790992963.5943112, "loss": -0.8622643943041798, "confidence": 0.5810641085566852, "mass": 0.9999998111798057, "hinge_active": 0.0, "stop_prob": 0.9999785274267197, "sampled_number_rate": 1.0, "kl": 0.0, "kl_coef": 0.05, "value_loss": 0.0}
A decoder-only architecture is being used, but right-padding was detected! For correct generation results, please set `padding_side='left'` when initializing the tokenizer.
{"step": 1040, "epoch": 0, "batch_hash": 3391391903, "rows": 8, "skipped": 0, "answer_accuracy": 0.5, "updates": 4, "seconds": 3.6994688510894775, "time": 1790992967.2968051, "loss": -0.884212891495382, "confidence": 0.5734930048113598, "mass": 0.9999892302232553, "hinge_active": 0.0, "stop_prob": 0.9999678954482079, "sampled_number_rate": 1.0, "kl": 0.0, "kl_coef": 0.05, "value_loss": 0.0}
A decoder-only architecture is being used, but right-padding was detected! For correct generation results, please set `padding_side='left'` when initializing the tokenizer.
{"step": 1041, "epoch": 0, "batch_hash": 1018154696, "rows": 8, "skipped": 0, "answer_accuracy": 0.75, "updates": 4, "seconds": 2.2889580726623535, "time": 1790992969.5879335, "loss": -0.89317190190667, "confidence": 0.5213353298737672, "mass": 0.9999998196537192, "hinge_active": 0.0, "stop_prob": 0.9999804049730301, "sampled_number_rate": 1.0, "kl": 0.0, "kl_coef": 0.05, "value_loss": 0.0}
A decoder-only architecture is being used, but right-padding was detected! For correct generation results, please set `padding_side='left'` when initializing the tokenizer.
{"step": 1042, "epoch": 0, "batch_hash": 1607516513, "rows": 6, "skipped": 2, "answer_accuracy": 0.6666666666666666, "updates": 4, "seconds": 2.949967384338379, "time": 1790992972.541297, "loss": -0.8914398101191013, "confidence": 0.49269129509466536, "mass": 0.9999997434407375, "hinge_active": 0.0, "stop_prob": 0.9999752342700958, "sampled_number_rate": 0.9999999999999999, "kl": 0.0, "kl_coef": 0.05, "value_loss": 0.0}
A decoder-only architecture is being used, but right-padding was detected! For correct generation results, please set `padding_side='left'` when initializing the tokenizer.
{"step": 1043, "epoch": 0, "batch_hash": 1694733519, "rows": 8, "skipped": 0, "answer_accuracy": 0.5, "updates": 4, "seconds": 2.872044324874878, "time": 1790992975.416085, "loss": -0.9418445919995589, "confidence": 0.45971480114246827, "mass": 0.9999783239234366, "hinge_active": 0.0, "stop_prob": 0.9999557361006737, "sampled_number_rate": 1.0, "kl": 0.0, "kl_coef": 0.05, "value_loss": 0.0}
A decoder-only architecture is being used, but right-padding was detected! For correct generation results, please set `padding_side='left'` when initializing the tokenizer.
{"step": 1044, "epoch": 0, "batch_hash": 3412978821, "rows": 8, "skipped": 0, "answer_accuracy": 0.75, "updates": 4, "seconds": 2.1842424869537354, "time": 1790992977.6029081, "loss": -0.8434139476710046, "confidence": 0.6846818456287086, "mass": 0.9999998052245219, "hinge_active": 0.0, "stop_prob": 0.9999748840928078, "sampled_number_rate": 1.0, "kl": 0.0, "kl_coef": 0.05, "value_loss": 0.0}
A decoder-only architecture is being used, but right-padding was detected! For correct generation results, please set `padding_side='left'` when initializing the tokenizer.
{"step": 1045, "epoch": 0, "batch_hash": 4078675778, "rows": 8, "skipped": 0, "answer_accuracy": 0.75, "updates": 4, "seconds": 2.339557409286499, "time": 1790992979.9556208, "loss": -0.7801014755683529, "confidence": 0.7108965955240866, "mass": 0.9999996983136277, "hinge_active": 0.0, "stop_prob": 0.9999747648835182, "sampled_number_rate": 1.0, "kl": 0.0, "kl_coef": 0.05, "value_loss": 0.0}
A decoder-only architecture is being used, but right-padding was detected! For correct generation results, please set `padding_side='left'` when initializing the tokenizer.
{"step": 1046, "epoch": 0, "batch_hash": 350627190, "rows": 8, "skipped": 0, "answer_accuracy": 0.75, "updates": 4, "seconds": 2.281358242034912, "time": 1790992982.2402372, "loss": -0.8697788953991031, "confidence": 0.8207702639725679, "mass": 0.999999874959386, "hinge_active": 0.0, "stop_prob": 0.9999731481075287, "sampled_number_rate": 1.0, "kl": 0.0, "kl_coef": 0.05, "value_loss": 0.0}
A decoder-only architecture is being used, but right-padding was detected! For correct generation results, please set `padding_side='left'` when initializing the tokenizer.
{"step": 1047, "epoch": 0, "batch_hash": 2369036874, "rows": 7, "skipped": 1, "answer_accuracy": 0.5714285714285714, "updates": 4, "seconds": 2.617155075073242, "time": 1790992984.8607433, "loss": -0.7552197652191488, "confidence": 0.8650967290618385, "mass": 0.9999995101172761, "hinge_active": 0.0, "stop_prob": 0.9999713216509137, "sampled_number_rate": 0.9999999999999998, "kl": 0.0, "kl_coef": 0.05, "value_loss": 0.0}
A decoder-only architecture is being used, but right-padding was detected! For correct generation results, please set `padding_side='left'` when initializing the tokenizer.
{"step": 1048, "epoch": 0, "batch_hash": 637810792, "rows": 8, "skipped": 0, "answer_accuracy": 0.375, "updates": 4, "seconds": 2.62465238571167, "time": 1790992987.488214, "loss": -0.9064709268205202, "confidence": 0.37827519315142033, "mass": 0.9999965314366884, "hinge_active": 0.0, "stop_prob": 0.9999708011746407, "sampled_number_rate": 1.0, "kl": 0.0, "kl_coef": 0.05, "value_loss": 0.0}
A decoder-only architecture is being used, but right-padding was detected! For correct generation results, please set `padding_side='left'` when initializing the tokenizer.
{"step": 1049, "epoch": 0, "batch_hash": 2615952225, "rows": 8, "skipped": 0, "answer_accuracy": 0.625, "updates": 4, "seconds": 2.2757585048675537, "time": 1790992989.7669027, "loss": -0.850194800157245, "confidence": 0.7047059910196205, "mass": 0.9999997681850735, "hinge_active": 0.0, "stop_prob": 0.9999761506915092, "sampled_number_rate": 1.0, "kl": 0.0, "kl_coef": 0.05, "value_loss": 0.0}
A decoder-only architecture is being used, but right-padding was detected! For correct generation results, please set `padding_side='left'` when initializing the tokenizer.
{"step": 1050, "epoch": 0, "batch_hash": 2969071188, "rows": 8, "skipped": 0, "answer_accuracy": 0.625, "updates": 4, "seconds": 2.274432897567749, "time": 1790992992.0448084, "loss": -0.8918986954217439, "confidence": 0.6143648869288179, "mass": 0.9999992624484604, "hinge_active": 0.0, "stop_prob": 0.9999783411622047, "sampled_number_rate": 1.0, "kl": 0.0, "kl_coef": 0.05, "value_loss": 0.0}
A decoder-only architecture is being used, but right-padding was detected! For correct generation results, please set `padding_side='left'` when initializing the tokenizer.
{"step": 1051, "epoch": 0, "batch_hash": 2989711202, "rows": 8, "skipped": 0, "answer_accuracy": 0.625, "updates": 4, "seconds": 2.3046746253967285, "time": 1790992994.35194, "loss": -0.8499092065622311, "confidence": 0.6998441240676712, "mass": 0.9999997203454742, "hinge_active": 0.0, "stop_prob": 0.9999758079648018, "sampled_number_rate": 1.0, "kl": 0.0, "kl_coef": 0.05, "value_loss": 0.0}
A decoder-only architecture is being used, but right-padding was detected! For correct generation results, please set `padding_side='left'` when initializing the tokenizer.
{"step": 1052, "epoch": 0, "batch_hash": 1057331526, "rows": 8, "skipped": 0, "answer_accuracy": 0.625, "updates": 4, "seconds": 2.490964412689209, "time": 1790992996.8456798, "loss": -0.8528237474752205, "confidence": 0.7683590268394844, "mass": 0.9999721960477909, "hinge_active": 0.0, "stop_prob": 0.9999536573886871, "sampled_number_rate": 1.0, "kl": 0.0, "kl_coef": 0.05, "value_loss": 0.0}
A decoder-only architecture is being used, but right-padding was detected! For correct generation results, please set `padding_side='left'` when initializing the tokenizer.
{"step": 1053, "epoch": 0, "batch_hash": 1215278931, "rows": 8, "skipped": 0, "answer_accuracy": 0.875, "updates": 4, "seconds": 2.2313575744628906, "time": 1790992999.0806468, "loss": -0.9585547184781587, "confidence": 0.7688716834049033, "mass": 0.9999997370166922, "hinge_active": 0.0, "stop_prob": 0.9999720975756645, "sampled_number_rate": 1.0, "kl": 0.0, "kl_coef": 0.05, "value_loss": 0.0}
A decoder-only architecture is being used, but right-padding was detected! For correct generation results, please set `padding_side='left'` when initializing the tokenizer.
{"step": 1054, "epoch": 0, "batch_hash": 72014000, "rows": 8, "skipped": 0, "answer_accuracy": 0.75, "updates": 4, "seconds": 2.5787320137023926, "time": 1790993001.6633832, "loss": -0.9480915778817318, "confidence": 0.743810521404579, "mass": 0.9999994258232181, "hinge_active": 0.0, "stop_prob": 0.9999737814068794, "sampled_number_rate": 1.0, "kl": 0.0, "kl_coef": 0.05, "value_loss": 0.0}
A decoder-only architecture is being used, but right-padding was detected! For correct generation results, please set `padding_side='left'` when initializing the tokenizer.
{"step": 1055, "epoch": 0, "batch_hash": 1111081080, "rows": 8, "skipped": 0, "answer_accuracy": 0.625, "updates": 4, "seconds": 2.8918511867523193, "time": 1790993004.5586057, "loss": -0.8960885701864856, "confidence": 0.7059299072639896, "mass": 0.9999994874760683, "hinge_active": 0.0, "stop_prob": 0.9999726563692093, "sampled_number_rate": 1.0, "kl": 0.0, "kl_coef": 0.05, "value_loss": 0.0}
A decoder-only architecture is being used, but right-padding was detected! For correct generation results, please set `padding_side='left'` when initializing the tokenizer.
{"step": 1056, "epoch": 0, "batch_hash": 3445448898, "rows": 8, "skipped": 0, "answer_accuracy": 0.75, "updates": 4, "seconds": 2.4100043773651123, "time": 1790993006.9711938, "loss": -0.8790527148976806, "confidence": 0.6645308933963044, "mass": 0.9999997405224709, "hinge_active": 0.0, "stop_prob": 0.9999741688370705, "sampled_number_rate": 1.0, "kl": 0.0, "kl_coef": 0.05, "value_loss": 0.0}
checkpoint at step 1056 (0.9 s)
A decoder-only architecture is being used, but right-padding was detected! For correct generation results, please set `padding_side='left'` when initializing the tokenizer.
{"step": 1057, "epoch": 0, "batch_hash": 1559323043, "rows": 8, "skipped": 0, "answer_accuracy": 0.625, "updates": 4, "seconds": 2.2312400341033936, "time": 1790993010.0743496, "loss": -0.8502418686788272, "confidence": 0.8090289878057317, "mass": 0.999999689649717, "hinge_active": 0.0, "stop_prob": 0.9999712854623795, "sampled_number_rate": 1.0, "kl": 0.0, "kl_coef": 0.05, "value_loss": 0.0}
A decoder-only architecture is being used, but right-padding was detected! For correct generation results, please set `padding_side='left'` when initializing the tokenizer.
{"step": 1058, "epoch": 0, "batch_hash": 2421531655, "rows": 8, "skipped": 0, "answer_accuracy": 0.5, "updates": 4, "seconds": 2.393319845199585, "time": 1790993012.4698226, "loss": -0.9600364253270957, "confidence": 0.5084011369296499, "mass": 0.9999995689703992, "hinge_active": 0.0, "stop_prob": 0.9999743774533272, "sampled_number_rate": 1.0, "kl": 0.0, "kl_coef": 0.05, "value_loss": 0.0}
A decoder-only architecture is being used, but right-padding was detected! For correct generation results, please set `padding_side='left'` when initializing the tokenizer.
{"step": 1059, "epoch": 0, "batch_hash": 3925023726, "rows": 8, "skipped": 0, "answer_accuracy": 0.875, "updates": 4, "seconds": 2.3043158054351807, "time": 1790993014.7785714, "loss": -0.9208385324172546, "confidence": 0.8499383148547902, "mass": 0.9999998451472288, "hinge_active": 0.0, "stop_prob": 0.9999710395932198, "sampled_number_rate": 1.0, "kl": 0.0, "kl_coef": 0.05, "value_loss": 0.0}
A decoder-only architecture is being used, but right-padding was detected! For correct generation results, please set `padding_side='left'` when initializing the tokenizer.
{"step": 1060, "epoch": 0, "batch_hash": 4208397144, "rows": 8, "skipped": 0, "answer_accuracy": 0.625, "updates": 4, "seconds": 2.3285648822784424, "time": 1790993017.1105797, "loss": -0.8216253847933901, "confidence": 0.6145008464272446, "mass": 0.9999995476918014, "hinge_active": 0.0, "stop_prob": 0.9999770671129227, "sampled_number_rate": 1.0, "kl": 0.0, "kl_coef": 0.05, "value_loss": 0.0}
A decoder-only architecture is being used, but right-padding was detected! For correct generation results, please set `padding_side='left'` when initializing the tokenizer.
{"step": 1061, "epoch": 0, "batch_hash": 1760096309, "rows": 8, "skipped": 0, "answer_accuracy": 0.5, "updates": 4, "seconds": 2.7411670684814453, "time": 1790993019.8569343, "loss": -0.9229456466252293, "confidence": 0.6024580038041885, "mass": 0.999995994098318, "hinge_active": 0.0, "stop_prob": 0.999975211918354, "sampled_number_rate": 1.0, "kl": 0.0, "kl_coef": 0.05, "value_loss": 0.0}
A decoder-only architecture is being used, but right-padding was detected! For correct generation results, please set `padding_side='left'` when initializing the tokenizer.
{"step": 1062, "epoch": 0, "batch_hash": 2304645590, "rows": 8, "skipped": 0, "answer_accuracy": 0.5, "updates": 4, "seconds": 2.329955577850342, "time": 1790993022.1891196, "loss": -0.8381850478227776, "confidence": 0.701486224637204, "mass": 0.9999998717057557, "hinge_active": 0.0, "stop_prob": 0.9999765604734421, "sampled_number_rate": 1.0, "kl": 0.0, "kl_coef": 0.05, "value_loss": 0.0}
A decoder-only architecture is being used, but right-padding was detected! For correct generation results, please set `padding_side='left'` when initializing the tokenizer.
{"step": 1063, "epoch": 0, "batch_hash": 2742738087, "rows": 8, "skipped": 0, "answer_accuracy": 0.625, "updates": 4, "seconds": 2.388620376586914, "time": 1790993024.5799167, "loss": -0.8659263349094948, "confidence": 0.5073546918784199, "mass": 0.9999987155959827, "hinge_active": 0.0, "stop_prob": 0.9999758377671242, "sampled_number_rate": 1.0, "kl": 0.0, "kl_coef": 0.05, "value_loss": 0.0}
A decoder-only architecture is being used, but right-padding was detected! For correct generation results, please set `padding_side='left'` when initializing the tokenizer.
{"step": 1064, "epoch": 0, "batch_hash": 2346923804, "rows": 7, "skipped": 1, "answer_accuracy": 0.42857142857142855, "updates": 4, "seconds": 4.925917387008667, "time": 1790993029.508234, "loss": -0.6314728534422154, "confidence": 0.5050134284299088, "mass": 0.9999994521760271, "hinge_active": 0.0, "stop_prob": 0.9999783294541496, "sampled_number_rate": 0.9999999999999998, "kl": 0.0, "kl_coef": 0.05, "value_loss": 0.0}
A decoder-only architecture is being used, but right-padding was detected! For correct generation results, please set `padding_side='left'` when initializing the tokenizer.
{"step": 1065, "epoch": 0, "batch_hash": 3491824123, "rows": 8, "skipped": 0, "answer_accuracy": 0.75, "updates": 4, "seconds": 2.319727897644043, "time": 1790993031.904923, "loss": -0.8895733677478992, "confidence": 0.6502251656217497, "mass": 0.9999995686486813, "hinge_active": 0.0, "stop_prob": 0.9999753460288048, "sampled_number_rate": 1.0, "kl": 0.0, "kl_coef": 0.05, "value_loss": 0.0}
A decoder-only architecture is being used, but right-padding was detected! For correct generation results, please set `padding_side='left'` when initializing the tokenizer.
{"step": 1066, "epoch": 0, "batch_hash": 3729976320, "rows": 8, "skipped": 0, "answer_accuracy": 0.875, "updates": 4, "seconds": 2.208768367767334, "time": 1790993034.1248364, "loss": -0.9233412030967377, "confidence": 0.706013210037067, "mass": 0.9999997459254453, "hinge_active": 0.0, "stop_prob": 0.9999770745635033, "sampled_number_rate": 1.0, "kl": 0.0, "kl_coef": 0.05, "value_loss": 0.0}
A decoder-only architecture is being used, but right-padding was detected! For correct generation results, please set `padding_side='left'` when initializing the tokenizer.
{"step": 1067, "epoch": 0, "batch_hash": 1434374414, "rows": 8, "skipped": 0, "answer_accuracy": 0.75, "updates": 4, "seconds": 2.1892271041870117, "time": 1790993036.317145, "loss": -0.7803357129839696, "confidence": 0.4052248020178915, "mass": 0.9999997968319638, "hinge_active": 0.0, "stop_prob": 0.9999809563159943, "sampled_number_rate": 1.0, "kl": 0.0, "kl_coef": 0.05, "value_loss": 0.0}
A decoder-only architecture is being used, but right-padding was detected! For correct generation results, please set `padding_side='left'` when initializing the tokenizer.
{"step": 1068, "epoch": 0, "batch_hash": 680780392, "rows": 8, "skipped": 0, "answer_accuracy": 0.875, "updates": 4, "seconds": 2.1846370697021484, "time": 1790993038.5049133, "loss": -0.8750130222891621, "confidence": 0.6540242636457204, "mass": 0.9999996685501817, "hinge_active": 0.0, "stop_prob": 0.9999756217002869, "sampled_number_rate": 1.0, "kl": 0.0, "kl_coef": 0.05, "value_loss": 0.0}
A decoder-only architecture is being used, but right-padding was detected! For correct generation results, please set `padding_side='left'` when initializing the tokenizer.
{"step": 1069, "epoch": 0, "batch_hash": 2871791238, "rows": 7, "skipped": 1, "answer_accuracy": 0.7142857142857143, "updates": 4, "seconds": 2.0886311531066895, "time": 1790993040.6083655, "loss": -0.801671727878127, "confidence": 0.7201586277305534, "mass": 0.9999998369192247, "hinge_active": 0.0, "stop_prob": 0.9999752555574689, "sampled_number_rate": 0.9999999999999998, "kl": 0.0, "kl_coef": 0.05, "value_loss": 0.0}
A decoder-only architecture is being used, but right-padding was detected! For correct generation results, please set `padding_side='left'` when initializing the tokenizer.
{"step": 1070, "epoch": 0, "batch_hash": 2567958684, "rows": 8, "skipped": 0, "answer_accuracy": 0.625, "updates": 4, "seconds": 2.2600905895233154, "time": 1790993042.8760438, "loss": -0.8273334447041685, "confidence": 0.7171058365578549, "mass": 0.9999998181144756, "hinge_active": 0.0, "stop_prob": 0.999978244304657, "sampled_number_rate": 1.0, "kl": 0.0, "kl_coef": 0.05, "value_loss": 0.0}
A decoder-only architecture is being used, but right-padding was detected! For correct generation results, please set `padding_side='left'` when initializing the tokenizer.
{"step": 1071, "epoch": 0, "batch_hash": 63633014, "rows": 8, "skipped": 0, "answer_accuracy": 0.75, "updates": 4, "seconds": 2.350719451904297, "time": 1790993045.2315032, "loss": -0.9110829088245613, "confidence": 0.624961957505726, "mass": 0.9999998412738925, "hinge_active": 0.0, "stop_prob": 0.9999762997031212, "sampled_number_rate": 1.0, "kl": 0.0, "kl_coef": 0.05, "value_loss": 0.0}
A decoder-only architecture is being used, but right-padding was detected! For correct generation results, please set `padding_side='left'` when initializing the tokenizer.
{"step": 1072, "epoch": 0, "batch_hash": 1896817675, "rows": 8, "skipped": 0, "answer_accuracy": 1.0, "updates": 4, "seconds": 2.2175955772399902, "time": 1790993047.4516432, "loss": -0.9474452834309096, "confidence": 0.8378299423922505, "mass": 0.9999997848021371, "hinge_active": 0.0, "stop_prob": 0.9999727755784988, "sampled_number_rate": 1.0, "kl": 0.0, "kl_coef": 0.05, "value_loss": 0.0}
A decoder-only architecture is being used, but right-padding was detected! For correct generation results, please set `padding_side='left'` when initializing the tokenizer.
{"step": 1073, "epoch": 0, "batch_hash": 3967077117, "rows": 8, "skipped": 0, "answer_accuracy": 0.75, "updates": 4, "seconds": 2.658285140991211, "time": 1790993050.1128428, "loss": -0.941664906172948, "confidence": 0.7252064703185166, "mass": 0.9999997543640384, "hinge_active": 0.0, "stop_prob": 0.9999716579914093, "sampled_number_rate": 1.0, "kl": 0.0, "kl_coef": 0.05, "value_loss": 0.0}
A decoder-only architecture is being used, but right-padding was detected! For correct generation results, please set `padding_side='left'` when initializing the tokenizer.
{"step": 1074, "epoch": 0, "batch_hash": 763118495, "rows": 8, "skipped": 0, "answer_accuracy": 0.5, "updates": 4, "seconds": 2.2762444019317627, "time": 1790993052.4051752, "loss": -0.8465568298244093, "confidence": 0.5573976525975213, "mass": 0.9999998356144753, "hinge_active": 0.0, "stop_prob": 0.999979205429554, "sampled_number_rate": 1.0, "kl": 0.0, "kl_coef": 0.05, "value_loss": 0.0}
A decoder-only architecture is being used, but right-padding was detected! For correct generation results, please set `padding_side='left'` when initializing the tokenizer.
{"step": 1075, "epoch": 0, "batch_hash": 3260234956, "rows": 8, "skipped": 0, "answer_accuracy": 0.75, "updates": 4, "seconds": 2.3098368644714355, "time": 1790993054.725092, "loss": -0.8793103706582601, "confidence": 0.757229280520376, "mass": 0.9999997440301625, "hinge_active": 0.0, "stop_prob": 0.9999730139970779, "sampled_number_rate": 1.0, "kl": 0.0, "kl_coef": 0.05, "value_loss": 0.0}
A decoder-only architecture is being used, but right-padding was detected! For correct generation results, please set `padding_side='left'` when initializing the tokenizer.
{"step": 1076, "epoch": 0, "batch_hash": 1637631854, "rows": 8, "skipped": 0, "answer_accuracy": 0.875, "updates": 4, "seconds": 2.304002046585083, "time": 1790993057.0313296, "loss": -0.9443526404977487, "confidence": 0.8374778856098407, "mass": 0.9999996204579943, "hinge_active": 0.0, "stop_prob": 0.9999737590551376, "sampled_number_rate": 1.0, "kl": 0.0, "kl_coef": 0.05, "value_loss": 0.0}
A decoder-only architecture is being used, but right-padding was detected! For correct generation results, please set `padding_side='left'` when initializing the tokenizer.
{"step": 1077, "epoch": 0, "batch_hash": 125927161, "rows": 8, "skipped": 0, "answer_accuracy": 0.75, "updates": 4, "seconds": 2.3057072162628174, "time": 1790993059.3395128, "loss": -0.8313295801250727, "confidence": 0.7000018408151569, "mass": 0.999999734748322, "hinge_active": 0.0, "stop_prob": 0.9999740645289421, "sampled_number_rate": 1.0, "kl": 0.0, "kl_coef": 0.05, "value_loss": 0.0}
A decoder-only architecture is being used, but right-padding was detected! For correct generation results, please set `padding_side='left'` when initializing the tokenizer.
{"step": 1078, "epoch": 0, "batch_hash": 1320975802, "rows": 8, "skipped": 0, "answer_accuracy": 0.375, "updates": 4, "seconds": 2.263788938522339, "time": 1790993061.6055052, "loss": -0.8068052126556166, "confidence": 0.6775342851864561, "mass": 0.9999998182338155, "hinge_active": 0.0, "stop_prob": 0.9999765604734421, "sampled_number_rate": 1.0, "kl": 0.0, "kl_coef": 0.05, "value_loss": 0.0}
A decoder-only architecture is being used, but right-padding was detected! For correct generation results, please set `padding_side='left'` when initializing the tokenizer.
{"step": 1079, "epoch": 0, "batch_hash": 2020995167, "rows": 8, "skipped": 0, "answer_accuracy": 0.375, "updates": 4, "seconds": 2.806450843811035, "time": 1790993064.421591, "loss": -0.8178646315231628, "confidence": 0.6645595545122702, "mass": 0.999999726196445, "hinge_active": 0.0, "stop_prob": 0.9999731630086899, "sampled_number_rate": 1.0, "kl": 0.0, "kl_coef": 0.05, "value_loss": 0.0}
A decoder-only architecture is being used, but right-padding was detected! For correct generation results, please set `padding_side='left'` when initializing the tokenizer.
{"step": 1080, "epoch": 0, "batch_hash": 74275905, "rows": 7, "skipped": 1, "answer_accuracy": 0.8571428571428571, "updates": 4, "seconds": 3.1516051292419434, "time": 1790993067.5754023, "loss": -0.950291803959244, "confidence": 0.8322873929296599, "mass": 0.999999910596245, "hinge_active": 0.0, "stop_prob": 0.999973978315081, "sampled_number_rate": 0.9999999999999998, "kl": 0.0, "kl_coef": 0.05, "value_loss": 0.0}
A decoder-only architecture is being used, but right-padding was detected! For correct generation results, please set `padding_side='left'` when initializing the tokenizer.
{"step": 1081, "epoch": 0, "batch_hash": 239287844, "rows": 8, "skipped": 0, "answer_accuracy": 0.375, "updates": 4, "seconds": 2.4135184288024902, "time": 1790993069.9914145, "loss": -0.7825870585973282, "confidence": 0.6360615087319414, "mass": 0.9999997143956341, "hinge_active": 0.0, "stop_prob": 0.9999771192669868, "sampled_number_rate": 1.0, "kl": 0.0, "kl_coef": 0.05, "value_loss": 0.0}
A decoder-only architecture is being used, but right-padding was detected! For correct generation results, please set `padding_side='left'` when initializing the tokenizer.
{"step": 1082, "epoch": 0, "batch_hash": 3453154692, "rows": 8, "skipped": 0, "answer_accuracy": 0.875, "updates": 4, "seconds": 2.236341714859009, "time": 1790993072.2302253, "loss": -0.9345938892238944, "confidence": 0.7067904691990452, "mass": 0.9999998962877468, "hinge_active": 0.0, "stop_prob": 0.9999738931655884, "sampled_number_rate": 1.0, "kl": 0.0, "kl_coef": 0.05, "value_loss": 0.0}
A decoder-only architecture is being used, but right-padding was detected! For correct generation results, please set `padding_side='left'` when initializing the tokenizer.
{"step": 1083, "epoch": 0, "batch_hash": 4208731830, "rows": 7, "skipped": 1, "answer_accuracy": 0.5714285714285714, "updates": 4, "seconds": 2.1638827323913574, "time": 1790993074.3966007, "loss": -0.8675135511840313, "confidence": 0.6381197706508266, "mass": 0.9999998006928408, "hinge_active": 0.0, "stop_prob": 0.9999767797333854, "sampled_number_rate": 0.9999999999999998, "kl": 0.0, "kl_coef": 0.05, "value_loss": 0.0}
A decoder-only architecture is being used, but right-padding was detected! For correct generation results, please set `padding_side='left'` when initializing the tokenizer.
{"step": 1084, "epoch": 0, "batch_hash": 186983471, "rows": 8, "skipped": 0, "answer_accuracy": 0.625, "updates": 4, "seconds": 2.665898323059082, "time": 1790993077.0811884, "loss": -0.6965841129290532, "confidence": 0.48194872583619924, "mass": 0.999999230168051, "hinge_active": 0.0, "stop_prob": 0.9999694228172302, "sampled_number_rate": 1.0, "kl": 0.0, "kl_coef": 0.05, "value_loss": 0.0}
A decoder-only architecture is being used, but right-padding was detected! For correct generation results, please set `padding_side='left'` when initializing the tokenizer.
{"step": 1085, "epoch": 0, "batch_hash": 3117884596, "rows": 8, "skipped": 0, "answer_accuracy": 0.375, "updates": 4, "seconds": 2.4536733627319336, "time": 1790993079.5375235, "loss": -0.9308814648708423, "confidence": 0.32743267745549337, "mass": 0.9999998093695909, "hinge_active": 0.0, "stop_prob": 0.9999826177954674, "sampled_number_rate": 1.0, "kl": 0.0, "kl_coef": 0.05, "value_loss": 0.0}
A decoder-only architecture is being used, but right-padding was detected! For correct generation results, please set `padding_side='left'` when initializing the tokenizer.
{"step": 1086, "epoch": 0, "batch_hash": 3773888476, "rows": 8, "skipped": 0, "answer_accuracy": 0.75, "updates": 4, "seconds": 2.317692995071411, "time": 1790993081.8585076, "loss": -0.8937791980545349, "confidence": 0.5979430667422544, "mass": 0.9999997751521645, "hinge_active": 0.0, "stop_prob": 0.9999790489673615, "sampled_number_rate": 1.0, "kl": 0.0, "kl_coef": 0.05, "value_loss": 0.0}
A decoder-only architecture is being used, but right-padding was detected! For correct generation results, please set `padding_side='left'` when initializing the tokenizer.
{"step": 1087, "epoch": 0, "batch_hash": 1093648038, "rows": 8, "skipped": 0, "answer_accuracy": 0.75, "updates": 4, "seconds": 2.3127682209014893, "time": 1790993084.173612, "loss": -0.8365639810937882, "confidence": 0.5875915471100994, "mass": 0.999999870781681, "hinge_active": 0.0, "stop_prob": 0.9999765008687973, "sampled_number_rate": 1.0, "kl": 0.0, "kl_coef": 0.05, "value_loss": 0.0}
A decoder-only architecture is being used, but right-padding was detected! For correct generation results, please set `padding_side='left'` when initializing the tokenizer.
{"step": 1088, "epoch": 0, "batch_hash": 1057947679, "rows": 8, "skipped": 0, "answer_accuracy": 0.75, "updates": 4, "seconds": 2.99272084236145, "time": 1790993087.1692467, "loss": -0.9293606293133396, "confidence": 0.6595037803231244, "mass": 0.9999996736357432, "hinge_active": 0.0, "stop_prob": 0.9999727308750153, "sampled_number_rate": 1.0, "kl": 0.0, "kl_coef": 0.05, "value_loss": 0.0}
checkpoint at step 1088 (0.9 s)
A decoder-only architecture is being used, but right-padding was detected! For correct generation results, please set `padding_side='left'` when initializing the tokenizer.
{"step": 1089, "epoch": 0, "batch_hash": 3549832488, "rows": 8, "skipped": 0, "answer_accuracy": 0.75, "updates": 4, "seconds": 2.22038197517395, "time": 1790993090.3350213, "loss": -0.9262513027537069, "confidence": 0.7121851394175128, "mass": 0.9999998727492339, "hinge_active": 0.0, "stop_prob": 0.9999756962060928, "sampled_number_rate": 1.0, "kl": 0.0, "kl_coef": 0.05, "value_loss": 0.0}
A decoder-only architecture is being used, but right-padding was detected! For correct generation results, please set `padding_side='left'` when initializing the tokenizer.
{"step": 1090, "epoch": 0, "batch_hash": 355569881, "rows": 8, "skipped": 0, "answer_accuracy": 0.625, "updates": 4, "seconds": 2.2294211387634277, "time": 1790993092.5669138, "loss": -0.8885963853277781, "confidence": 0.49726962314596623, "mass": 0.9999998406445632, "hinge_active": 0.0, "stop_prob": 0.999976322054863, "sampled_number_rate": 1.0, "kl": 0.0, "kl_coef": 0.05, "value_loss": 0.0}
A decoder-only architecture is being used, but right-padding was detected! For correct generation results, please set `padding_side='left'` when initializing the tokenizer.
{"step": 1091, "epoch": 0, "batch_hash": 114748542, "rows": 8, "skipped": 0, "answer_accuracy": 0.875, "updates": 4, "seconds": 2.421217441558838, "time": 1790993094.99205, "loss": -0.9026912163836867, "confidence": 0.6860192273320705, "mass": 0.9999996468049122, "hinge_active": 0.0, "stop_prob": 0.9999749287962914, "sampled_number_rate": 1.0, "kl": 0.0, "kl_coef": 0.05, "value_loss": 0.0}
A decoder-only architecture is being used, but right-padding was detected! For correct generation results, please set `padding_side='left'` when initializing the tokenizer.
{"step": 1092, "epoch": 0, "batch_hash": 3697677948, "rows": 8, "skipped": 0, "answer_accuracy": 0.875, "updates": 4, "seconds": 2.3411262035369873, "time": 1790993097.336659, "loss": -0.8711951567231954, "confidence": 0.6274145723955374, "mass": 0.9999997767723927, "hinge_active": 0.0, "stop_prob": 0.99997428804636, "sampled_number_rate": 1.0, "kl": 0.0, "kl_coef": 0.05, "value_loss": 0.0}
A decoder-only architecture is being used, but right-padding was detected! For correct generation results, please set `padding_side='left'` when initializing the tokenizer.
{"step": 1093, "epoch": 0, "batch_hash": 1166925311, "rows": 8, "skipped": 0, "answer_accuracy": 0.75, "updates": 4, "seconds": 2.2658348083496094, "time": 1790993099.6052446, "loss": -0.9449727381768335, "confidence": 0.6638368858116428, "mass": 0.9999996919017002, "hinge_active": 0.0, "stop_prob": 0.9999730065464973, "sampled_number_rate": 1.0, "kl": 0.0, "kl_coef": 0.05, "value_loss": 0.0}
A decoder-only architecture is being used, but right-padding was detected! For correct generation results, please set `padding_side='left'` when initializing the tokenizer.
{"step": 1094, "epoch": 0, "batch_hash": 1017947025, "rows": 8, "skipped": 0, "answer_accuracy": 0.625, "updates": 4, "seconds": 2.815089225769043, "time": 1790993102.432447, "loss": -0.8597357069207447, "confidence": 0.6010287114568036, "mass": 0.9999998722579495, "hinge_active": 0.0, "stop_prob": 0.9999742731451988, "sampled_number_rate": 1.0, "kl": 0.0, "kl_coef": 0.05, "value_loss": 0.0}
A decoder-only architecture is being used, but right-padding was detected! For correct generation results, please set `padding_side='left'` when initializing the tokenizer.
{"step": 1095, "epoch": 0, "batch_hash": 2225061920, "rows": 8, "skipped": 0, "answer_accuracy": 1.0, "updates": 4, "seconds": 2.2235758304595947, "time": 1790993104.65906, "loss": -0.9617600004896442, "confidence": 0.8777837659031092, "mass": 0.9999996443710074, "hinge_active": 0.0, "stop_prob": 0.9999721273779869, "sampled_number_rate": 1.0, "kl": 0.0, "kl_coef": 0.05, "value_loss": 0.0}
A decoder-only architecture is being used, but right-padding was detected! For correct generation results, please set `padding_side='left'` when initializing the tokenizer.
{"step": 1096, "epoch": 0, "batch_hash": 1788497380, "rows": 8, "skipped": 0, "answer_accuracy": 0.5, "updates": 4, "seconds": 2.596421718597412, "time": 1790993107.2617264, "loss": -0.8424881874028657, "confidence": 0.6914921147334198, "mass": 0.999998814014545, "hinge_active": 0.0, "stop_prob": 0.9999722838401794, "sampled_number_rate": 1.0, "kl": 0.0, "kl_coef": 0.05, "value_loss": 0.0}
A decoder-only architecture is being used, but right-padding was detected! For correct generation results, please set `padding_side='left'` when initializing the tokenizer.
{"step": 1097, "epoch": 0, "batch_hash": 3914893732, "rows": 8, "skipped": 0, "answer_accuracy": 0.75, "updates": 4, "seconds": 2.323554039001465, "time": 1790993109.5881684, "loss": -0.8926195723186549, "confidence": 0.7438648690458112, "mass": 0.9999997966080125, "hinge_active": 0.0, "stop_prob": 0.9999758675694466, "sampled_number_rate": 1.0, "kl": 0.0, "kl_coef": 0.05, "value_loss": 0.0}
A decoder-only architecture is being used, but right-padding was detected! For correct generation results, please set `padding_side='left'` when initializing the tokenizer.
{"step": 1098, "epoch": 0, "batch_hash": 1117935741, "rows": 8, "skipped": 0, "answer_accuracy": 0.625, "updates": 4, "seconds": 2.263715982437134, "time": 1790993111.8543358, "loss": -0.9046084577386047, "confidence": 0.7390614676591536, "mass": 0.9999998361852522, "hinge_active": 0.0, "stop_prob": 0.9999760314822197, "sampled_number_rate": 1.0, "kl": 0.0, "kl_coef": 0.05, "value_loss": 0.0}
A decoder-only architecture is being used, but right-padding was detected! For correct generation results, please set `padding_side='left'` when initializing the tokenizer.
{"step": 1099, "epoch": 0, "batch_hash": 1513813764, "rows": 8, "skipped": 0, "answer_accuracy": 0.75, "updates": 4, "seconds": 2.5630123615264893, "time": 1790993114.4196746, "loss": -0.9508330872468201, "confidence": 0.7500001681920814, "mass": 0.9999996224038245, "hinge_active": 0.0, "stop_prob": 0.9999734610319138, "sampled_number_rate": 1.0, "kl": 0.0, "kl_coef": 0.05, "value_loss": 0.0}
A decoder-only architecture is being used, but right-padding was detected! For correct generation results, please set `padding_side='left'` when initializing the tokenizer.
{"step": 1100, "epoch": 0, "batch_hash": 1715010983, "rows": 8, "skipped": 0, "answer_accuracy": 0.875, "updates": 4, "seconds": 2.190887928009033, "time": 1790993116.613395, "loss": -0.9130882329945776, "confidence": 0.8727398501490454, "mass": 0.9999996537520361, "hinge_active": 0.0, "stop_prob": 0.9999691769480705, "sampled_number_rate": 1.0, "kl": 0.0, "kl_coef": 0.05, "value_loss": 0.0}
A decoder-only architecture is being used, but right-padding was detected! For correct generation results, please set `padding_side='left'` when initializing the tokenizer.
{"step": 1101, "epoch": 0, "batch_hash": 4019509819, "rows": 8, "skipped": 0, "answer_accuracy": 0.75, "updates": 4, "seconds": 2.530977725982666, "time": 1790993119.1481483, "loss": -0.872081521401293, "confidence": 0.7500677559528564, "mass": 0.9999985445847678, "hinge_active": 0.0, "stop_prob": 0.9999698773026466, "sampled_number_rate": 1.0, "kl": 0.0, "kl_coef": 0.05, "value_loss": 0.0}
A decoder-only architecture is being used, but right-padding was detected! For correct generation results, please set `padding_side='left'` when initializing the tokenizer.
{"step": 1102, "epoch": 0, "batch_hash": 2221892255, "rows": 8, "skipped": 0, "answer_accuracy": 0.5, "updates": 4, "seconds": 2.214735507965088, "time": 1790993121.366062, "loss": -0.9107684835531872, "confidence": 0.6388732001678514, "mass": 0.9999998019790819, "hinge_active": 0.0, "stop_prob": 0.9999755471944809, "sampled_number_rate": 1.0, "kl": 0.0, "kl_coef": 0.05, "value_loss": 0.0}
A decoder-only architecture is being used, but right-padding was detected! For correct generation results, please set `padding_side='left'` when initializing the tokenizer.
{"step": 1103, "epoch": 0, "batch_hash": 1383853755, "rows": 7, "skipped": 1, "answer_accuracy": 0.7142857142857143, "updates": 4, "seconds": 13.263154745101929, "time": 1790993134.6332958, "loss": -0.92961335696087, "confidence": 0.6887898780693253, "mass": 0.9999996937579578, "hinge_active": 0.0, "stop_prob": 0.9999755620956421, "sampled_number_rate": 0.9999999999999998, "kl": 0.0, "kl_coef": 0.05, "value_loss": 0.0}
A decoder-only architecture is being used, but right-padding was detected! For correct generation results, please set `padding_side='left'` when initializing the tokenizer.
{"step": 1104, "epoch": 0, "batch_hash": 2175754199, "rows": 8, "skipped": 0, "answer_accuracy": 0.75, "updates": 4, "seconds": 2.4351303577423096, "time": 1790993137.0711114, "loss": -0.9516749877778103, "confidence": 0.7221970200008836, "mass": 0.9999994128793924, "hinge_active": 0.0, "stop_prob": 0.9999744221568108, "sampled_number_rate": 1.0, "kl": 0.0, "kl_coef": 0.05, "value_loss": 0.0}
A decoder-only architecture is being used, but right-padding was detected! For correct generation results, please set `padding_side='left'` when initializing the tokenizer.
{"step": 1105, "epoch": 0, "batch_hash": 3992575949, "rows": 8, "skipped": 0, "answer_accuracy": 0.75, "updates": 4, "seconds": 2.3022594451904297, "time": 1790993139.418073, "loss": -0.8950906192829184, "confidence": 0.7470883408178615, "mass": 0.9999996626611908, "hinge_active": 0.0, "stop_prob": 0.9999732151627541, "sampled_number_rate": 1.0, "kl": 0.0, "kl_coef": 0.05, "value_loss": 0.0}
A decoder-only architecture is being used, but right-padding was detected! For correct generation results, please set `padding_side='left'` when initializing the tokenizer.
{"step": 1106, "epoch": 0, "batch_hash": 1043362754, "rows": 8, "skipped": 0, "answer_accuracy": 0.5, "updates": 4, "seconds": 2.2785146236419678, "time": 1790993141.699449, "loss": -0.859091006713068, "confidence": 0.5949650325717283, "mass": 0.9999998166500227, "hinge_active": 0.0, "stop_prob": 0.9999762177467346, "sampled_number_rate": 1.0, "kl": 0.0, "kl_coef": 0.05, "value_loss": 0.0}
A decoder-only architecture is being used, but right-padding was detected! For correct generation results, please set `padding_side='left'` when initializing the tokenizer.
{"step": 1107, "epoch": 0, "batch_hash": 4066163406, "rows": 8, "skipped": 0, "answer_accuracy": 0.5, "updates": 4, "seconds": 2.3176887035369873, "time": 1790993144.0332584, "loss": -0.8672950754522961, "confidence": 0.7114947259803542, "mass": 0.9999998583253981, "hinge_active": 0.0, "stop_prob": 0.9999728128314018, "sampled_number_rate": 1.0, "kl": 0.0, "kl_coef": 0.05, "value_loss": 0.0}
A decoder-only architecture is being used, but right-padding was detected! For correct generation results, please set `padding_side='left'` when initializing the tokenizer.
{"step": 1108, "epoch": 0, "batch_hash": 3395194659, "rows": 8, "skipped": 0, "answer_accuracy": 0.5, "updates": 4, "seconds": 2.314013957977295, "time": 1790993146.349686, "loss": -0.8960502579163191, "confidence": 0.5008620398764855, "mass": 0.9999996788578849, "hinge_active": 0.0, "stop_prob": 0.9999767616391182, "sampled_number_rate": 1.0, "kl": 0.0, "kl_coef": 0.05, "value_loss": 0.0}
A decoder-only architecture is being used, but right-padding was detected! For correct generation results, please set `padding_side='left'` when initializing the tokenizer.
{"step": 1109, "epoch": 0, "batch_hash": 520364427, "rows": 8, "skipped": 0, "answer_accuracy": 0.375, "updates": 4, "seconds": 2.24110746383667, "time": 1790993148.5937226, "loss": -0.8398274060262918, "confidence": 0.6227951984591769, "mass": 0.999999680121413, "hinge_active": 0.0, "stop_prob": 0.9999771565198898, "sampled_number_rate": 1.0, "kl": 0.0, "kl_coef": 0.05, "value_loss": 0.0}
A decoder-only architecture is being used, but right-padding was detected! For correct generation results, please set `padding_side='left'` when initializing the tokenizer.
{"step": 1110, "epoch": 0, "batch_hash": 4249110164, "rows": 8, "skipped": 0, "answer_accuracy": 0.5, "updates": 4, "seconds": 2.279449701309204, "time": 1790993150.877072, "loss": -0.8875339443891234, "confidence": 0.6485963268327825, "mass": 0.999999733094084, "hinge_active": 0.0, "stop_prob": 0.9999754652380943, "sampled_number_rate": 1.0, "kl": 0.0, "kl_coef": 0.05, "value_loss": 0.0}
A decoder-only architecture is being used, but right-padding was detected! For correct generation results, please set `padding_side='left'` when initializing the tokenizer.
{"step": 1111, "epoch": 0, "batch_hash": 593944249, "rows": 8, "skipped": 0, "answer_accuracy": 0.625, "updates": 4, "seconds": 2.18483304977417, "time": 1790993153.0643704, "loss": -0.9329537516471413, "confidence": 0.6109098670841997, "mass": 0.9999999623863868, "hinge_active": 0.0, "stop_prob": 0.9999759420752525, "sampled_number_rate": 1.0, "kl": 0.0, "kl_coef": 0.05, "value_loss": 0.0}
A decoder-only architecture is being used, but right-padding was detected! For correct generation results, please set `padding_side='left'` when initializing the tokenizer.
{"step": 1112, "epoch": 0, "batch_hash": 1622729382, "rows": 8, "skipped": 0, "answer_accuracy": 0.75, "updates": 4, "seconds": 2.2738823890686035, "time": 1790993155.3404515, "loss": -0.8869393493253581, "confidence": 0.7976349162587854, "mass": 0.9999996813879886, "hinge_active": 0.0, "stop_prob": 0.9999743327498436, "sampled_number_rate": 1.0, "kl": 0.0, "kl_coef": 0.05, "value_loss": 0.0}
A decoder-only architecture is being used, but right-padding was detected! For correct generation results, please set `padding_side='left'` when initializing the tokenizer.
{"step": 1113, "epoch": 0, "batch_hash": 1201660551, "rows": 8, "skipped": 0, "answer_accuracy": 0.5, "updates": 4, "seconds": 2.188213348388672, "time": 1790993157.530905, "loss": -0.9213609853314224, "confidence": 0.5239843688011828, "mass": 0.9999995569610383, "hinge_active": 0.0, "stop_prob": 0.9999778717756271, "sampled_number_rate": 1.0, "kl": 0.0, "kl_coef": 0.05, "value_loss": 0.0}
A decoder-only architecture is being used, but right-padding was detected! For correct generation results, please set `padding_side='left'` when initializing the tokenizer.
{"step": 1114, "epoch": 0, "batch_hash": 984951273, "rows": 8, "skipped": 0, "answer_accuracy": 0.875, "updates": 4, "seconds": 2.408611297607422, "time": 1790993159.9419954, "loss": -0.9006929618277786, "confidence": 0.7326328064433539, "mass": 0.9999996535952895, "hinge_active": 0.0, "stop_prob": 0.9999746829271317, "sampled_number_rate": 1.0, "kl": 0.0, "kl_coef": 0.05, "value_loss": 0.0}
A decoder-only architecture is being used, but right-padding was detected! For correct generation results, please set `padding_side='left'` when initializing the tokenizer.
{"step": 1115, "epoch": 0, "batch_hash": 1970429090, "rows": 8, "skipped": 0, "answer_accuracy": 0.5, "updates": 4, "seconds": 2.176102638244629, "time": 1790993162.1205251, "loss": -0.8584613602074319, "confidence": 0.5011765632033202, "mass": 0.999999892571093, "hinge_active": 0.0, "stop_prob": 0.9999768808484077, "sampled_number_rate": 1.0, "kl": 0.0, "kl_coef": 0.05, "value_loss": 0.0}
A decoder-only architecture is being used, but right-padding was detected! For correct generation results, please set `padding_side='left'` when initializing the tokenizer.
{"step": 1116, "epoch": 0, "batch_hash": 764987087, "rows": 8, "skipped": 0, "answer_accuracy": 0.625, "updates": 4, "seconds": 2.3307604789733887, "time": 1790993164.453609, "loss": -0.8790306157826722, "confidence": 0.6918066408816482, "mass": 0.9999999210211603, "hinge_active": 0.0, "stop_prob": 0.9999759420752525, "sampled_number_rate": 1.0, "kl": 0.0, "kl_coef": 0.05, "value_loss": 0.0}
A decoder-only architecture is being used, but right-padding was detected! For correct generation results, please set `padding_side='left'` when initializing the tokenizer.
{"step": 1117, "epoch": 0, "batch_hash": 3775684668, "rows": 8, "skipped": 0, "answer_accuracy": 0.75, "updates": 4, "seconds": 2.987705945968628, "time": 1790993167.4436803, "loss": -0.7727258253495164, "confidence": 0.5413403434092419, "mass": 0.9999999358774843, "hinge_active": 0.0, "stop_prob": 0.999977208673954, "sampled_number_rate": 1.0, "kl": 0.0, "kl_coef": 0.05, "value_loss": 0.0}
A decoder-only architecture is being used, but right-padding was detected! For correct generation results, please set `padding_side='left'` when initializing the tokenizer.
{"step": 1118, "epoch": 0, "batch_hash": 1023605750, "rows": 8, "skipped": 0, "answer_accuracy": 0.625, "updates": 4, "seconds": 2.349067449569702, "time": 1790993169.885569, "loss": -0.9108654837007113, "confidence": 0.7126622565425086, "mass": 0.9999998355750027, "hinge_active": 0.0, "stop_prob": 0.9999738186597824, "sampled_number_rate": 1.0, "kl": 0.0, "kl_coef": 0.05, "value_loss": 0.0}
A decoder-only architecture is being used, but right-padding was detected! For correct generation results, please set `padding_side='left'` when initializing the tokenizer.
{"step": 1119, "epoch": 0, "batch_hash": 1915225891, "rows": 8, "skipped": 0, "answer_accuracy": 0.875, "updates": 4, "seconds": 2.296982526779175, "time": 1790993172.1850958, "loss": -0.9035536942229413, "confidence": 0.6924131749812104, "mass": 0.9999999116859472, "hinge_active": 0.0, "stop_prob": 0.9999749138951302, "sampled_number_rate": 1.0, "kl": 0.0, "kl_coef": 0.05, "value_loss": 0.0}
A decoder-only architecture is being used, but right-padding was detected! For correct generation results, please set `padding_side='left'` when initializing the tokenizer.
{"step": 1120, "epoch": 0, "batch_hash": 3567475547, "rows": 8, "skipped": 0, "answer_accuracy": 0.875, "updates": 4, "seconds": 2.4021828174591064, "time": 1790993174.5900636, "loss": -0.9313292635427305, "confidence": 0.7624605629162943, "mass": 0.9999997139265902, "hinge_active": 0.0, "stop_prob": 0.9999734237790108, "sampled_number_rate": 1.0, "kl": 0.0, "kl_coef": 0.05, "value_loss": 0.0}
checkpoint at step 1120 (0.8 s)
A decoder-only architecture is being used, but right-padding was detected! For correct generation results, please set `padding_side='left'` when initializing the tokenizer.
{"step": 1121, "epoch": 0, "batch_hash": 2684771754, "rows": 8, "skipped": 0, "answer_accuracy": 0.875, "updates": 4, "seconds": 2.3678531646728516, "time": 1790993177.7836974, "loss": -0.8479722784787027, "confidence": 0.5510788566272825, "mass": 0.9999999714983567, "hinge_active": 0.0, "stop_prob": 0.9999778643250465, "sampled_number_rate": 1.0, "kl": 0.0, "kl_coef": 0.05, "value_loss": 0.0}
A decoder-only architecture is being used, but right-padding was detected! For correct generation results, please set `padding_side='left'` when initializing the tokenizer.
{"step": 1122, "epoch": 0, "batch_hash": 930779983, "rows": 7, "skipped": 1, "answer_accuracy": 0.42857142857142855, "updates": 4, "seconds": 2.0792880058288574, "time": 1790993179.8655636, "loss": -0.8367805772825146, "confidence": 0.717050287010748, "mass": 0.9999999205608698, "hinge_active": 0.0, "stop_prob": 0.9999721816607884, "sampled_number_rate": 0.9999999999999998, "kl": 0.0, "kl_coef": 0.05, "value_loss": 0.0}
A decoder-only architecture is being used, but right-padding was detected! For correct generation results, please set `padding_side='left'` when initializing the tokenizer.
{"step": 1123, "epoch": 0, "batch_hash": 920280759, "rows": 8, "skipped": 0, "answer_accuracy": 0.625, "updates": 4, "seconds": 2.1797592639923096, "time": 1790993182.047519, "loss": -0.9116575473497458, "confidence": 0.5264250173814213, "mass": 0.9999994436791828, "hinge_active": 0.0, "stop_prob": 0.9999733343720436, "sampled_number_rate": 1.0, "kl": 0.0, "kl_coef": 0.05, "value_loss": 0.0}
A decoder-only architecture is being used, but right-padding was detected! For correct generation results, please set `padding_side='left'` when initializing the tokenizer.
{"step": 1124, "epoch": 0, "batch_hash": 531418634, "rows": 8, "skipped": 0, "answer_accuracy": 0.5, "updates": 4, "seconds": 2.2355172634124756, "time": 1790993184.286134, "loss": -0.9655340660542677, "confidence": 0.5124424792477715, "mass": 0.9999997892177115, "hinge_active": 0.0, "stop_prob": 0.9999754801392555, "sampled_number_rate": 1.0, "kl": 0.0, "kl_coef": 0.05, "value_loss": 0.0}
A decoder-only architecture is being used, but right-padding was detected! For correct generation results, please set `padding_side='left'` when initializing the tokenizer.
{"step": 1125, "epoch": 0, "batch_hash": 3224541130, "rows": 8, "skipped": 0, "answer_accuracy": 0.625, "updates": 4, "seconds": 2.208430767059326, "time": 1790993186.4986813, "loss": -0.9272181755748184, "confidence": 0.5715410369638237, "mass": 0.9999998487001653, "hinge_active": 0.0, "stop_prob": 0.999978132545948, "sampled_number_rate": 1.0, "kl": 0.0, "kl_coef": 0.05, "value_loss": 0.0}
A decoder-only architecture is being used, but right-padding was detected! For correct generation results, please set `padding_side='left'` when initializing the tokenizer.
{"step": 1126, "epoch": 0, "batch_hash": 1497641727, "rows": 7, "skipped": 1, "answer_accuracy": 0.2857142857142857, "updates": 4, "seconds": 2.9871206283569336, "time": 1790993189.5024657, "loss": -0.8751758702670972, "confidence": 0.37865707586818775, "mass": 0.9999996754728839, "hinge_active": 0.0, "stop_prob": 0.9999759026936123, "sampled_number_rate": 0.9999999999999998, "kl": 0.0, "kl_coef": 0.05, "value_loss": 0.0}
A decoder-only architecture is being used, but right-padding was detected! For correct generation results, please set `padding_side='left'` when initializing the tokenizer.
{"step": 1127, "epoch": 0, "batch_hash": 4080985925, "rows": 8, "skipped": 0, "answer_accuracy": 0.375, "updates": 4, "seconds": 2.301825761795044, "time": 1790993191.816788, "loss": -0.9186566839521482, "confidence": 0.38608030122301173, "mass": 0.9999992193278892, "hinge_active": 0.0, "stop_prob": 0.999979667365551, "sampled_number_rate": 1.0, "kl": 0.0, "kl_coef": 0.05, "value_loss": 0.0}
A decoder-only architecture is being used, but right-padding was detected! For correct generation results, please set `padding_side='left'` when initializing the tokenizer.
{"step": 1128, "epoch": 0, "batch_hash": 3010824260, "rows": 8, "skipped": 0, "answer_accuracy": 0.5, "updates": 4, "seconds": 2.7730660438537598, "time": 1790993194.5934436, "loss": -0.832001364150049, "confidence": 0.5465172149816858, "mass": 0.9999994840100019, "hinge_active": 0.0, "stop_prob": 0.9999742433428764, "sampled_number_rate": 1.0, "kl": 0.0, "kl_coef": 0.05, "value_loss": 0.0}
A decoder-only architecture is being used, but right-padding was detected! For correct generation results, please set `padding_side='left'` when initializing the tokenizer.
{"step": 1129, "epoch": 0, "batch_hash": 3006564346, "rows": 8, "skipped": 0, "answer_accuracy": 0.375, "updates": 4, "seconds": 2.2347447872161865, "time": 1790993196.8305476, "loss": -0.9449666328842314, "confidence": 0.45888559327070416, "mass": 0.9999996918201928, "hinge_active": 0.0, "stop_prob": 0.9999783560633659, "sampled_number_rate": 1.0, "kl": 0.0, "kl_coef": 0.05, "value_loss": 0.0}
A decoder-only architecture is being used, but right-padding was detected! For correct generation results, please set `padding_side='left'` when initializing the tokenizer.
{"step": 1130, "epoch": 0, "batch_hash": 2740972011, "rows": 8, "skipped": 0, "answer_accuracy": 0.5, "updates": 4, "seconds": 2.1786272525787354, "time": 1790993199.0115945, "loss": -0.8887524654132755, "confidence": 0.6442921381920749, "mass": 0.9999996208478735, "hinge_active": 0.0, "stop_prob": 0.9999736398458481, "sampled_number_rate": 1.0, "kl": 0.0, "kl_coef": 0.05, "value_loss": 0.0}
A decoder-only architecture is being used, but right-padding was detected! For correct generation results, please set `padding_side='left'` when initializing the tokenizer.
{"step": 1131, "epoch": 0, "batch_hash": 623680794, "rows": 8, "skipped": 0, "answer_accuracy": 0.375, "updates": 4, "seconds": 2.389711618423462, "time": 1790993201.4072037, "loss": -0.9411768174693435, "confidence": 0.47165600746226277, "mass": 0.9999997021973985, "hinge_active": 0.0, "stop_prob": 0.9999714568257332, "sampled_number_rate": 1.0, "kl": 0.0, "kl_coef": 0.05, "value_loss": 0.0}
A decoder-only architecture is being used, but right-padding was detected! For correct generation results, please set `padding_side='left'` when initializing the tokenizer.
{"step": 1132, "epoch": 0, "batch_hash": 2345209187, "rows": 8, "skipped": 0, "answer_accuracy": 0.625, "updates": 4, "seconds": 2.32092547416687, "time": 1790993203.7373378, "loss": -0.8438393010924344, "confidence": 0.37763384606145156, "mass": 0.9999996044578457, "hinge_active": 0.0, "stop_prob": 0.999975897371769, "sampled_number_rate": 1.0, "kl": 0.0, "kl_coef": 0.05, "value_loss": 0.0}
A decoder-only architecture is being used, but right-padding was detected! For correct generation results, please set `padding_side='left'` when initializing the tokenizer.
{"step": 1133, "epoch": 0, "batch_hash": 567688957, "rows": 8, "skipped": 0, "answer_accuracy": 0.25, "updates": 4, "seconds": 2.6181602478027344, "time": 1790993206.35912, "loss": -0.9182947215305126, "confidence": 0.26448087637704676, "mass": 0.9999999026947882, "hinge_active": 0.0, "stop_prob": 0.9999773427844048, "sampled_number_rate": 1.0, "kl": 0.0, "kl_coef": 0.05, "value_loss": 0.0}
A decoder-only architecture is being used, but right-padding was detected! For correct generation results, please set `padding_side='left'` when initializing the tokenizer.
{"step": 1134, "epoch": 0, "batch_hash": 1877925104, "rows": 7, "skipped": 1, "answer_accuracy": 0.2857142857142857, "updates": 4, "seconds": 3.0510525703430176, "time": 1790993209.4130132, "loss": -0.9436184727512686, "confidence": 0.2768649504000533, "mass": 0.9999992166660325, "hinge_active": 0.0, "stop_prob": 0.9999758516039167, "sampled_number_rate": 0.9999999999999998, "kl": 0.0, "kl_coef": 0.05, "value_loss": 0.0}
A decoder-only architecture is being used, but right-padding was detected! For correct generation results, please set `padding_side='left'` when initializing the tokenizer.
{"step": 1135, "epoch": 0, "batch_hash": 3212169695, "rows": 8, "skipped": 0, "answer_accuracy": 0.625, "updates": 4, "seconds": 2.2173349857330322, "time": 1790993211.6345208, "loss": -0.7651593214160973, "confidence": 0.3292887651529469, "mass": 0.9999999097455295, "hinge_active": 0.0, "stop_prob": 0.9999775215983391, "sampled_number_rate": 1.0, "kl": 0.0, "kl_coef": 0.05, "value_loss": 0.0}
A decoder-only architecture is being used, but right-padding was detected! For correct generation results, please set `padding_side='left'` when initializing the tokenizer.
{"step": 1136, "epoch": 0, "batch_hash": 1188422274, "rows": 8, "skipped": 0, "answer_accuracy": 0.625, "updates": 4, "seconds": 2.5389456748962402, "time": 1790993214.1763036, "loss": -0.8437726612942336, "confidence": 0.36826755600962513, "mass": 0.9999984801337288, "hinge_active": 0.0, "stop_prob": 0.9999773427844048, "sampled_number_rate": 1.0, "kl": 0.0, "kl_coef": 0.05, "value_loss": 0.0}
A decoder-only architecture is being used, but right-padding was detected! For correct generation results, please set `padding_side='left'` when initializing the tokenizer.
{"step": 1137, "epoch": 0, "batch_hash": 3023096955, "rows": 8, "skipped": 0, "answer_accuracy": 0.75, "updates": 4, "seconds": 2.460005044937134, "time": 1790993216.639046, "loss": -0.8321225618646261, "confidence": 0.4301843101633599, "mass": 0.9999999002063231, "hinge_active": 0.0, "stop_prob": 0.9999806582927704, "sampled_number_rate": 1.0, "kl": 0.0, "kl_coef": 0.05, "value_loss": 0.0}
A decoder-only architecture is being used, but right-padding was detected! For correct generation results, please set `padding_side='left'` when initializing the tokenizer.
{"step": 1138, "epoch": 0, "batch_hash": 4010435998, "rows": 8, "skipped": 0, "answer_accuracy": 0.625, "updates": 4, "seconds": 2.4807639122009277, "time": 1790993219.122277, "loss": -0.8535975813434105, "confidence": 0.4599582017417392, "mass": 0.9999998366774805, "hinge_active": 0.0, "stop_prob": 0.9999763816595078, "sampled_number_rate": 1.0, "kl": 0.0, "kl_coef": 0.05, "value_loss": 0.0}
A decoder-only architecture is being used, but right-padding was detected! For correct generation results, please set `padding_side='left'` when initializing the tokenizer.
{"step": 1139, "epoch": 0, "batch_hash": 1091255353, "rows": 8, "skipped": 0, "answer_accuracy": 0.5, "updates": 4, "seconds": 3.3868868350982666, "time": 1790993222.5128255, "loss": -0.9006655119706833, "confidence": 0.5566086314741194, "mass": 0.9999998049136591, "hinge_active": 0.0, "stop_prob": 0.9999761432409286, "sampled_number_rate": 1.0, "kl": 0.0, "kl_coef": 0.05, "value_loss": 0.0}
A decoder-only architecture is being used, but right-padding was detected! For correct generation results, please set `padding_side='left'` when initializing the tokenizer.
{"step": 1140, "epoch": 0, "batch_hash": 1822356794, "rows": 8, "skipped": 0, "answer_accuracy": 0.5, "updates": 4, "seconds": 2.339416027069092, "time": 1790993224.8594759, "loss": -0.8990716878228566, "confidence": 0.5818270475423651, "mass": 0.9999993211119227, "hinge_active": 0.0, "stop_prob": 0.9999739527702332, "sampled_number_rate": 1.0, "kl": 0.0, "kl_coef": 0.05, "value_loss": 0.0}
A decoder-only architecture is being used, but right-padding was detected! For correct generation results, please set `padding_side='left'` when initializing the tokenizer.
{"step": 1141, "epoch": 0, "batch_hash": 3949310535, "rows": 8, "skipped": 0, "answer_accuracy": 0.75, "updates": 4, "seconds": 2.2322824001312256, "time": 1790993227.0953395, "loss": -0.9448844025901353, "confidence": 0.6851549432672268, "mass": 0.9999999220869722, "hinge_active": 0.0, "stop_prob": 0.9999751076102257, "sampled_number_rate": 1.0, "kl": 0.0, "kl_coef": 0.05, "value_loss": 0.0}
A decoder-only architecture is being used, but right-padding was detected! For correct generation results, please set `padding_side='left'` when initializing the tokenizer.
{"step": 1142, "epoch": 0, "batch_hash": 3641378409, "rows": 8, "skipped": 0, "answer_accuracy": 0.875, "updates": 4, "seconds": 2.1999080181121826, "time": 1790993229.2985992, "loss": -0.8689683054399386, "confidence": 0.6999403725675079, "mass": 0.9999998210883113, "hinge_active": 0.0, "stop_prob": 0.9999763742089272, "sampled_number_rate": 1.0, "kl": 0.0, "kl_coef": 0.05, "value_loss": 0.0}
A decoder-only architecture is being used, but right-padding was detected! For correct generation results, please set `padding_side='left'` when initializing the tokenizer.
{"step": 1143, "epoch": 0, "batch_hash": 4059476949, "rows": 8, "skipped": 0, "answer_accuracy": 0.5, "updates": 4, "seconds": 2.549481153488159, "time": 1790993231.8699841, "loss": -0.8255433024483746, "confidence": 0.5271433189516767, "mass": 0.9999993110623446, "hinge_active": 0.0, "stop_prob": 0.9999745190143585, "sampled_number_rate": 1.0, "kl": 0.0, "kl_coef": 0.05, "value_loss": 0.0}
A decoder-only architecture is being used, but right-padding was detected! For correct generation results, please set `padding_side='left'` when initializing the tokenizer.
{"step": 1144, "epoch": 0, "batch_hash": 722274687, "rows": 7, "skipped": 1, "answer_accuracy": 0.7142857142857143, "updates": 4, "seconds": 2.3741273880004883, "time": 1790993234.2464576, "loss": -0.8326726378385626, "confidence": 0.5848407772977643, "mass": 0.9999994359556994, "hinge_active": 0.0, "stop_prob": 0.9999770181519645, "sampled_number_rate": 0.9999999999999998, "kl": 0.0, "kl_coef": 0.05, "value_loss": 0.0}
A decoder-only architecture is being used, but right-padding was detected! For correct generation results, please set `padding_side='left'` when initializing the tokenizer.
{"step": 1145, "epoch": 0, "batch_hash": 1297101956, "rows": 8, "skipped": 0, "answer_accuracy": 0.875, "updates": 4, "seconds": 2.984596014022827, "time": 1790993237.2332919, "loss": -0.9331130578056793, "confidence": 0.7152461494971759, "mass": 0.9999995209299748, "hinge_active": 0.0, "stop_prob": 0.9999700486660004, "sampled_number_rate": 1.0, "kl": 0.0, "kl_coef": 0.05, "value_loss": 0.0}
A decoder-only architecture is being used, but right-padding was detected! For correct generation results, please set `padding_side='left'` when initializing the tokenizer.
{"step": 1146, "epoch": 0, "batch_hash": 3863652626, "rows": 8, "skipped": 0, "answer_accuracy": 0.75, "updates": 4, "seconds": 2.6590328216552734, "time": 1790993239.8962777, "loss": -0.8687366005156301, "confidence": 0.5524425636103125, "mass": 0.9999997304417577, "hinge_active": 0.0, "stop_prob": 0.9999747648835182, "sampled_number_rate": 1.0, "kl": 0.0, "kl_coef": 0.05, "value_loss": 0.0}
A decoder-only architecture is being used, but right-padding was detected! For correct generation results, please set `padding_side='left'` when initializing the tokenizer.
{"step": 1147, "epoch": 0, "batch_hash": 1049627674, "rows": 8, "skipped": 0, "answer_accuracy": 0.625, "updates": 4, "seconds": 2.3296382427215576, "time": 1790993242.228462, "loss": -0.9027239608961888, "confidence": 0.49887529355149823, "mass": 0.9999996627887433, "hinge_active": 0.0, "stop_prob": 0.9999780058860779, "sampled_number_rate": 1.0, "kl": 0.0, "kl_coef": 0.05, "value_loss": 0.0}
A decoder-only architecture is being used, but right-padding was detected! For correct generation results, please set `padding_side='left'` when initializing the tokenizer.
{"step": 1148, "epoch": 0, "batch_hash": 156981378, "rows": 8, "skipped": 0, "answer_accuracy": 0.5, "updates": 4, "seconds": 2.230168581008911, "time": 1790993244.4616666, "loss": -0.9288972787064924, "confidence": 0.5558805972973543, "mass": 0.9999997998262871, "hinge_active": 0.0, "stop_prob": 0.9999765306711197, "sampled_number_rate": 1.0, "kl": 0.0, "kl_coef": 0.05, "value_loss": 0.0}
A decoder-only architecture is being used, but right-padding was detected! For correct generation results, please set `padding_side='left'` when initializing the tokenizer.
{"step": 1149, "epoch": 0, "batch_hash": 3643097101, "rows": 8, "skipped": 0, "answer_accuracy": 0.625, "updates": 4, "seconds": 2.3275539875030518, "time": 1790993246.7930555, "loss": -0.9059561960709399, "confidence": 0.6056228284991831, "mass": 0.9999999082285546, "hinge_active": 0.0, "stop_prob": 0.9999784231185913, "sampled_number_rate": 1.0, "kl": 0.0, "kl_coef": 0.05, "value_loss": 0.0}
A decoder-only architecture is being used, but right-padding was detected! For correct generation results, please set `padding_side='left'` when initializing the tokenizer.
{"step": 1150, "epoch": 0, "batch_hash": 2690256600, "rows": 8, "skipped": 0, "answer_accuracy": 0.625, "updates": 4, "seconds": 3.636270761489868, "time": 1790993250.433648, "loss": -0.8270742248064639, "confidence": 0.5337761265574102, "mass": 0.9999996604498562, "hinge_active": 0.0, "stop_prob": 0.9999749287962914, "sampled_number_rate": 1.0, "kl": 0.0, "kl_coef": 0.05, "value_loss": 0.0}
A decoder-only architecture is being used, but right-padding was detected! For correct generation results, please set `padding_side='left'` when initializing the tokenizer.
{"step": 1151, "epoch": 0, "batch_hash": 447075380, "rows": 6, "skipped": 2, "answer_accuracy": 0.5, "updates": 4, "seconds": 2.3276283740997314, "time": 1790993252.7640824, "loss": -0.9615970916087848, "confidence": 0.523986854564699, "mass": 0.9999984426681461, "hinge_active": 0.0, "stop_prob": 0.9999725719292959, "sampled_number_rate": 0.9999999999999999, "kl": 0.0, "kl_coef": 0.05, "value_loss": 0.0}
A decoder-only architecture is being used, but right-padding was detected! For correct generation results, please set `padding_side='left'` when initializing the tokenizer.
{"step": 1152, "epoch": 0, "batch_hash": 4286595439, "rows": 8, "skipped": 0, "answer_accuracy": 0.625, "updates": 4, "seconds": 2.2644176483154297, "time": 1790993255.0315974, "loss": -0.8953580810293563, "confidence": 0.5774810591995628, "mass": 0.9999998269223451, "hinge_active": 0.0, "stop_prob": 0.9999747946858406, "sampled_number_rate": 1.0, "kl": 0.0, "kl_coef": 0.05, "value_loss": 0.0}
checkpoint at step 1152 (0.8 s)
A decoder-only architecture is being used, but right-padding was detected! For correct generation results, please set `padding_side='left'` when initializing the tokenizer.
{"step": 1153, "epoch": 0, "batch_hash": 1128166542, "rows": 8, "skipped": 0, "answer_accuracy": 0.875, "updates": 4, "seconds": 2.526299476623535, "time": 1790993258.3635285, "loss": -0.9357743911545303, "confidence": 0.7099961579873296, "mass": 0.9999996481865129, "hinge_active": 0.0, "stop_prob": 0.9999748915433884, "sampled_number_rate": 1.0, "kl": 0.0, "kl_coef": 0.05, "value_loss": 0.0}
A decoder-only architecture is being used, but right-padding was detected! For correct generation results, please set `padding_side='left'` when initializing the tokenizer.
{"step": 1154, "epoch": 0, "batch_hash": 88527277, "rows": 8, "skipped": 0, "answer_accuracy": 0.625, "updates": 4, "seconds": 2.307041645050049, "time": 1790993260.6728888, "loss": -0.9102146556122628, "confidence": 0.590021090031452, "mass": 0.9999999651908601, "hinge_active": 0.0, "stop_prob": 0.9999761283397675, "sampled_number_rate": 1.0, "kl": 0.0, "kl_coef": 0.05, "value_loss": 0.0}
A decoder-only architecture is being used, but right-padding was detected! For correct generation results, please set `padding_side='left'` when initializing the tokenizer.
{"step": 1155, "epoch": 0, "batch_hash": 861601567, "rows": 8, "skipped": 0, "answer_accuracy": 0.625, "updates": 4, "seconds": 2.2569472789764404, "time": 1790993262.9340672, "loss": -0.8322009293238913, "confidence": 0.6614337849914561, "mass": 0.9999997845857433, "hinge_active": 0.0, "stop_prob": 0.9999751374125481, "sampled_number_rate": 1.0, "kl": 0.0, "kl_coef": 0.05, "value_loss": 0.0}
A decoder-only architecture is being used, but right-padding was detected! For correct generation results, please set `padding_side='left'` when initializing the tokenizer.
{"step": 1156, "epoch": 0, "batch_hash": 1083716613, "rows": 7, "skipped": 1, "answer_accuracy": 0.5714285714285714, "updates": 4, "seconds": 2.1211791038513184, "time": 1790993265.0578423, "loss": -0.9265530511982975, "confidence": 0.6284941558362328, "mass": 0.9999996532584248, "hinge_active": 0.0, "stop_prob": 0.9999731183052063, "sampled_number_rate": 0.9999999999999998, "kl": 0.0, "kl_coef": 0.05, "value_loss": 0.0}
A decoder-only architecture is being used, but right-padding was detected! For correct generation results, please set `padding_side='left'` when initializing the tokenizer.
{"step": 1157, "epoch": 0, "batch_hash": 4202974900, "rows": 8, "skipped": 0, "answer_accuracy": 0.75, "updates": 4, "seconds": 2.6713218688964844, "time": 1790993267.7321906, "loss": -0.9255886188945762, "confidence": 0.7620914253605674, "mass": 0.9999980526336386, "hinge_active": 0.0, "stop_prob": 0.9999706149101257, "sampled_number_rate": 1.0, "kl": 0.0, "kl_coef": 0.05, "value_loss": 0.0}
A decoder-only architecture is being used, but right-padding was detected! For correct generation results, please set `padding_side='left'` when initializing the tokenizer.
{"step": 1158, "epoch": 0, "batch_hash": 1826208493, "rows": 8, "skipped": 0, "answer_accuracy": 0.875, "updates": 4, "seconds": 2.1998894214630127, "time": 1790993269.9351325, "loss": -0.961102392392268, "confidence": 0.8044276378998955, "mass": 0.9999998115889537, "hinge_active": 0.0, "stop_prob": 0.9999715238809586, "sampled_number_rate": 1.0, "kl": 0.0, "kl_coef": 0.05, "value_loss": 0.0}
A decoder-only architecture is being used, but right-padding was detected! For correct generation results, please set `padding_side='left'` when initializing the tokenizer.
{"step": 1159, "epoch": 0, "batch_hash": 926217003, "rows": 8, "skipped": 0, "answer_accuracy": 0.75, "updates": 4, "seconds": 2.2601969242095947, "time": 1790993272.197902, "loss": -0.8768868585730616, "confidence": 0.7874706392725258, "mass": 0.9999997330618934, "hinge_active": 0.0, "stop_prob": 0.999974898993969, "sampled_number_rate": 1.0, "kl": 0.0, "kl_coef": 0.05, "value_loss": 0.0}
A decoder-only architecture is being used, but right-padding was detected! For correct generation results, please set `padding_side='left'` when initializing the tokenizer.
{"step": 1160, "epoch": 0, "batch_hash": 3594868940, "rows": 7, "skipped": 1, "answer_accuracy": 1.0, "updates": 4, "seconds": 3.07890248298645, "time": 1790993275.2949176, "loss": -0.8602032013756534, "confidence": 0.6939465896659914, "mass": 0.9999996101009416, "hinge_active": 0.0, "stop_prob": 0.9999733652387347, "sampled_number_rate": 0.9999999999999998, "kl": 0.0, "kl_coef": 0.05, "value_loss": 0.0}
A decoder-only architecture is being used, but right-padding was detected! For correct generation results, please set `padding_side='left'` when initializing the tokenizer.
{"step": 1161, "epoch": 0, "batch_hash": 3141161693, "rows": 8, "skipped": 0, "answer_accuracy": 0.625, "updates": 4, "seconds": 2.2758312225341797, "time": 1790993277.573085, "loss": -0.931969025759632, "confidence": 0.5985480776199774, "mass": 0.9999997406956678, "hinge_active": 0.0, "stop_prob": 0.9999759048223495, "sampled_number_rate": 1.0, "kl": 0.0, "kl_coef": 0.05, "value_loss": 0.0}
A decoder-only architecture is being used, but right-padding was detected! For correct generation results, please set `padding_side='left'` when initializing the tokenizer.
{"step": 1162, "epoch": 0, "batch_hash": 2551160631, "rows": 8, "skipped": 0, "answer_accuracy": 0.375, "updates": 4, "seconds": 2.275076389312744, "time": 1790993279.8516874, "loss": -0.8347191972375392, "confidence": 0.5134818293878386, "mass": 0.9999998464550575, "hinge_active": 0.0, "stop_prob": 0.9999764487147331, "sampled_number_rate": 1.0, "kl": 0.0, "kl_coef": 0.05, "value_loss": 0.0}
A decoder-only architecture is being used, but right-padding was detected! For correct generation results, please set `padding_side='left'` when initializing the tokenizer.
{"step": 1163, "epoch": 0, "batch_hash": 3731589139, "rows": 8, "skipped": 0, "answer_accuracy": 0.375, "updates": 4, "seconds": 2.5250589847564697, "time": 1790993282.3791325, "loss": -0.8767742805046399, "confidence": 0.5843773073317597, "mass": 0.9999940478108895, "hinge_active": 0.0, "stop_prob": 0.9999573454260826, "sampled_number_rate": 1.0, "kl": 0.0, "kl_coef": 0.05, "value_loss": 0.0}
A decoder-only architecture is being used, but right-padding was detected! For correct generation results, please set `padding_side='left'` when initializing the tokenizer.
{"step": 1164, "epoch": 0, "batch_hash": 2760474250, "rows": 7, "skipped": 1, "answer_accuracy": 0.7142857142857143, "updates": 4, "seconds": 2.0460968017578125, "time": 1790993284.4278998, "loss": -0.9423284454833544, "confidence": 0.6862458484779799, "mass": 0.9999997002175166, "hinge_active": 0.0, "stop_prob": 0.9999750767435346, "sampled_number_rate": 0.9999999999999998, "kl": 0.0, "kl_coef": 0.05, "value_loss": 0.0}
A decoder-only architecture is being used, but right-padding was detected! For correct generation results, please set `padding_side='left'` when initializing the tokenizer.
{"step": 1165, "epoch": 0, "batch_hash": 3562266982, "rows": 8, "skipped": 0, "answer_accuracy": 0.75, "updates": 4, "seconds": 2.2376973628997803, "time": 1790993286.6687458, "loss": -0.9295670268408901, "confidence": 0.7468491443045968, "mass": 0.9999997032387241, "hinge_active": 0.0, "stop_prob": 0.999972015619278, "sampled_number_rate": 1.0, "kl": 0.0, "kl_coef": 0.05, "value_loss": 0.0}
A decoder-only architecture is being used, but right-padding was detected! For correct generation results, please set `padding_side='left'` when initializing the tokenizer.
{"step": 1166, "epoch": 0, "batch_hash": 1595548450, "rows": 8, "skipped": 0, "answer_accuracy": 0.5, "updates": 4, "seconds": 2.1533071994781494, "time": 1790993288.8242905, "loss": -0.8900800263270076, "confidence": 0.558497575798152, "mass": 0.9999995589873854, "hinge_active": 0.0, "stop_prob": 0.9999745488166809, "sampled_number_rate": 1.0, "kl": 0.0, "kl_coef": 0.05, "value_loss": 0.0}
A decoder-only architecture is being used, but right-padding was detected! For correct generation results, please set `padding_side='left'` when initializing the tokenizer.
{"step": 1167, "epoch": 0, "batch_hash": 3183604142, "rows": 8, "skipped": 0, "answer_accuracy": 0.875, "updates": 4, "seconds": 2.4990341663360596, "time": 1790993291.325873, "loss": -0.9585770755349142, "confidence": 0.8297191595178633, "mass": 0.9999995618978197, "hinge_active": 0.0, "stop_prob": 0.999969094991684, "sampled_number_rate": 1.0, "kl": 0.0, "kl_coef": 0.05, "value_loss": 0.0}
A decoder-only architecture is being used, but right-padding was detected! For correct generation results, please set `padding_side='left'` when initializing the tokenizer.
{"step": 1168, "epoch": 0, "batch_hash": 2437251718, "rows": 8, "skipped": 0, "answer_accuracy": 0.5, "updates": 4, "seconds": 2.261258840560913, "time": 1790993293.5911593, "loss": -0.8395934726119672, "confidence": 0.5882743399294601, "mass": 0.9999997790472926, "hinge_active": 0.0, "stop_prob": 0.999975398182869, "sampled_number_rate": 1.0, "kl": 0.0, "kl_coef": 0.05, "value_loss": 0.0}
A decoder-only architecture is being used, but right-padding was detected! For correct generation results, please set `padding_side='left'` when initializing the tokenizer.
{"step": 1169, "epoch": 0, "batch_hash": 1778973795, "rows": 7, "skipped": 1, "answer_accuracy": 0.5714285714285714, "updates": 4, "seconds": 3.2145824432373047, "time": 1790993296.808061, "loss": -0.8569992105788945, "confidence": 0.7239863912826353, "mass": 0.9999996268391448, "hinge_active": 0.0, "stop_prob": 0.9999723519597735, "sampled_number_rate": 0.9999999999999998, "kl": 0.0, "kl_coef": 0.05, "value_loss": 0.0}
A decoder-only architecture is being used, but right-padding was detected! For correct generation results, please set `padding_side='left'` when initializing the tokenizer.
{"step": 1170, "epoch": 0, "batch_hash": 3289731994, "rows": 7, "skipped": 1, "answer_accuracy": 0.5714285714285714, "updates": 4, "seconds": 2.45709228515625, "time": 1790993299.2758741, "loss": -0.8886869666312118, "confidence": 0.7168070772774409, "mass": 0.9999989125946834, "hinge_active": 0.0, "stop_prob": 0.9999689204352242, "sampled_number_rate": 0.9999999999999998, "kl": 0.0, "kl_coef": 0.05, "value_loss": 0.0}
A decoder-only architecture is being used, but right-padding was detected! For correct generation results, please set `padding_side='left'` when initializing the tokenizer.
{"step": 1171, "epoch": 0, "batch_hash": 780403796, "rows": 8, "skipped": 0, "answer_accuracy": 0.5, "updates": 4, "seconds": 2.580021381378174, "time": 1790993301.8579948, "loss": -0.8424732346314695, "confidence": 0.5372384362297227, "mass": 0.9999994650373909, "hinge_active": 0.0, "stop_prob": 0.9999759942293167, "sampled_number_rate": 1.0, "kl": 0.0, "kl_coef": 0.05, "value_loss": 0.0}
A decoder-only architecture is being used, but right-padding was detected! For correct generation results, please set `padding_side='left'` when initializing the tokenizer.
{"step": 1172, "epoch": 0, "batch_hash": 683615478, "rows": 8, "skipped": 0, "answer_accuracy": 0.625, "updates": 4, "seconds": 2.316779613494873, "time": 1790993304.1774457, "loss": -0.836542318279059, "confidence": 0.6912796022575027, "mass": 0.9999998069979935, "hinge_active": 0.0, "stop_prob": 0.9999723881483078, "sampled_number_rate": 1.0, "kl": 0.0, "kl_coef": 0.05, "value_loss": 0.0}
A decoder-only architecture is being used, but right-padding was detected! For correct generation results, please set `padding_side='left'` when initializing the tokenizer.
{"step": 1173, "epoch": 0, "batch_hash": 3250347356, "rows": 7, "skipped": 1, "answer_accuracy": 0.5714285714285714, "updates": 4, "seconds": 13.255376100540161, "time": 1790993317.4353406, "loss": -0.9222635007871078, "confidence": 0.5706255453587341, "mass": 0.9999998735021551, "hinge_active": 0.0, "stop_prob": 0.9999750001089913, "sampled_number_rate": 0.9999999999999998, "kl": 0.0, "kl_coef": 0.05, "value_loss": 0.0}
A decoder-only architecture is being used, but right-padding was detected! For correct generation results, please set `padding_side='left'` when initializing the tokenizer.
{"step": 1174, "epoch": 0, "batch_hash": 922566763, "rows": 8, "skipped": 0, "answer_accuracy": 0.625, "updates": 4, "seconds": 2.3099756240844727, "time": 1790993319.7479098, "loss": -0.9019909977866684, "confidence": 0.6665903500041629, "mass": 0.9999997633567793, "hinge_active": 0.0, "stop_prob": 0.9999711886048317, "sampled_number_rate": 1.0, "kl": 0.0, "kl_coef": 0.05, "value_loss": 0.0}
A decoder-only architecture is being used, but right-padding was detected! For correct generation results, please set `padding_side='left'` when initializing the tokenizer.
{"step": 1175, "epoch": 0, "batch_hash": 59689866, "rows": 7, "skipped": 1, "answer_accuracy": 0.5714285714285714, "updates": 4, "seconds": 13.367107391357422, "time": 1790993333.117727, "loss": -0.8326469678551126, "confidence": 0.5634828348799825, "mass": 0.9999953408438048, "hinge_active": 0.0, "stop_prob": 0.999968443598066, "sampled_number_rate": 0.9999999999999998, "kl": 0.0, "kl_coef": 0.05, "value_loss": 0.0}
A decoder-only architecture is being used, but right-padding was detected! For correct generation results, please set `padding_side='left'` when initializing the tokenizer.
{"step": 1176, "epoch": 0, "batch_hash": 2117470343, "rows": 8, "skipped": 0, "answer_accuracy": 0.625, "updates": 4, "seconds": 2.3639626502990723, "time": 1790993335.48624, "loss": -0.8252534921761489, "confidence": 0.5973997757937283, "mass": 0.9999998946692562, "hinge_active": 0.0, "stop_prob": 0.999973826110363, "sampled_number_rate": 1.0, "kl": 0.0, "kl_coef": 0.05, "value_loss": 0.0}
A decoder-only architecture is being used, but right-padding was detected! For correct generation results, please set `padding_side='left'` when initializing the tokenizer.
{"step": 1177, "epoch": 0, "batch_hash": 3347928541, "rows": 8, "skipped": 0, "answer_accuracy": 0.625, "updates": 4, "seconds": 2.3915414810180664, "time": 1790993337.8808742, "loss": -0.8277889215132646, "confidence": 0.6460892392954013, "mass": 0.9999999097881509, "hinge_active": 0.0, "stop_prob": 0.9999762177467346, "sampled_number_rate": 1.0, "kl": 0.0, "kl_coef": 0.05, "value_loss": 0.0}
A decoder-only architecture is being used, but right-padding was detected! For correct generation results, please set `padding_side='left'` when initializing the tokenizer.
{"step": 1178, "epoch": 0, "batch_hash": 2343481787, "rows": 8, "skipped": 0, "answer_accuracy": 0.875, "updates": 4, "seconds": 2.513697385787964, "time": 1790993340.3973222, "loss": -0.8787358874722676, "confidence": 0.6018090519187368, "mass": 0.999999669020244, "hinge_active": 0.0, "stop_prob": 0.9999758079648018, "sampled_number_rate": 1.0, "kl": 0.0, "kl_coef": 0.05, "value_loss": 0.0}
A decoder-only architecture is being used, but right-padding was detected! For correct generation results, please set `padding_side='left'` when initializing the tokenizer.
{"step": 1179, "epoch": 0, "batch_hash": 3465260413, "rows": 8, "skipped": 0, "answer_accuracy": 0.75, "updates": 4, "seconds": 2.220906972885132, "time": 1790993342.6353676, "loss": -0.8248300631449899, "confidence": 0.666449988907375, "mass": 0.9999996994776843, "hinge_active": 0.0, "stop_prob": 0.9999741092324257, "sampled_number_rate": 1.0, "kl": 0.0, "kl_coef": 0.05, "value_loss": 0.0}
A decoder-only architecture is being used, but right-padding was detected! For correct generation results, please set `padding_side='left'` when initializing the tokenizer.
{"step": 1180, "epoch": 0, "batch_hash": 1922100907, "rows": 8, "skipped": 0, "answer_accuracy": 0.25, "updates": 4, "seconds": 3.689798355102539, "time": 1790993346.327858, "loss": -0.940258230571504, "confidence": 0.37532193220919385, "mass": 0.9999961491208023, "hinge_active": 0.0, "stop_prob": 0.9999671280384064, "sampled_number_rate": 1.0, "kl": 0.0, "kl_coef": 0.05, "value_loss": 0.0}
A decoder-only architecture is being used, but right-padding was detected! For correct generation results, please set `padding_side='left'` when initializing the tokenizer.
{"step": 1181, "epoch": 0, "batch_hash": 650759340, "rows": 7, "skipped": 1, "answer_accuracy": 0.8571428571428571, "updates": 4, "seconds": 2.0892934799194336, "time": 1790993348.420597, "loss": -0.8137017459824469, "confidence": 0.7375822915525916, "mass": 0.9999997303487632, "hinge_active": 0.0, "stop_prob": 0.9999713471957615, "sampled_number_rate": 0.9999999999999998, "kl": 0.0, "kl_coef": 0.05, "value_loss": 0.0}
A decoder-only architecture is being used, but right-padding was detected! For correct generation results, please set `padding_side='left'` when initializing the tokenizer.
{"step": 1182, "epoch": 0, "batch_hash": 1305396584, "rows": 8, "skipped": 0, "answer_accuracy": 0.5, "updates": 4, "seconds": 2.428178310394287, "time": 1790993350.8516066, "loss": -0.8519293090247355, "confidence": 0.699495935256178, "mass": 0.9999997947513829, "hinge_active": 0.0, "stop_prob": 0.9999740719795227, "sampled_number_rate": 1.0, "kl": 0.0, "kl_coef": 0.05, "value_loss": 0.0}
A decoder-only architecture is being used, but right-padding was detected! For correct generation results, please set `padding_side='left'` when initializing the tokenizer.
{"step": 1183, "epoch": 0, "batch_hash": 3577153698, "rows": 8, "skipped": 0, "answer_accuracy": 0.75, "updates": 4, "seconds": 2.1756956577301025, "time": 1790993353.029582, "loss": -0.9038954591903762, "confidence": 0.7336784877341139, "mass": 0.9999998891031154, "hinge_active": 0.0, "stop_prob": 0.9999728202819824, "sampled_number_rate": 1.0, "kl": 0.0, "kl_coef": 0.05, "value_loss": 0.0}
A decoder-only architecture is being used, but right-padding was detected! For correct generation results, please set `padding_side='left'` when initializing the tokenizer.
{"step": 1184, "epoch": 0, "batch_hash": 37598540, "rows": 8, "skipped": 0, "answer_accuracy": 0.5, "updates": 4, "seconds": 2.427285671234131, "time": 1790993355.4591825, "loss": -0.8330255318214651, "confidence": 0.42652567878865527, "mass": 0.9999998197329565, "hinge_active": 0.0, "stop_prob": 0.9999749585986137, "sampled_number_rate": 1.0, "kl": 0.0, "kl_coef": 0.05, "value_loss": 0.0}
checkpoint at step 1184 (0.9 s)
A decoder-only architecture is being used, but right-padding was detected! For correct generation results, please set `padding_side='left'` when initializing the tokenizer.
{"step": 1185, "epoch": 0, "batch_hash": 1285832456, "rows": 8, "skipped": 0, "answer_accuracy": 0.875, "updates": 4, "seconds": 2.320483684539795, "time": 1790993358.6872308, "loss": -0.8557847658890868, "confidence": 0.6492404442763138, "mass": 0.9999998273178055, "hinge_active": 0.0, "stop_prob": 0.9999735802412033, "sampled_number_rate": 1.0, "kl": 0.0, "kl_coef": 0.05, "value_loss": 0.0}
A decoder-only architecture is being used, but right-padding was detected! For correct generation results, please set `padding_side='left'` when initializing the tokenizer.
{"step": 1186, "epoch": 0, "batch_hash": 2950103442, "rows": 8, "skipped": 0, "answer_accuracy": 0.625, "updates": 4, "seconds": 2.2314326763153076, "time": 1790993360.9216087, "loss": -0.8986351459422994, "confidence": 0.5679394467196583, "mass": 0.9999997523211851, "hinge_active": 0.0, "stop_prob": 0.9999761432409286, "sampled_number_rate": 1.0, "kl": 0.0, "kl_coef": 0.05, "value_loss": 0.0}
A decoder-only architecture is being used, but right-padding was detected! For correct generation results, please set `padding_side='left'` when initializing the tokenizer.
{"step": 1187, "epoch": 0, "batch_hash": 613053390, "rows": 8, "skipped": 0, "answer_accuracy": 0.875, "updates": 4, "seconds": 2.2312917709350586, "time": 1790993363.1553261, "loss": -0.9310077564112749, "confidence": 0.7009504580631218, "mass": 0.9999997459058602, "hinge_active": 0.0, "stop_prob": 0.9999748542904854, "sampled_number_rate": 1.0, "kl": 0.0, "kl_coef": 0.05, "value_loss": 0.0}
A decoder-only architecture is being used, but right-padding was detected! For correct generation results, please set `padding_side='left'` when initializing the tokenizer.
{"step": 1188, "epoch": 0, "batch_hash": 1625525602, "rows": 8, "skipped": 0, "answer_accuracy": 0.75, "updates": 4, "seconds": 4.753326892852783, "time": 1790993367.9130313, "loss": -0.9272156464188421, "confidence": 0.5999832061833541, "mass": 0.9999942467952179, "hinge_active": 0.0, "stop_prob": 0.9951265752315521, "sampled_number_rate": 1.0, "kl": 0.0, "kl_coef": 0.05, "value_loss": 0.0}
A decoder-only architecture is being used, but right-padding was detected! For correct generation results, please set `padding_side='left'` when initializing the tokenizer.
{"step": 1189, "epoch": 0, "batch_hash": 3043695358, "rows": 8, "skipped": 0, "answer_accuracy": 0.875, "updates": 4, "seconds": 2.3501906394958496, "time": 1790993370.2679057, "loss": -0.8590694060324123, "confidence": 0.6440912751012638, "mass": 0.9999998792842478, "hinge_active": 0.0, "stop_prob": 0.9999702870845795, "sampled_number_rate": 1.0, "kl": 0.0, "kl_coef": 0.05, "value_loss": 0.0}
A decoder-only architecture is being used, but right-padding was detected! For correct generation results, please set `padding_side='left'` when initializing the tokenizer.
{"step": 1190, "epoch": 0, "batch_hash": 795486374, "rows": 7, "skipped": 1, "answer_accuracy": 0.5714285714285714, "updates": 4, "seconds": 2.2603278160095215, "time": 1790993372.5310295, "loss": -0.9289406175459245, "confidence": 0.5668283702227069, "mass": 0.9999996156820969, "hinge_active": 0.0, "stop_prob": 0.9999708618436541, "sampled_number_rate": 0.9999999999999998, "kl": 0.0, "kl_coef": 0.05, "value_loss": 0.0}
A decoder-only architecture is being used, but right-padding was detected! For correct generation results, please set `padding_side='left'` when initializing the tokenizer.
{"step": 1191, "epoch": 0, "batch_hash": 4286076961, "rows": 8, "skipped": 0, "answer_accuracy": 0.625, "updates": 4, "seconds": 2.3608970642089844, "time": 1790993374.894908, "loss": -0.7565615705594388, "confidence": 0.5717396229171066, "mass": 0.999999796887141, "hinge_active": 0.0, "stop_prob": 0.999975249171257, "sampled_number_rate": 1.0, "kl": 0.0, "kl_coef": 0.05, "value_loss": 0.0}
A decoder-only architecture is being used, but right-padding was detected! For correct generation results, please set `padding_side='left'` when initializing the tokenizer.
{"step": 1192, "epoch": 0, "batch_hash": 3562020535, "rows": 8, "skipped": 0, "answer_accuracy": 0.875, "updates": 4, "seconds": 2.3318774700164795, "time": 1790993377.229103, "loss": -0.9165212217064216, "confidence": 0.8244715985698376, "mass": 0.9999996141463063, "hinge_active": 0.0, "stop_prob": 0.9999655783176422, "sampled_number_rate": 1.0, "kl": 0.0, "kl_coef": 0.05, "value_loss": 0.0}
A decoder-only architecture is being used, but right-padding was detected! For correct generation results, please set `padding_side='left'` when initializing the tokenizer.
{"step": 1193, "epoch": 0, "batch_hash": 48773438, "rows": 8, "skipped": 0, "answer_accuracy": 0.375, "updates": 4, "seconds": 2.397979736328125, "time": 1790993379.630007, "loss": -0.6447235424814657, "confidence": 0.662855987997804, "mass": 0.9999998125621267, "hinge_active": 0.0, "stop_prob": 0.9999761655926704, "sampled_number_rate": 1.0, "kl": 0.0, "kl_coef": 0.05, "value_loss": 0.0}
A decoder-only architecture is being used, but right-padding was detected! For correct generation results, please set `padding_side='left'` when initializing the tokenizer.
{"step": 1194, "epoch": 0, "batch_hash": 3413694145, "rows": 7, "skipped": 1, "answer_accuracy": 0.42857142857142855, "updates": 4, "seconds": 2.2054710388183594, "time": 1790993381.8380225, "loss": -0.8067856050337744, "confidence": 0.700150529268077, "mass": 0.999999783948759, "hinge_active": 0.0, "stop_prob": 0.9999748127801078, "sampled_number_rate": 0.9999999999999998, "kl": 0.0, "kl_coef": 0.05, "value_loss": 0.0}
A decoder-only architecture is being used, but right-padding was detected! For correct generation results, please set `padding_side='left'` when initializing the tokenizer.
{"step": 1195, "epoch": 0, "batch_hash": 2625511432, "rows": 8, "skipped": 0, "answer_accuracy": 0.625, "updates": 4, "seconds": 2.2656097412109375, "time": 1790993384.1070845, "loss": -0.9247109177553285, "confidence": 0.6624807950990281, "mass": 0.9999997375195937, "hinge_active": 0.0, "stop_prob": 0.999969981610775, "sampled_number_rate": 1.0, "kl": 0.0, "kl_coef": 0.05, "value_loss": 0.0}
A decoder-only architecture is being used, but right-padding was detected! For correct generation results, please set `padding_side='left'` when initializing the tokenizer.
{"step": 1196, "epoch": 0, "batch_hash": 1494813555, "rows": 8, "skipped": 0, "answer_accuracy": 0.5, "updates": 4, "seconds": 2.328947067260742, "time": 1790993386.445716, "loss": -0.7828006509170808, "confidence": 0.6695148663347317, "mass": 0.9999996464365665, "hinge_active": 0.0, "stop_prob": 0.999972864985466, "sampled_number_rate": 1.0, "kl": 0.0, "kl_coef": 0.05, "value_loss": 0.0}
A decoder-only architecture is being used, but right-padding was detected! For correct generation results, please set `padding_side='left'` when initializing the tokenizer.
{"step": 1197, "epoch": 0, "batch_hash": 387244376, "rows": 8, "skipped": 0, "answer_accuracy": 0.875, "updates": 4, "seconds": 2.372175455093384, "time": 1790993388.8205085, "loss": -0.9404239983089376, "confidence": 0.7374961892623715, "mass": 0.9999995699306508, "hinge_active": 0.0, "stop_prob": 0.9999688789248466, "sampled_number_rate": 1.0, "kl": 0.0, "kl_coef": 0.05, "value_loss": 0.0}
A decoder-only architecture is being used, but right-padding was detected! For correct generation results, please set `padding_side='left'` when initializing the tokenizer.
{"step": 1198, "epoch": 0, "batch_hash": 1114676926, "rows": 7, "skipped": 1, "answer_accuracy": 0.8571428571428571, "updates": 4, "seconds": 2.2950713634490967, "time": 1790993391.1181076, "loss": -0.8790375289135284, "confidence": 0.8999247608768687, "mass": 0.9999994519506881, "hinge_active": 0.0, "stop_prob": 0.9999694313321795, "sampled_number_rate": 0.9999999999999998, "kl": 0.0, "kl_coef": 0.05, "value_loss": 0.0}
A decoder-only architecture is being used, but right-padding was detected! For correct generation results, please set `padding_side='left'` when initializing the tokenizer.
{"step": 1199, "epoch": 0, "batch_hash": 7716172, "rows": 8, "skipped": 0, "answer_accuracy": 0.375, "updates": 4, "seconds": 2.6926331520080566, "time": 1790993393.8135843, "loss": -0.9307923652049003, "confidence": 0.46774021463780235, "mass": 0.9999876531325693, "hinge_active": 0.0, "stop_prob": 0.9999658092856407, "sampled_number_rate": 1.0, "kl": 0.0, "kl_coef": 0.05, "value_loss": 0.0}
A decoder-only architecture is being used, but right-padding was detected! For correct generation results, please set `padding_side='left'` when initializing the tokenizer.
{"step": 1200, "epoch": 0, "batch_hash": 556055499, "rows": 8, "skipped": 0, "answer_accuracy": 0.25, "updates": 4, "seconds": 2.1814069747924805, "time": 1790993396.0010958, "loss": -0.8158224635554808, "confidence": 0.5750537447021233, "mass": 0.9999997390526776, "hinge_active": 0.0, "stop_prob": 0.9999756813049316, "sampled_number_rate": 1.0, "kl": 0.0, "kl_coef": 0.05, "value_loss": 0.0}
A decoder-only architecture is being used, but right-padding was detected! For correct generation results, please set `padding_side='left'` when initializing the tokenizer.
{"step": 1201, "epoch": 0, "batch_hash": 857608400, "rows": 8, "skipped": 0, "answer_accuracy": 0.75, "updates": 4, "seconds": 2.348209857940674, "time": 1790993398.4061708, "loss": -0.9138734871970434, "confidence": 0.6783478635113126, "mass": 0.999999637534204, "hinge_active": 0.0, "stop_prob": 0.9999723881483078, "sampled_number_rate": 1.0, "kl": 0.0, "kl_coef": 0.05, "value_loss": 0.0}
A decoder-only architecture is being used, but right-padding was detected! For correct generation results, please set `padding_side='left'` when initializing the tokenizer.
{"step": 1202, "epoch": 0, "batch_hash": 1339718515, "rows": 7, "skipped": 1, "answer_accuracy": 0.7142857142857143, "updates": 4, "seconds": 3.6495935916900635, "time": 1790993402.0641892, "loss": -0.9273316517044483, "confidence": 0.70866002787301, "mass": 0.999999610743705, "hinge_active": 0.0, "stop_prob": 0.999971227986472, "sampled_number_rate": 0.9999999999999998, "kl": 0.0, "kl_coef": 0.05, "value_loss": 0.0}
A decoder-only architecture is being used, but right-padding was detected! For correct generation results, please set `padding_side='left'` when initializing the tokenizer.
{"step": 1203, "epoch": 0, "batch_hash": 1264157007, "rows": 8, "skipped": 0, "answer_accuracy": 0.875, "updates": 4, "seconds": 2.2763686180114746, "time": 1790993404.343804, "loss": -0.8186437482741347, "confidence": 0.7295437816597733, "mass": 0.999999395997068, "hinge_active": 0.0, "stop_prob": 0.9999704658985138, "sampled_number_rate": 1.0, "kl": 0.0, "kl_coef": 0.05, "value_loss": 0.0}
A decoder-only architecture is being used, but right-padding was detected! For correct generation results, please set `padding_side='left'` when initializing the tokenizer.
{"step": 1204, "epoch": 0, "batch_hash": 3906854254, "rows": 8, "skipped": 0, "answer_accuracy": 0.75, "updates": 4, "seconds": 2.1887266635894775, "time": 1790993406.5349445, "loss": -0.9047322014422092, "confidence": 0.7154274466501287, "mass": 0.9999995404202693, "hinge_active": 0.0, "stop_prob": 0.999972015619278, "sampled_number_rate": 1.0, "kl": 0.0, "kl_coef": 0.05, "value_loss": 0.0}
A decoder-only architecture is being used, but right-padding was detected! For correct generation results, please set `padding_side='left'` when initializing the tokenizer.
{"step": 1205, "epoch": 0, "batch_hash": 2484894446, "rows": 8, "skipped": 0, "answer_accuracy": 1.0, "updates": 4, "seconds": 2.171856641769409, "time": 1790993408.709407, "loss": -0.919526898114894, "confidence": 0.7987338698144764, "mass": 0.9999995821314146, "hinge_active": 0.0, "stop_prob": 0.9999721795320511, "sampled_number_rate": 1.0, "kl": 0.0, "kl_coef": 0.05, "value_loss": 0.0}
A decoder-only architecture is being used, but right-padding was detected! For correct generation results, please set `padding_side='left'` when initializing the tokenizer.
{"step": 1206, "epoch": 0, "batch_hash": 2094390782, "rows": 8, "skipped": 0, "answer_accuracy": 0.375, "updates": 4, "seconds": 2.537132501602173, "time": 1790993411.2541144, "loss": -0.7713946683033115, "confidence": 0.4242638867817901, "mass": 0.9999960887522221, "hinge_active": 0.0, "stop_prob": 0.9999682381749153, "sampled_number_rate": 1.0, "kl": 0.0, "kl_coef": 0.05, "value_loss": 0.0}
A decoder-only architecture is being used, but right-padding was detected! For correct generation results, please set `padding_side='left'` when initializing the tokenizer.
{"step": 1207, "epoch": 0, "batch_hash": 454009562, "rows": 8, "skipped": 0, "answer_accuracy": 0.625, "updates": 4, "seconds": 2.3903772830963135, "time": 1790993413.6467495, "loss": -0.9337969746775496, "confidence": 0.6875582188525048, "mass": 0.9999994964170946, "hinge_active": 0.0, "stop_prob": 0.9999697655439377, "sampled_number_rate": 1.0, "kl": 0.0, "kl_coef": 0.05, "value_loss": 0.0}
A decoder-only architecture is being used, but right-padding was detected! For correct generation results, please set `padding_side='left'` when initializing the tokenizer.
{"step": 1208, "epoch": 0, "batch_hash": 1600051618, "rows": 7, "skipped": 1, "answer_accuracy": 0.42857142857142855, "updates": 4, "seconds": 2.699526309967041, "time": 1790993416.3482568, "loss": -0.9121792464945953, "confidence": 0.5776733183778132, "mass": 0.9999997000294275, "hinge_active": 0.0, "stop_prob": 0.9999749064445496, "sampled_number_rate": 0.9999999999999998, "kl": 0.0, "kl_coef": 0.05, "value_loss": 0.0}
A decoder-only architecture is being used, but right-padding was detected! For correct generation results, please set `padding_side='left'` when initializing the tokenizer.
{"step": 1209, "epoch": 0, "batch_hash": 1778657101, "rows": 8, "skipped": 0, "answer_accuracy": 0.625, "updates": 4, "seconds": 2.4864308834075928, "time": 1790993418.837033, "loss": -0.8514751190629244, "confidence": 0.7738085952197292, "mass": 0.9999958163477782, "hinge_active": 0.0, "stop_prob": 0.99995968490839, "sampled_number_rate": 1.0, "kl": 0.0, "kl_coef": 0.05, "value_loss": 0.0}
A decoder-only architecture is being used, but right-padding was detected! For correct generation results, please set `padding_side='left'` when initializing the tokenizer.
{"step": 1210, "epoch": 0, "batch_hash": 2417713414, "rows": 8, "skipped": 0, "answer_accuracy": 0.375, "updates": 4, "seconds": 2.305293321609497, "time": 1790993421.1474319, "loss": -0.7970163548280547, "confidence": 0.530375989949368, "mass": 0.9999998715572441, "hinge_active": 0.0, "stop_prob": 0.9999756440520287, "sampled_number_rate": 1.0, "kl": 0.0, "kl_coef": 0.05, "value_loss": 0.0}
A decoder-only architecture is being used, but right-padding was detected! For correct generation results, please set `padding_side='left'` when initializing the tokenizer.
{"step": 1211, "epoch": 0, "batch_hash": 2745980448, "rows": 8, "skipped": 0, "answer_accuracy": 0.5, "updates": 4, "seconds": 2.3745267391204834, "time": 1790993423.5244446, "loss": -0.8695741317440153, "confidence": 0.6576439812343713, "mass": 0.9999990738585397, "hinge_active": 0.0, "stop_prob": 0.9999717324972153, "sampled_number_rate": 1.0, "kl": 0.0, "kl_coef": 0.05, "value_loss": 0.0}
A decoder-only architecture is being used, but right-padding was detected! For correct generation results, please set `padding_side='left'` when initializing the tokenizer.
{"step": 1212, "epoch": 0, "batch_hash": 2208645513, "rows": 8, "skipped": 0, "answer_accuracy": 0.875, "updates": 4, "seconds": 2.4373881816864014, "time": 1790993425.9646568, "loss": -0.8922919304572183, "confidence": 0.6852366580343578, "mass": 0.9999996141179969, "hinge_active": 0.0, "stop_prob": 0.999967910349369, "sampled_number_rate": 1.0, "kl": 0.0, "kl_coef": 0.05, "value_loss": 0.0}
A decoder-only architecture is being used, but right-padding was detected! For correct generation results, please set `padding_side='left'` when initializing the tokenizer.
{"step": 1213, "epoch": 0, "batch_hash": 3232979888, "rows": 8, "skipped": 0, "answer_accuracy": 0.75, "updates": 4, "seconds": 2.303849697113037, "time": 1790993428.2723925, "loss": -0.9378578075570385, "confidence": 0.651387072581164, "mass": 0.9999997334786899, "hinge_active": 0.0, "stop_prob": 0.999972753226757, "sampled_number_rate": 1.0, "kl": 0.0, "kl_coef": 0.05, "value_loss": 0.0}
A decoder-only architecture is being used, but right-padding was detected! For correct generation results, please set `padding_side='left'` when initializing the tokenizer.
{"step": 1214, "epoch": 0, "batch_hash": 10133323, "rows": 7, "skipped": 1, "answer_accuracy": 0.42857142857142855, "updates": 4, "seconds": 3.254608392715454, "time": 1790993431.5295148, "loss": -0.7066975810239121, "confidence": 0.5708115827754452, "mass": 0.9999998522518193, "hinge_active": 0.0, "stop_prob": 0.9999756302152362, "sampled_number_rate": 0.9999999999999998, "kl": 0.0, "kl_coef": 0.05, "value_loss": 0.0}
A decoder-only architecture is being used, but right-padding was detected! For correct generation results, please set `padding_side='left'` when initializing the tokenizer.
{"step": 1215, "epoch": 0, "batch_hash": 1346385843, "rows": 8, "skipped": 0, "answer_accuracy": 0.5, "updates": 4, "seconds": 2.4974524974823, "time": 1790993434.0295703, "loss": -0.772514755176404, "confidence": 0.548984037913803, "mass": 0.999999372826016, "hinge_active": 0.0, "stop_prob": 0.9999745786190033, "sampled_number_rate": 1.0, "kl": 0.0, "kl_coef": 0.05, "value_loss": 0.0}
A decoder-only architecture is being used, but right-padding was detected! For correct generation results, please set `padding_side='left'` when initializing the tokenizer.
{"step": 1216, "epoch": 0, "batch_hash": 3742403453, "rows": 8, "skipped": 0, "answer_accuracy": 0.625, "updates": 4, "seconds": 2.4183926582336426, "time": 1790993436.4506302, "loss": -0.8244239227508625, "confidence": 0.637522098755119, "mass": 0.9999994936480832, "hinge_active": 0.0, "stop_prob": 0.999974325299263, "sampled_number_rate": 1.0, "kl": 0.0, "kl_coef": 0.05, "value_loss": 0.0}
checkpoint at step 1216 (0.7 s)
A decoder-only architecture is being used, but right-padding was detected! For correct generation results, please set `padding_side='left'` when initializing the tokenizer.
{"step": 1217, "epoch": 0, "batch_hash": 213439533, "rows": 8, "skipped": 0, "answer_accuracy": 0.625, "updates": 4, "seconds": 2.352581024169922, "time": 1790993439.489522, "loss": -0.9008965822567417, "confidence": 0.6386924947389926, "mass": 0.9999998271229043, "hinge_active": 0.0, "stop_prob": 0.9999724626541138, "sampled_number_rate": 1.0, "kl": 0.0, "kl_coef": 0.05, "value_loss": 0.0}
A decoder-only architecture is being used, but right-padding was detected! For correct generation results, please set `padding_side='left'` when initializing the tokenizer.
{"step": 1218, "epoch": 0, "batch_hash": 626789034, "rows": 8, "skipped": 0, "answer_accuracy": 0.75, "updates": 4, "seconds": 2.311314582824707, "time": 1790993441.8033621, "loss": -0.8935182010613278, "confidence": 0.7198645051405581, "mass": 0.9999997704503469, "hinge_active": 0.0, "stop_prob": 0.9999755918979645, "sampled_number_rate": 1.0, "kl": 0.0, "kl_coef": 0.05, "value_loss": 0.0}
A decoder-only architecture is being used, but right-padding was detected! For correct generation results, please set `padding_side='left'` when initializing the tokenizer.
{"step": 1219, "epoch": 0, "batch_hash": 220154083, "rows": 8, "skipped": 0, "answer_accuracy": 0.5, "updates": 4, "seconds": 2.320807456970215, "time": 1790993444.1375031, "loss": -0.863194771773857, "confidence": 0.5286083226389062, "mass": 0.9999996644604427, "hinge_active": 0.0, "stop_prob": 0.999978557229042, "sampled_number_rate": 1.0, "kl": 0.0, "kl_coef": 0.05, "value_loss": 0.0}
A decoder-only architecture is being used, but right-padding was detected! For correct generation results, please set `padding_side='left'` when initializing the tokenizer.
{"step": 1220, "epoch": 0, "batch_hash": 768321878, "rows": 8, "skipped": 0, "answer_accuracy": 0.625, "updates": 4, "seconds": 2.2578773498535156, "time": 1790993446.39891, "loss": -0.8577164181018814, "confidence": 0.6013898629025841, "mass": 0.9999999324761669, "hinge_active": 0.0, "stop_prob": 0.9999748691916466, "sampled_number_rate": 1.0, "kl": 0.0, "kl_coef": 0.05, "value_loss": 0.0}
A decoder-only architecture is being used, but right-padding was detected! For correct generation results, please set `padding_side='left'` when initializing the tokenizer.
{"step": 1221, "epoch": 0, "batch_hash": 2523250031, "rows": 8, "skipped": 0, "answer_accuracy": 0.75, "updates": 4, "seconds": 2.353027582168579, "time": 1790993448.7674088, "loss": -0.7820246963336192, "confidence": 0.8246962373082813, "mass": 0.9999996539277626, "hinge_active": 0.0, "stop_prob": 0.9999727457761765, "sampled_number_rate": 1.0, "kl": 0.0, "kl_coef": 0.05, "value_loss": 0.0}
A decoder-only architecture is being used, but right-padding was detected! For correct generation results, please set `padding_side='left'` when initializing the tokenizer.
{"step": 1222, "epoch": 0, "batch_hash": 4081053572, "rows": 7, "skipped": 1, "answer_accuracy": 0.7142857142857143, "updates": 4, "seconds": 3.0442824363708496, "time": 1790993451.8146358, "loss": -0.9295775767331449, "confidence": 0.6855165637798611, "mass": 0.9999995639856133, "hinge_active": 0.0, "stop_prob": 0.9999704275812421, "sampled_number_rate": 0.9999999999999998, "kl": 0.0, "kl_coef": 0.05, "value_loss": 0.0}
A decoder-only architecture is being used, but right-padding was detected! For correct generation results, please set `padding_side='left'` when initializing the tokenizer.
{"step": 1223, "epoch": 0, "batch_hash": 2420242584, "rows": 8, "skipped": 0, "answer_accuracy": 0.5, "updates": 4, "seconds": 2.27115797996521, "time": 1790993454.088535, "loss": -0.8491611306225474, "confidence": 0.6121271556150782, "mass": 0.999999859158354, "hinge_active": 0.0, "stop_prob": 0.9999752044677734, "sampled_number_rate": 1.0, "kl": 0.0, "kl_coef": 0.05, "value_loss": 0.0}
A decoder-only architecture is being used, but right-padding was detected! For correct generation results, please set `padding_side='left'` when initializing the tokenizer.
{"step": 1224, "epoch": 0, "batch_hash": 136741865, "rows": 8, "skipped": 0, "answer_accuracy": 0.625, "updates": 4, "seconds": 2.926882266998291, "time": 1790993457.0184526, "loss": -0.8525277544190316, "confidence": 0.5454180439097738, "mass": 0.9999997682743119, "hinge_active": 0.0, "stop_prob": 0.9999750629067421, "sampled_number_rate": 1.0, "kl": 0.0, "kl_coef": 0.05, "value_loss": 0.0}
A decoder-only architecture is being used, but right-padding was detected! For correct generation results, please set `padding_side='left'` when initializing the tokenizer.
{"step": 1225, "epoch": 0, "batch_hash": 1214142119, "rows": 8, "skipped": 0, "answer_accuracy": 0.75, "updates": 4, "seconds": 2.2193007469177246, "time": 1790993459.2415125, "loss": -0.8381864224769555, "confidence": 0.7321071419467395, "mass": 0.9999998118648525, "hinge_active": 0.0, "stop_prob": 0.9999745339155197, "sampled_number_rate": 1.0, "kl": 0.0, "kl_coef": 0.05, "value_loss": 0.0}
A decoder-only architecture is being used, but right-padding was detected! For correct generation results, please set `padding_side='left'` when initializing the tokenizer.
{"step": 1226, "epoch": 0, "batch_hash": 3059586783, "rows": 7, "skipped": 1, "answer_accuracy": 0.7142857142857143, "updates": 4, "seconds": 2.0935440063476562, "time": 1790993461.3370059, "loss": -0.9225617631716652, "confidence": 0.7556742232809265, "mass": 0.9999994540714048, "hinge_active": 0.0, "stop_prob": 0.9999727862221854, "sampled_number_rate": 0.9999999999999998, "kl": 0.0, "kl_coef": 0.05, "value_loss": 0.0}
A decoder-only architecture is being used, but right-padding was detected! For correct generation results, please set `padding_side='left'` when initializing the tokenizer.
{"step": 1227, "epoch": 0, "batch_hash": 1333402047, "rows": 8, "skipped": 0, "answer_accuracy": 1.0, "updates": 4, "seconds": 2.230189800262451, "time": 1790993463.5695298, "loss": -0.9329968992918727, "confidence": 0.8100618038640006, "mass": 0.9999997298444064, "hinge_active": 0.0, "stop_prob": 0.9999731928110123, "sampled_number_rate": 1.0, "kl": 0.0, "kl_coef": 0.05, "value_loss": 0.0}
A decoder-only architecture is being used, but right-padding was detected! For correct generation results, please set `padding_side='left'` when initializing the tokenizer.
{"step": 1228, "epoch": 0, "batch_hash": 3505571069, "rows": 8, "skipped": 0, "answer_accuracy": 0.375, "updates": 4, "seconds": 3.063843250274658, "time": 1790993466.635427, "loss": -0.7821149251197675, "confidence": 0.6339421281748662, "mass": 0.9999995347780265, "hinge_active": 0.0, "stop_prob": 0.9999742060899734, "sampled_number_rate": 1.0, "kl": 0.0, "kl_coef": 0.05, "value_loss": 0.0}
A decoder-only architecture is being used, but right-padding was detected! For correct generation results, please set `padding_side='left'` when initializing the tokenizer.
{"step": 1229, "epoch": 0, "batch_hash": 3678329752, "rows": 8, "skipped": 0, "answer_accuracy": 0.75, "updates": 4, "seconds": 2.3575832843780518, "time": 1790993468.9952483, "loss": -0.8656183605934618, "confidence": 0.6601738188529065, "mass": 0.9999996860522282, "hinge_active": 0.0, "stop_prob": 0.999972015619278, "sampled_number_rate": 1.0, "kl": 0.0, "kl_coef": 0.05, "value_loss": 0.0}
A decoder-only architecture is being used, but right-padding was detected! For correct generation results, please set `padding_side='left'` when initializing the tokenizer.
{"step": 1230, "epoch": 0, "batch_hash": 1233220911, "rows": 7, "skipped": 1, "answer_accuracy": 0.5714285714285714, "updates": 4, "seconds": 4.153640508651733, "time": 1790993473.1516163, "loss": -0.8827579832834908, "confidence": 0.5715847375396151, "mass": 0.99999978267906, "hinge_active": 0.0, "stop_prob": 0.9999768819127764, "sampled_number_rate": 0.9999999999999998, "kl": 0.0, "kl_coef": 0.05, "value_loss": 0.0}
A decoder-only architecture is being used, but right-padding was detected! For correct generation results, please set `padding_side='left'` when initializing the tokenizer.
{"step": 1231, "epoch": 0, "batch_hash": 2165094512, "rows": 8, "skipped": 0, "answer_accuracy": 0.75, "updates": 4, "seconds": 2.4552788734436035, "time": 1790993475.6100628, "loss": -0.8240524774609882, "confidence": 0.6046929327506022, "mass": 0.9999983548120577, "hinge_active": 0.0, "stop_prob": 0.9999700859189034, "sampled_number_rate": 1.0, "kl": 0.0, "kl_coef": 0.05, "value_loss": 0.0}
A decoder-only architecture is being used, but right-padding was detected! For correct generation results, please set `padding_side='left'` when initializing the tokenizer.
{"step": 1232, "epoch": 0, "batch_hash": 1798621922, "rows": 8, "skipped": 0, "answer_accuracy": 0.75, "updates": 4, "seconds": 2.290611743927002, "time": 1790993477.905892, "loss": -0.9181086035143804, "confidence": 0.7052378341084674, "mass": 0.999999538087748, "hinge_active": 0.0, "stop_prob": 0.9999754056334496, "sampled_number_rate": 1.0, "kl": 0.0, "kl_coef": 0.05, "value_loss": 0.0}
A decoder-only architecture is being used, but right-padding was detected! For correct generation results, please set `padding_side='left'` when initializing the tokenizer.
{"step": 1233, "epoch": 0, "batch_hash": 1986225883, "rows": 7, "skipped": 1, "answer_accuracy": 0.42857142857142855, "updates": 4, "seconds": 2.4593355655670166, "time": 1790993480.374372, "loss": -0.8907984656308681, "confidence": 0.6008712737087458, "mass": 0.9999997350649504, "hinge_active": 0.0, "stop_prob": 0.9999737058367048, "sampled_number_rate": 0.9999999999999998, "kl": 0.0, "kl_coef": 0.05, "value_loss": 0.0}
A decoder-only architecture is being used, but right-padding was detected! For correct generation results, please set `padding_side='left'` when initializing the tokenizer.
{"step": 1234, "epoch": 0, "batch_hash": 2840492164, "rows": 4, "skipped": 4, "answer_accuracy": 0.75, "updates": 2, "seconds": 13.231987237930298, "time": 1790993493.6094167, "loss": -0.8608651738569528, "confidence": 0.6249630721885008, "mass": 0.9999998195975784, "hinge_active": 0.0, "stop_prob": 0.9999783486127853, "sampled_number_rate": 1.0, "kl": 0.0, "kl_coef": 0.05, "value_loss": 0.0}
A decoder-only architecture is being used, but right-padding was detected! For correct generation results, please set `padding_side='left'` when initializing the tokenizer.
{"step": 1235, "epoch": 0, "batch_hash": 1936357497, "rows": 8, "skipped": 0, "answer_accuracy": 0.75, "updates": 4, "seconds": 2.26981782913208, "time": 1790993495.8871145, "loss": -0.8633122078541928, "confidence": 0.5989293436506323, "mass": 0.9999996326719038, "hinge_active": 0.0, "stop_prob": 0.99997728317976, "sampled_number_rate": 1.0, "kl": 0.0, "kl_coef": 0.05, "value_loss": 0.0}
A decoder-only architecture is being used, but right-padding was detected! For correct generation results, please set `padding_side='left'` when initializing the tokenizer.
{"step": 1236, "epoch": 0, "batch_hash": 2535457203, "rows": 8, "skipped": 0, "answer_accuracy": 0.875, "updates": 4, "seconds": 2.2774126529693604, "time": 1790993498.1680598, "loss": -0.8383647489316517, "confidence": 0.667376461435276, "mass": 0.9999998522079427, "hinge_active": 0.0, "stop_prob": 0.999973252415657, "sampled_number_rate": 1.0, "kl": 0.0, "kl_coef": 0.05, "value_loss": 0.0}
A decoder-only architecture is being used, but right-padding was detected! For correct generation results, please set `padding_side='left'` when initializing the tokenizer.
{"step": 1237, "epoch": 0, "batch_hash": 4103923276, "rows": 8, "skipped": 0, "answer_accuracy": 0.5, "updates": 4, "seconds": 2.640430450439453, "time": 1790993500.8108814, "loss": -0.8496082140910021, "confidence": 0.5861495856171816, "mass": 0.9999998559475834, "hinge_active": 0.0, "stop_prob": 0.9999741837382317, "sampled_number_rate": 1.0, "kl": 0.0, "kl_coef": 0.05, "value_loss": 0.0}
A decoder-only architecture is being used, but right-padding was detected! For correct generation results, please set `padding_side='left'` when initializing the tokenizer.
{"step": 1238, "epoch": 0, "batch_hash": 2671240491, "rows": 8, "skipped": 0, "answer_accuracy": 0.875, "updates": 4, "seconds": 2.6837799549102783, "time": 1790993503.498322, "loss": -0.9602678569914237, "confidence": 0.804285935670249, "mass": 0.9999995248583138, "hinge_active": 0.0, "stop_prob": 0.9999706745147705, "sampled_number_rate": 1.0, "kl": 0.0, "kl_coef": 0.05, "value_loss": 0.0}
A decoder-only architecture is being used, but right-padding was detected! For correct generation results, please set `padding_side='left'` when initializing the tokenizer.
{"step": 1239, "epoch": 0, "batch_hash": 2757004867, "rows": 8, "skipped": 0, "answer_accuracy": 0.375, "updates": 4, "seconds": 2.3569021224975586, "time": 1790993505.8723876, "loss": -0.8307813877648487, "confidence": 0.34915134081703947, "mass": 0.9999978970400916, "hinge_active": 0.0, "stop_prob": 0.9999785870313644, "sampled_number_rate": 1.0, "kl": 0.0, "kl_coef": 0.05, "value_loss": 0.0}
A decoder-only architecture is being used, but right-padding was detected! For correct generation results, please set `padding_side='left'` when initializing the tokenizer.
{"step": 1240, "epoch": 0, "batch_hash": 1015720299, "rows": 8, "skipped": 0, "answer_accuracy": 0.75, "updates": 4, "seconds": 2.3032538890838623, "time": 1790993508.1786828, "loss": -0.8796739040295096, "confidence": 0.650350885534685, "mass": 0.9999998125732995, "hinge_active": 0.0, "stop_prob": 0.9999750256538391, "sampled_number_rate": 1.0, "kl": 0.0, "kl_coef": 0.05, "value_loss": 0.0}
A decoder-only architecture is being used, but right-padding was detected! For correct generation results, please set `padding_side='left'` when initializing the tokenizer.
{"step": 1241, "epoch": 0, "batch_hash": 1646777571, "rows": 8, "skipped": 0, "answer_accuracy": 0.625, "updates": 4, "seconds": 2.364295721054077, "time": 1790993510.5453632, "loss": -0.8867210442533981, "confidence": 0.6239882342482248, "mass": 0.9999998511775403, "hinge_active": 0.0, "stop_prob": 0.9999747946858406, "sampled_number_rate": 1.0, "kl": 0.0, "kl_coef": 0.05, "value_loss": 0.0}
A decoder-only architecture is being used, but right-padding was detected! For correct generation results, please set `padding_side='left'` when initializing the tokenizer.
{"step": 1242, "epoch": 0, "batch_hash": 1904757696, "rows": 8, "skipped": 0, "answer_accuracy": 0.875, "updates": 4, "seconds": 2.186192035675049, "time": 1790993512.7338536, "loss": -0.9037352000211591, "confidence": 0.718576444752833, "mass": 0.9999996277013576, "hinge_active": 0.0, "stop_prob": 0.9999742358922958, "sampled_number_rate": 1.0, "kl": 0.0, "kl_coef": 0.05, "value_loss": 0.0}
A decoder-only architecture is being used, but right-padding was detected! For correct generation results, please set `padding_side='left'` when initializing the tokenizer.
{"step": 1243, "epoch": 0, "batch_hash": 3306672996, "rows": 8, "skipped": 0, "answer_accuracy": 0.625, "updates": 4, "seconds": 2.2154221534729004, "time": 1790993514.9521766, "loss": -0.8601930701123008, "confidence": 0.7240748564593888, "mass": 0.999999713829353, "hinge_active": 0.0, "stop_prob": 0.9999754205346107, "sampled_number_rate": 1.0, "kl": 0.0, "kl_coef": 0.05, "value_loss": 0.0}
A decoder-only architecture is being used, but right-padding was detected! For correct generation results, please set `padding_side='left'` when initializing the tokenizer.
{"step": 1244, "epoch": 0, "batch_hash": 2897056723, "rows": 8, "skipped": 0, "answer_accuracy": 0.625, "updates": 4, "seconds": 2.32565975189209, "time": 1790993517.2811363, "loss": -0.8890288654478065, "confidence": 0.7366040378568279, "mass": 0.9999998010962593, "hinge_active": 0.0, "stop_prob": 0.9999723583459854, "sampled_number_rate": 1.0, "kl": 0.0, "kl_coef": 0.05, "value_loss": 0.0}
A decoder-only architecture is being used, but right-padding was detected! For correct generation results, please set `padding_side='left'` when initializing the tokenizer.
{"step": 1245, "epoch": 0, "batch_hash": 4010727300, "rows": 8, "skipped": 0, "answer_accuracy": 0.5, "updates": 4, "seconds": 3.3445842266082764, "time": 1790993520.628611, "loss": -0.8349490794129394, "confidence": 0.6011927578833417, "mass": 0.9999996228509482, "hinge_active": 0.0, "stop_prob": 0.9999738037586212, "sampled_number_rate": 1.0, "kl": 0.0, "kl_coef": 0.05, "value_loss": 0.0}
A decoder-only architecture is being used, but right-padding was detected! For correct generation results, please set `padding_side='left'` when initializing the tokenizer.
{"step": 1246, "epoch": 0, "batch_hash": 3087223987, "rows": 8, "skipped": 0, "answer_accuracy": 0.75, "updates": 4, "seconds": 2.3181726932525635, "time": 1790993522.9510546, "loss": -0.9191420607244096, "confidence": 0.668792751988513, "mass": 0.9999998379599845, "hinge_active": 0.0, "stop_prob": 0.9999761953949928, "sampled_number_rate": 1.0, "kl": 0.0, "kl_coef": 0.05, "value_loss": 0.0}
A decoder-only architecture is being used, but right-padding was detected! For correct generation results, please set `padding_side='left'` when initializing the tokenizer.
{"step": 1247, "epoch": 0, "batch_hash": 3001979370, "rows": 8, "skipped": 0, "answer_accuracy": 0.625, "updates": 4, "seconds": 2.187720537185669, "time": 1790993525.14117, "loss": -0.9435116381218359, "confidence": 0.624411637556157, "mass": 0.9999997533667648, "hinge_active": 0.0, "stop_prob": 0.999974824488163, "sampled_number_rate": 1.0, "kl": 0.0, "kl_coef": 0.05, "value_loss": 0.0}
A decoder-only architecture is being used, but right-padding was detected! For correct generation results, please set `padding_side='left'` when initializing the tokenizer.
{"step": 1248, "epoch": 0, "batch_hash": 2888694796, "rows": 8, "skipped": 0, "answer_accuracy": 0.875, "updates": 4, "seconds": 2.2167468070983887, "time": 1790993527.3621645, "loss": -0.9272697435858535, "confidence": 0.8000515560984618, "mass": 0.9999996718395073, "hinge_active": 0.0, "stop_prob": 0.999973438680172, "sampled_number_rate": 1.0, "kl": 0.0, "kl_coef": 0.05, "value_loss": 0.0}
checkpoint at step 1248 (0.9 s)
A decoder-only architecture is being used, but right-padding was detected! For correct generation results, please set `padding_side='left'` when initializing the tokenizer.
{"step": 1249, "epoch": 0, "batch_hash": 1662308045, "rows": 8, "skipped": 0, "answer_accuracy": 0.875, "updates": 4, "seconds": 2.618619203567505, "time": 1790993530.863352, "loss": -0.7580878206876971, "confidence": 0.5433514702067881, "mass": 0.9999997471107495, "hinge_active": 0.0, "stop_prob": 0.9999790042638779, "sampled_number_rate": 1.0, "kl": 0.0, "kl_coef": 0.05, "value_loss": 0.0}
A decoder-only architecture is being used, but right-padding was detected! For correct generation results, please set `padding_side='left'` when initializing the tokenizer.
{"step": 1250, "epoch": 0, "batch_hash": 2340091237, "rows": 8, "skipped": 0, "answer_accuracy": 0.875, "updates": 4, "seconds": 2.1912682056427, "time": 1790993533.0579987, "loss": -0.9233629063261815, "confidence": 0.7325447734642959, "mass": 0.9999995753460305, "hinge_active": 0.0, "stop_prob": 0.9999702721834183, "sampled_number_rate": 1.0, "kl": 0.0, "kl_coef": 0.05, "value_loss": 0.0}
A decoder-only architecture is being used, but right-padding was detected! For correct generation results, please set `padding_side='left'` when initializing the tokenizer.
{"step": 1251, "epoch": 0, "batch_hash": 4069846906, "rows": 8, "skipped": 0, "answer_accuracy": 0.625, "updates": 4, "seconds": 2.2921080589294434, "time": 1790993535.3527834, "loss": -0.9339308576433927, "confidence": 0.6872705937252398, "mass": 0.9999996715494387, "hinge_active": 0.0, "stop_prob": 0.9999738112092018, "sampled_number_rate": 1.0, "kl": 0.0, "kl_coef": 0.05, "value_loss": 0.0}
A decoder-only architecture is being used, but right-padding was detected! For correct generation results, please set `padding_side='left'` when initializing the tokenizer.
{"step": 1252, "epoch": 0, "batch_hash": 1259340843, "rows": 8, "skipped": 0, "answer_accuracy": 0.75, "updates": 4, "seconds": 2.32771372795105, "time": 1790993537.6830816, "loss": -0.9269447111161901, "confidence": 0.687207496538869, "mass": 0.9999997607362571, "hinge_active": 0.0, "stop_prob": 0.9999734088778496, "sampled_number_rate": 1.0, "kl": 0.0, "kl_coef": 0.05, "value_loss": 0.0}
A decoder-only architecture is being used, but right-padding was detected! For correct generation results, please set `padding_side='left'` when initializing the tokenizer.
{"step": 1253, "epoch": 0, "batch_hash": 965587980, "rows": 8, "skipped": 0, "answer_accuracy": 0.5, "updates": 4, "seconds": 2.2302167415618896, "time": 1790993539.916915, "loss": -0.8359239448024309, "confidence": 0.60059539872737, "mass": 0.9999997457518635, "hinge_active": 0.0, "stop_prob": 0.9999742358922958, "sampled_number_rate": 1.0, "kl": 0.0, "kl_coef": 0.05, "value_loss": 0.0}
A decoder-only architecture is being used, but right-padding was detected! For correct generation results, please set `padding_side='left'` when initializing the tokenizer.
{"step": 1254, "epoch": 0, "batch_hash": 1549330303, "rows": 8, "skipped": 0, "answer_accuracy": 0.75, "updates": 4, "seconds": 2.363138437271118, "time": 1790993542.283251, "loss": -0.9230774818364531, "confidence": 0.7171674785107411, "mass": 0.9999997142242514, "hinge_active": 0.0, "stop_prob": 0.9999757930636406, "sampled_number_rate": 1.0, "kl": 0.0, "kl_coef": 0.05, "value_loss": 0.0}
A decoder-only architecture is being used, but right-padding was detected! For correct generation results, please set `padding_side='left'` when initializing the tokenizer.
{"step": 1255, "epoch": 0, "batch_hash": 2999168531, "rows": 7, "skipped": 1, "answer_accuracy": 0.7142857142857143, "updates": 4, "seconds": 2.9131903648376465, "time": 1790993545.2780404, "loss": -0.8684985534447716, "confidence": 0.7571633609707383, "mass": 0.9999996000285829, "hinge_active": 0.0, "stop_prob": 0.9999741060393197, "sampled_number_rate": 0.9999999999999998, "kl": 0.0, "kl_coef": 0.05, "value_loss": 0.0}
A decoder-only architecture is being used, but right-padding was detected! For correct generation results, please set `padding_side='left'` when initializing the tokenizer.
{"step": 1256, "epoch": 0, "batch_hash": 2958110245, "rows": 8, "skipped": 0, "answer_accuracy": 0.25, "updates": 4, "seconds": 2.2549450397491455, "time": 1790993547.535567, "loss": -0.9329290059041989, "confidence": 0.3934016154544501, "mass": 0.9999997216575625, "hinge_active": 0.0, "stop_prob": 0.9999783858656883, "sampled_number_rate": 1.0, "kl": 0.0, "kl_coef": 0.05, "value_loss": 0.0}
A decoder-only architecture is being used, but right-padding was detected! For correct generation results, please set `padding_side='left'` when initializing the tokenizer.
{"step": 1257, "epoch": 0, "batch_hash": 754898357, "rows": 8, "skipped": 0, "answer_accuracy": 0.75, "updates": 4, "seconds": 2.348507881164551, "time": 1790993549.8861458, "loss": -0.9439984447910267, "confidence": 0.6627870674610498, "mass": 0.9999995960282388, "hinge_active": 0.0, "stop_prob": 0.999972976744175, "sampled_number_rate": 1.0, "kl": 0.0, "kl_coef": 0.05, "value_loss": 0.0}
A decoder-only architecture is being used, but right-padding was detected! For correct generation results, please set `padding_side='left'` when initializing the tokenizer.
{"step": 1258, "epoch": 0, "batch_hash": 1435691154, "rows": 8, "skipped": 0, "answer_accuracy": 0.625, "updates": 4, "seconds": 2.5833888053894043, "time": 1790993552.4718797, "loss": -0.9310093332736721, "confidence": 0.5744229960230597, "mass": 0.999999258859616, "hinge_active": 0.0, "stop_prob": 0.9999745413661003, "sampled_number_rate": 1.0, "kl": 0.0, "kl_coef": 0.05, "value_loss": 0.0}
A decoder-only architecture is being used, but right-padding was detected! For correct generation results, please set `padding_side='left'` when initializing the tokenizer.
{"step": 1259, "epoch": 0, "batch_hash": 1042718003, "rows": 8, "skipped": 0, "answer_accuracy": 0.375, "updates": 4, "seconds": 2.7105534076690674, "time": 1790993555.1856081, "loss": -0.9261883956996427, "confidence": 0.5085376525993353, "mass": 0.9999996706352394, "hinge_active": 0.0, "stop_prob": 0.9999762699007988, "sampled_number_rate": 1.0, "kl": 0.0, "kl_coef": 0.05, "value_loss": 0.0}
A decoder-only architecture is being used, but right-padding was detected! For correct generation results, please set `padding_side='left'` when initializing the tokenizer.
{"step": 1260, "epoch": 0, "batch_hash": 343197354, "rows": 8, "skipped": 0, "answer_accuracy": 0.25, "updates": 4, "seconds": 2.3436877727508545, "time": 1790993557.5340168, "loss": -0.7767414914829851, "confidence": 0.5650606241546823, "mass": 0.9999997731232038, "hinge_active": 0.0, "stop_prob": 0.9999767020344734, "sampled_number_rate": 1.0, "kl": 0.0, "kl_coef": 0.05, "value_loss": 0.0}
A decoder-only architecture is being used, but right-padding was detected! For correct generation results, please set `padding_side='left'` when initializing the tokenizer.
{"step": 1261, "epoch": 0, "batch_hash": 1692470456, "rows": 8, "skipped": 0, "answer_accuracy": 0.75, "updates": 4, "seconds": 2.312798500061035, "time": 1790993559.8494763, "loss": -0.930378041714337, "confidence": 0.7346439766298556, "mass": 0.9999997307082048, "hinge_active": 0.0, "stop_prob": 0.9999737367033958, "sampled_number_rate": 1.0, "kl": 0.0, "kl_coef": 0.05, "value_loss": 0.0}
A decoder-only architecture is being used, but right-padding was detected! For correct generation results, please set `padding_side='left'` when initializing the tokenizer.
{"step": 1262, "epoch": 0, "batch_hash": 2622134495, "rows": 8, "skipped": 0, "answer_accuracy": 0.125, "updates": 4, "seconds": 2.253833293914795, "time": 1790993562.1058161, "loss": -0.9051176808129817, "confidence": 0.3509866713162947, "mass": 0.9999998897546827, "hinge_active": 0.0, "stop_prob": 0.9999803528189659, "sampled_number_rate": 1.0, "kl": 0.0, "kl_coef": 0.05, "value_loss": 0.0}
A decoder-only architecture is being used, but right-padding was detected! For correct generation results, please set `padding_side='left'` when initializing the tokenizer.
{"step": 1263, "epoch": 0, "batch_hash": 2440290049, "rows": 8, "skipped": 0, "answer_accuracy": 0.625, "updates": 4, "seconds": 2.8741049766540527, "time": 1790993564.988731, "loss": -0.8897446977214015, "confidence": 0.7017911883655481, "mass": 0.9999997425554614, "hinge_active": 0.0, "stop_prob": 0.9999748021364212, "sampled_number_rate": 1.0, "kl": 0.0, "kl_coef": 0.05, "value_loss": 0.0}
A decoder-only architecture is being used, but right-padding was detected! For correct generation results, please set `padding_side='left'` when initializing the tokenizer.
{"step": 1264, "epoch": 0, "batch_hash": 3627579862, "rows": 8, "skipped": 0, "answer_accuracy": 0.625, "updates": 4, "seconds": 2.311469793319702, "time": 1790993567.3027544, "loss": -0.9544731671624749, "confidence": 0.5643521142268307, "mass": 0.9999996611479071, "hinge_active": 0.0, "stop_prob": 0.9999736249446869, "sampled_number_rate": 1.0, "kl": 0.0, "kl_coef": 0.05, "value_loss": 0.0}
A decoder-only architecture is being used, but right-padding was detected! For correct generation results, please set `padding_side='left'` when initializing the tokenizer.
{"step": 1265, "epoch": 0, "batch_hash": 2103520695, "rows": 8, "skipped": 0, "answer_accuracy": 0.5, "updates": 4, "seconds": 2.3204195499420166, "time": 1790993569.6347625, "loss": -0.8568422052947212, "confidence": 0.6135183763793736, "mass": 0.9999993066397802, "hinge_active": 0.0, "stop_prob": 0.9999762922525406, "sampled_number_rate": 1.0, "kl": 0.0, "kl_coef": 0.05, "value_loss": 0.0}
A decoder-only architecture is being used, but right-padding was detected! For correct generation results, please set `padding_side='left'` when initializing the tokenizer.
{"step": 1266, "epoch": 0, "batch_hash": 1480173852, "rows": 8, "skipped": 0, "answer_accuracy": 0.375, "updates": 4, "seconds": 2.4096968173980713, "time": 1790993572.0464923, "loss": -0.8938880160784504, "confidence": 0.5423727877542305, "mass": 0.9999998403481639, "hinge_active": 0.0, "stop_prob": 0.9999782890081406, "sampled_number_rate": 1.0, "kl": 0.0, "kl_coef": 0.05, "value_loss": 0.0}
A decoder-only architecture is being used, but right-padding was detected! For correct generation results, please set `padding_side='left'` when initializing the tokenizer.
{"step": 1267, "epoch": 0, "batch_hash": 2914526775, "rows": 8, "skipped": 0, "answer_accuracy": 0.75, "updates": 4, "seconds": 2.2611289024353027, "time": 1790993574.309814, "loss": -0.9386473402707252, "confidence": 0.678303723042091, "mass": 0.9999997855340458, "hinge_active": 0.0, "stop_prob": 0.99997478723526, "sampled_number_rate": 1.0, "kl": 0.0, "kl_coef": 0.05, "value_loss": 0.0}
A decoder-only architecture is being used, but right-padding was detected! For correct generation results, please set `padding_side='left'` when initializing the tokenizer.
{"step": 1268, "epoch": 0, "batch_hash": 3382287692, "rows": 8, "skipped": 0, "answer_accuracy": 0.875, "updates": 4, "seconds": 2.313931465148926, "time": 1790993576.6285388, "loss": -0.8998679802521281, "confidence": 0.7001303950450245, "mass": 0.9999997414565189, "hinge_active": 0.0, "stop_prob": 0.9999738484621048, "sampled_number_rate": 1.0, "kl": 0.0, "kl_coef": 0.05, "value_loss": 0.0}
A decoder-only architecture is being used, but right-padding was detected! For correct generation results, please set `padding_side='left'` when initializing the tokenizer.
{"step": 1269, "epoch": 0, "batch_hash": 4122375193, "rows": 8, "skipped": 0, "answer_accuracy": 0.75, "updates": 4, "seconds": 2.555250883102417, "time": 1790993579.1867788, "loss": -0.8217841134902019, "confidence": 0.6312946953320971, "mass": 0.9999902677729824, "hinge_active": 0.0, "stop_prob": 0.9999634772539139, "sampled_number_rate": 1.0, "kl": 0.0, "kl_coef": 0.05, "value_loss": 0.0}
A decoder-only architecture is being used, but right-padding was detected! For correct generation results, please set `padding_side='left'` when initializing the tokenizer.
{"step": 1270, "epoch": 0, "batch_hash": 1617095879, "rows": 8, "skipped": 0, "answer_accuracy": 0.75, "updates": 4, "seconds": 2.3232083320617676, "time": 1790993581.5131075, "loss": -0.933396335803723, "confidence": 0.7879492593752612, "mass": 0.9999998023229963, "hinge_active": 0.0, "stop_prob": 0.9999712631106377, "sampled_number_rate": 1.0, "kl": 0.0, "kl_coef": 0.05, "value_loss": 0.0}
A decoder-only architecture is being used, but right-padding was detected! For correct generation results, please set `padding_side='left'` when initializing the tokenizer.
{"step": 1271, "epoch": 0, "batch_hash": 1594570434, "rows": 8, "skipped": 0, "answer_accuracy": 0.875, "updates": 4, "seconds": 2.34952449798584, "time": 1790993583.8651738, "loss": -0.9404265529690107, "confidence": 0.7374975310948022, "mass": 0.9999995587791755, "hinge_active": 0.0, "stop_prob": 0.9999708980321884, "sampled_number_rate": 1.0, "kl": 0.0, "kl_coef": 0.05, "value_loss": 0.0}
A decoder-only architecture is being used, but right-padding was detected! For correct generation results, please set `padding_side='left'` when initializing the tokenizer.
{"step": 1272, "epoch": 0, "batch_hash": 987953732, "rows": 8, "skipped": 0, "answer_accuracy": 0.5, "updates": 4, "seconds": 2.5803329944610596, "time": 1790993586.447714, "loss": -0.8556227099882712, "confidence": 0.5521825765070152, "mass": 0.9999997740424312, "hinge_active": 0.0, "stop_prob": 0.9999758750200272, "sampled_number_rate": 1.0, "kl": 0.0, "kl_coef": 0.05, "value_loss": 0.0}
A decoder-only architecture is being used, but right-padding was detected! For correct generation results, please set `padding_side='left'` when initializing the tokenizer.
{"step": 1273, "epoch": 0, "batch_hash": 1700407940, "rows": 8, "skipped": 0, "answer_accuracy": 0.625, "updates": 4, "seconds": 2.2142982482910156, "time": 1790993588.666939, "loss": -0.846975603895123, "confidence": 0.7401369031129794, "mass": 0.9999998583482291, "hinge_active": 0.0, "stop_prob": 0.9999698102474213, "sampled_number_rate": 1.0, "kl": 0.0, "kl_coef": 0.05, "value_loss": 0.0}
A decoder-only architecture is being used, but right-padding was detected! For correct generation results, please set `padding_side='left'` when initializing the tokenizer.
{"step": 1274, "epoch": 0, "batch_hash": 3134199558, "rows": 7, "skipped": 1, "answer_accuracy": 0.5714285714285714, "updates": 4, "seconds": 13.42265796661377, "time": 1790993602.09288, "loss": -0.7251545783007721, "confidence": 0.6853669095903462, "mass": 0.999999810698905, "hinge_active": 0.0, "stop_prob": 0.9999736717769078, "sampled_number_rate": 0.9999999999999998, "kl": 0.0, "kl_coef": 0.05, "value_loss": 0.0}
A decoder-only architecture is being used, but right-padding was detected! For correct generation results, please set `padding_side='left'` when initializing the tokenizer.
{"step": 1275, "epoch": 0, "batch_hash": 3065875850, "rows": 8, "skipped": 0, "answer_accuracy": 0.875, "updates": 4, "seconds": 2.257622718811035, "time": 1790993604.353652, "loss": -0.8859884975608218, "confidence": 0.6988525766663864, "mass": 0.9999998382074029, "hinge_active": 0.0, "stop_prob": 0.9999711364507675, "sampled_number_rate": 1.0, "kl": 0.0, "kl_coef": 0.05, "value_loss": 0.0}
A decoder-only architecture is being used, but right-padding was detected! For correct generation results, please set `padding_side='left'` when initializing the tokenizer.
{"step": 1276, "epoch": 0, "batch_hash": 1848669858, "rows": 8, "skipped": 0, "answer_accuracy": 0.375, "updates": 4, "seconds": 2.4528934955596924, "time": 1790993606.809391, "loss": -0.8815249956774303, "confidence": 0.46871286047064764, "mass": 0.9999992194945639, "hinge_active": 0.0, "stop_prob": 0.9999774768948555, "sampled_number_rate": 1.0, "kl": 0.0, "kl_coef": 0.05, "value_loss": 0.0}
A decoder-only architecture is being used, but right-padding was detected! For correct generation results, please set `padding_side='left'` when initializing the tokenizer.
{"step": 1277, "epoch": 0, "batch_hash": 860860777, "rows": 8, "skipped": 0, "answer_accuracy": 0.75, "updates": 4, "seconds": 2.230631113052368, "time": 1790993609.0472157, "loss": -0.893972317133806, "confidence": 0.5491085883809109, "mass": 0.9999998056681751, "hinge_active": 0.0, "stop_prob": 0.9999758303165436, "sampled_number_rate": 1.0, "kl": 0.0, "kl_coef": 0.05, "value_loss": 0.0}
A decoder-only architecture is being used, but right-padding was detected! For correct generation results, please set `padding_side='left'` when initializing the tokenizer.
{"step": 1278, "epoch": 0, "batch_hash": 711141760, "rows": 8, "skipped": 0, "answer_accuracy": 0.75, "updates": 4, "seconds": 2.2734975814819336, "time": 1790993611.3234801, "loss": -0.8858910935061082, "confidence": 0.557781265071638, "mass": 0.999999860305839, "hinge_active": 0.0, "stop_prob": 0.9999770075082779, "sampled_number_rate": 1.0, "kl": 0.0, "kl_coef": 0.05, "value_loss": 0.0}
A decoder-only architecture is being used, but right-padding was detected! For correct generation results, please set `padding_side='left'` when initializing the tokenizer.
{"step": 1279, "epoch": 0, "batch_hash": 814824892, "rows": 8, "skipped": 0, "answer_accuracy": 0.75, "updates": 4, "seconds": 5.0693628787994385, "time": 1790993616.3953404, "loss": -0.8477834044284839, "confidence": 0.5300256657262319, "mass": 0.9999996505987272, "hinge_active": 0.0, "stop_prob": 0.999975174665451, "sampled_number_rate": 1.0, "kl": 0.0, "kl_coef": 0.05, "value_loss": 0.0}
A decoder-only architecture is being used, but right-padding was detected! For correct generation results, please set `padding_side='left'` when initializing the tokenizer.
{"step": 1280, "epoch": 0, "batch_hash": 3115563282, "rows": 8, "skipped": 0, "answer_accuracy": 0.625, "updates": 4, "seconds": 2.498656749725342, "time": 1790993618.8964686, "loss": -0.9206500492252223, "confidence": 0.6773691180545099, "mass": 0.999999779765607, "hinge_active": 0.0, "stop_prob": 0.9999714270234108, "sampled_number_rate": 1.0, "kl": 0.0, "kl_coef": 0.05, "value_loss": 0.0}
checkpoint at step 1280 (0.7 s)
A decoder-only architecture is being used, but right-padding was detected! For correct generation results, please set `padding_side='left'` when initializing the tokenizer.
{"step": 1281, "epoch": 0, "batch_hash": 1169782003, "rows": 8, "skipped": 0, "answer_accuracy": 0.75, "updates": 4, "seconds": 2.4124114513397217, "time": 1790993621.984446, "loss": -0.9296060732939422, "confidence": 0.6251043352787602, "mass": 0.9999995549054628, "hinge_active": 0.0, "stop_prob": 0.9999751523137093, "sampled_number_rate": 1.0, "kl": 0.0, "kl_coef": 0.05, "value_loss": 0.0}
A decoder-only architecture is being used, but right-padding was detected! For correct generation results, please set `padding_side='left'` when initializing the tokenizer.
{"step": 1282, "epoch": 0, "batch_hash": 3665161288, "rows": 8, "skipped": 0, "answer_accuracy": 0.25, "updates": 4, "seconds": 2.303469181060791, "time": 1790993624.2913177, "loss": -0.8273630890549765, "confidence": 0.425702040686548, "mass": 0.9999999217687842, "hinge_active": 0.0, "stop_prob": 0.9999774247407913, "sampled_number_rate": 1.0, "kl": 0.0, "kl_coef": 0.05, "value_loss": 0.0}
A decoder-only architecture is being used, but right-padding was detected! For correct generation results, please set `padding_side='left'` when initializing the tokenizer.
{"step": 1283, "epoch": 0, "batch_hash": 1296310893, "rows": 8, "skipped": 0, "answer_accuracy": 0.75, "updates": 4, "seconds": 2.297759532928467, "time": 1790993626.5913327, "loss": -0.881159550442111, "confidence": 0.7750287980965781, "mass": 0.9999995184858932, "hinge_active": 0.0, "stop_prob": 0.9999717995524406, "sampled_number_rate": 1.0, "kl": 0.0, "kl_coef": 0.05, "value_loss": 0.0}
A decoder-only architecture is being used, but right-padding was detected! For correct generation results, please set `padding_side='left'` when initializing the tokenizer.
{"step": 1284, "epoch": 0, "batch_hash": 2557394732, "rows": 8, "skipped": 0, "answer_accuracy": 0.625, "updates": 4, "seconds": 2.1830947399139404, "time": 1790993628.7769709, "loss": -0.9029752884865666, "confidence": 0.5869621692411044, "mass": 0.9999996881504234, "hinge_active": 0.0, "stop_prob": 0.9999764934182167, "sampled_number_rate": 1.0, "kl": 0.0, "kl_coef": 0.05, "value_loss": 0.0}
A decoder-only architecture is being used, but right-padding was detected! For correct generation results, please set `padding_side='left'` when initializing the tokenizer.
{"step": 1285, "epoch": 0, "batch_hash": 1816078084, "rows": 8, "skipped": 0, "answer_accuracy": 0.5, "updates": 4, "seconds": 2.2724177837371826, "time": 1790993631.0522947, "loss": -0.8722724481943428, "confidence": 0.6437500427426218, "mass": 0.999999453886748, "hinge_active": 0.0, "stop_prob": 0.9999755695462227, "sampled_number_rate": 1.0, "kl": 0.0, "kl_coef": 0.05, "value_loss": 0.0}
A decoder-only architecture is being used, but right-padding was detected! For correct generation results, please set `padding_side='left'` when initializing the tokenizer.
{"step": 1286, "epoch": 0, "batch_hash": 978271241, "rows": 8, "skipped": 0, "answer_accuracy": 0.5, "updates": 4, "seconds": 2.3617682456970215, "time": 1790993633.4170537, "loss": -0.9443611510980832, "confidence": 0.5682481840067726, "mass": 0.9999994138817239, "hinge_active": 0.0, "stop_prob": 0.9999770894646645, "sampled_number_rate": 1.0, "kl": 0.0, "kl_coef": 0.05, "value_loss": 0.0}
A decoder-only architecture is being used, but right-padding was detected! For correct generation results, please set `padding_side='left'` when initializing the tokenizer.
{"step": 1287, "epoch": 0, "batch_hash": 3435122218, "rows": 8, "skipped": 0, "answer_accuracy": 0.625, "updates": 4, "seconds": 3.6279475688934326, "time": 1790993637.048188, "loss": -0.9225400518134537, "confidence": 0.6469835253897726, "mass": 0.999999314371612, "hinge_active": 0.0, "stop_prob": 0.9999731332063675, "sampled_number_rate": 1.0, "kl": 0.0, "kl_coef": 0.05, "value_loss": 0.0}
A decoder-only architecture is being used, but right-padding was detected! For correct generation results, please set `padding_side='left'` when initializing the tokenizer.
{"step": 1288, "epoch": 0, "batch_hash": 1082662523, "rows": 8, "skipped": 0, "answer_accuracy": 0.625, "updates": 4, "seconds": 2.370253324508667, "time": 1790993639.4208055, "loss": -0.7894116872117187, "confidence": 0.7499283793734994, "mass": 0.9998773910330372, "hinge_active": 0.0, "stop_prob": 0.9999667108058929, "sampled_number_rate": 1.0, "kl": 0.0, "kl_coef": 0.05, "value_loss": 0.0}
A decoder-only architecture is being used, but right-padding was detected! For correct generation results, please set `padding_side='left'` when initializing the tokenizer.
{"step": 1289, "epoch": 0, "batch_hash": 4003060127, "rows": 8, "skipped": 0, "answer_accuracy": 0.625, "updates": 4, "seconds": 2.2232112884521484, "time": 1790993641.6472437, "loss": -0.8107176015666971, "confidence": 0.7999996696792049, "mass": 0.9999996147701928, "hinge_active": 0.0, "stop_prob": 0.9999725744128227, "sampled_number_rate": 1.0, "kl": 0.0, "kl_coef": 0.05, "value_loss": 0.0}
A decoder-only architecture is being used, but right-padding was detected! For correct generation results, please set `padding_side='left'` when initializing the tokenizer.
{"step": 1290, "epoch": 0, "batch_hash": 1514954656, "rows": 8, "skipped": 0, "answer_accuracy": 0.75, "updates": 4, "seconds": 2.184873580932617, "time": 1790993643.8349113, "loss": -0.886044705830657, "confidence": 0.7877070869999805, "mass": 0.9999993347836627, "hinge_active": 0.0, "stop_prob": 0.9999737441539764, "sampled_number_rate": 1.0, "kl": 0.0, "kl_coef": 0.05, "value_loss": 0.0}
A decoder-only architecture is being used, but right-padding was detected! For correct generation results, please set `padding_side='left'` when initializing the tokenizer.
{"step": 1291, "epoch": 0, "batch_hash": 3865676016, "rows": 8, "skipped": 0, "answer_accuracy": 0.625, "updates": 4, "seconds": 2.2283129692077637, "time": 1790993646.0656223, "loss": -0.7708238097752795, "confidence": 0.6750813202698291, "mass": 0.9999995403773574, "hinge_active": 0.0, "stop_prob": 0.9999733045697212, "sampled_number_rate": 1.0, "kl": 0.0, "kl_coef": 0.05, "value_loss": 0.0}
A decoder-only architecture is being used, but right-padding was detected! For correct generation results, please set `padding_side='left'` when initializing the tokenizer.
{"step": 1292, "epoch": 0, "batch_hash": 2975024473, "rows": 8, "skipped": 0, "answer_accuracy": 0.75, "updates": 4, "seconds": 2.268594980239868, "time": 1790993648.3364234, "loss": -0.9290123874558189, "confidence": 0.7549905736887809, "mass": 0.9999996738513994, "hinge_active": 0.0, "stop_prob": 0.9999761134386063, "sampled_number_rate": 1.0, "kl": 0.0, "kl_coef": 0.05, "value_loss": 0.0}
A decoder-only architecture is being used, but right-padding was detected! For correct generation results, please set `padding_side='left'` when initializing the tokenizer.
{"step": 1293, "epoch": 0, "batch_hash": 1850776944, "rows": 8, "skipped": 0, "answer_accuracy": 1.0, "updates": 4, "seconds": 2.236638307571411, "time": 1790993650.5752997, "loss": -0.9152401048185137, "confidence": 0.8122134352099692, "mass": 0.9999996468314614, "hinge_active": 0.0, "stop_prob": 0.9999740570783615, "sampled_number_rate": 1.0, "kl": 0.0, "kl_coef": 0.05, "value_loss": 0.0}
A decoder-only architecture is being used, but right-padding was detected! For correct generation results, please set `padding_side='left'` when initializing the tokenizer.
{"step": 1294, "epoch": 0, "batch_hash": 1558159066, "rows": 8, "skipped": 0, "answer_accuracy": 0.625, "updates": 4, "seconds": 2.667038917541504, "time": 1790993653.2479432, "loss": -0.7977164941201775, "confidence": 0.792132660208047, "mass": 0.9999995324224018, "hinge_active": 0.0, "stop_prob": 0.9999740794301033, "sampled_number_rate": 1.0, "kl": 0.0, "kl_coef": 0.05, "value_loss": 0.0}
A decoder-only architecture is being used, but right-padding was detected! For correct generation results, please set `padding_side='left'` when initializing the tokenizer.
{"step": 1295, "epoch": 0, "batch_hash": 2537815159, "rows": 8, "skipped": 0, "answer_accuracy": 0.625, "updates": 4, "seconds": 2.1844754219055176, "time": 1790993655.435376, "loss": -0.7334932304931633, "confidence": 0.6921467238081496, "mass": 0.999999819157016, "hinge_active": 0.0, "stop_prob": 0.9999766647815704, "sampled_number_rate": 1.0, "kl": 0.0, "kl_coef": 0.05, "value_loss": 0.0}
A decoder-only architecture is being used, but right-padding was detected! For correct generation results, please set `padding_side='left'` when initializing the tokenizer.
{"step": 1296, "epoch": 0, "batch_hash": 1156487436, "rows": 8, "skipped": 0, "answer_accuracy": 0.25, "updates": 4, "seconds": 2.7952218055725098, "time": 1790993658.2341917, "loss": -0.7852330034691161, "confidence": 0.5624511831606748, "mass": 0.9999994967670612, "hinge_active": 0.0, "stop_prob": 0.9999745637178421, "sampled_number_rate": 1.0, "kl": 0.0, "kl_coef": 0.05, "value_loss": 0.0}
A decoder-only architecture is being used, but right-padding was detected! For correct generation results, please set `padding_side='left'` when initializing the tokenizer.
{"step": 1297, "epoch": 0, "batch_hash": 141257081, "rows": 8, "skipped": 0, "answer_accuracy": 0.125, "updates": 4, "seconds": 2.3555047512054443, "time": 1790993660.591844, "loss": -0.8352923754004444, "confidence": 0.3874033380723645, "mass": 0.9999998446196104, "hinge_active": 0.0, "stop_prob": 0.9999794214963913, "sampled_number_rate": 1.0, "kl": 0.0, "kl_coef": 0.05, "value_loss": 0.0}
A decoder-only architecture is being used, but right-padding was detected! For correct generation results, please set `padding_side='left'` when initializing the tokenizer.
{"step": 1298, "epoch": 0, "batch_hash": 4148592394, "rows": 6, "skipped": 2, "answer_accuracy": 0.6666666666666666, "updates": 4, "seconds": 2.5839061737060547, "time": 1790993663.1778321, "loss": -0.7636535902517234, "confidence": 0.5851558437644565, "mass": 0.9999969034079053, "hinge_active": 0.0, "stop_prob": 0.9999679028987885, "sampled_number_rate": 0.9999999999999999, "kl": 0.0, "kl_coef": 0.05, "value_loss": 0.0}
A decoder-only architecture is being used, but right-padding was detected! For correct generation results, please set `padding_side='left'` when initializing the tokenizer.
{"step": 1299, "epoch": 0, "batch_hash": 1647668880, "rows": 8, "skipped": 0, "answer_accuracy": 0.875, "updates": 4, "seconds": 2.465737819671631, "time": 1790993665.6468713, "loss": -0.8879039843470249, "confidence": 0.8924279118221505, "mass": 0.99999950737384, "hinge_active": 0.0, "stop_prob": 0.9999691843986511, "sampled_number_rate": 1.0, "kl": 0.0, "kl_coef": 0.05, "value_loss": 0.0}
A decoder-only architecture is being used, but right-padding was detected! For correct generation results, please set `padding_side='left'` when initializing the tokenizer.
{"step": 1300, "epoch": 0, "batch_hash": 1062157758, "rows": 8, "skipped": 0, "answer_accuracy": 0.625, "updates": 4, "seconds": 2.434415578842163, "time": 1790993668.0844703, "loss": -0.9535537308795574, "confidence": 0.6463741779145828, "mass": 0.9999993363764446, "hinge_active": 0.0, "stop_prob": 0.9999702423810959, "sampled_number_rate": 1.0, "kl": 0.0, "kl_coef": 0.05, "value_loss": 0.0}
A decoder-only architecture is being used, but right-padding was detected! For correct generation results, please set `padding_side='left'` when initializing the tokenizer.
{"step": 1301, "epoch": 0, "batch_hash": 1921705852, "rows": 4, "skipped": 4, "answer_accuracy": 0.25, "updates": 2, "seconds": 12.833979606628418, "time": 1790993680.920713, "loss": -0.7415937378815257, "confidence": 0.6244604634478127, "mass": 0.9999997232376656, "hinge_active": 0.0, "stop_prob": 0.9999804198741913, "sampled_number_rate": 1.0, "kl": 0.0, "kl_coef": 0.05, "value_loss": 0.0}
A decoder-only architecture is being used, but right-padding was detected! For correct generation results, please set `padding_side='left'` when initializing the tokenizer.
{"step": 1302, "epoch": 0, "batch_hash": 3208289737, "rows": 8, "skipped": 0, "answer_accuracy": 0.875, "updates": 4, "seconds": 2.79652738571167, "time": 1790993683.7213788, "loss": -0.9104833334110186, "confidence": 0.6789635464002005, "mass": 0.9999992883734348, "hinge_active": 0.0, "stop_prob": 0.9999747797846794, "sampled_number_rate": 1.0, "kl": 0.0, "kl_coef": 0.05, "value_loss": 0.0}
A decoder-only architecture is being used, but right-padding was detected! For correct generation results, please set `padding_side='left'` when initializing the tokenizer.
{"step": 1303, "epoch": 0, "batch_hash": 2605176393, "rows": 8, "skipped": 0, "answer_accuracy": 0.625, "updates": 4, "seconds": 2.1848721504211426, "time": 1790993685.909927, "loss": -0.90229803170017, "confidence": 0.47686754773917367, "mass": 0.9999997013609012, "hinge_active": 0.0, "stop_prob": 0.9999756067991257, "sampled_number_rate": 1.0, "kl": 0.0, "kl_coef": 0.05, "value_loss": 0.0}
A decoder-only architecture is being used, but right-padding was detected! For correct generation results, please set `padding_side='left'` when initializing the tokenizer.
{"step": 1304, "epoch": 0, "batch_hash": 1070477089, "rows": 8, "skipped": 0, "answer_accuracy": 0.75, "updates": 4, "seconds": 2.3404617309570312, "time": 1790993688.257909, "loss": -0.8897227460626285, "confidence": 0.7984692732516095, "mass": 0.9999996885126585, "hinge_active": 0.0, "stop_prob": 0.9999730885028839, "sampled_number_rate": 1.0, "kl": 0.0, "kl_coef": 0.05, "value_loss": 0.0}
A decoder-only architecture is being used, but right-padding was detected! For correct generation results, please set `padding_side='left'` when initializing the tokenizer.
{"step": 1305, "epoch": 0, "batch_hash": 1508899601, "rows": 8, "skipped": 0, "answer_accuracy": 0.625, "updates": 4, "seconds": 2.1826093196868896, "time": 1790993690.443262, "loss": -0.8521370716069945, "confidence": 0.7860504132770729, "mass": 0.9999997784175655, "hinge_active": 0.0, "stop_prob": 0.9999672621488571, "sampled_number_rate": 1.0, "kl": 0.0, "kl_coef": 0.05, "value_loss": 0.0}
A decoder-only architecture is being used, but right-padding was detected! For correct generation results, please set `padding_side='left'` when initializing the tokenizer.
{"step": 1306, "epoch": 0, "batch_hash": 3570159024, "rows": 8, "skipped": 0, "answer_accuracy": 0.375, "updates": 4, "seconds": 2.421583414077759, "time": 1790993692.8683429, "loss": -0.8084497112970063, "confidence": 0.6415003749035403, "mass": 0.999999785240299, "hinge_active": 0.0, "stop_prob": 0.9999717101454735, "sampled_number_rate": 1.0, "kl": 0.0, "kl_coef": 0.05, "value_loss": 0.0}
A decoder-only architecture is being used, but right-padding was detected! For correct generation results, please set `padding_side='left'` when initializing the tokenizer.
{"step": 1307, "epoch": 0, "batch_hash": 2199503560, "rows": 8, "skipped": 0, "answer_accuracy": 0.625, "updates": 4, "seconds": 2.7095797061920166, "time": 1790993695.5799048, "loss": -0.9697779428148597, "confidence": 0.6000069214028136, "mass": 0.9999987482868183, "hinge_active": 0.0, "stop_prob": 0.9999697729945183, "sampled_number_rate": 1.0, "kl": 0.0, "kl_coef": 0.05, "value_loss": 0.0}
A decoder-only architecture is being used, but right-padding was detected! For correct generation results, please set `padding_side='left'` when initializing the tokenizer.
{"step": 1308, "epoch": 0, "batch_hash": 527178873, "rows": 8, "skipped": 0, "answer_accuracy": 0.625, "updates": 4, "seconds": 2.3291351795196533, "time": 1790993697.9116108, "loss": -0.8427271621112987, "confidence": 0.7199958816969508, "mass": 0.9999996726435594, "hinge_active": 0.0, "stop_prob": 0.9999694004654884, "sampled_number_rate": 1.0, "kl": 0.0, "kl_coef": 0.05, "value_loss": 0.0}
A decoder-only architecture is being used, but right-padding was detected! For correct generation results, please set `padding_side='left'` when initializing the tokenizer.
{"step": 1309, "epoch": 0, "batch_hash": 1857893361, "rows": 8, "skipped": 0, "answer_accuracy": 0.625, "updates": 4, "seconds": 3.322202444076538, "time": 1790993701.2378762, "loss": -0.9360932102756975, "confidence": 0.5502292416264839, "mass": 0.9999981059448706, "hinge_active": 0.0, "stop_prob": 0.9998990967869759, "sampled_number_rate": 1.0, "kl": 0.0, "kl_coef": 0.05, "value_loss": 0.0}
A decoder-only architecture is being used, but right-padding was detected! For correct generation results, please set `padding_side='left'` when initializing the tokenizer.
{"step": 1310, "epoch": 0, "batch_hash": 1013557616, "rows": 8, "skipped": 0, "answer_accuracy": 0.25, "updates": 4, "seconds": 2.796349048614502, "time": 1790993704.0374897, "loss": -0.8057388653890538, "confidence": 0.4838188361990309, "mass": 0.9999996689245302, "hinge_active": 0.0, "stop_prob": 0.9999764338135719, "sampled_number_rate": 1.0, "kl": 0.0, "kl_coef": 0.05, "value_loss": 0.0}
A decoder-only architecture is being used, but right-padding was detected! For correct generation results, please set `padding_side='left'` when initializing the tokenizer.
{"step": 1311, "epoch": 0, "batch_hash": 4125145033, "rows": 7, "skipped": 1, "answer_accuracy": 0.42857142857142855, "updates": 4, "seconds": 2.735119104385376, "time": 1790993706.7972674, "loss": -0.8306786461252612, "confidence": 0.6696302334416059, "mass": 0.9999996960528056, "hinge_active": 0.0, "stop_prob": 0.9999727266175407, "sampled_number_rate": 0.9999999999999998, "kl": 0.0, "kl_coef": 0.05, "value_loss": 0.0}
A decoder-only architecture is being used, but right-padding was detected! For correct generation results, please set `padding_side='left'` when initializing the tokenizer.
{"step": 1312, "epoch": 0, "batch_hash": 4192187684, "rows": 8, "skipped": 0, "answer_accuracy": 0.5, "updates": 4, "seconds": 2.1905605792999268, "time": 1790993709.0037453, "loss": -0.8470658340561389, "confidence": 0.6778679571724495, "mass": 0.9999998373324925, "hinge_active": 0.0, "stop_prob": 0.9999737963080406, "sampled_number_rate": 1.0, "kl": 0.0, "kl_coef": 0.05, "value_loss": 0.0}
checkpoint at step 1312 (0.7 s)
A decoder-only architecture is being used, but right-padding was detected! For correct generation results, please set `padding_side='left'` when initializing the tokenizer.
{"step": 1313, "epoch": 0, "batch_hash": 3780008208, "rows": 8, "skipped": 0, "answer_accuracy": 0.625, "updates": 4, "seconds": 2.385986566543579, "time": 1790993712.1289663, "loss": -0.9571044890806335, "confidence": 0.6147380541870824, "mass": 0.9999993996269622, "hinge_active": 0.0, "stop_prob": 0.9999742284417152, "sampled_number_rate": 1.0, "kl": 0.0, "kl_coef": 0.05, "value_loss": 0.0}
A decoder-only architecture is being used, but right-padding was detected! For correct generation results, please set `padding_side='left'` when initializing the tokenizer.
{"step": 1314, "epoch": 0, "batch_hash": 1959633583, "rows": 8, "skipped": 0, "answer_accuracy": 0.625, "updates": 4, "seconds": 2.352764129638672, "time": 1790993714.485088, "loss": -0.8466280168082059, "confidence": 0.49248895238688795, "mass": 0.9999999391322095, "hinge_active": 0.0, "stop_prob": 0.9999769702553749, "sampled_number_rate": 1.0, "kl": 0.0, "kl_coef": 0.05, "value_loss": 0.0}
A decoder-only architecture is being used, but right-padding was detected! For correct generation results, please set `padding_side='left'` when initializing the tokenizer.
{"step": 1315, "epoch": 0, "batch_hash": 2843419844, "rows": 8, "skipped": 0, "answer_accuracy": 0.375, "updates": 4, "seconds": 2.3466081619262695, "time": 1790993716.8363411, "loss": -0.8306402713277052, "confidence": 0.29567590117102294, "mass": 0.9999995275427687, "hinge_active": 0.0, "stop_prob": 0.9999795109033585, "sampled_number_rate": 1.0, "kl": 0.0, "kl_coef": 0.05, "value_loss": 0.0}
A decoder-only architecture is being used, but right-padding was detected! For correct generation results, please set `padding_side='left'` when initializing the tokenizer.
{"step": 1316, "epoch": 0, "batch_hash": 249794421, "rows": 7, "skipped": 1, "answer_accuracy": 0.5714285714285714, "updates": 4, "seconds": 2.507153272628784, "time": 1790993719.4309857, "loss": -0.8705525614086327, "confidence": 0.3923508569048861, "mass": 0.9999969442855394, "hinge_active": 0.0, "stop_prob": 0.9999654378209796, "sampled_number_rate": 0.9999999999999998, "kl": 0.0, "kl_coef": 0.05, "value_loss": 0.0}
A decoder-only architecture is being used, but right-padding was detected! For correct generation results, please set `padding_side='left'` when initializing the tokenizer.
{"step": 1317, "epoch": 0, "batch_hash": 1518585402, "rows": 8, "skipped": 0, "answer_accuracy": 0.625, "updates": 4, "seconds": 2.304561138153076, "time": 1790993721.738372, "loss": -0.9579679710454433, "confidence": 0.5915171251303208, "mass": 0.9999998260536332, "hinge_active": 0.0, "stop_prob": 0.9999740645289421, "sampled_number_rate": 1.0, "kl": 0.0, "kl_coef": 0.05, "value_loss": 0.0}
A decoder-only architecture is being used, but right-padding was detected! For correct generation results, please set `padding_side='left'` when initializing the tokenizer.
{"step": 1318, "epoch": 0, "batch_hash": 3974779765, "rows": 8, "skipped": 0, "answer_accuracy": 0.625, "updates": 4, "seconds": 2.2719171047210693, "time": 1790993724.01269, "loss": -0.7675906855557897, "confidence": 0.4009760431592722, "mass": 0.9999987845790654, "hinge_active": 0.0, "stop_prob": 0.9999783411622047, "sampled_number_rate": 1.0, "kl": 0.0, "kl_coef": 0.05, "value_loss": 0.0}
A decoder-only architecture is being used, but right-padding was detected! For correct generation results, please set `padding_side='left'` when initializing the tokenizer.
{"step": 1319, "epoch": 0, "batch_hash": 2463162147, "rows": 8, "skipped": 0, "answer_accuracy": 0.625, "updates": 4, "seconds": 2.4894778728485107, "time": 1790993726.507208, "loss": -0.8327784583870238, "confidence": 0.5199236595174732, "mass": 0.999997986643414, "hinge_active": 0.0, "stop_prob": 0.9999774768948555, "sampled_number_rate": 1.0, "kl": 0.0, "kl_coef": 0.05, "value_loss": 0.0}
A decoder-only architecture is being used, but right-padding was detected! For correct generation results, please set `padding_side='left'` when initializing the tokenizer.
{"step": 1320, "epoch": 0, "batch_hash": 1983941965, "rows": 8, "skipped": 0, "answer_accuracy": 0.875, "updates": 4, "seconds": 2.482106924057007, "time": 1790993728.999197, "loss": -0.9164039113511119, "confidence": 0.7377800731780934, "mass": 0.9999997869699522, "hinge_active": 0.0, "stop_prob": 0.99997378885746, "sampled_number_rate": 1.0, "kl": 0.0, "kl_coef": 0.05, "value_loss": 0.0}
A decoder-only architecture is being used, but right-padding was detected! For correct generation results, please set `padding_side='left'` when initializing the tokenizer.
{"step": 1321, "epoch": 0, "batch_hash": 756982170, "rows": 8, "skipped": 0, "answer_accuracy": 0.75, "updates": 4, "seconds": 2.29573655128479, "time": 1790993731.3129377, "loss": -0.8931237383666951, "confidence": 0.5324197027555789, "mass": 0.999999712870056, "hinge_active": 0.0, "stop_prob": 0.9999740049242973, "sampled_number_rate": 1.0, "kl": 0.0, "kl_coef": 0.05, "value_loss": 0.0}
A decoder-only architecture is being used, but right-padding was detected! For correct generation results, please set `padding_side='left'` when initializing the tokenizer.
{"step": 1322, "epoch": 0, "batch_hash": 2450363220, "rows": 8, "skipped": 0, "answer_accuracy": 0.625, "updates": 4, "seconds": 2.276001453399658, "time": 1790993733.5932956, "loss": -0.844359119258771, "confidence": 0.6135733690416789, "mass": 0.9999998042498994, "hinge_active": 0.0, "stop_prob": 0.9999753460288048, "sampled_number_rate": 1.0, "kl": 0.0, "kl_coef": 0.05, "value_loss": 0.0}
A decoder-only architecture is being used, but right-padding was detected! For correct generation results, please set `padding_side='left'` when initializing the tokenizer.
{"step": 1323, "epoch": 0, "batch_hash": 3374769722, "rows": 8, "skipped": 0, "answer_accuracy": 0.75, "updates": 4, "seconds": 2.5491342544555664, "time": 1790993736.14574, "loss": -0.8738356502907159, "confidence": 0.7127890933949247, "mass": 0.999999814371246, "hinge_active": 0.0, "stop_prob": 0.9999732300639153, "sampled_number_rate": 1.0, "kl": 0.0, "kl_coef": 0.05, "value_loss": 0.0}
A decoder-only architecture is being used, but right-padding was detected! For correct generation results, please set `padding_side='left'` when initializing the tokenizer.
{"step": 1324, "epoch": 0, "batch_hash": 640815940, "rows": 8, "skipped": 0, "answer_accuracy": 0.5, "updates": 4, "seconds": 2.4218218326568604, "time": 1790993738.5704274, "loss": -0.9160124227293668, "confidence": 0.5251054389272332, "mass": 0.9999990195724644, "hinge_active": 0.0, "stop_prob": 0.9999782145023346, "sampled_number_rate": 1.0, "kl": 0.0, "kl_coef": 0.05, "value_loss": 0.0}
A decoder-only architecture is being used, but right-padding was detected! For correct generation results, please set `padding_side='left'` when initializing the tokenizer.
{"step": 1325, "epoch": 0, "batch_hash": 1062156972, "rows": 8, "skipped": 0, "answer_accuracy": 0.5, "updates": 4, "seconds": 2.444051504135132, "time": 1790993741.0180404, "loss": -0.717455512091375, "confidence": 0.630265771604531, "mass": 0.9999997438677503, "hinge_active": 0.0, "stop_prob": 0.9999738857150078, "sampled_number_rate": 1.0, "kl": 0.0, "kl_coef": 0.05, "value_loss": 0.0}
A decoder-only architecture is being used, but right-padding was detected! For correct generation results, please set `padding_side='left'` when initializing the tokenizer.
{"step": 1326, "epoch": 0, "batch_hash": 3039478602, "rows": 8, "skipped": 0, "answer_accuracy": 0.5, "updates": 4, "seconds": 2.4145030975341797, "time": 1790993743.4363048, "loss": -0.7938008595271009, "confidence": 0.500635138577209, "mass": 0.9999996644634784, "hinge_active": 0.0, "stop_prob": 0.9999768361449242, "sampled_number_rate": 1.0, "kl": 0.0, "kl_coef": 0.05, "value_loss": 0.0}
A decoder-only architecture is being used, but right-padding was detected! For correct generation results, please set `padding_side='left'` when initializing the tokenizer.
{"step": 1327, "epoch": 0, "batch_hash": 1858435900, "rows": 8, "skipped": 0, "answer_accuracy": 0.5, "updates": 4, "seconds": 2.219993829727173, "time": 1790993745.6609013, "loss": -0.828631889086204, "confidence": 0.6499528624149684, "mass": 0.9999997098375724, "hinge_active": 0.0, "stop_prob": 0.9999754205346107, "sampled_number_rate": 1.0, "kl": 0.0, "kl_coef": 0.05, "value_loss": 0.0}
A decoder-only architecture is being used, but right-padding was detected! For correct generation results, please set `padding_side='left'` when initializing the tokenizer.
{"step": 1328, "epoch": 0, "batch_hash": 2504375273, "rows": 8, "skipped": 0, "answer_accuracy": 0.5, "updates": 4, "seconds": 2.3539600372314453, "time": 1790993748.0417454, "loss": -0.8670264305954799, "confidence": 0.5584105315903066, "mass": 0.9999997684987196, "hinge_active": 0.0, "stop_prob": 0.9999749585986137, "sampled_number_rate": 1.0, "kl": 0.0, "kl_coef": 0.05, "value_loss": 0.0}
A decoder-only architecture is being used, but right-padding was detected! For correct generation results, please set `padding_side='left'` when initializing the tokenizer.
{"step": 1329, "epoch": 0, "batch_hash": 3461122737, "rows": 8, "skipped": 0, "answer_accuracy": 0.375, "updates": 4, "seconds": 2.2744715213775635, "time": 1790993750.3186932, "loss": -0.9081392017639903, "confidence": 0.33356341776946896, "mass": 0.9999995757984578, "hinge_active": 0.0, "stop_prob": 0.999977819621563, "sampled_number_rate": 1.0, "kl": 0.0, "kl_coef": 0.05, "value_loss": 0.0}
A decoder-only architecture is being used, but right-padding was detected! For correct generation results, please set `padding_side='left'` when initializing the tokenizer.
{"step": 1330, "epoch": 0, "batch_hash": 512457364, "rows": 8, "skipped": 0, "answer_accuracy": 0.375, "updates": 4, "seconds": 3.3882877826690674, "time": 1790993753.7093666, "loss": -0.8341993373855798, "confidence": 0.6352642588088933, "mass": 0.9999958880868309, "hinge_active": 0.0, "stop_prob": 0.9999732747673988, "sampled_number_rate": 1.0, "kl": 0.0, "kl_coef": 0.05, "value_loss": 0.0}
A decoder-only architecture is being used, but right-padding was detected! For correct generation results, please set `padding_side='left'` when initializing the tokenizer.
{"step": 1331, "epoch": 0, "batch_hash": 585634382, "rows": 8, "skipped": 0, "answer_accuracy": 0.75, "updates": 4, "seconds": 2.3231008052825928, "time": 1790993756.0384674, "loss": -0.9406364438821442, "confidence": 0.6501219301877298, "mass": 0.9999997978368265, "hinge_active": 0.0, "stop_prob": 0.9999712705612183, "sampled_number_rate": 1.0, "kl": 0.0, "kl_coef": 0.05, "value_loss": 0.0}
A decoder-only architecture is being used, but right-padding was detected! For correct generation results, please set `padding_side='left'` when initializing the tokenizer.
{"step": 1332, "epoch": 0, "batch_hash": 1699218047, "rows": 8, "skipped": 0, "answer_accuracy": 0.625, "updates": 4, "seconds": 2.210427761077881, "time": 1790993758.252543, "loss": -0.9116752275719481, "confidence": 0.5820480657302045, "mass": 0.9999997472014226, "hinge_active": 0.0, "stop_prob": 0.9999769330024719, "sampled_number_rate": 1.0, "kl": 0.0, "kl_coef": 0.05, "value_loss": 0.0}
A decoder-only architecture is being used, but right-padding was detected! For correct generation results, please set `padding_side='left'` when initializing the tokenizer.
{"step": 1333, "epoch": 0, "batch_hash": 1800122394, "rows": 8, "skipped": 0, "answer_accuracy": 0.125, "updates": 4, "seconds": 2.2337725162506104, "time": 1790993760.4890797, "loss": -0.9602697827431196, "confidence": 0.1740822915386505, "mass": 0.999999325916066, "hinge_active": 0.0, "stop_prob": 0.9999799802899361, "sampled_number_rate": 1.0, "kl": 0.0, "kl_coef": 0.05, "value_loss": 0.0}
A decoder-only architecture is being used, but right-padding was detected! For correct generation results, please set `padding_side='left'` when initializing the tokenizer.
{"step": 1334, "epoch": 0, "batch_hash": 4039967761, "rows": 8, "skipped": 0, "answer_accuracy": 0.375, "updates": 4, "seconds": 2.3808434009552, "time": 1790993762.872251, "loss": -0.8314652686111349, "confidence": 0.6376852886326819, "mass": 0.9999995689297962, "hinge_active": 0.0, "stop_prob": 0.999976135790348, "sampled_number_rate": 1.0, "kl": 0.0, "kl_coef": 0.05, "value_loss": 0.0}
A decoder-only architecture is being used, but right-padding was detected! For correct generation results, please set `padding_side='left'` when initializing the tokenizer.
{"step": 1335, "epoch": 0, "batch_hash": 3924393925, "rows": 8, "skipped": 0, "answer_accuracy": 0.625, "updates": 4, "seconds": 2.4809274673461914, "time": 1790993765.3560848, "loss": -0.9293428187539032, "confidence": 0.5167915140421446, "mass": 0.9999998481452296, "hinge_active": 0.0, "stop_prob": 0.9999750629067421, "sampled_number_rate": 1.0, "kl": 0.0, "kl_coef": 0.05, "value_loss": 0.0}
A decoder-only architecture is being used, but right-padding was detected! For correct generation results, please set `padding_side='left'` when initializing the tokenizer.
{"step": 1336, "epoch": 0, "batch_hash": 4037747339, "rows": 8, "skipped": 0, "answer_accuracy": 0.625, "updates": 4, "seconds": 2.2162225246429443, "time": 1790993767.5750434, "loss": -0.8678780604644971, "confidence": 0.6808121585458071, "mass": 0.9999997847561293, "hinge_active": 0.0, "stop_prob": 0.9999749436974525, "sampled_number_rate": 1.0, "kl": 0.0, "kl_coef": 0.05, "value_loss": 0.0}
A decoder-only architecture is being used, but right-padding was detected! For correct generation results, please set `padding_side='left'` when initializing the tokenizer.
{"step": 1337, "epoch": 0, "batch_hash": 429018888, "rows": 8, "skipped": 0, "answer_accuracy": 0.75, "updates": 4, "seconds": 2.2728660106658936, "time": 1790993769.850397, "loss": -0.9544164981517735, "confidence": 0.6611143432873495, "mass": 0.9999994550181401, "hinge_active": 0.0, "stop_prob": 0.9999736174941063, "sampled_number_rate": 1.0, "kl": 0.0, "kl_coef": 0.05, "value_loss": 0.0}
A decoder-only architecture is being used, but right-padding was detected! For correct generation results, please set `padding_side='left'` when initializing the tokenizer.
{"step": 1338, "epoch": 0, "batch_hash": 2474954820, "rows": 8, "skipped": 0, "answer_accuracy": 0.75, "updates": 4, "seconds": 2.2823755741119385, "time": 1790993772.1347582, "loss": -0.7849013524051296, "confidence": 0.7259551739598243, "mass": 0.9999996607365297, "hinge_active": 0.0, "stop_prob": 0.999975174665451, "sampled_number_rate": 1.0, "kl": 0.0, "kl_coef": 0.05, "value_loss": 0.0}
A decoder-only architecture is being used, but right-padding was detected! For correct generation results, please set `padding_side='left'` when initializing the tokenizer.
{"step": 1339, "epoch": 0, "batch_hash": 233872802, "rows": 8, "skipped": 0, "answer_accuracy": 0.5, "updates": 4, "seconds": 2.813714027404785, "time": 1790993774.9519184, "loss": -0.9070531578108652, "confidence": 0.6348589027988762, "mass": 0.99999953351108, "hinge_active": 0.0, "stop_prob": 0.9999730512499809, "sampled_number_rate": 1.0, "kl": 0.0, "kl_coef": 0.05, "value_loss": 0.0}
A decoder-only architecture is being used, but right-padding was detected! For correct generation results, please set `padding_side='left'` when initializing the tokenizer.
{"step": 1340, "epoch": 0, "batch_hash": 3887816105, "rows": 7, "skipped": 1, "answer_accuracy": 0.5714285714285714, "updates": 4, "seconds": 3.684407949447632, "time": 1790993778.6421866, "loss": -0.9106133876314577, "confidence": 0.5013130397758843, "mass": 0.9999993688016708, "hinge_active": 0.0, "stop_prob": 0.9999743189130511, "sampled_number_rate": 0.9999999999999998, "kl": 0.0, "kl_coef": 0.05, "value_loss": 0.0}
A decoder-only architecture is being used, but right-padding was detected! For correct generation results, please set `padding_side='left'` when initializing the tokenizer.
{"step": 1341, "epoch": 0, "batch_hash": 3272874469, "rows": 8, "skipped": 0, "answer_accuracy": 0.5, "updates": 4, "seconds": 2.2320914268493652, "time": 1790993780.876892, "loss": 0.1802352201979194, "confidence": 0.5130101317752154, "mass": 0.9999997379394437, "hinge_active": 0.0, "stop_prob": 0.8749896209228609, "sampled_number_rate": 1.0, "kl": 0.0, "kl_coef": 0.05, "value_loss": 0.0}
A decoder-only architecture is being used, but right-padding was detected! For correct generation results, please set `padding_side='left'` when initializing the tokenizer.
{"step": 1342, "epoch": 0, "batch_hash": 3065042283, "rows": 7, "skipped": 1, "answer_accuracy": 0.42857142857142855, "updates": 4, "seconds": 3.4657835960388184, "time": 1790993784.3449006, "loss": -0.9176008505645583, "confidence": 0.3716812952710924, "mass": 0.9999972947433813, "hinge_active": 0.0, "stop_prob": 0.9999906931604657, "sampled_number_rate": 0.9999999999999998, "kl": 0.0, "kl_coef": 0.05, "value_loss": 0.0}
A decoder-only architecture is being used, but right-padding was detected! For correct generation results, please set `padding_side='left'` when initializing the tokenizer.
{"step": 1343, "epoch": 0, "batch_hash": 1997785137, "rows": 5, "skipped": 3, "answer_accuracy": 0.0, "updates": 4, "seconds": 13.131962060928345, "time": 1790993797.4788947, "loss": -0.944735259062539, "confidence": 0.1629595956507825, "mass": 0.9997007088693869, "hinge_active": 0.0, "stop_prob": 0.9999933362007141, "sampled_number_rate": 1.0, "kl": 0.0, "kl_coef": 0.05, "value_loss": 0.0}
A decoder-only architecture is being used, but right-padding was detected! For correct generation results, please set `padding_side='left'` when initializing the tokenizer.
{"step": 1344, "epoch": 0, "batch_hash": 2635871887, "rows": 4, "skipped": 4, "answer_accuracy": 0.75, "updates": 2, "seconds": 12.720775604248047, "time": 1790993810.2025127, "loss": -0.8107223381180151, "confidence": 0.8999973008651814, "mass": 0.9997756493166081, "hinge_active": 0.0, "stop_prob": 0.9999930709600449, "sampled_number_rate": 1.0, "kl": 0.0, "kl_coef": 0.05, "value_loss": 0.0}
checkpoint at step 1344 (0.7 s)
A decoder-only architecture is being used, but right-padding was detected! For correct generation results, please set `padding_side='left'` when initializing the tokenizer.
{"step": 1345, "epoch": 0, "batch_hash": 1599595161, "rows": 5, "skipped": 3, "answer_accuracy": 0.6, "updates": 4, "seconds": 13.084705829620361, "time": 1790993824.029934, "loss": -0.9285221429390346, "confidence": 0.68528275896184, "mass": 0.996832291744127, "hinge_active": 0.0, "stop_prob": 0.9999947547912598, "sampled_number_rate": 1.0, "kl": 0.0, "kl_coef": 0.05, "value_loss": 0.0}
A decoder-only architecture is being used, but right-padding was detected! For correct generation results, please set `padding_side='left'` when initializing the tokenizer.
{"step": 1346, "epoch": 0, "batch_hash": 2432009526, "rows": 5, "skipped": 3, "answer_accuracy": 0.8, "updates": 4, "seconds": 4.121267557144165, "time": 1790993828.1553211, "loss": -0.9356390009963126, "confidence": 0.8173417268876169, "mass": 0.9727118401681362, "hinge_active": 0.2, "stop_prob": 0.9999939501285553, "sampled_number_rate": 0.8, "kl": 0.0, "kl_coef": 0.05, "value_loss": 0.0}
A decoder-only architecture is being used, but right-padding was detected! For correct generation results, please set `padding_side='left'` when initializing the tokenizer.
{"step": 1347, "epoch": 0, "batch_hash": 176592955, "rows": 7, "skipped": 1, "answer_accuracy": 0.14285714285714285, "updates": 4, "seconds": 2.0892302989959717, "time": 1790993830.2471406, "loss": -0.873257272166555, "confidence": 0.268123405862349, "mass": 0.9763234928383322, "hinge_active": 0.0, "stop_prob": 0.9999956573758807, "sampled_number_rate": 0.9999999999999998, "kl": 0.0, "kl_coef": 0.05, "value_loss": 0.0}
A decoder-only architecture is being used, but right-padding was detected! For correct generation results, please set `padding_side='left'` when initializing the tokenizer.
{"step": 1348, "epoch": 0, "batch_hash": 1907856414, "rows": 1, "skipped": 7, "answer_accuracy": 1.0, "updates": 2, "seconds": 12.223493337631226, "time": 1790993842.4736328, "loss": -0.8667382141180976, "confidence": 0.6322198524496198, "mass": 0.9882381154271108, "hinge_active": 0.0, "stop_prob": 0.9999927878379822, "sampled_number_rate": 1.0, "kl": 0.0, "kl_coef": 0.05, "value_loss": 0.0}
A decoder-only architecture is being used, but right-padding was detected! For correct generation results, please set `padding_side='left'` when initializing the tokenizer.
{"step": 1349, "epoch": 0, "batch_hash": 772853718, "rows": 3, "skipped": 5, "answer_accuracy": 0.0, "updates": 2, "seconds": 12.547065258026123, "time": 1790993855.0245795, "loss": -0.9683719952773377, "confidence": 0.0999892525381991, "mass": 0.9645660502992875, "hinge_active": 0.6666666666666666, "stop_prob": 0.9999944965044657, "sampled_number_rate": 1.0, "kl": 0.0, "kl_coef": 0.05, "value_loss": 0.0}
STABILITY {"step": 1349, "flag": "format_broken", "nonfinite": null, "window_mode_share": 0.41414141414141414, "window_invalid_rate": 0.2265625, "window_accuracy": 0.5672268907563025, "baseline_accuracy": 0.6127744510978044}
checkpoint at step 1349 (0.4 s)
stopping at step 1349: format_broken
wandb: updating run config
wandb:                                                                                
wandb: 
wandb: Run history:
wandb:                 answer_accuracy ▄▅▂▂▂▂▄▂▂▄▂▂▂▇▇▄▅▃▄▇█▁▅▅▄▇▇█▄▄█▅▅▄▅▅▂▁▇▇
wandb:                      confidence ▄▅▂▄▄▆▄▆▃▆▄▄▂▃▃▅▄▂▆▃▅▅▃▄█▃▅▇▄▅▃▃▁▃▄█▇▄▁▆
wandb:                           epoch ▁▁▁▁▁▁▁▁▁▁▁▁▁▁▁▁▁▁▁▁▁▁▁▁▁▁▁▁▁▁▁▁▁▁▁▁▁▁▁▁
wandb:                    hinge_active ▁▁▁▁▁▁▁▁▁▁▁▁▁▁▁▁▁▁▁▁▁▁▁▁▁▁▁▁▁▁▁▁▁▁▁▁▁▁▁▁
wandb:                              kl ▁▁▁▁▁▁▁▁▁▁▁▁▁▁▁▁▁▁▁▁▁▁▁▁▁▁▁▁▁▁▁▁▁▁▁▁▁▁▁▁
wandb:                         kl_coef ▁▁▁▁▁▁▁▁▁▁▁▁▁▁▁▁▁▁▁▁▁▁▁▁▁▁▁▁▁▁▁▁▁▁▁▁▁▁▁▁
wandb:                            loss ▄▅▂▃▄▄▇█▄▁▃▄▄▃▃▂▃▂▃▂▂▄▃▄▅▃▄▂▃▃▃▂▂▂▂▃▄▂▃▂
wandb:                            mass ██████▁▆████████████████████████████████
wandb:                            rows ████████▁█▁███████████████▁█████████████
wandb:             sampled_number_rate ██████▁█████████████████████████████████
wandb:                    save_seconds █▁
wandb:                         seconds ▂▁▁▁▁▁▁▂▂▂▂▆▁▁▂▂▁▁▂▂▁▁▂▁▂▂▂▁▁▁▁▁▁▁▁▁▂█▁▂
wandb:                         skipped ▁▁▁▁▃▃▁▃▁▁▁▁▁▁█▁▃▁▁▁▁▁▁▁▁▁▁▁▁▁▁▁▁▁▁▁▁▁▁▃
wandb:     stability/baseline_accuracy ▁▁▁▁▁▁▁▁▁▁▁▁▁▁▁▁▁▁▁▁▁▁▁▁▁▁▁▁▁▁▁▁▁▁▁▁▁▁▁▁
wandb:        stability/batch_accuracy ▅▃▆▅▄▄▅▁▅▆▃▆█▃▆▇▅▅▄▅▆▆▆▆▄▇▄▆▆▇▆▃▂▆▆▆▄▆▅▅
wandb: stability/batch_confidence_mean ▅▁▆▄▂▅▁▆▆▇▃▅▄▅▃▄▆▄▆▄▆▂▄▆▆█▄▆▆▃▅▃▆▆▄▅▆▅▅▆
wandb:  stability/batch_confidence_std ▂▄▇▇▇▆█▅▅▆▆▆▅▇█▅▇▇▇▇▆█▆▅█▇▅▆▆▆▅▆██▆▅▁▅▇▇
wandb:    stability/batch_invalid_rate ▁▁▁▁▁██▁▁█▁▁▁▁▁▁█▁▁▁▁▁▁▁█▁▁▁▁▁█▁▁▁▁▁▁▁▁▁
wandb:             stability/grad_norm ▂▂▂▂▂▃▄▄▂▄▂▄▄▁▄▄▃▁▂▃▁▂▄▃▃▁▃▃▂█▄▁▂▅▆▄▂▁▁▁
wandb:                  stability/loss ▃▆▂▄▄▇▃▅▂▄▆▄█▄▄▂▄█▄▃▁▁▄▃▅▄▂▁▅▂▃▅▅▂▃▃▃▃▄▅
wandb:            stability/pi_entropy ███▇▄▅▃▃▂▅▂▃▁▂▄▄▃▃▄▂▄▃▃▃▃▁▂▂▂▂▁▁▂▂▁▂▂▂▂▂
wandb:                stability/pi_max ▇▃▁▂▄▆▃▆▆▆▆▇▇▆▇▇▆▇▆▇▆▅▆█▇██▇▆█▇▆▇▅▆███▆▇
wandb:       stability/window_accuracy ▇▆▆▄▂▁▁▃▃▄▁▂▅▅▅▅▄▄▄▅▄▄▃▂▂▃▃▄▅▅▄▅▄▄▅▆▆▆█▇
wandb: stability/window_confidence_std ▁▂▅▄▅█▇▆▅▆▆▅▅▅▆▇▅▇▇▆▇▅▅▆▇▆▅▆▇▆▇▅▅▇▆▅▄▅▅▇
wandb:   stability/window_invalid_rate ▃▃▂▅▅▂▂█▇▇▇▄▄▅▅▁▁▂▄▅▂▁▂▂▂▄▄▂▂▂▂▄▃▅▂▂▅▁▁▁
wandb:         stability/window_levels ▃▆▆▆▁▆▆██▆█▆█▆▆▆▁▃▁▃▃▆▆▁▃▆▁▃▃▃▃▃▆▃▃▃▁▁▃▃
wandb:     stability/window_mode_share ▆██▅▆▆▄▂▂▅▂▆█▄▄▄▄▁▃▄▆▆▆▅▅▇█▇▆▆▇▇▆▆▇▆▇▇▅▅
wandb:                            step ▁▁▁▁▁▂▂▂▂▂▂▂▃▃▃▃▃▃▄▄▄▄▄▄▅▅▅▅▅▅▆▆▆▆▇▇▇███
wandb:                       stop_prob ▇▇▆▇█▇█████████████████████████████▁████
wandb:                         updates ▁▁▁▁▁▁▁▁▁▁▁▁▁▁▁▁▁▁▁▁▁▁▁▁▁▁▁▁▁▁▁▁▁▁▁▁▁▁▁▁
wandb:                      value_loss ▁▁▁▁▁▁▁▁▁▁▁▁▁▁▁▁▁▁▁▁▁▁▁▁▁▁▁▁▁▁▁▁▁▁▁▁▁▁▁▁
wandb: 
wandb: Run summary:
wandb:                 answer_accuracy 0
wandb:                      confidence 0.09999
wandb:                           epoch 0
wandb:                    hinge_active 0.66667
wandb:                              kl 0
wandb:                         kl_coef 0.05
wandb:                            loss -0.96837
wandb:                            mass 0.96457
wandb:                            rows 3
wandb:             sampled_number_rate 1
wandb:                    save_seconds 0.72349
wandb:                         seconds 12.54707
wandb:                         skipped 5
wandb:     stability/baseline_accuracy 0.61277
wandb:        stability/batch_accuracy 0
wandb: stability/batch_confidence_mean 1
wandb:  stability/batch_confidence_std 0
wandb:    stability/batch_invalid_rate 0.625
wandb:             stability/grad_norm 3.73438
wandb:                  stability/loss -0.96837
wandb:            stability/pi_entropy 0.00136
wandb:                stability/pi_max 0.99985
wandb:       stability/window_accuracy 0.56723
wandb: stability/window_confidence_std 3.3482
wandb:   stability/window_invalid_rate 0.22656
wandb:         stability/window_levels 9
wandb:     stability/window_mode_share 0.41414
wandb:                            step 1349
wandb:                       stop_prob 0.99999
wandb:                         updates 2
wandb:                      value_loss 0
wandb: 
wandb: 🚀 View run long2-exact-tuned-s1 at: https://wandb.ai/multi-tokenizer/rewarding-doubt/runs/feb039a9d14559bb
wandb: ⭐️ View project at: https://wandb.ai/multi-tokenizer/rewarding-doubt
wandb: Synced 5 W&B file(s), 0 media file(s), 0 artifact file(s) and 0 other file(s)
wandb: Find logs at: /workspace/runs/long2-exact-tuned-s1/wandb/run-20261003_011437-feb039a9d14559bb/logs
