🦥 Unsloth: Will patch your computer to enable 2x faster free finetuning.
🦥 Unsloth Zoo will now patch everything to make training faster!
==((====))==  Unsloth 2025.1.5: Fast Llama patching. Transformers: 4.48.0.
   \\   /|    GPU: NVIDIA L40S. Max memory: 44.392 GB. Platform: Linux.
O^O/ \_/ \    Torch: 2.5.1+cu124. CUDA: 8.9. CUDA Toolkit: 12.4. Triton: 3.1.0
\        /    Bfloat16 = TRUE. FA [Xformers = 0.0.29.post1. FA2 = False]
 "-____-"     Free Apache license: http://github.com/unslothai/unsloth
Unsloth: Fast downloading is enabled - ignore downloading bars which are red colored!
Unsloth 2025.1.5 patched 32 layers with 32 QKV layers, 32 O layers and 32 MLP layers.
{"step": 1, "epoch": 0, "rows": 8, "skipped": 0, "answer_accuracy": 0.875, "updates": 4, "seconds": 6.731810092926025, "time": 1790931536.8196387, "loss": -0.928135338078894, "confidence": 0.9634841070881166, "mass": 0.9999966291690937, "hinge_active": 0.0, "stop_prob": 0.9998462572693825, "sampled_number_rate": 1.0, "kl": 0.0, "kl_coef": 0.05, "value_loss": 0.0}
A decoder-only architecture is being used, but right-padding was detected! For correct generation results, please set `padding_side='left'` when initializing the tokenizer.
{"step": 2, "epoch": 0, "rows": 8, "skipped": 0, "answer_accuracy": 0.5, "updates": 4, "seconds": 2.473139762878418, "time": 1790931539.2937074, "loss": -0.5240304912499513, "confidence": 0.92583790730366, "mass": 0.9999922330873279, "hinge_active": 0.0, "stop_prob": 0.9995244592428207, "sampled_number_rate": 1.0, "kl": 0.0, "kl_coef": 0.05, "value_loss": 0.0}
A decoder-only architecture is being used, but right-padding was detected! For correct generation results, please set `padding_side='left'` when initializing the tokenizer.
{"step": 3, "epoch": 0, "rows": 8, "skipped": 0, "answer_accuracy": 0.625, "updates": 4, "seconds": 2.312704563140869, "time": 1790931541.6073172, "loss": -0.7547101031050513, "confidence": 0.8892513165795822, "mass": 0.9999981072248981, "hinge_active": 0.0, "stop_prob": 0.999770425260067, "sampled_number_rate": 1.0, "kl": 0.0, "kl_coef": 0.05, "value_loss": 0.0}
A decoder-only architecture is being used, but right-padding was detected! For correct generation results, please set `padding_side='left'` when initializing the tokenizer.
{"step": 4, "epoch": 0, "rows": 7, "skipped": 1, "answer_accuracy": 0.14285714285714285, "updates": 4, "seconds": 3.608858585357666, "time": 1790931545.2169716, "loss": -0.5392503258575341, "confidence": 0.7522124578398901, "mass": 0.9999984431304032, "hinge_active": 0.0, "stop_prob": 0.9368750963892255, "sampled_number_rate": 0.9999999999999998, "kl": 0.0, "kl_coef": 0.05, "value_loss": 0.0}
A decoder-only architecture is being used, but right-padding was detected! For correct generation results, please set `padding_side='left'` when initializing the tokenizer.
{"step": 5, "epoch": 0, "rows": 7, "skipped": 1, "answer_accuracy": 0.2857142857142857, "updates": 4, "seconds": 4.1213085651397705, "time": 1790931549.3392172, "loss": -0.8050963794538736, "confidence": 0.5418510568611248, "mass": 0.9999991348081758, "hinge_active": 0.0, "stop_prob": 0.999740549496242, "sampled_number_rate": 0.9999999999999998, "kl": 0.0, "kl_coef": 0.05, "value_loss": 0.0}
A decoder-only architecture is being used, but right-padding was detected! For correct generation results, please set `padding_side='left'` when initializing the tokenizer.
{"step": 6, "epoch": 0, "rows": 8, "skipped": 0, "answer_accuracy": 0.625, "updates": 4, "seconds": 8.537004470825195, "time": 1790931557.8772273, "loss": 3.5495249351493516, "confidence": 0.5131779363280186, "mass": 0.7499993622040738, "hinge_active": 0.25, "stop_prob": 0.9998979270458221, "sampled_number_rate": 0.75, "kl": 0.0, "kl_coef": 0.05, "value_loss": 0.0}
A decoder-only architecture is being used, but right-padding was detected! For correct generation results, please set `padding_side='left'` when initializing the tokenizer.
{"step": 7, "epoch": 0, "rows": 8, "skipped": 0, "answer_accuracy": 0.375, "updates": 4, "seconds": 2.4215803146362305, "time": 1790931560.2996917, "loss": -0.8295949690188278, "confidence": 0.398236349722089, "mass": 0.999998951978215, "hinge_active": 0.0, "stop_prob": 0.9998327046632767, "sampled_number_rate": 1.0, "kl": 0.0, "kl_coef": 0.05, "value_loss": 0.0}
A decoder-only architecture is being used, but right-padding was detected! For correct generation results, please set `padding_side='left'` when initializing the tokenizer.
{"step": 8, "epoch": 0, "rows": 8, "skipped": 0, "answer_accuracy": 0.625, "updates": 4, "seconds": 2.3237826824188232, "time": 1790931562.624232, "loss": -0.7929983365063166, "confidence": 0.4256168575143141, "mass": 0.9999982552704301, "hinge_active": 0.0, "stop_prob": 0.9997330904006958, "sampled_number_rate": 1.0, "kl": 0.0, "kl_coef": 0.05, "value_loss": 0.0}
A decoder-only architecture is being used, but right-padding was detected! For correct generation results, please set `padding_side='left'` when initializing the tokenizer.
{"step": 9, "epoch": 0, "rows": 8, "skipped": 0, "answer_accuracy": 0.5, "updates": 4, "seconds": 2.299924850463867, "time": 1790931564.9251385, "loss": -0.7984580330451853, "confidence": 0.4487434914743726, "mass": 0.9999981086020482, "hinge_active": 0.0, "stop_prob": 0.9995444342494011, "sampled_number_rate": 1.0, "kl": 0.0, "kl_coef": 0.05, "value_loss": 0.0}
A decoder-only architecture is being used, but right-padding was detected! For correct generation results, please set `padding_side='left'` when initializing the tokenizer.
{"step": 10, "epoch": 0, "rows": 8, "skipped": 0, "answer_accuracy": 0.625, "updates": 4, "seconds": 2.407968282699585, "time": 1790931567.3339143, "loss": -0.7938615756600713, "confidence": 0.48087993223086906, "mass": 0.9999971333638734, "hinge_active": 0.0, "stop_prob": 0.9993050545454025, "sampled_number_rate": 1.0, "kl": 0.0, "kl_coef": 0.05, "value_loss": 0.0}
A decoder-only architecture is being used, but right-padding was detected! For correct generation results, please set `padding_side='left'` when initializing the tokenizer.
{"step": 11, "epoch": 0, "rows": 8, "skipped": 0, "answer_accuracy": 0.375, "updates": 4, "seconds": 2.311340808868408, "time": 1790931569.6461265, "loss": -0.8122930246343683, "confidence": 0.4762472726775164, "mass": 0.999996222358921, "hinge_active": 0.0, "stop_prob": 0.9994463250041008, "sampled_number_rate": 1.0, "kl": 0.0, "kl_coef": 0.05, "value_loss": 0.0}
A decoder-only architecture is being used, but right-padding was detected! For correct generation results, please set `padding_side='left'` when initializing the tokenizer.
{"step": 12, "epoch": 0, "rows": 8, "skipped": 0, "answer_accuracy": 0.75, "updates": 4, "seconds": 2.30193829536438, "time": 1790931571.9489083, "loss": -0.8447248655400926, "confidence": 0.5410712034178623, "mass": 0.9999960045694871, "hinge_active": 0.0, "stop_prob": 0.9991580918431282, "sampled_number_rate": 1.0, "kl": 0.0, "kl_coef": 0.05, "value_loss": 0.0}
A decoder-only architecture is being used, but right-padding was detected! For correct generation results, please set `padding_side='left'` when initializing the tokenizer.
{"step": 13, "epoch": 0, "rows": 8, "skipped": 0, "answer_accuracy": 0.5, "updates": 4, "seconds": 2.624478816986084, "time": 1790931574.574381, "loss": -0.8251315923515739, "confidence": 0.49535996847404207, "mass": 0.9999942575515375, "hinge_active": 0.0, "stop_prob": 0.999019131064415, "sampled_number_rate": 1.0, "kl": 0.0, "kl_coef": 0.05, "value_loss": 0.0}
A decoder-only architecture is being used, but right-padding was detected! For correct generation results, please set `padding_side='left'` when initializing the tokenizer.
{"step": 14, "epoch": 0, "rows": 8, "skipped": 0, "answer_accuracy": 0.625, "updates": 4, "seconds": 2.51253342628479, "time": 1790931577.0876517, "loss": -0.7900032906177022, "confidence": 0.5256378365824277, "mass": 0.9999946643674748, "hinge_active": 0.0, "stop_prob": 0.9992448464035988, "sampled_number_rate": 1.0, "kl": 0.0, "kl_coef": 0.05, "value_loss": 0.0}
A decoder-only architecture is being used, but right-padding was detected! For correct generation results, please set `padding_side='left'` when initializing the tokenizer.
{"step": 15, "epoch": 0, "rows": 8, "skipped": 0, "answer_accuracy": 0.75, "updates": 4, "seconds": 2.309598445892334, "time": 1790931579.3981185, "loss": -0.8323983597978172, "confidence": 0.5678096703748912, "mass": 0.9999964549520277, "hinge_active": 0.0, "stop_prob": 0.9990500807762146, "sampled_number_rate": 1.0, "kl": 0.0, "kl_coef": 0.05, "value_loss": 0.0}
A decoder-only architecture is being used, but right-padding was detected! For correct generation results, please set `padding_side='left'` when initializing the tokenizer.
{"step": 16, "epoch": 0, "rows": 8, "skipped": 0, "answer_accuracy": 0.5, "updates": 4, "seconds": 2.49686598777771, "time": 1790931581.8959606, "loss": -0.7966661498306241, "confidence": 0.5467436113433843, "mass": 0.9999952191673972, "hinge_active": 0.0, "stop_prob": 0.999109297990799, "sampled_number_rate": 1.0, "kl": 0.0, "kl_coef": 0.05, "value_loss": 0.0}
A decoder-only architecture is being used, but right-padding was detected! For correct generation results, please set `padding_side='left'` when initializing the tokenizer.
{"step": 17, "epoch": 0, "rows": 8, "skipped": 0, "answer_accuracy": 0.625, "updates": 4, "seconds": 2.400071859359741, "time": 1790931584.2969594, "loss": -0.7967451021699198, "confidence": 0.5900425705741188, "mass": 0.9999958761884872, "hinge_active": 0.0, "stop_prob": 0.9990505650639534, "sampled_number_rate": 1.0, "kl": 0.0, "kl_coef": 0.05, "value_loss": 0.0}
A decoder-only architecture is being used, but right-padding was detected! For correct generation results, please set `padding_side='left'` when initializing the tokenizer.
{"step": 18, "epoch": 0, "rows": 8, "skipped": 0, "answer_accuracy": 0.625, "updates": 4, "seconds": 2.314499855041504, "time": 1790931586.6124039, "loss": -0.8368733050950968, "confidence": 0.5694604704002736, "mass": 0.999995363372754, "hinge_active": 0.0, "stop_prob": 0.9990057498216629, "sampled_number_rate": 1.0, "kl": 0.0, "kl_coef": 0.05, "value_loss": 0.0}
A decoder-only architecture is being used, but right-padding was detected! For correct generation results, please set `padding_side='left'` when initializing the tokenizer.
{"step": 19, "epoch": 0, "rows": 8, "skipped": 0, "answer_accuracy": 0.375, "updates": 4, "seconds": 2.4176669120788574, "time": 1790931589.0308566, "loss": -0.8042004122002114, "confidence": 0.5744157321669001, "mass": 0.9999960778069037, "hinge_active": 0.0, "stop_prob": 0.9987731650471687, "sampled_number_rate": 1.0, "kl": 0.0, "kl_coef": 0.05, "value_loss": 0.0}
A decoder-only architecture is being used, but right-padding was detected! For correct generation results, please set `padding_side='left'` when initializing the tokenizer.
{"step": 20, "epoch": 0, "rows": 8, "skipped": 0, "answer_accuracy": 0.25, "updates": 4, "seconds": 3.8200061321258545, "time": 1790931592.8516834, "loss": -0.7577987800648849, "confidence": 0.6058684856606096, "mass": 0.9999929198956327, "hinge_active": 0.0, "stop_prob": 0.9971872717142105, "sampled_number_rate": 1.0, "kl": 0.0, "kl_coef": 0.05, "value_loss": 0.0}
A decoder-only architecture is being used, but right-padding was detected! For correct generation results, please set `padding_side='left'` when initializing the tokenizer.
{"step": 21, "epoch": 0, "rows": 8, "skipped": 0, "answer_accuracy": 0.625, "updates": 4, "seconds": 2.385935068130493, "time": 1790931595.2385569, "loss": -0.8216201377050221, "confidence": 0.6207671753810009, "mass": 0.9999967289661255, "hinge_active": 0.0, "stop_prob": 0.9987506419420242, "sampled_number_rate": 1.0, "kl": 0.0, "kl_coef": 0.05, "value_loss": 0.0}
A decoder-only architecture is being used, but right-padding was detected! For correct generation results, please set `padding_side='left'` when initializing the tokenizer.
{"step": 22, "epoch": 0, "rows": 8, "skipped": 0, "answer_accuracy": 0.5, "updates": 4, "seconds": 2.473499298095703, "time": 1790931597.712867, "loss": -0.8214135242433648, "confidence": 0.5590618442578252, "mass": 0.9999957930735943, "hinge_active": 0.0, "stop_prob": 0.9986658096313477, "sampled_number_rate": 1.0, "kl": 0.0, "kl_coef": 0.05, "value_loss": 0.0}
A decoder-only architecture is being used, but right-padding was detected! For correct generation results, please set `padding_side='left'` when initializing the tokenizer.
{"step": 23, "epoch": 0, "rows": 8, "skipped": 0, "answer_accuracy": 0.75, "updates": 4, "seconds": 2.359752655029297, "time": 1790931600.0735583, "loss": -0.8292255092861132, "confidence": 0.6124636418593011, "mass": 0.9999960316180033, "hinge_active": 0.0, "stop_prob": 0.9990942552685738, "sampled_number_rate": 1.0, "kl": 0.0, "kl_coef": 0.05, "value_loss": 0.0}
A decoder-only architecture is being used, but right-padding was detected! For correct generation results, please set `padding_side='left'` when initializing the tokenizer.
{"step": 24, "epoch": 0, "rows": 8, "skipped": 0, "answer_accuracy": 0.5, "updates": 4, "seconds": 2.320413589477539, "time": 1790931602.395087, "loss": -0.8251950186323694, "confidence": 0.5804863665316958, "mass": 0.9999964637131078, "hinge_active": 0.0, "stop_prob": 0.9989626631140709, "sampled_number_rate": 1.0, "kl": 0.0, "kl_coef": 0.05, "value_loss": 0.0}
A decoder-only architecture is being used, but right-padding was detected! For correct generation results, please set `padding_side='left'` when initializing the tokenizer.
{"step": 25, "epoch": 0, "rows": 8, "skipped": 0, "answer_accuracy": 0.375, "updates": 4, "seconds": 2.3784987926483154, "time": 1790931604.7743952, "loss": -0.8080597194365797, "confidence": 0.5225024158885743, "mass": 0.9999903588739583, "hinge_active": 0.0, "stop_prob": 0.998712919652462, "sampled_number_rate": 1.0, "kl": 0.0, "kl_coef": 0.05, "value_loss": 0.0}
A decoder-only architecture is being used, but right-padding was detected! For correct generation results, please set `padding_side='left'` when initializing the tokenizer.
{"step": 26, "epoch": 0, "rows": 8, "skipped": 0, "answer_accuracy": 0.625, "updates": 4, "seconds": 2.3348472118377686, "time": 1790931607.1100469, "loss": -0.837462552775803, "confidence": 0.593516125927094, "mass": 0.9999960832806613, "hinge_active": 0.0, "stop_prob": 0.9991334453225136, "sampled_number_rate": 1.0, "kl": 0.0, "kl_coef": 0.05, "value_loss": 0.0}
A decoder-only architecture is being used, but right-padding was detected! For correct generation results, please set `padding_side='left'` when initializing the tokenizer.
{"step": 27, "epoch": 0, "rows": 8, "skipped": 0, "answer_accuracy": 0.5, "updates": 4, "seconds": 2.3093225955963135, "time": 1790931609.4201982, "loss": -0.8029507004728572, "confidence": 0.6115685175550112, "mass": 0.999995309553506, "hinge_active": 0.0, "stop_prob": 0.9988983497023582, "sampled_number_rate": 1.0, "kl": 0.0, "kl_coef": 0.05, "value_loss": 0.0}
A decoder-only architecture is being used, but right-padding was detected! For correct generation results, please set `padding_side='left'` when initializing the tokenizer.
{"step": 28, "epoch": 0, "rows": 8, "skipped": 0, "answer_accuracy": 0.5, "updates": 4, "seconds": 2.3288612365722656, "time": 1790931611.749963, "loss": -0.8357110533532803, "confidence": 0.5558889002901364, "mass": 0.9999886806870723, "hinge_active": 0.0, "stop_prob": 0.9989461675286293, "sampled_number_rate": 1.0, "kl": 0.0, "kl_coef": 0.05, "value_loss": 0.0}
A decoder-only architecture is being used, but right-padding was detected! For correct generation results, please set `padding_side='left'` when initializing the tokenizer.
{"step": 29, "epoch": 0, "rows": 8, "skipped": 0, "answer_accuracy": 0.5, "updates": 4, "seconds": 2.6542866230010986, "time": 1790931614.4049609, "loss": -0.848142192826951, "confidence": 0.5571787003984415, "mass": 0.9999946075629712, "hinge_active": 0.0, "stop_prob": 0.9989792034029961, "sampled_number_rate": 1.0, "kl": 0.0, "kl_coef": 0.05, "value_loss": 0.0}
A decoder-only architecture is being used, but right-padding was detected! For correct generation results, please set `padding_side='left'` when initializing the tokenizer.
{"step": 30, "epoch": 0, "rows": 8, "skipped": 0, "answer_accuracy": 0.625, "updates": 4, "seconds": 2.5212793350219727, "time": 1790931616.9272408, "loss": -0.8032596236423925, "confidence": 0.46534080724925087, "mass": 0.9999948313247304, "hinge_active": 0.0, "stop_prob": 0.9994334802031517, "sampled_number_rate": 1.0, "kl": 0.0, "kl_coef": 0.05, "value_loss": 0.0}
A decoder-only architecture is being used, but right-padding was detected! For correct generation results, please set `padding_side='left'` when initializing the tokenizer.
{"step": 31, "epoch": 0, "rows": 8, "skipped": 0, "answer_accuracy": 0.625, "updates": 4, "seconds": 2.557265520095825, "time": 1790931619.4851866, "loss": -0.8291012710434879, "confidence": 0.4389352924437171, "mass": 0.9999869618355622, "hinge_active": 0.0, "stop_prob": 0.9970658645033836, "sampled_number_rate": 1.0, "kl": 0.0, "kl_coef": 0.05, "value_loss": 0.0}
A decoder-only architecture is being used, but right-padding was detected! For correct generation results, please set `padding_side='left'` when initializing the tokenizer.
{"step": 32, "epoch": 0, "rows": 8, "skipped": 0, "answer_accuracy": 0.375, "updates": 4, "seconds": 2.395890951156616, "time": 1790931621.8817961, "loss": -0.826411808214267, "confidence": 0.5298109914612879, "mass": 0.9999937157003005, "hinge_active": 0.0, "stop_prob": 0.999461442232132, "sampled_number_rate": 1.0, "kl": 0.0, "kl_coef": 0.05, "value_loss": 0.0}
A decoder-only architecture is being used, but right-padding was detected! For correct generation results, please set `padding_side='left'` when initializing the tokenizer.
{"step": 33, "epoch": 0, "rows": 8, "skipped": 0, "answer_accuracy": 0.625, "updates": 4, "seconds": 2.3424510955810547, "time": 1790931624.2251408, "loss": -0.769779938956963, "confidence": 0.38546275867009466, "mass": 0.9999933425358137, "hinge_active": 0.0, "stop_prob": 0.9993743821978569, "sampled_number_rate": 1.0, "kl": 0.0, "kl_coef": 0.05, "value_loss": 0.0}
A decoder-only architecture is being used, but right-padding was detected! For correct generation results, please set `padding_side='left'` when initializing the tokenizer.
{"step": 34, "epoch": 0, "rows": 8, "skipped": 0, "answer_accuracy": 0.5, "updates": 4, "seconds": 2.3560791015625, "time": 1790931626.5821292, "loss": -0.6834323846772505, "confidence": 0.3006574796411024, "mass": 0.9999861434117205, "hinge_active": 0.0, "stop_prob": 0.9993138015270233, "sampled_number_rate": 1.0, "kl": 0.0, "kl_coef": 0.05, "value_loss": 0.0}
A decoder-only architecture is being used, but right-padding was detected! For correct generation results, please set `padding_side='left'` when initializing the tokenizer.
{"step": 35, "epoch": 0, "rows": 8, "skipped": 0, "answer_accuracy": 0.5, "updates": 4, "seconds": 2.3847410678863525, "time": 1790931628.9679217, "loss": -0.8884053423618387, "confidence": 0.3683555513023617, "mass": 0.9999631085615736, "hinge_active": 0.0, "stop_prob": 0.994439922273159, "sampled_number_rate": 1.0, "kl": 0.0, "kl_coef": 0.05, "value_loss": 0.0}
A decoder-only architecture is being used, but right-padding was detected! For correct generation results, please set `padding_side='left'` when initializing the tokenizer.
{"step": 36, "epoch": 0, "rows": 8, "skipped": 0, "answer_accuracy": 0.5, "updates": 4, "seconds": 2.5600454807281494, "time": 1790931631.5288167, "loss": -0.8797405376210595, "confidence": 0.4967555483481926, "mass": 0.9999935928274173, "hinge_active": 0.0, "stop_prob": 0.999093197286129, "sampled_number_rate": 1.0, "kl": 0.0, "kl_coef": 0.05, "value_loss": 0.0}
A decoder-only architecture is being used, but right-padding was detected! For correct generation results, please set `padding_side='left'` when initializing the tokenizer.
{"step": 37, "epoch": 0, "rows": 8, "skipped": 0, "answer_accuracy": 0.5, "updates": 4, "seconds": 2.344705820083618, "time": 1790931633.8743234, "loss": -0.8427325439797311, "confidence": 0.43567326852979066, "mass": 0.9999888778316359, "hinge_active": 0.0, "stop_prob": 0.9960939884185791, "sampled_number_rate": 1.0, "kl": 0.0, "kl_coef": 0.05, "value_loss": 0.0}
A decoder-only architecture is being used, but right-padding was detected! For correct generation results, please set `padding_side='left'` when initializing the tokenizer.
{"step": 38, "epoch": 0, "rows": 8, "skipped": 0, "answer_accuracy": 0.5, "updates": 4, "seconds": 2.367560386657715, "time": 1790931636.2426963, "loss": -0.8584410750898176, "confidence": 0.5377571984930207, "mass": 0.9999960365521481, "hinge_active": 0.0, "stop_prob": 0.9992106482386589, "sampled_number_rate": 1.0, "kl": 0.0, "kl_coef": 0.05, "value_loss": 0.0}
A decoder-only architecture is being used, but right-padding was detected! For correct generation results, please set `padding_side='left'` when initializing the tokenizer.
{"step": 39, "epoch": 0, "rows": 8, "skipped": 0, "answer_accuracy": 0.375, "updates": 4, "seconds": 2.482435703277588, "time": 1790931638.7259889, "loss": -0.8733060901233212, "confidence": 0.4797566961386102, "mass": 0.9999949036831421, "hinge_active": 0.0, "stop_prob": 0.9977033510804176, "sampled_number_rate": 1.0, "kl": 0.0, "kl_coef": 0.05, "value_loss": 0.0}
A decoder-only architecture is being used, but right-padding was detected! For correct generation results, please set `padding_side='left'` when initializing the tokenizer.
{"step": 40, "epoch": 0, "rows": 8, "skipped": 0, "answer_accuracy": 0.25, "updates": 4, "seconds": 2.6560864448547363, "time": 1790931641.383023, "loss": -0.8449291427441892, "confidence": 0.49094963290894145, "mass": 0.9999941536296741, "hinge_active": 0.0, "stop_prob": 0.9992115646600723, "sampled_number_rate": 1.0, "kl": 0.0, "kl_coef": 0.05, "value_loss": 0.0}
A decoder-only architecture is being used, but right-padding was detected! For correct generation results, please set `padding_side='left'` when initializing the tokenizer.
{"step": 41, "epoch": 0, "rows": 8, "skipped": 0, "answer_accuracy": 0.5, "updates": 4, "seconds": 2.4278345108032227, "time": 1790931643.811666, "loss": -0.8192500170873104, "confidence": 0.2634097060311612, "mass": 0.9999905368550567, "hinge_active": 0.0, "stop_prob": 0.9964921772480011, "sampled_number_rate": 1.0, "kl": 0.0, "kl_coef": 0.05, "value_loss": 0.0}
A decoder-only architecture is being used, but right-padding was detected! For correct generation results, please set `padding_side='left'` when initializing the tokenizer.
{"step": 42, "epoch": 0, "rows": 8, "skipped": 0, "answer_accuracy": 0.625, "updates": 4, "seconds": 2.595672130584717, "time": 1790931646.4083285, "loss": -0.8151779789767615, "confidence": 0.3531854802703607, "mass": 0.9999938213808631, "hinge_active": 0.0, "stop_prob": 0.9994505196809769, "sampled_number_rate": 1.0, "kl": 0.0, "kl_coef": 0.05, "value_loss": 0.0}
A decoder-only architecture is being used, but right-padding was detected! For correct generation results, please set `padding_side='left'` when initializing the tokenizer.
{"step": 43, "epoch": 0, "rows": 8, "skipped": 0, "answer_accuracy": 0.125, "updates": 4, "seconds": 2.462346076965332, "time": 1790931648.8714898, "loss": -0.8231502461017197, "confidence": 0.46912434499911504, "mass": 0.9999901793580546, "hinge_active": 0.0, "stop_prob": 0.9970487058162689, "sampled_number_rate": 1.0, "kl": 0.0, "kl_coef": 0.05, "value_loss": 0.0}
A decoder-only architecture is being used, but right-padding was detected! For correct generation results, please set `padding_side='left'` when initializing the tokenizer.
{"step": 44, "epoch": 0, "rows": 8, "skipped": 0, "answer_accuracy": 0.625, "updates": 4, "seconds": 2.4578263759613037, "time": 1790931651.3300354, "loss": -0.7977877501450917, "confidence": 0.6076501924144481, "mass": 0.9999924679247134, "hinge_active": 0.0, "stop_prob": 0.9993211477994919, "sampled_number_rate": 1.0, "kl": 0.0, "kl_coef": 0.05, "value_loss": 0.0}
A decoder-only architecture is being used, but right-padding was detected! For correct generation results, please set `padding_side='left'` when initializing the tokenizer.
{"step": 45, "epoch": 0, "rows": 8, "skipped": 0, "answer_accuracy": 0.375, "updates": 4, "seconds": 2.342358112335205, "time": 1790931653.6733341, "loss": -0.8104883070128078, "confidence": 0.5335447153258658, "mass": 0.9999937952584689, "hinge_active": 0.0, "stop_prob": 0.999386228621006, "sampled_number_rate": 1.0, "kl": 0.0, "kl_coef": 0.05, "value_loss": 0.0}
A decoder-only architecture is being used, but right-padding was detected! For correct generation results, please set `padding_side='left'` when initializing the tokenizer.
{"step": 46, "epoch": 0, "rows": 8, "skipped": 0, "answer_accuracy": 0.625, "updates": 4, "seconds": 2.2920448780059814, "time": 1790931655.9665165, "loss": -0.855263644402151, "confidence": 0.6304018082749087, "mass": 0.9999941472974223, "hinge_active": 0.0, "stop_prob": 0.9994086995720863, "sampled_number_rate": 1.0, "kl": 0.0, "kl_coef": 0.05, "value_loss": 0.0}
A decoder-only architecture is being used, but right-padding was detected! For correct generation results, please set `padding_side='left'` when initializing the tokenizer.
{"step": 47, "epoch": 0, "rows": 8, "skipped": 0, "answer_accuracy": 0.75, "updates": 4, "seconds": 2.2800800800323486, "time": 1790931658.2475083, "loss": -0.873568369035155, "confidence": 0.5233396349939937, "mass": 0.9999953027852192, "hinge_active": 0.0, "stop_prob": 0.9992088228464127, "sampled_number_rate": 1.0, "kl": 0.0, "kl_coef": 0.05, "value_loss": 0.0}
A decoder-only architecture is being used, but right-padding was detected! For correct generation results, please set `padding_side='left'` when initializing the tokenizer.
{"step": 48, "epoch": 0, "rows": 8, "skipped": 0, "answer_accuracy": 0.375, "updates": 4, "seconds": 2.4514243602752686, "time": 1790931660.6998506, "loss": -0.8048139178778184, "confidence": 0.4608154777309599, "mass": 0.9999771121125934, "hinge_active": 0.0, "stop_prob": 0.994031734764576, "sampled_number_rate": 1.0, "kl": 0.0, "kl_coef": 0.05, "value_loss": 0.0}
A decoder-only architecture is being used, but right-padding was detected! For correct generation results, please set `padding_side='left'` when initializing the tokenizer.
{"step": 49, "epoch": 0, "rows": 8, "skipped": 0, "answer_accuracy": 0.625, "updates": 4, "seconds": 2.3383641242980957, "time": 1790931663.0390458, "loss": -0.8626333418738799, "confidence": 0.5695281435070518, "mass": 0.9999932630548161, "hinge_active": 0.0, "stop_prob": 0.9992999956011772, "sampled_number_rate": 1.0, "kl": 0.0, "kl_coef": 0.05, "value_loss": 0.0}
A decoder-only architecture is being used, but right-padding was detected! For correct generation results, please set `padding_side='left'` when initializing the tokenizer.
{"step": 50, "epoch": 0, "rows": 8, "skipped": 0, "answer_accuracy": 0.625, "updates": 4, "seconds": 2.3589868545532227, "time": 1790931665.3987288, "loss": -0.8433227654244614, "confidence": 0.6403173311501056, "mass": 0.9999951090858132, "hinge_active": 0.0, "stop_prob": 0.9993760585784912, "sampled_number_rate": 1.0, "kl": 0.0, "kl_coef": 0.05, "value_loss": 0.0}
A decoder-only architecture is being used, but right-padding was detected! For correct generation results, please set `padding_side='left'` when initializing the tokenizer.
{"step": 51, "epoch": 0, "rows": 8, "skipped": 0, "answer_accuracy": 0.625, "updates": 4, "seconds": 2.33953857421875, "time": 1790931667.7391033, "loss": -0.8837693357293889, "confidence": 0.5553066601322741, "mass": 0.9999829171955401, "hinge_active": 0.0, "stop_prob": 0.9976885840296745, "sampled_number_rate": 1.0, "kl": 0.0, "kl_coef": 0.05, "value_loss": 0.0}
A decoder-only architecture is being used, but right-padding was detected! For correct generation results, please set `padding_side='left'` when initializing the tokenizer.
{"step": 52, "epoch": 0, "rows": 8, "skipped": 0, "answer_accuracy": 0.75, "updates": 4, "seconds": 2.378288745880127, "time": 1790931670.118184, "loss": -0.8645359285812289, "confidence": 0.5120214735791209, "mass": 0.9999941655079382, "hinge_active": 0.0, "stop_prob": 0.9979123026132584, "sampled_number_rate": 1.0, "kl": 0.0, "kl_coef": 0.05, "value_loss": 0.0}
A decoder-only architecture is being used, but right-padding was detected! For correct generation results, please set `padding_side='left'` when initializing the tokenizer.
{"step": 53, "epoch": 0, "rows": 8, "skipped": 0, "answer_accuracy": 0.5, "updates": 4, "seconds": 2.496142864227295, "time": 1790931672.615302, "loss": -0.8820448187037747, "confidence": 0.5187531409892998, "mass": 0.9999947292756545, "hinge_active": 0.0, "stop_prob": 0.9990968331694603, "sampled_number_rate": 1.0, "kl": 0.0, "kl_coef": 0.05, "value_loss": 0.0}
A decoder-only architecture is being used, but right-padding was detected! For correct generation results, please set `padding_side='left'` when initializing the tokenizer.
{"step": 54, "epoch": 0, "rows": 8, "skipped": 0, "answer_accuracy": 0.625, "updates": 4, "seconds": 2.379462242126465, "time": 1790931674.9956298, "loss": -0.8802739168202411, "confidence": 0.4884858365013505, "mass": 0.9999960715041095, "hinge_active": 0.0, "stop_prob": 0.9995310828089714, "sampled_number_rate": 1.0, "kl": 0.0, "kl_coef": 0.05, "value_loss": 0.0}
A decoder-only architecture is being used, but right-padding was detected! For correct generation results, please set `padding_side='left'` when initializing the tokenizer.
{"step": 55, "epoch": 0, "rows": 8, "skipped": 0, "answer_accuracy": 0.625, "updates": 4, "seconds": 2.284222364425659, "time": 1790931677.2807515, "loss": -0.7362937522020048, "confidence": 0.41842449448724317, "mass": 0.9999564934775416, "hinge_active": 0.0, "stop_prob": 0.9921955838799477, "sampled_number_rate": 1.0, "kl": 0.0, "kl_coef": 0.05, "value_loss": 0.0}
A decoder-only architecture is being used, but right-padding was detected! For correct generation results, please set `padding_side='left'` when initializing the tokenizer.
{"step": 56, "epoch": 0, "rows": 8, "skipped": 0, "answer_accuracy": 0.875, "updates": 4, "seconds": 2.327434539794922, "time": 1790931679.6092134, "loss": -0.8498943209654061, "confidence": 0.7214029630819274, "mass": 0.9999952198546993, "hinge_active": 0.0, "stop_prob": 0.9995284974575043, "sampled_number_rate": 1.0, "kl": 0.0, "kl_coef": 0.05, "value_loss": 0.0}
A decoder-only architecture is being used, but right-padding was detected! For correct generation results, please set `padding_side='left'` when initializing the tokenizer.
{"step": 57, "epoch": 0, "rows": 8, "skipped": 0, "answer_accuracy": 0.5, "updates": 4, "seconds": 2.5402324199676514, "time": 1790931682.1504402, "loss": -0.8141152965379282, "confidence": 0.7103776207685635, "mass": 0.9999920196405515, "hinge_active": 0.0, "stop_prob": 0.9995617941021919, "sampled_number_rate": 1.0, "kl": 0.0, "kl_coef": 0.05, "value_loss": 0.0}
A decoder-only architecture is being used, but right-padding was detected! For correct generation results, please set `padding_side='left'` when initializing the tokenizer.
{"step": 58, "epoch": 0, "rows": 8, "skipped": 0, "answer_accuracy": 0.375, "updates": 4, "seconds": 2.346616506576538, "time": 1790931684.497841, "loss": -0.6724447714572009, "confidence": 0.7253632724746468, "mass": 0.9999956077850665, "hinge_active": 0.0, "stop_prob": 0.9997762590646744, "sampled_number_rate": 1.0, "kl": 0.0, "kl_coef": 0.05, "value_loss": 0.0}
A decoder-only architecture is being used, but right-padding was detected! For correct generation results, please set `padding_side='left'` when initializing the tokenizer.
{"step": 59, "epoch": 0, "rows": 8, "skipped": 0, "answer_accuracy": 0.125, "updates": 4, "seconds": 2.378876209259033, "time": 1790931686.8774543, "loss": -0.7198729436002034, "confidence": 0.6088727975363607, "mass": 0.9999920982062827, "hinge_active": 0.0, "stop_prob": 0.9992554932832718, "sampled_number_rate": 1.0, "kl": 0.0, "kl_coef": 0.05, "value_loss": 0.0}
A decoder-only architecture is being used, but right-padding was detected! For correct generation results, please set `padding_side='left'` when initializing the tokenizer.
{"step": 60, "epoch": 0, "rows": 8, "skipped": 0, "answer_accuracy": 0.25, "updates": 4, "seconds": 2.655407190322876, "time": 1790931689.5335488, "loss": -0.8163248417412272, "confidence": 0.3838787522674501, "mass": 0.9999892122945182, "hinge_active": 0.0, "stop_prob": 0.9994839951395988, "sampled_number_rate": 1.0, "kl": 0.0, "kl_coef": 0.05, "value_loss": 0.0}
A decoder-only architecture is being used, but right-padding was detected! For correct generation results, please set `padding_side='left'` when initializing the tokenizer.
{"step": 61, "epoch": 0, "rows": 8, "skipped": 0, "answer_accuracy": 0.5, "updates": 4, "seconds": 2.468667507171631, "time": 1790931692.0034318, "loss": -0.8408885178829663, "confidence": 0.43572661251449263, "mass": 0.9999964020970653, "hinge_active": 0.0, "stop_prob": 0.9998880326747894, "sampled_number_rate": 1.0, "kl": 0.0, "kl_coef": 0.05, "value_loss": 0.0}
A decoder-only architecture is being used, but right-padding was detected! For correct generation results, please set `padding_side='left'` when initializing the tokenizer.
{"step": 62, "epoch": 0, "rows": 8, "skipped": 0, "answer_accuracy": 0.375, "updates": 4, "seconds": 2.2566299438476562, "time": 1790931694.2608256, "loss": -0.7883817820497996, "confidence": 0.3542259319836826, "mass": 0.9999929515087453, "hinge_active": 0.0, "stop_prob": 0.9998465776443481, "sampled_number_rate": 1.0, "kl": 0.0, "kl_coef": 0.05, "value_loss": 0.0}
A decoder-only architecture is being used, but right-padding was detected! For correct generation results, please set `padding_side='left'` when initializing the tokenizer.
{"step": 63, "epoch": 0, "rows": 8, "skipped": 0, "answer_accuracy": 0.375, "updates": 4, "seconds": 2.331613302230835, "time": 1790931696.5933402, "loss": -0.8713774432192709, "confidence": 0.3621108700410319, "mass": 0.9999730223018013, "hinge_active": 0.0, "stop_prob": 0.9999155700206757, "sampled_number_rate": 1.0, "kl": 0.0, "kl_coef": 0.05, "value_loss": 0.0}
A decoder-only architecture is being used, but right-padding was detected! For correct generation results, please set `padding_side='left'` when initializing the tokenizer.
{"step": 64, "epoch": 0, "rows": 8, "skipped": 0, "answer_accuracy": 0.375, "updates": 4, "seconds": 2.592224359512329, "time": 1790931699.1863465, "loss": -0.8237588558529301, "confidence": 0.36377516424063994, "mass": 0.9999928448512417, "hinge_active": 0.0, "stop_prob": 0.9999174028635025, "sampled_number_rate": 1.0, "kl": 0.0, "kl_coef": 0.05, "value_loss": 0.0}
A decoder-only architecture is being used, but right-padding was detected! For correct generation results, please set `padding_side='left'` when initializing the tokenizer.
{"step": 65, "epoch": 0, "rows": 8, "skipped": 0, "answer_accuracy": 0.5, "updates": 4, "seconds": 2.3133740425109863, "time": 1790931701.5006886, "loss": -0.8556940445861235, "confidence": 0.3231756501052845, "mass": 0.9999873078205016, "hinge_active": 0.0, "stop_prob": 0.9998000711202621, "sampled_number_rate": 1.0, "kl": 0.0, "kl_coef": 0.05, "value_loss": 0.0}
A decoder-only architecture is being used, but right-padding was detected! For correct generation results, please set `padding_side='left'` when initializing the tokenizer.
{"step": 66, "epoch": 0, "rows": 8, "skipped": 0, "answer_accuracy": 0.625, "updates": 4, "seconds": 2.3177878856658936, "time": 1790931703.8194606, "loss": -0.8452625237713239, "confidence": 0.5284623783976957, "mass": 0.9999955750823358, "hinge_active": 0.0, "stop_prob": 0.9999086856842041, "sampled_number_rate": 1.0, "kl": 0.0, "kl_coef": 0.05, "value_loss": 0.0}
A decoder-only architecture is being used, but right-padding was detected! For correct generation results, please set `padding_side='left'` when initializing the tokenizer.
{"step": 67, "epoch": 0, "rows": 8, "skipped": 0, "answer_accuracy": 0.25, "updates": 4, "seconds": 2.437328338623047, "time": 1790931706.2576292, "loss": -0.9363624659647464, "confidence": 0.26975652980044973, "mass": 0.9999806521897581, "hinge_active": 0.0, "stop_prob": 0.9989110976457596, "sampled_number_rate": 1.0, "kl": 0.0, "kl_coef": 0.05, "value_loss": 0.0}
A decoder-only architecture is being used, but right-padding was detected! For correct generation results, please set `padding_side='left'` when initializing the tokenizer.
{"step": 68, "epoch": 0, "rows": 8, "skipped": 0, "answer_accuracy": 0.625, "updates": 4, "seconds": 3.0619688034057617, "time": 1790931709.3207116, "loss": -0.9444262447301929, "confidence": 0.4683168850103333, "mass": 0.9999800631247473, "hinge_active": 0.0, "stop_prob": 0.9987901896238327, "sampled_number_rate": 1.0, "kl": 0.0, "kl_coef": 0.05, "value_loss": 0.0}
A decoder-only architecture is being used, but right-padding was detected! For correct generation results, please set `padding_side='left'` when initializing the tokenizer.
{"step": 69, "epoch": 0, "rows": 8, "skipped": 0, "answer_accuracy": 0.25, "updates": 4, "seconds": 2.2718076705932617, "time": 1790931711.593393, "loss": -0.7381274309598111, "confidence": 0.5212283861210657, "mass": 0.9999917648270364, "hinge_active": 0.0, "stop_prob": 0.9995587468147278, "sampled_number_rate": 1.0, "kl": 0.0, "kl_coef": 0.05, "value_loss": 0.0}
A decoder-only architecture is being used, but right-padding was detected! For correct generation results, please set `padding_side='left'` when initializing the tokenizer.
{"step": 70, "epoch": 0, "rows": 8, "skipped": 0, "answer_accuracy": 0.375, "updates": 4, "seconds": 2.4312593936920166, "time": 1790931714.0255194, "loss": -0.7529466707921793, "confidence": 0.6613424464999602, "mass": 0.9999959465127513, "hinge_active": 0.0, "stop_prob": 0.9975987896323204, "sampled_number_rate": 1.0, "kl": 0.0, "kl_coef": 0.05, "value_loss": 0.0}
A decoder-only architecture is being used, but right-padding was detected! For correct generation results, please set `padding_side='left'` when initializing the tokenizer.
{"step": 71, "epoch": 0, "rows": 8, "skipped": 0, "answer_accuracy": 0.5, "updates": 4, "seconds": 2.347632646560669, "time": 1790931716.3740935, "loss": -0.8057170460926268, "confidence": 0.6188759533926529, "mass": 0.9999952764232967, "hinge_active": 0.0, "stop_prob": 0.9999021515250206, "sampled_number_rate": 1.0, "kl": 0.0, "kl_coef": 0.05, "value_loss": 0.0}
A decoder-only architecture is being used, but right-padding was detected! For correct generation results, please set `padding_side='left'` when initializing the tokenizer.
{"step": 72, "epoch": 0, "rows": 8, "skipped": 0, "answer_accuracy": 0.0, "updates": 4, "seconds": 4.086923360824585, "time": 1790931720.4624364, "loss": -0.8058428758234958, "confidence": 0.41587504913344236, "mass": 0.9999858097352982, "hinge_active": 0.0, "stop_prob": 0.9943923205137253, "sampled_number_rate": 1.0, "kl": 0.0, "kl_coef": 0.05, "value_loss": 0.0}
A decoder-only architecture is being used, but right-padding was detected! For correct generation results, please set `padding_side='left'` when initializing the tokenizer.
{"step": 73, "epoch": 0, "rows": 8, "skipped": 0, "answer_accuracy": 0.75, "updates": 4, "seconds": 2.3148081302642822, "time": 1790931722.778043, "loss": -0.8531992314575744, "confidence": 0.43186130245328813, "mass": 0.9999901022836171, "hinge_active": 0.0, "stop_prob": 0.9998308420181274, "sampled_number_rate": 1.0, "kl": 0.0, "kl_coef": 0.05, "value_loss": 0.0}
A decoder-only architecture is being used, but right-padding was detected! For correct generation results, please set `padding_side='left'` when initializing the tokenizer.
{"step": 74, "epoch": 0, "rows": 8, "skipped": 0, "answer_accuracy": 0.375, "updates": 4, "seconds": 2.6412696838378906, "time": 1790931725.4203541, "loss": -0.8658780564590031, "confidence": 0.33493261878668174, "mass": 0.999989392676237, "hinge_active": 0.0, "stop_prob": 0.9988752752542496, "sampled_number_rate": 1.0, "kl": 0.0, "kl_coef": 0.05, "value_loss": 0.0}
A decoder-only architecture is being used, but right-padding was detected! For correct generation results, please set `padding_side='left'` when initializing the tokenizer.
{"step": 75, "epoch": 0, "rows": 8, "skipped": 0, "answer_accuracy": 0.5, "updates": 4, "seconds": 2.348907470703125, "time": 1790931727.770066, "loss": -0.8188238336969815, "confidence": 0.43253762824388636, "mass": 0.9999948852626692, "hinge_active": 0.0, "stop_prob": 0.9997560605406761, "sampled_number_rate": 1.0, "kl": 0.0, "kl_coef": 0.05, "value_loss": 0.0}
A decoder-only architecture is being used, but right-padding was detected! For correct generation results, please set `padding_side='left'` when initializing the tokenizer.
{"step": 76, "epoch": 0, "rows": 8, "skipped": 0, "answer_accuracy": 0.375, "updates": 4, "seconds": 2.8770101070404053, "time": 1790931730.6482038, "loss": -0.7642972186219412, "confidence": 0.23958290555456474, "mass": 0.9999796723815024, "hinge_active": 0.0, "stop_prob": 0.9991511926054955, "sampled_number_rate": 1.0, "kl": 0.0, "kl_coef": 0.05, "value_loss": 0.0}
A decoder-only architecture is being used, but right-padding was detected! For correct generation results, please set `padding_side='left'` when initializing the tokenizer.
{"step": 77, "epoch": 0, "rows": 8, "skipped": 0, "answer_accuracy": 0.625, "updates": 4, "seconds": 2.2990047931671143, "time": 1790931732.9479883, "loss": -0.8528288783395567, "confidence": 0.5160834300869523, "mass": 0.9999960456406344, "hinge_active": 0.0, "stop_prob": 0.9999362006783485, "sampled_number_rate": 1.0, "kl": 0.0, "kl_coef": 0.05, "value_loss": 0.0}
A decoder-only architecture is being used, but right-padding was detected! For correct generation results, please set `padding_side='left'` when initializing the tokenizer.
{"step": 78, "epoch": 0, "rows": 8, "skipped": 0, "answer_accuracy": 0.5, "updates": 4, "seconds": 2.3679392337799072, "time": 1790931735.3168602, "loss": -0.8697599259335196, "confidence": 0.45347843603370735, "mass": 0.9999928303227252, "hinge_active": 0.0, "stop_prob": 0.9998841881752014, "sampled_number_rate": 1.0, "kl": 0.0, "kl_coef": 0.05, "value_loss": 0.0}
A decoder-only architecture is being used, but right-padding was detected! For correct generation results, please set `padding_side='left'` when initializing the tokenizer.
{"step": 79, "epoch": 0, "rows": 8, "skipped": 0, "answer_accuracy": 0.625, "updates": 4, "seconds": 2.3724098205566406, "time": 1790931737.6904678, "loss": -0.8775006437870582, "confidence": 0.5389866209449834, "mass": 0.9999963303667987, "hinge_active": 0.0, "stop_prob": 0.9999274760484695, "sampled_number_rate": 1.0, "kl": 0.0, "kl_coef": 0.05, "value_loss": 0.0}
A decoder-only architecture is being used, but right-padding was detected! For correct generation results, please set `padding_side='left'` when initializing the tokenizer.
{"step": 80, "epoch": 0, "rows": 8, "skipped": 0, "answer_accuracy": 0.5, "updates": 4, "seconds": 2.2689499855041504, "time": 1790931739.9601815, "loss": -0.88036830388661, "confidence": 0.43457396878439736, "mass": 0.999990042558848, "hinge_active": 0.0, "stop_prob": 0.9997883290052414, "sampled_number_rate": 1.0, "kl": 0.0, "kl_coef": 0.05, "value_loss": 0.0}
A decoder-only architecture is being used, but right-padding was detected! For correct generation results, please set `padding_side='left'` when initializing the tokenizer.
{"step": 81, "epoch": 0, "rows": 8, "skipped": 0, "answer_accuracy": 0.375, "updates": 4, "seconds": 2.6552062034606934, "time": 1790931742.616226, "loss": -0.8489279879320095, "confidence": 0.48769146187795454, "mass": 0.999992773428994, "hinge_active": 0.0, "stop_prob": 0.9996002838015556, "sampled_number_rate": 1.0, "kl": 0.0, "kl_coef": 0.05, "value_loss": 0.0}
A decoder-only architecture is being used, but right-padding was detected! For correct generation results, please set `padding_side='left'` when initializing the tokenizer.
{"step": 82, "epoch": 0, "rows": 8, "skipped": 0, "answer_accuracy": 1.0, "updates": 4, "seconds": 2.6137053966522217, "time": 1790931745.2308066, "loss": -0.8812046285635811, "confidence": 0.6686691817729359, "mass": 0.9999975031127337, "hinge_active": 0.0, "stop_prob": 0.999915637075901, "sampled_number_rate": 1.0, "kl": 0.0, "kl_coef": 0.05, "value_loss": 0.0}
A decoder-only architecture is being used, but right-padding was detected! For correct generation results, please set `padding_side='left'` when initializing the tokenizer.
{"step": 83, "epoch": 0, "rows": 8, "skipped": 0, "answer_accuracy": 0.5, "updates": 4, "seconds": 2.4584319591522217, "time": 1790931747.690132, "loss": -0.8301448901229334, "confidence": 0.6196411875944208, "mass": 0.9999966401447359, "hinge_active": 0.0, "stop_prob": 0.9999142661690712, "sampled_number_rate": 1.0, "kl": 0.0, "kl_coef": 0.05, "value_loss": 0.0}
A decoder-only architecture is being used, but right-padding was detected! For correct generation results, please set `padding_side='left'` when initializing the tokenizer.
{"step": 84, "epoch": 0, "rows": 8, "skipped": 0, "answer_accuracy": 0.75, "updates": 4, "seconds": 2.313013792037964, "time": 1790931750.004094, "loss": -0.7951475655798887, "confidence": 0.6019872239435068, "mass": 0.9999959246092948, "hinge_active": 0.0, "stop_prob": 0.9999064207077026, "sampled_number_rate": 1.0, "kl": 0.0, "kl_coef": 0.05, "value_loss": 0.0}
A decoder-only architecture is being used, but right-padding was detected! For correct generation results, please set `padding_side='left'` when initializing the tokenizer.
{"step": 85, "epoch": 0, "rows": 8, "skipped": 0, "answer_accuracy": 0.75, "updates": 4, "seconds": 2.383486747741699, "time": 1790931752.388632, "loss": -0.8130773936408016, "confidence": 0.6259207751850577, "mass": 0.999995214632747, "hinge_active": 0.0, "stop_prob": 0.99989864975214, "sampled_number_rate": 1.0, "kl": 0.0, "kl_coef": 0.05, "value_loss": 0.0}
A decoder-only architecture is being used, but right-padding was detected! For correct generation results, please set `padding_side='left'` when initializing the tokenizer.
{"step": 86, "epoch": 0, "rows": 8, "skipped": 0, "answer_accuracy": 0.625, "updates": 4, "seconds": 2.978480815887451, "time": 1790931755.367946, "loss": -0.8854642033457388, "confidence": 0.6010018229408908, "mass": 0.9999854073808302, "hinge_active": 0.0, "stop_prob": 0.9998350664973259, "sampled_number_rate": 1.0, "kl": 0.0, "kl_coef": 0.05, "value_loss": 0.0}
A decoder-only architecture is being used, but right-padding was detected! For correct generation results, please set `padding_side='left'` when initializing the tokenizer.
{"step": 87, "epoch": 0, "rows": 8, "skipped": 0, "answer_accuracy": 0.75, "updates": 4, "seconds": 2.5025081634521484, "time": 1790931757.8712113, "loss": -0.8619955454471564, "confidence": 0.7407680423046048, "mass": 0.9999966436802974, "hinge_active": 0.0, "stop_prob": 0.9998982399702072, "sampled_number_rate": 1.0, "kl": 0.0, "kl_coef": 0.05, "value_loss": 0.0}
A decoder-only architecture is being used, but right-padding was detected! For correct generation results, please set `padding_side='left'` when initializing the tokenizer.
{"step": 88, "epoch": 0, "rows": 8, "skipped": 0, "answer_accuracy": 0.375, "updates": 4, "seconds": 2.3923346996307373, "time": 1790931760.2643204, "loss": -0.7757931841310683, "confidence": 0.6276948408958317, "mass": 0.9999938095783816, "hinge_active": 0.0, "stop_prob": 0.9997899681329727, "sampled_number_rate": 1.0, "kl": 0.0, "kl_coef": 0.05, "value_loss": 0.0}
A decoder-only architecture is being used, but right-padding was detected! For correct generation results, please set `padding_side='left'` when initializing the tokenizer.
{"step": 89, "epoch": 0, "rows": 8, "skipped": 0, "answer_accuracy": 0.625, "updates": 4, "seconds": 2.327186107635498, "time": 1790931762.5924137, "loss": -0.8128001179700309, "confidence": 0.7141215847054134, "mass": 0.9999969534682888, "hinge_active": 0.0, "stop_prob": 0.9999049007892609, "sampled_number_rate": 1.0, "kl": 0.0, "kl_coef": 0.05, "value_loss": 0.0}
A decoder-only architecture is being used, but right-padding was detected! For correct generation results, please set `padding_side='left'` when initializing the tokenizer.
{"step": 90, "epoch": 0, "rows": 8, "skipped": 0, "answer_accuracy": 0.75, "updates": 4, "seconds": 2.310724973678589, "time": 1790931764.9041953, "loss": -0.8663889587011079, "confidence": 0.6385883423820847, "mass": 0.9999946642630231, "hinge_active": 0.0, "stop_prob": 0.9998579248785973, "sampled_number_rate": 1.0, "kl": 0.0, "kl_coef": 0.05, "value_loss": 0.0}
A decoder-only architecture is being used, but right-padding was detected! For correct generation results, please set `padding_side='left'` when initializing the tokenizer.
{"step": 91, "epoch": 0, "rows": 8, "skipped": 0, "answer_accuracy": 0.625, "updates": 4, "seconds": 2.4015464782714844, "time": 1790931767.3067822, "loss": -0.8128009987646426, "confidence": 0.7279383417510679, "mass": 0.9999972930601979, "hinge_active": 0.0, "stop_prob": 0.9999111369252205, "sampled_number_rate": 1.0, "kl": 0.0, "kl_coef": 0.05, "value_loss": 0.0}
A decoder-only architecture is being used, but right-padding was detected! For correct generation results, please set `padding_side='left'` when initializing the tokenizer.
{"step": 92, "epoch": 0, "rows": 8, "skipped": 0, "answer_accuracy": 0.625, "updates": 4, "seconds": 2.2641899585723877, "time": 1790931769.5717494, "loss": -0.8289575252485207, "confidence": 0.6774334861433122, "mass": 0.9999971446222735, "hinge_active": 0.0, "stop_prob": 0.9999027624726295, "sampled_number_rate": 1.0, "kl": 0.0, "kl_coef": 0.05, "value_loss": 0.0}
A decoder-only architecture is being used, but right-padding was detected! For correct generation results, please set `padding_side='left'` when initializing the tokenizer.
{"step": 93, "epoch": 0, "rows": 8, "skipped": 0, "answer_accuracy": 0.5, "updates": 4, "seconds": 2.4475653171539307, "time": 1790931772.0203166, "loss": -0.8892331018111772, "confidence": 0.5500707516648878, "mass": 0.9999945501351533, "hinge_active": 0.0, "stop_prob": 0.9993489235639572, "sampled_number_rate": 1.0, "kl": 0.0, "kl_coef": 0.05, "value_loss": 0.0}
A decoder-only architecture is being used, but right-padding was detected! For correct generation results, please set `padding_side='left'` when initializing the tokenizer.
{"step": 94, "epoch": 0, "rows": 8, "skipped": 0, "answer_accuracy": 0.5, "updates": 4, "seconds": 2.452146530151367, "time": 1790931774.473354, "loss": -0.840942235312323, "confidence": 0.4759717755498172, "mass": 0.9999892643694506, "hinge_active": 0.0, "stop_prob": 0.9995689615607262, "sampled_number_rate": 1.0, "kl": 0.0, "kl_coef": 0.05, "value_loss": 0.0}
A decoder-only architecture is being used, but right-padding was detected! For correct generation results, please set `padding_side='left'` when initializing the tokenizer.
{"step": 95, "epoch": 0, "rows": 8, "skipped": 0, "answer_accuracy": 0.75, "updates": 4, "seconds": 2.4298148155212402, "time": 1790931776.9039233, "loss": -0.8312865471564833, "confidence": 0.6396922816480262, "mass": 0.9999973899935055, "hinge_active": 0.0, "stop_prob": 0.9999155476689339, "sampled_number_rate": 1.0, "kl": 0.0, "kl_coef": 0.05, "value_loss": 0.0}
A decoder-only architecture is being used, but right-padding was detected! For correct generation results, please set `padding_side='left'` when initializing the tokenizer.
{"step": 96, "epoch": 0, "rows": 8, "skipped": 0, "answer_accuracy": 0.75, "updates": 4, "seconds": 2.4023988246917725, "time": 1790931779.3070624, "loss": -0.8143599143442489, "confidence": 0.5772998986283913, "mass": 0.9999961189564722, "hinge_active": 0.0, "stop_prob": 0.9999213665723801, "sampled_number_rate": 1.0, "kl": 0.0, "kl_coef": 0.05, "value_loss": 0.0}
A decoder-only architecture is being used, but right-padding was detected! For correct generation results, please set `padding_side='left'` when initializing the tokenizer.
{"step": 97, "epoch": 0, "rows": 8, "skipped": 0, "answer_accuracy": 0.625, "updates": 4, "seconds": 2.733042001724243, "time": 1790931782.0409653, "loss": -0.8732487863394829, "confidence": 0.4280980676127019, "mass": 0.9999931543742677, "hinge_active": 0.0, "stop_prob": 0.9997786208987236, "sampled_number_rate": 1.0, "kl": 0.0, "kl_coef": 0.05, "value_loss": 0.0}
A decoder-only architecture is being used, but right-padding was detected! For correct generation results, please set `padding_side='left'` when initializing the tokenizer.
{"step": 98, "epoch": 0, "rows": 8, "skipped": 0, "answer_accuracy": 0.375, "updates": 4, "seconds": 2.445146083831787, "time": 1790931784.4870002, "loss": -0.8148342055244501, "confidence": 0.44278410660326517, "mass": 0.9999932827045243, "hinge_active": 0.0, "stop_prob": 0.9997604116797447, "sampled_number_rate": 1.0, "kl": 0.0, "kl_coef": 0.05, "value_loss": 0.0}
A decoder-only architecture is being used, but right-padding was detected! For correct generation results, please set `padding_side='left'` when initializing the tokenizer.
{"step": 99, "epoch": 0, "rows": 8, "skipped": 0, "answer_accuracy": 0.5, "updates": 4, "seconds": 2.30906343460083, "time": 1790931786.796963, "loss": -0.8628355241536907, "confidence": 0.5760258923694976, "mass": 0.9999972379979555, "hinge_active": 0.0, "stop_prob": 0.9999195635318756, "sampled_number_rate": 1.0, "kl": 0.0, "kl_coef": 0.05, "value_loss": 0.0}
A decoder-only architecture is being used, but right-padding was detected! For correct generation results, please set `padding_side='left'` when initializing the tokenizer.
{"step": 100, "epoch": 0, "rows": 8, "skipped": 0, "answer_accuracy": 0.375, "updates": 4, "seconds": 2.4519922733306885, "time": 1790931789.2498384, "loss": -0.8573021968987088, "confidence": 0.3234464439884231, "mass": 0.9999833106585937, "hinge_active": 0.0, "stop_prob": 0.998211145401001, "sampled_number_rate": 1.0, "kl": 0.0, "kl_coef": 0.05, "value_loss": 0.0}
A decoder-only architecture is being used, but right-padding was detected! For correct generation results, please set `padding_side='left'` when initializing the tokenizer.
{"step": 101, "epoch": 0, "rows": 8, "skipped": 0, "answer_accuracy": 0.5, "updates": 4, "seconds": 2.3238210678100586, "time": 1790931791.574618, "loss": -0.857644687362925, "confidence": 0.3790811995321241, "mass": 0.9998527957194615, "hinge_active": 0.0, "stop_prob": 0.9999318495392799, "sampled_number_rate": 1.0, "kl": 0.0, "kl_coef": 0.05, "value_loss": 0.0}
A decoder-only architecture is being used, but right-padding was detected! For correct generation results, please set `padding_side='left'` when initializing the tokenizer.
{"step": 102, "epoch": 0, "rows": 8, "skipped": 0, "answer_accuracy": 0.625, "updates": 4, "seconds": 2.4104297161102295, "time": 1790931793.9859426, "loss": -0.8812738361525735, "confidence": 0.48466824603048064, "mass": 0.9999947205792914, "hinge_active": 0.0, "stop_prob": 0.9996917843818665, "sampled_number_rate": 1.0, "kl": 0.0, "kl_coef": 0.05, "value_loss": 0.0}
A decoder-only architecture is being used, but right-padding was detected! For correct generation results, please set `padding_side='left'` when initializing the tokenizer.
{"step": 103, "epoch": 0, "rows": 8, "skipped": 0, "answer_accuracy": 0.5, "updates": 4, "seconds": 3.2838170528411865, "time": 1790931797.2704184, "loss": -0.9466027389751311, "confidence": 0.4219223829651078, "mass": 0.999990714083618, "hinge_active": 0.0, "stop_prob": 0.9984430894255638, "sampled_number_rate": 1.0, "kl": 0.0, "kl_coef": 0.05, "value_loss": 0.0}
A decoder-only architecture is being used, but right-padding was detected! For correct generation results, please set `padding_side='left'` when initializing the tokenizer.
{"step": 104, "epoch": 0, "rows": 8, "skipped": 0, "answer_accuracy": 0.5, "updates": 4, "seconds": 3.0105679035186768, "time": 1790931800.2818296, "loss": -0.8314183300060823, "confidence": 0.49163088861285453, "mass": 0.9999771741567135, "hinge_active": 0.0, "stop_prob": 0.9978794381022453, "sampled_number_rate": 1.0, "kl": 0.0, "kl_coef": 0.05, "value_loss": 0.0}
A decoder-only architecture is being used, but right-padding was detected! For correct generation results, please set `padding_side='left'` when initializing the tokenizer.
{"step": 105, "epoch": 0, "rows": 8, "skipped": 0, "answer_accuracy": 0.5, "updates": 4, "seconds": 2.282581090927124, "time": 1790931802.5651767, "loss": -0.8518607890745084, "confidence": 0.5923888039160815, "mass": 0.9999840558801537, "hinge_active": 0.0, "stop_prob": 0.9997391104698181, "sampled_number_rate": 1.0, "kl": 0.0, "kl_coef": 0.05, "value_loss": 0.0}
A decoder-only architecture is being used, but right-padding was detected! For correct generation results, please set `padding_side='left'` when initializing the tokenizer.
{"step": 106, "epoch": 0, "rows": 8, "skipped": 0, "answer_accuracy": 0.375, "updates": 4, "seconds": 2.3757684230804443, "time": 1790931804.941739, "loss": -0.8631510663046638, "confidence": 0.4144073044280421, "mass": 0.9999851643667226, "hinge_active": 0.0, "stop_prob": 0.9979750737547874, "sampled_number_rate": 1.0, "kl": 0.0, "kl_coef": 0.05, "value_loss": 0.0}
A decoder-only architecture is being used, but right-padding was detected! For correct generation results, please set `padding_side='left'` when initializing the tokenizer.
{"step": 107, "epoch": 0, "rows": 8, "skipped": 0, "answer_accuracy": 0.5, "updates": 4, "seconds": 2.3552002906799316, "time": 1790931807.2977602, "loss": -0.908092346198456, "confidence": 0.43149755015531777, "mass": 0.9999906009620341, "hinge_active": 0.0, "stop_prob": 0.9998100474476814, "sampled_number_rate": 1.0, "kl": 0.0, "kl_coef": 0.05, "value_loss": 0.0}
A decoder-only architecture is being used, but right-padding was detected! For correct generation results, please set `padding_side='left'` when initializing the tokenizer.
{"step": 108, "epoch": 0, "rows": 8, "skipped": 0, "answer_accuracy": 0.5, "updates": 4, "seconds": 2.30049729347229, "time": 1790931809.599116, "loss": -0.8467344960309401, "confidence": 0.43249051535034877, "mass": 0.9999834969168444, "hinge_active": 0.0, "stop_prob": 0.9998721852898598, "sampled_number_rate": 1.0, "kl": 0.0, "kl_coef": 0.05, "value_loss": 0.0}
A decoder-only architecture is being used, but right-padding was detected! For correct generation results, please set `padding_side='left'` when initializing the tokenizer.
{"step": 109, "epoch": 0, "rows": 7, "skipped": 1, "answer_accuracy": 0.14285714285714285, "updates": 4, "seconds": 3.4986824989318848, "time": 1790931813.0986147, "loss": -0.9537596089291053, "confidence": 0.19787514755326097, "mass": 0.9999761571974757, "hinge_active": 0.0, "stop_prob": 0.9994915723800659, "sampled_number_rate": 0.9999999999999998, "kl": 0.0, "kl_coef": 0.05, "value_loss": 0.0}
A decoder-only architecture is being used, but right-padding was detected! For correct generation results, please set `padding_side='left'` when initializing the tokenizer.
{"step": 110, "epoch": 0, "rows": 8, "skipped": 0, "answer_accuracy": 0.25, "updates": 4, "seconds": 2.4656174182891846, "time": 1790931815.5651364, "loss": -0.8486642340997174, "confidence": 0.45317379599622903, "mass": 0.9999690752923736, "hinge_active": 0.0, "stop_prob": 0.9991869777441025, "sampled_number_rate": 1.0, "kl": 0.0, "kl_coef": 0.05, "value_loss": 0.0}
A decoder-only architecture is being used, but right-padding was detected! For correct generation results, please set `padding_side='left'` when initializing the tokenizer.
{"step": 111, "epoch": 0, "rows": 8, "skipped": 0, "answer_accuracy": 0.75, "updates": 4, "seconds": 2.635004758834839, "time": 1790931818.2010002, "loss": -0.8387579000646412, "confidence": 0.7171550296202267, "mass": 0.9999968024879133, "hinge_active": 0.0, "stop_prob": 0.9998594895005226, "sampled_number_rate": 1.0, "kl": 0.0, "kl_coef": 0.05, "value_loss": 0.0}
A decoder-only architecture is being used, but right-padding was detected! For correct generation results, please set `padding_side='left'` when initializing the tokenizer.
{"step": 112, "epoch": 0, "rows": 8, "skipped": 0, "answer_accuracy": 0.375, "updates": 4, "seconds": 2.3893439769744873, "time": 1790931820.591294, "loss": -0.7250385507580761, "confidence": 0.2049468101773812, "mass": 0.9999614362105761, "hinge_active": 0.0, "stop_prob": 0.9993458539247513, "sampled_number_rate": 1.0, "kl": 0.0, "kl_coef": 0.05, "value_loss": 0.0}
A decoder-only architecture is being used, but right-padding was detected! For correct generation results, please set `padding_side='left'` when initializing the tokenizer.
{"step": 113, "epoch": 0, "rows": 8, "skipped": 0, "answer_accuracy": 0.875, "updates": 4, "seconds": 2.3346714973449707, "time": 1790931822.9269638, "loss": -0.7512906535862534, "confidence": 0.5583573928055295, "mass": 0.9999873165787312, "hinge_active": 0.0, "stop_prob": 0.999913364648819, "sampled_number_rate": 1.0, "kl": 0.0, "kl_coef": 0.05, "value_loss": 0.0}
A decoder-only architecture is being used, but right-padding was detected! For correct generation results, please set `padding_side='left'` when initializing the tokenizer.
{"step": 114, "epoch": 0, "rows": 8, "skipped": 0, "answer_accuracy": 0.5, "updates": 4, "seconds": 3.3614344596862793, "time": 1790931826.2894013, "loss": -0.885935660892139, "confidence": 0.4472113893889806, "mass": 0.9999248476445605, "hinge_active": 0.0, "stop_prob": 0.9989652186632156, "sampled_number_rate": 1.0, "kl": 0.0, "kl_coef": 0.05, "value_loss": 0.0}
A decoder-only architecture is being used, but right-padding was detected! For correct generation results, please set `padding_side='left'` when initializing the tokenizer.
{"step": 115, "epoch": 0, "rows": 8, "skipped": 0, "answer_accuracy": 0.375, "updates": 4, "seconds": 3.0786314010620117, "time": 1790931829.3689191, "loss": -0.8522720637398066, "confidence": 0.46988807170621616, "mass": 0.9999477241851572, "hinge_active": 0.0, "stop_prob": 0.999160461127758, "sampled_number_rate": 1.0, "kl": 0.0, "kl_coef": 0.05, "value_loss": 0.0}
A decoder-only architecture is being used, but right-padding was detected! For correct generation results, please set `padding_side='left'` when initializing the tokenizer.
{"step": 116, "epoch": 0, "rows": 8, "skipped": 0, "answer_accuracy": 0.875, "updates": 4, "seconds": 2.392737627029419, "time": 1790931831.7625294, "loss": -0.8609367341049592, "confidence": 0.6104212570085509, "mass": 0.9999873257267451, "hinge_active": 0.0, "stop_prob": 0.9998483136296272, "sampled_number_rate": 1.0, "kl": 0.0, "kl_coef": 0.05, "value_loss": 0.0}
A decoder-only architecture is being used, but right-padding was detected! For correct generation results, please set `padding_side='left'` when initializing the tokenizer.
{"step": 117, "epoch": 0, "rows": 8, "skipped": 0, "answer_accuracy": 0.625, "updates": 4, "seconds": 2.423881769180298, "time": 1790931834.1873817, "loss": -0.7035630849896473, "confidence": 0.5372395068485639, "mass": 0.999997173995756, "hinge_active": 0.0, "stop_prob": 0.9998847842216492, "sampled_number_rate": 1.0, "kl": 0.0, "kl_coef": 0.05, "value_loss": 0.0}
A decoder-only architecture is being used, but right-padding was detected! For correct generation results, please set `padding_side='left'` when initializing the tokenizer.
{"step": 118, "epoch": 0, "rows": 8, "skipped": 0, "answer_accuracy": 0.5, "updates": 4, "seconds": 2.369563579559326, "time": 1790931836.5579655, "loss": -0.8011784228765724, "confidence": 0.38990774068915507, "mass": 0.9999943550716024, "hinge_active": 0.0, "stop_prob": 0.9998236373066902, "sampled_number_rate": 1.0, "kl": 0.0, "kl_coef": 0.05, "value_loss": 0.0}
A decoder-only architecture is being used, but right-padding was detected! For correct generation results, please set `padding_side='left'` when initializing the tokenizer.
{"step": 119, "epoch": 0, "rows": 8, "skipped": 0, "answer_accuracy": 0.25, "updates": 4, "seconds": 2.3694233894348145, "time": 1790931838.9282486, "loss": -0.8396245133028577, "confidence": 0.5306930597431044, "mass": 0.9999949677056013, "hinge_active": 0.0, "stop_prob": 0.9998649209737778, "sampled_number_rate": 1.0, "kl": 0.0, "kl_coef": 0.05, "value_loss": 0.0}
A decoder-only architecture is being used, but right-padding was detected! For correct generation results, please set `padding_side='left'` when initializing the tokenizer.
{"step": 120, "epoch": 0, "rows": 8, "skipped": 0, "answer_accuracy": 0.625, "updates": 4, "seconds": 2.312735080718994, "time": 1790931841.2419026, "loss": -0.8052512393435525, "confidence": 0.5981036537762262, "mass": 0.9999955511634964, "hinge_active": 0.0, "stop_prob": 0.9990468695759773, "sampled_number_rate": 1.0, "kl": 0.0, "kl_coef": 0.05, "value_loss": 0.0}
A decoder-only architecture is being used, but right-padding was detected! For correct generation results, please set `padding_side='left'` when initializing the tokenizer.
{"step": 121, "epoch": 0, "rows": 8, "skipped": 0, "answer_accuracy": 0.875, "updates": 4, "seconds": 2.4956467151641846, "time": 1790931843.7386987, "loss": -0.8928144754317849, "confidence": 0.6280043424999541, "mass": 0.9999968207062734, "hinge_active": 0.0, "stop_prob": 0.9998218268156052, "sampled_number_rate": 1.0, "kl": 0.0, "kl_coef": 0.05, "value_loss": 0.0}
A decoder-only architecture is being used, but right-padding was detected! For correct generation results, please set `padding_side='left'` when initializing the tokenizer.
{"step": 122, "epoch": 0, "rows": 8, "skipped": 0, "answer_accuracy": 0.125, "updates": 4, "seconds": 2.7826194763183594, "time": 1790931846.522182, "loss": -0.7659240931027498, "confidence": 0.5675933666125729, "mass": 0.9999935770011961, "hinge_active": 0.0, "stop_prob": 0.9996480271220207, "sampled_number_rate": 1.0, "kl": 0.0, "kl_coef": 0.05, "value_loss": 0.0}
A decoder-only architecture is being used, but right-padding was detected! For correct generation results, please set `padding_side='left'` when initializing the tokenizer.
{"step": 123, "epoch": 0, "rows": 8, "skipped": 0, "answer_accuracy": 0.5, "updates": 4, "seconds": 2.3864617347717285, "time": 1790931848.9095445, "loss": -0.7937774670268153, "confidence": 0.7001652498840188, "mass": 0.999997347279564, "hinge_active": 0.0, "stop_prob": 0.9998482167720795, "sampled_number_rate": 1.0, "kl": 0.0, "kl_coef": 0.05, "value_loss": 0.0}
A decoder-only architecture is being used, but right-padding was detected! For correct generation results, please set `padding_side='left'` when initializing the tokenizer.
{"step": 124, "epoch": 0, "rows": 8, "skipped": 0, "answer_accuracy": 0.875, "updates": 4, "seconds": 2.3406896591186523, "time": 1790931851.251209, "loss": -0.8953264308114633, "confidence": 0.6724488358969528, "mass": 0.999998137868467, "hinge_active": 0.0, "stop_prob": 0.9998931661248207, "sampled_number_rate": 1.0, "kl": 0.0, "kl_coef": 0.05, "value_loss": 0.0}
A decoder-only architecture is being used, but right-padding was detected! For correct generation results, please set `padding_side='left'` when initializing the tokenizer.
{"step": 125, "epoch": 0, "rows": 8, "skipped": 0, "answer_accuracy": 0.875, "updates": 4, "seconds": 2.640773057937622, "time": 1790931853.89282, "loss": -0.8783623311146159, "confidence": 0.6555078144558186, "mass": 0.9999969382018901, "hinge_active": 0.0, "stop_prob": 0.9998566433787346, "sampled_number_rate": 1.0, "kl": 0.0, "kl_coef": 0.05, "value_loss": 0.0}
A decoder-only architecture is being used, but right-padding was detected! For correct generation results, please set `padding_side='left'` when initializing the tokenizer.
{"step": 126, "epoch": 0, "rows": 8, "skipped": 0, "answer_accuracy": 0.5, "updates": 4, "seconds": 2.391791820526123, "time": 1790931856.2855406, "loss": -0.8607092605059035, "confidence": 0.5385131545930131, "mass": 0.9999859663517972, "hinge_active": 0.0, "stop_prob": 0.9997745677828789, "sampled_number_rate": 1.0, "kl": 0.0, "kl_coef": 0.05, "value_loss": 0.0}
A decoder-only architecture is being used, but right-padding was detected! For correct generation results, please set `padding_side='left'` when initializing the tokenizer.
{"step": 127, "epoch": 0, "rows": 8, "skipped": 0, "answer_accuracy": 0.375, "updates": 4, "seconds": 2.678346872329712, "time": 1790931858.9648223, "loss": -0.8600996752883718, "confidence": 0.47495853542487143, "mass": 0.9999868551740273, "hinge_active": 0.0, "stop_prob": 0.9993825852870941, "sampled_number_rate": 1.0, "kl": 0.0, "kl_coef": 0.05, "value_loss": 0.0}
A decoder-only architecture is being used, but right-padding was detected! For correct generation results, please set `padding_side='left'` when initializing the tokenizer.
{"step": 128, "epoch": 0, "rows": 8, "skipped": 0, "answer_accuracy": 0.625, "updates": 4, "seconds": 2.5017952919006348, "time": 1790931861.4675, "loss": -0.8425718662226878, "confidence": 0.5934124608219602, "mass": 0.9999957202903581, "hinge_active": 0.0, "stop_prob": 0.9998720288276672, "sampled_number_rate": 1.0, "kl": 0.0, "kl_coef": 0.05, "value_loss": 0.0, "save_seconds": 0.5724060535430908}
A decoder-only architecture is being used, but right-padding was detected! For correct generation results, please set `padding_side='left'` when initializing the tokenizer.
{"step": 129, "epoch": 1, "rows": 8, "skipped": 0, "answer_accuracy": 0.5, "updates": 4, "seconds": 2.6679184436798096, "time": 1790931865.194234, "loss": -0.8221778802404794, "confidence": 0.5050148038728378, "mass": 0.9999807947069859, "hinge_active": 0.0, "stop_prob": 0.9995197579264641, "sampled_number_rate": 1.0, "kl": 0.0, "kl_coef": 0.05, "value_loss": 0.0}
A decoder-only architecture is being used, but right-padding was detected! For correct generation results, please set `padding_side='left'` when initializing the tokenizer.
{"step": 130, "epoch": 1, "rows": 8, "skipped": 0, "answer_accuracy": 0.375, "updates": 4, "seconds": 2.890990972518921, "time": 1790931868.0859492, "loss": -0.8758205174559687, "confidence": 0.49103790027220945, "mass": 0.9999931365102164, "hinge_active": 0.0, "stop_prob": 0.9997585788369179, "sampled_number_rate": 1.0, "kl": 0.0, "kl_coef": 0.05, "value_loss": 0.0}
A decoder-only architecture is being used, but right-padding was detected! For correct generation results, please set `padding_side='left'` when initializing the tokenizer.
{"step": 131, "epoch": 1, "rows": 8, "skipped": 0, "answer_accuracy": 0.25, "updates": 4, "seconds": 2.58612322807312, "time": 1790931870.6731112, "loss": -0.8561688310452484, "confidence": 0.41657664136879424, "mass": 0.999988521063733, "hinge_active": 0.0, "stop_prob": 0.9994770288467407, "sampled_number_rate": 1.0, "kl": 0.0, "kl_coef": 0.05, "value_loss": 0.0}
A decoder-only architecture is being used, but right-padding was detected! For correct generation results, please set `padding_side='left'` when initializing the tokenizer.
{"step": 132, "epoch": 1, "rows": 8, "skipped": 0, "answer_accuracy": 0.625, "updates": 4, "seconds": 2.3910679817199707, "time": 1790931873.0650082, "loss": -0.8751290764542272, "confidence": 0.4329172278583852, "mass": 0.9999935723260566, "hinge_active": 0.0, "stop_prob": 0.9997675642371178, "sampled_number_rate": 1.0, "kl": 0.0, "kl_coef": 0.05, "value_loss": 0.0}
A decoder-only architecture is being used, but right-padding was detected! For correct generation results, please set `padding_side='left'` when initializing the tokenizer.
{"step": 133, "epoch": 1, "rows": 8, "skipped": 0, "answer_accuracy": 0.5, "updates": 4, "seconds": 2.3586485385894775, "time": 1790931875.4246194, "loss": -0.8859948450549432, "confidence": 0.367350203456631, "mass": 0.9999478867694921, "hinge_active": 0.0, "stop_prob": 0.9994476735591888, "sampled_number_rate": 1.0, "kl": 0.0, "kl_coef": 0.05, "value_loss": 0.0}
A decoder-only architecture is being used, but right-padding was detected! For correct generation results, please set `padding_side='left'` when initializing the tokenizer.
{"step": 134, "epoch": 1, "rows": 8, "skipped": 0, "answer_accuracy": 0.5, "updates": 4, "seconds": 2.721907615661621, "time": 1790931878.1473064, "loss": -0.8924768613255806, "confidence": 0.520320188700542, "mass": 0.9999585995602817, "hinge_active": 0.0, "stop_prob": 0.9977285042405128, "sampled_number_rate": 1.0, "kl": 0.0, "kl_coef": 0.05, "value_loss": 0.0}
A decoder-only architecture is being used, but right-padding was detected! For correct generation results, please set `padding_side='left'` when initializing the tokenizer.
{"step": 135, "epoch": 1, "rows": 8, "skipped": 0, "answer_accuracy": 0.5, "updates": 4, "seconds": 2.4471676349639893, "time": 1790931880.5955203, "loss": -0.8898482377977529, "confidence": 0.45210230706384197, "mass": 0.9999906939557677, "hinge_active": 0.0, "stop_prob": 0.9994874522089958, "sampled_number_rate": 1.0, "kl": 0.0, "kl_coef": 0.05, "value_loss": 0.0}
A decoder-only architecture is being used, but right-padding was detected! For correct generation results, please set `padding_side='left'` when initializing the tokenizer.
{"step": 136, "epoch": 1, "rows": 8, "skipped": 0, "answer_accuracy": 0.75, "updates": 4, "seconds": 2.451627016067505, "time": 1790931883.0479712, "loss": -0.8280541739093964, "confidence": 0.5909988868392184, "mass": 0.9999960959273916, "hinge_active": 0.0, "stop_prob": 0.9998164027929306, "sampled_number_rate": 1.0, "kl": 0.0, "kl_coef": 0.05, "value_loss": 0.0}
A decoder-only architecture is being used, but right-padding was detected! For correct generation results, please set `padding_side='left'` when initializing the tokenizer.
{"step": 137, "epoch": 1, "rows": 8, "skipped": 0, "answer_accuracy": 0.25, "updates": 4, "seconds": 2.350342035293579, "time": 1790931885.3993473, "loss": -0.826756512105892, "confidence": 0.5701566017526449, "mass": 0.9999869772649872, "hinge_active": 0.0, "stop_prob": 0.9998894333839417, "sampled_number_rate": 1.0, "kl": 0.0, "kl_coef": 0.05, "value_loss": 0.0}
A decoder-only architecture is being used, but right-padding was detected! For correct generation results, please set `padding_side='left'` when initializing the tokenizer.
{"step": 138, "epoch": 1, "rows": 8, "skipped": 0, "answer_accuracy": 0.375, "updates": 4, "seconds": 2.542603015899658, "time": 1790931887.9428334, "loss": -0.8627594657361584, "confidence": 0.4985648804830998, "mass": 0.9999635558702503, "hinge_active": 0.0, "stop_prob": 0.9997378215193748, "sampled_number_rate": 1.0, "kl": 0.0, "kl_coef": 0.05, "value_loss": 0.0}
A decoder-only architecture is being used, but right-padding was detected! For correct generation results, please set `padding_side='left'` when initializing the tokenizer.
{"step": 139, "epoch": 1, "rows": 8, "skipped": 0, "answer_accuracy": 0.625, "updates": 4, "seconds": 2.4206581115722656, "time": 1790931890.3646207, "loss": -0.8956990103046554, "confidence": 0.4271427120561876, "mass": 0.999903390329992, "hinge_active": 0.0, "stop_prob": 0.999762050807476, "sampled_number_rate": 1.0, "kl": 0.0, "kl_coef": 0.05, "value_loss": 0.0}
A decoder-only architecture is being used, but right-padding was detected! For correct generation results, please set `padding_side='left'` when initializing the tokenizer.
{"step": 140, "epoch": 1, "rows": 8, "skipped": 0, "answer_accuracy": 0.625, "updates": 4, "seconds": 2.49923038482666, "time": 1790931892.86482, "loss": -0.8647362225838578, "confidence": 0.3994183349710021, "mass": 0.999975971444448, "hinge_active": 0.0, "stop_prob": 0.9983156248927116, "sampled_number_rate": 1.0, "kl": 0.0, "kl_coef": 0.05, "value_loss": 0.0}
A decoder-only architecture is being used, but right-padding was detected! For correct generation results, please set `padding_side='left'` when initializing the tokenizer.
{"step": 141, "epoch": 1, "rows": 8, "skipped": 0, "answer_accuracy": 0.875, "updates": 4, "seconds": 2.450261116027832, "time": 1790931895.3160658, "loss": -0.9464875709457622, "confidence": 0.7134486752569371, "mass": 0.9999882275681211, "hinge_active": 0.0, "stop_prob": 0.9996488615870476, "sampled_number_rate": 1.0, "kl": 0.0, "kl_coef": 0.05, "value_loss": 0.0}
A decoder-only architecture is being used, but right-padding was detected! For correct generation results, please set `padding_side='left'` when initializing the tokenizer.
{"step": 142, "epoch": 1, "rows": 8, "skipped": 0, "answer_accuracy": 0.375, "updates": 4, "seconds": 2.6773641109466553, "time": 1790931897.9943678, "loss": -0.8182918543514832, "confidence": 0.5549715467141456, "mass": 0.99998996619354, "hinge_active": 0.0, "stop_prob": 0.9927340969443321, "sampled_number_rate": 1.0, "kl": 0.0, "kl_coef": 0.05, "value_loss": 0.0}
A decoder-only architecture is being used, but right-padding was detected! For correct generation results, please set `padding_side='left'` when initializing the tokenizer.
{"step": 143, "epoch": 1, "rows": 8, "skipped": 0, "answer_accuracy": 0.625, "updates": 4, "seconds": 2.420032262802124, "time": 1790931900.4151452, "loss": -0.9550195148136275, "confidence": 0.5879359195251874, "mass": 0.9999791819981466, "hinge_active": 0.0, "stop_prob": 0.999406486749649, "sampled_number_rate": 1.0, "kl": 0.0, "kl_coef": 0.05, "value_loss": 0.0}
A decoder-only architecture is being used, but right-padding was detected! For correct generation results, please set `padding_side='left'` when initializing the tokenizer.
{"step": 144, "epoch": 1, "rows": 7, "skipped": 1, "answer_accuracy": 0.2857142857142857, "updates": 4, "seconds": 3.4980835914611816, "time": 1790931903.914055, "loss": -0.734390073826782, "confidence": 0.7251011321913057, "mass": 0.999991306312404, "hinge_active": 0.0, "stop_prob": 0.9999037725584847, "sampled_number_rate": 0.9999999999999998, "kl": 0.0, "kl_coef": 0.05, "value_loss": 0.0}
A decoder-only architecture is being used, but right-padding was detected! For correct generation results, please set `padding_side='left'` when initializing the tokenizer.
{"step": 145, "epoch": 1, "rows": 8, "skipped": 0, "answer_accuracy": 0.5, "updates": 4, "seconds": 2.363098621368408, "time": 1790931906.2780724, "loss": -0.778727425781778, "confidence": 0.7462384201616592, "mass": 0.9999955451090503, "hinge_active": 0.0, "stop_prob": 0.9999132007360458, "sampled_number_rate": 1.0, "kl": 0.0, "kl_coef": 0.05, "value_loss": 0.0}
A decoder-only architecture is being used, but right-padding was detected! For correct generation results, please set `padding_side='left'` when initializing the tokenizer.
{"step": 146, "epoch": 1, "rows": 8, "skipped": 0, "answer_accuracy": 0.375, "updates": 4, "seconds": 2.37660813331604, "time": 1790931908.6557958, "loss": -0.8155153727843254, "confidence": 0.6397844606136769, "mass": 0.9999957764489781, "hinge_active": 0.0, "stop_prob": 0.9999326914548874, "sampled_number_rate": 1.0, "kl": 0.0, "kl_coef": 0.05, "value_loss": 0.0}
A decoder-only architecture is being used, but right-padding was detected! For correct generation results, please set `padding_side='left'` when initializing the tokenizer.
{"step": 147, "epoch": 1, "rows": 8, "skipped": 0, "answer_accuracy": 0.375, "updates": 4, "seconds": 2.305800199508667, "time": 1790931910.962384, "loss": -0.9083748490647143, "confidence": 0.38371356547325364, "mass": 0.9999934265022892, "hinge_active": 0.0, "stop_prob": 0.999781996011734, "sampled_number_rate": 1.0, "kl": 0.0, "kl_coef": 0.05, "value_loss": 0.0}
A decoder-only architecture is being used, but right-padding was detected! For correct generation results, please set `padding_side='left'` when initializing the tokenizer.
{"step": 148, "epoch": 1, "rows": 8, "skipped": 0, "answer_accuracy": 0.25, "updates": 4, "seconds": 2.433689594268799, "time": 1790931913.3968463, "loss": -0.8739188080362459, "confidence": 0.269006750129849, "mass": 0.9999953395380539, "hinge_active": 0.0, "stop_prob": 0.9998981580138206, "sampled_number_rate": 1.0, "kl": 0.0, "kl_coef": 0.05, "value_loss": 0.0}
A decoder-only architecture is being used, but right-padding was detected! For correct generation results, please set `padding_side='left'` when initializing the tokenizer.
{"step": 149, "epoch": 1, "rows": 8, "skipped": 0, "answer_accuracy": 0.5, "updates": 4, "seconds": 3.5090935230255127, "time": 1790931916.9070182, "loss": -0.9110044570856618, "confidence": 0.4673646571712331, "mass": 0.9999900800279724, "hinge_active": 0.0, "stop_prob": 0.9994645416736603, "sampled_number_rate": 1.0, "kl": 0.0, "kl_coef": 0.05, "value_loss": 0.0}
A decoder-only architecture is being used, but right-padding was detected! For correct generation results, please set `padding_side='left'` when initializing the tokenizer.
{"step": 150, "epoch": 1, "rows": 8, "skipped": 0, "answer_accuracy": 0.5, "updates": 4, "seconds": 2.6017680168151855, "time": 1790931919.5099258, "loss": -0.8297240809839087, "confidence": 0.36726520936397716, "mass": 0.999997539098592, "hinge_active": 0.0, "stop_prob": 0.9999122470617294, "sampled_number_rate": 1.0, "kl": 0.0, "kl_coef": 0.05, "value_loss": 0.0}
A decoder-only architecture is being used, but right-padding was detected! For correct generation results, please set `padding_side='left'` when initializing the tokenizer.
{"step": 151, "epoch": 1, "rows": 8, "skipped": 0, "answer_accuracy": 0.5, "updates": 4, "seconds": 2.3517704010009766, "time": 1790931921.8625016, "loss": -0.9251407121765236, "confidence": 0.4205456422542961, "mass": 0.9999914561568064, "hinge_active": 0.0, "stop_prob": 0.9997802749276161, "sampled_number_rate": 1.0, "kl": 0.0, "kl_coef": 0.05, "value_loss": 0.0}
A decoder-only architecture is being used, but right-padding was detected! For correct generation results, please set `padding_side='left'` when initializing the tokenizer.
{"step": 152, "epoch": 1, "rows": 8, "skipped": 0, "answer_accuracy": 0.5, "updates": 4, "seconds": 2.3666868209838867, "time": 1790931924.2301776, "loss": -0.6725728094212114, "confidence": 0.3233529069661406, "mass": 0.9999919205171384, "hinge_active": 0.0, "stop_prob": 0.9999423027038574, "sampled_number_rate": 1.0, "kl": 0.0, "kl_coef": 0.05, "value_loss": 0.0}
A decoder-only architecture is being used, but right-padding was detected! For correct generation results, please set `padding_side='left'` when initializing the tokenizer.
{"step": 153, "epoch": 1, "rows": 8, "skipped": 0, "answer_accuracy": 0.5, "updates": 4, "seconds": 2.3242814540863037, "time": 1790931926.5553927, "loss": -0.8089434610707426, "confidence": 0.48414535367731354, "mass": 0.9999964966322169, "hinge_active": 0.0, "stop_prob": 0.9999488294124603, "sampled_number_rate": 1.0, "kl": 0.0, "kl_coef": 0.05, "value_loss": 0.0}
A decoder-only architecture is being used, but right-padding was detected! For correct generation results, please set `padding_side='left'` when initializing the tokenizer.
{"step": 154, "epoch": 1, "rows": 8, "skipped": 0, "answer_accuracy": 0.625, "updates": 4, "seconds": 2.4370064735412598, "time": 1790931928.9930964, "loss": -0.8318751167822492, "confidence": 0.46687867483131057, "mass": 0.999997562659526, "hinge_active": 0.0, "stop_prob": 0.9999239817261696, "sampled_number_rate": 1.0, "kl": 0.0, "kl_coef": 0.05, "value_loss": 0.0}
A decoder-only architecture is being used, but right-padding was detected! For correct generation results, please set `padding_side='left'` when initializing the tokenizer.
{"step": 155, "epoch": 1, "rows": 8, "skipped": 0, "answer_accuracy": 0.25, "updates": 4, "seconds": 2.345738649368286, "time": 1790931931.3397458, "loss": -0.88084590880348, "confidence": 0.4707556921334243, "mass": 0.99999774838062, "hinge_active": 0.0, "stop_prob": 0.9999537691473961, "sampled_number_rate": 1.0, "kl": 0.0, "kl_coef": 0.05, "value_loss": 0.0}
A decoder-only architecture is being used, but right-padding was detected! For correct generation results, please set `padding_side='left'` when initializing the tokenizer.
{"step": 156, "epoch": 1, "rows": 8, "skipped": 0, "answer_accuracy": 0.375, "updates": 4, "seconds": 2.660360336303711, "time": 1790931934.000927, "loss": -0.8775449830846498, "confidence": 0.5396444258951034, "mass": 0.9999964299555205, "hinge_active": 0.0, "stop_prob": 0.9999342858791351, "sampled_number_rate": 1.0, "kl": 0.0, "kl_coef": 0.05, "value_loss": 0.0}
A decoder-only architecture is being used, but right-padding was detected! For correct generation results, please set `padding_side='left'` when initializing the tokenizer.
{"step": 157, "epoch": 1, "rows": 8, "skipped": 0, "answer_accuracy": 1.0, "updates": 4, "seconds": 2.9353861808776855, "time": 1790931936.9373832, "loss": -0.8146180182132907, "confidence": 0.5810887342235214, "mass": 0.999995886024882, "hinge_active": 0.0, "stop_prob": 0.9998739883303642, "sampled_number_rate": 1.0, "kl": 0.0, "kl_coef": 0.05, "value_loss": 0.0}
A decoder-only architecture is being used, but right-padding was detected! For correct generation results, please set `padding_side='left'` when initializing the tokenizer.
{"step": 158, "epoch": 1, "rows": 8, "skipped": 0, "answer_accuracy": 0.875, "updates": 4, "seconds": 2.268918514251709, "time": 1790931939.2072444, "loss": -0.8695573971383898, "confidence": 0.5805678831601905, "mass": 0.9999982913633587, "hinge_active": 0.0, "stop_prob": 0.9999522417783737, "sampled_number_rate": 1.0, "kl": 0.0, "kl_coef": 0.05, "value_loss": 0.0}
A decoder-only architecture is being used, but right-padding was detected! For correct generation results, please set `padding_side='left'` when initializing the tokenizer.
{"step": 159, "epoch": 1, "rows": 8, "skipped": 0, "answer_accuracy": 0.375, "updates": 4, "seconds": 2.359475612640381, "time": 1790931941.567703, "loss": -0.930441694060734, "confidence": 0.4140785968311304, "mass": 0.9999956532013843, "hinge_active": 0.0, "stop_prob": 0.9999272525310516, "sampled_number_rate": 1.0, "kl": 0.0, "kl_coef": 0.05, "value_loss": 0.0}
A decoder-only architecture is being used, but right-padding was detected! For correct generation results, please set `padding_side='left'` when initializing the tokenizer.
{"step": 160, "epoch": 1, "rows": 8, "skipped": 0, "answer_accuracy": 0.75, "updates": 4, "seconds": 2.283158540725708, "time": 1790931943.8517852, "loss": -0.9296463350947721, "confidence": 0.6486426630778562, "mass": 0.9999956143290394, "hinge_active": 0.0, "stop_prob": 0.9999241307377815, "sampled_number_rate": 1.0, "kl": 0.0, "kl_coef": 0.05, "value_loss": 0.0}
A decoder-only architecture is being used, but right-padding was detected! For correct generation results, please set `padding_side='left'` when initializing the tokenizer.
{"step": 161, "epoch": 1, "rows": 8, "skipped": 0, "answer_accuracy": 0.375, "updates": 4, "seconds": 2.2607502937316895, "time": 1790931946.1135263, "loss": -0.884587098961083, "confidence": 0.5111187449340683, "mass": 0.9999965439405386, "hinge_active": 0.0, "stop_prob": 0.9999508932232857, "sampled_number_rate": 1.0, "kl": 0.0, "kl_coef": 0.05, "value_loss": 0.0}
A decoder-only architecture is being used, but right-padding was detected! For correct generation results, please set `padding_side='left'` when initializing the tokenizer.
{"step": 162, "epoch": 1, "rows": 8, "skipped": 0, "answer_accuracy": 0.625, "updates": 4, "seconds": 2.4633262157440186, "time": 1790931948.5775216, "loss": -0.8167165027790186, "confidence": 0.6101681189844085, "mass": 0.9999959267410756, "hinge_active": 0.0, "stop_prob": 0.9999405294656754, "sampled_number_rate": 1.0, "kl": 0.0, "kl_coef": 0.05, "value_loss": 0.0}
A decoder-only architecture is being used, but right-padding was detected! For correct generation results, please set `padding_side='left'` when initializing the tokenizer.
{"step": 163, "epoch": 1, "rows": 8, "skipped": 0, "answer_accuracy": 0.875, "updates": 4, "seconds": 2.324897289276123, "time": 1790931950.9033067, "loss": -0.8939165620976284, "confidence": 0.6762004083614884, "mass": 0.9999956965584297, "hinge_active": 0.0, "stop_prob": 0.9999458715319633, "sampled_number_rate": 1.0, "kl": 0.0, "kl_coef": 0.05, "value_loss": 0.0}
A decoder-only architecture is being used, but right-padding was detected! For correct generation results, please set `padding_side='left'` when initializing the tokenizer.
{"step": 164, "epoch": 1, "rows": 8, "skipped": 0, "answer_accuracy": 0.875, "updates": 4, "seconds": 2.5279476642608643, "time": 1790931953.4321656, "loss": -0.8442672045298875, "confidence": 0.577104818849759, "mass": 0.9999955312711769, "hinge_active": 0.0, "stop_prob": 0.9999375939369202, "sampled_number_rate": 1.0, "kl": 0.0, "kl_coef": 0.05, "value_loss": 0.0}
A decoder-only architecture is being used, but right-padding was detected! For correct generation results, please set `padding_side='left'` when initializing the tokenizer.
{"step": 165, "epoch": 1, "rows": 8, "skipped": 0, "answer_accuracy": 0.25, "updates": 4, "seconds": 3.5020508766174316, "time": 1790931956.9350855, "loss": -0.868647458109784, "confidence": 0.4333540875683988, "mass": 0.9999965494230784, "hinge_active": 0.0, "stop_prob": 0.9999310001730919, "sampled_number_rate": 1.0, "kl": 0.0, "kl_coef": 0.05, "value_loss": 0.0}
A decoder-only architecture is being used, but right-padding was detected! For correct generation results, please set `padding_side='left'` when initializing the tokenizer.
{"step": 166, "epoch": 1, "rows": 7, "skipped": 1, "answer_accuracy": 0.42857142857142855, "updates": 4, "seconds": 3.8828775882720947, "time": 1790931960.8196025, "loss": -0.8849769566107021, "confidence": 0.595067578569557, "mass": 0.9998507507970678, "hinge_active": 0.0, "stop_prob": 0.9998718840735299, "sampled_number_rate": 0.9999999999999998, "kl": 0.0, "kl_coef": 0.05, "value_loss": 0.0}
A decoder-only architecture is being used, but right-padding was detected! For correct generation results, please set `padding_side='left'` when initializing the tokenizer.
{"step": 167, "epoch": 1, "rows": 8, "skipped": 0, "answer_accuracy": 0.875, "updates": 4, "seconds": 2.287158250808716, "time": 1790931963.1085312, "loss": -0.9169442298323577, "confidence": 0.6910968579566885, "mass": 0.9999962122896731, "hinge_active": 0.0, "stop_prob": 0.9999492317438126, "sampled_number_rate": 1.0, "kl": 0.0, "kl_coef": 0.05, "value_loss": 0.0}
A decoder-only architecture is being used, but right-padding was detected! For correct generation results, please set `padding_side='left'` when initializing the tokenizer.
{"step": 168, "epoch": 1, "rows": 8, "skipped": 0, "answer_accuracy": 0.375, "updates": 4, "seconds": 2.3448522090911865, "time": 1790931965.4544673, "loss": -0.8824922887422695, "confidence": 0.5075463867903116, "mass": 0.999994289792765, "hinge_active": 0.0, "stop_prob": 0.9999534636735916, "sampled_number_rate": 1.0, "kl": 0.0, "kl_coef": 0.05, "value_loss": 0.0}
A decoder-only architecture is being used, but right-padding was detected! For correct generation results, please set `padding_side='left'` when initializing the tokenizer.
{"step": 169, "epoch": 1, "rows": 8, "skipped": 0, "answer_accuracy": 0.625, "updates": 4, "seconds": 2.417884111404419, "time": 1790931967.8731797, "loss": -0.7802844929691715, "confidence": 0.4810707875456792, "mass": 0.9999974582182527, "hinge_active": 0.0, "stop_prob": 0.9999488070607185, "sampled_number_rate": 1.0, "kl": 0.0, "kl_coef": 0.05, "value_loss": 0.0}
A decoder-only architecture is being used, but right-padding was detected! For correct generation results, please set `padding_side='left'` when initializing the tokenizer.
{"step": 170, "epoch": 1, "rows": 8, "skipped": 0, "answer_accuracy": 0.375, "updates": 4, "seconds": 2.594456911087036, "time": 1790931970.4684489, "loss": -0.9512128530064581, "confidence": 0.42138546558214957, "mass": 0.9999948302533332, "hinge_active": 0.0, "stop_prob": 0.9999372735619545, "sampled_number_rate": 1.0, "kl": 0.0, "kl_coef": 0.05, "value_loss": 0.0}
A decoder-only architecture is being used, but right-padding was detected! For correct generation results, please set `padding_side='left'` when initializing the tokenizer.
{"step": 171, "epoch": 1, "rows": 8, "skipped": 0, "answer_accuracy": 0.5, "updates": 4, "seconds": 2.376615285873413, "time": 1790931972.8484724, "loss": -0.9531266118092913, "confidence": 0.48864286064655227, "mass": 0.9999916929962738, "hinge_active": 0.0, "stop_prob": 0.9999100416898727, "sampled_number_rate": 1.0, "kl": 0.0, "kl_coef": 0.05, "value_loss": 0.0}
A decoder-only architecture is being used, but right-padding was detected! For correct generation results, please set `padding_side='left'` when initializing the tokenizer.
{"step": 172, "epoch": 1, "rows": 8, "skipped": 0, "answer_accuracy": 0.625, "updates": 4, "seconds": 2.500670909881592, "time": 1790931975.3519716, "loss": -0.8995013974080861, "confidence": 0.5153919557306647, "mass": 0.9999964123632112, "hinge_active": 0.0, "stop_prob": 0.9999425187706947, "sampled_number_rate": 1.0, "kl": 0.0, "kl_coef": 0.05, "value_loss": 0.0}
A decoder-only architecture is being used, but right-padding was detected! For correct generation results, please set `padding_side='left'` when initializing the tokenizer.
{"step": 173, "epoch": 1, "rows": 8, "skipped": 0, "answer_accuracy": 0.75, "updates": 4, "seconds": 2.485853910446167, "time": 1790931977.8523092, "loss": -0.8457241561788219, "confidence": 0.8191607525431086, "mass": 0.9999965048293835, "hinge_active": 0.0, "stop_prob": 0.9999365732073784, "sampled_number_rate": 1.0, "kl": 0.0, "kl_coef": 0.05, "value_loss": 0.0}
A decoder-only architecture is being used, but right-padding was detected! For correct generation results, please set `padding_side='left'` when initializing the tokenizer.
{"step": 174, "epoch": 1, "rows": 8, "skipped": 0, "answer_accuracy": 0.375, "updates": 4, "seconds": 2.373361825942993, "time": 1790931980.2308395, "loss": -0.7811451919170381, "confidence": 0.5052329756268068, "mass": 0.9999973473597954, "hinge_active": 0.0, "stop_prob": 0.9999565407633781, "sampled_number_rate": 1.0, "kl": 0.0, "kl_coef": 0.05, "value_loss": 0.0}
A decoder-only architecture is being used, but right-padding was detected! For correct generation results, please set `padding_side='left'` when initializing the tokenizer.
{"step": 175, "epoch": 1, "rows": 8, "skipped": 0, "answer_accuracy": 0.375, "updates": 4, "seconds": 2.3048741817474365, "time": 1790931982.5370765, "loss": -0.9023685095729004, "confidence": 0.4608469432980332, "mass": 0.9999975984919154, "hinge_active": 0.0, "stop_prob": 0.9999525547027588, "sampled_number_rate": 1.0, "kl": 0.0, "kl_coef": 0.05, "value_loss": 0.0}
A decoder-only architecture is being used, but right-padding was detected! For correct generation results, please set `padding_side='left'` when initializing the tokenizer.
{"step": 176, "epoch": 1, "rows": 8, "skipped": 0, "answer_accuracy": 0.75, "updates": 4, "seconds": 2.4256441593170166, "time": 1790931984.9636364, "loss": -0.896744964576667, "confidence": 0.73516810332764, "mass": 0.9999911573821225, "hinge_active": 0.0, "stop_prob": 0.9999538585543633, "sampled_number_rate": 1.0, "kl": 0.0, "kl_coef": 0.05, "value_loss": 0.0}
A decoder-only architecture is being used, but right-padding was detected! For correct generation results, please set `padding_side='left'` when initializing the tokenizer.
{"step": 177, "epoch": 1, "rows": 8, "skipped": 0, "answer_accuracy": 0.625, "updates": 4, "seconds": 2.5871376991271973, "time": 1790931987.5603194, "loss": -0.8420127201044583, "confidence": 0.4283756026740012, "mass": 0.9999643579582339, "hinge_active": 0.0, "stop_prob": 0.9999139904975891, "sampled_number_rate": 1.0, "kl": 0.0, "kl_coef": 0.05, "value_loss": 0.0}
A decoder-only architecture is being used, but right-padding was detected! For correct generation results, please set `padding_side='left'` when initializing the tokenizer.
{"step": 178, "epoch": 1, "rows": 8, "skipped": 0, "answer_accuracy": 0.375, "updates": 4, "seconds": 2.45862078666687, "time": 1790931990.0200756, "loss": -0.8939849834147918, "confidence": 0.3405546059092065, "mass": 0.999992946919276, "hinge_active": 0.0, "stop_prob": 0.9999423176050186, "sampled_number_rate": 1.0, "kl": 0.0, "kl_coef": 0.05, "value_loss": 0.0}
A decoder-only architecture is being used, but right-padding was detected! For correct generation results, please set `padding_side='left'` when initializing the tokenizer.
{"step": 179, "epoch": 1, "rows": 8, "skipped": 0, "answer_accuracy": 0.625, "updates": 4, "seconds": 2.3102664947509766, "time": 1790931992.3312907, "loss": -0.9064346626245274, "confidence": 0.5230243753621305, "mass": 0.9999942858981189, "hinge_active": 0.0, "stop_prob": 0.9999461024999619, "sampled_number_rate": 1.0, "kl": 0.0, "kl_coef": 0.05, "value_loss": 0.0}
A decoder-only architecture is being used, but right-padding was detected! For correct generation results, please set `padding_side='left'` when initializing the tokenizer.
{"step": 180, "epoch": 1, "rows": 8, "skipped": 0, "answer_accuracy": 0.5, "updates": 4, "seconds": 2.6111233234405518, "time": 1790931994.9432573, "loss": -0.6736690437596325, "confidence": 0.6572487659010504, "mass": 0.999995078891804, "hinge_active": 0.0, "stop_prob": 0.9999508932232857, "sampled_number_rate": 1.0, "kl": 0.0, "kl_coef": 0.05, "value_loss": 0.0}
A decoder-only architecture is being used, but right-padding was detected! For correct generation results, please set `padding_side='left'` when initializing the tokenizer.
{"step": 181, "epoch": 1, "rows": 8, "skipped": 0, "answer_accuracy": 0.625, "updates": 4, "seconds": 2.5143396854400635, "time": 1790931997.4587991, "loss": -0.8992682567235536, "confidence": 0.6835627959910123, "mass": 0.9999958027446143, "hinge_active": 0.0, "stop_prob": 0.9999400153756142, "sampled_number_rate": 1.0, "kl": 0.0, "kl_coef": 0.05, "value_loss": 0.0}
A decoder-only architecture is being used, but right-padding was detected! For correct generation results, please set `padding_side='left'` when initializing the tokenizer.
{"step": 182, "epoch": 1, "rows": 8, "skipped": 0, "answer_accuracy": 0.375, "updates": 4, "seconds": 2.576545000076294, "time": 1790932000.0366924, "loss": -0.8750898400740259, "confidence": 0.48938179894721423, "mass": 0.9999940676792406, "hinge_active": 0.0, "stop_prob": 0.9999304562807083, "sampled_number_rate": 1.0, "kl": 0.0, "kl_coef": 0.05, "value_loss": 0.0}
A decoder-only architecture is being used, but right-padding was detected! For correct generation results, please set `padding_side='left'` when initializing the tokenizer.
{"step": 183, "epoch": 1, "rows": 8, "skipped": 0, "answer_accuracy": 0.5, "updates": 4, "seconds": 2.3908987045288086, "time": 1790932002.429062, "loss": -0.8818248420498499, "confidence": 0.6004965273516767, "mass": 0.9999677535076779, "hinge_active": 0.0, "stop_prob": 0.9999394714832306, "sampled_number_rate": 1.0, "kl": 0.0, "kl_coef": 0.05, "value_loss": 0.0}
A decoder-only architecture is being used, but right-padding was detected! For correct generation results, please set `padding_side='left'` when initializing the tokenizer.
{"step": 184, "epoch": 1, "rows": 8, "skipped": 0, "answer_accuracy": 0.625, "updates": 4, "seconds": 2.370596170425415, "time": 1790932004.800544, "loss": -0.9430209756043837, "confidence": 0.5908893484549339, "mass": 0.9999962626882491, "hinge_active": 0.0, "stop_prob": 0.9999367296695709, "sampled_number_rate": 1.0, "kl": 0.0, "kl_coef": 0.05, "value_loss": 0.0}
A decoder-only architecture is being used, but right-padding was detected! For correct generation results, please set `padding_side='left'` when initializing the tokenizer.
{"step": 185, "epoch": 1, "rows": 8, "skipped": 0, "answer_accuracy": 0.125, "updates": 4, "seconds": 2.504498243331909, "time": 1790932007.3060064, "loss": -0.9084963925465057, "confidence": 0.3080446208226178, "mass": 0.9999865658059789, "hinge_active": 0.0, "stop_prob": 0.9999188557267189, "sampled_number_rate": 1.0, "kl": 0.0, "kl_coef": 0.05, "value_loss": 0.0}
A decoder-only architecture is being used, but right-padding was detected! For correct generation results, please set `padding_side='left'` when initializing the tokenizer.
{"step": 186, "epoch": 1, "rows": 8, "skipped": 0, "answer_accuracy": 0.625, "updates": 4, "seconds": 2.424394369125366, "time": 1790932009.7390075, "loss": -0.857935462366961, "confidence": 0.5078562987109924, "mass": 0.9999950791810063, "hinge_active": 0.0, "stop_prob": 0.9999460428953171, "sampled_number_rate": 1.0, "kl": 0.0, "kl_coef": 0.05, "value_loss": 0.0}
A decoder-only architecture is being used, but right-padding was detected! For correct generation results, please set `padding_side='left'` when initializing the tokenizer.
{"step": 187, "epoch": 1, "rows": 8, "skipped": 0, "answer_accuracy": 0.375, "updates": 4, "seconds": 2.257520914077759, "time": 1790932011.997374, "loss": -0.8370617807450781, "confidence": 0.5770476141423108, "mass": 0.9999951854686757, "hinge_active": 0.0, "stop_prob": 0.9999492019414902, "sampled_number_rate": 1.0, "kl": 0.0, "kl_coef": 0.05, "value_loss": 0.0}
A decoder-only architecture is being used, but right-padding was detected! For correct generation results, please set `padding_side='left'` when initializing the tokenizer.
{"step": 188, "epoch": 1, "rows": 8, "skipped": 0, "answer_accuracy": 0.625, "updates": 4, "seconds": 2.3299317359924316, "time": 1790932014.3280134, "loss": -0.721034811171641, "confidence": 0.2512638096026502, "mass": 0.9999934428439844, "hinge_active": 0.0, "stop_prob": 0.9999332651495934, "sampled_number_rate": 1.0, "kl": 0.0, "kl_coef": 0.05, "value_loss": 0.0}
A decoder-only architecture is being used, but right-padding was detected! For correct generation results, please set `padding_side='left'` when initializing the tokenizer.
{"step": 189, "epoch": 1, "rows": 8, "skipped": 0, "answer_accuracy": 0.375, "updates": 4, "seconds": 3.3956217765808105, "time": 1790932017.7245567, "loss": -0.7540536810781268, "confidence": 0.347538388448214, "mass": 0.9999960082877131, "hinge_active": 0.0, "stop_prob": 0.9999216943979263, "sampled_number_rate": 1.0, "kl": 0.0, "kl_coef": 0.05, "value_loss": 0.0}
A decoder-only architecture is being used, but right-padding was detected! For correct generation results, please set `padding_side='left'` when initializing the tokenizer.
{"step": 190, "epoch": 1, "rows": 8, "skipped": 0, "answer_accuracy": 0.25, "updates": 4, "seconds": 2.562217950820923, "time": 1790932020.2932, "loss": -0.8966871879248708, "confidence": 0.353816814304418, "mass": 0.9999910198475234, "hinge_active": 0.0, "stop_prob": 0.9998527467250824, "sampled_number_rate": 1.0, "kl": 0.0, "kl_coef": 0.05, "value_loss": 0.0}
A decoder-only architecture is being used, but right-padding was detected! For correct generation results, please set `padding_side='left'` when initializing the tokenizer.
{"step": 191, "epoch": 1, "rows": 8, "skipped": 0, "answer_accuracy": 0.375, "updates": 4, "seconds": 2.9097774028778076, "time": 1790932023.20648, "loss": -0.88198532204536, "confidence": 0.26007597156725226, "mass": 0.9999892422866508, "hinge_active": 0.0, "stop_prob": 0.9997588247060776, "sampled_number_rate": 1.0, "kl": 0.0, "kl_coef": 0.05, "value_loss": 0.0}
A decoder-only architecture is being used, but right-padding was detected! For correct generation results, please set `padding_side='left'` when initializing the tokenizer.
{"step": 192, "epoch": 1, "rows": 8, "skipped": 0, "answer_accuracy": 0.375, "updates": 4, "seconds": 2.495723009109497, "time": 1790932025.7030795, "loss": -0.8306510891700665, "confidence": 0.45864144745000496, "mass": 0.9999909882952049, "hinge_active": 0.0, "stop_prob": 0.9998347163200378, "sampled_number_rate": 1.0, "kl": 0.0, "kl_coef": 0.05, "value_loss": 0.0}
A decoder-only architecture is being used, but right-padding was detected! For correct generation results, please set `padding_side='left'` when initializing the tokenizer.
{"step": 193, "epoch": 1, "rows": 8, "skipped": 0, "answer_accuracy": 0.625, "updates": 4, "seconds": 2.264362335205078, "time": 1790932027.9684765, "loss": -0.8244827880189006, "confidence": 0.4721316826094966, "mass": 0.9999922781145933, "hinge_active": 0.0, "stop_prob": 0.9999213740229607, "sampled_number_rate": 1.0, "kl": 0.0, "kl_coef": 0.05, "value_loss": 0.0}
A decoder-only architecture is being used, but right-padding was detected! For correct generation results, please set `padding_side='left'` when initializing the tokenizer.
{"step": 194, "epoch": 1, "rows": 8, "skipped": 0, "answer_accuracy": 0.5, "updates": 4, "seconds": 2.850794792175293, "time": 1790932030.8202415, "loss": -0.9081965224960202, "confidence": 0.5405647711189266, "mass": 0.9999960169077213, "hinge_active": 0.0, "stop_prob": 0.9999425187706947, "sampled_number_rate": 1.0, "kl": 0.0, "kl_coef": 0.05, "value_loss": 0.0}
A decoder-only architecture is being used, but right-padding was detected! For correct generation results, please set `padding_side='left'` when initializing the tokenizer.
{"step": 195, "epoch": 1, "rows": 8, "skipped": 0, "answer_accuracy": 0.375, "updates": 4, "seconds": 2.3366811275482178, "time": 1790932033.1580722, "loss": -0.8257242680482707, "confidence": 0.5869668659681473, "mass": 0.9999972941984572, "hinge_active": 0.0, "stop_prob": 0.9999483302235603, "sampled_number_rate": 1.0, "kl": 0.0, "kl_coef": 0.05, "value_loss": 0.0}
A decoder-only architecture is being used, but right-padding was detected! For correct generation results, please set `padding_side='left'` when initializing the tokenizer.
{"step": 196, "epoch": 1, "rows": 8, "skipped": 0, "answer_accuracy": 0.375, "updates": 4, "seconds": 2.2977094650268555, "time": 1790932035.4567094, "loss": -0.8547760215403968, "confidence": 0.4394870586062407, "mass": 0.9999961956055123, "hinge_active": 0.0, "stop_prob": 0.9998863860964775, "sampled_number_rate": 1.0, "kl": 0.0, "kl_coef": 0.05, "value_loss": 0.0}
A decoder-only architecture is being used, but right-padding was detected! For correct generation results, please set `padding_side='left'` when initializing the tokenizer.
{"step": 197, "epoch": 1, "rows": 8, "skipped": 0, "answer_accuracy": 0.625, "updates": 4, "seconds": 2.491241455078125, "time": 1790932037.9490168, "loss": -0.9169602544954247, "confidence": 0.516740550678395, "mass": 0.9999938437084193, "hinge_active": 0.0, "stop_prob": 0.9999321401119232, "sampled_number_rate": 1.0, "kl": 0.0, "kl_coef": 0.05, "value_loss": 0.0}
A decoder-only architecture is being used, but right-padding was detected! For correct generation results, please set `padding_side='left'` when initializing the tokenizer.
{"step": 198, "epoch": 1, "rows": 8, "skipped": 0, "answer_accuracy": 0.625, "updates": 4, "seconds": 2.44059681892395, "time": 1790932040.3906605, "loss": -0.8582490550758477, "confidence": 0.4056602654922984, "mass": 0.9999962696983414, "hinge_active": 0.0, "stop_prob": 0.9999026358127594, "sampled_number_rate": 1.0, "kl": 0.0, "kl_coef": 0.05, "value_loss": 0.0}
A decoder-only architecture is being used, but right-padding was detected! For correct generation results, please set `padding_side='left'` when initializing the tokenizer.
{"step": 199, "epoch": 1, "rows": 8, "skipped": 0, "answer_accuracy": 0.625, "updates": 4, "seconds": 2.451815366744995, "time": 1790932042.8435051, "loss": -0.863575451975954, "confidence": 0.4261538084409748, "mass": 0.9999615992682169, "hinge_active": 0.0, "stop_prob": 0.9996705576777458, "sampled_number_rate": 1.0, "kl": 0.0, "kl_coef": 0.05, "value_loss": 0.0}
A decoder-only architecture is being used, but right-padding was detected! For correct generation results, please set `padding_side='left'` when initializing the tokenizer.
{"step": 200, "epoch": 1, "rows": 8, "skipped": 0, "answer_accuracy": 0.75, "updates": 4, "seconds": 2.275486469268799, "time": 1790932045.1197438, "loss": -0.9330681477429172, "confidence": 0.6428239733301062, "mass": 0.9999956357719978, "hinge_active": 0.0, "stop_prob": 0.9999484121799469, "sampled_number_rate": 1.0, "kl": 0.0, "kl_coef": 0.05, "value_loss": 0.0}
A decoder-only architecture is being used, but right-padding was detected! For correct generation results, please set `padding_side='left'` when initializing the tokenizer.
{"step": 201, "epoch": 1, "rows": 8, "skipped": 0, "answer_accuracy": 0.625, "updates": 4, "seconds": 2.655241012573242, "time": 1790932047.7758756, "loss": -0.7603891416069896, "confidence": 0.6567212723858888, "mass": 0.999996983399403, "hinge_active": 0.0, "stop_prob": 0.999879390001297, "sampled_number_rate": 1.0, "kl": 0.0, "kl_coef": 0.05, "value_loss": 0.0}
A decoder-only architecture is being used, but right-padding was detected! For correct generation results, please set `padding_side='left'` when initializing the tokenizer.
{"step": 202, "epoch": 1, "rows": 8, "skipped": 0, "answer_accuracy": 0.375, "updates": 4, "seconds": 2.306713819503784, "time": 1790932050.0835512, "loss": -0.8581164993828445, "confidence": 0.596049530238344, "mass": 0.9999943504158191, "hinge_active": 0.0, "stop_prob": 0.9999300166964531, "sampled_number_rate": 1.0, "kl": 0.0, "kl_coef": 0.05, "value_loss": 0.0}
A decoder-only architecture is being used, but right-padding was detected! For correct generation results, please set `padding_side='left'` when initializing the tokenizer.
{"step": 203, "epoch": 1, "rows": 8, "skipped": 0, "answer_accuracy": 0.625, "updates": 4, "seconds": 2.4547648429870605, "time": 1790932052.5393097, "loss": -0.9057761382742344, "confidence": 0.6640019600863041, "mass": 0.9999929028395403, "hinge_active": 0.0, "stop_prob": 0.9999265372753143, "sampled_number_rate": 1.0, "kl": 0.0, "kl_coef": 0.05, "value_loss": 0.0}
A decoder-only architecture is being used, but right-padding was detected! For correct generation results, please set `padding_side='left'` when initializing the tokenizer.
{"step": 204, "epoch": 1, "rows": 8, "skipped": 0, "answer_accuracy": 0.5, "updates": 4, "seconds": 2.2973122596740723, "time": 1790932054.8376, "loss": -0.9138692074128796, "confidence": 0.5584365704290393, "mass": 0.9999971234983891, "hinge_active": 0.0, "stop_prob": 0.999943383038044, "sampled_number_rate": 1.0, "kl": 0.0, "kl_coef": 0.05, "value_loss": 0.0}
A decoder-only architecture is being used, but right-padding was detected! For correct generation results, please set `padding_side='left'` when initializing the tokenizer.
{"step": 205, "epoch": 1, "rows": 8, "skipped": 0, "answer_accuracy": 1.0, "updates": 4, "seconds": 2.652325391769409, "time": 1790932057.4909043, "loss": -0.8977818418888117, "confidence": 0.7202366657321836, "mass": 0.9999973990732882, "hinge_active": 0.0, "stop_prob": 0.9999197274446487, "sampled_number_rate": 1.0, "kl": 0.0, "kl_coef": 0.05, "value_loss": 0.0}
A decoder-only architecture is being used, but right-padding was detected! For correct generation results, please set `padding_side='left'` when initializing the tokenizer.
{"step": 206, "epoch": 1, "rows": 8, "skipped": 0, "answer_accuracy": 0.5, "updates": 4, "seconds": 2.3814213275909424, "time": 1790932059.8732445, "loss": -0.8799224266761116, "confidence": 0.5993567780769017, "mass": 0.9999979174695212, "hinge_active": 0.0, "stop_prob": 0.9999449402093887, "sampled_number_rate": 1.0, "kl": 0.0, "kl_coef": 0.05, "value_loss": 0.0}
A decoder-only architecture is being used, but right-padding was detected! For correct generation results, please set `padding_side='left'` when initializing the tokenizer.
{"step": 207, "epoch": 1, "rows": 8, "skipped": 0, "answer_accuracy": 0.5, "updates": 4, "seconds": 2.257070302963257, "time": 1790932062.1312273, "loss": -0.821825533027639, "confidence": 0.7292102769476511, "mass": 0.9999971332214225, "hinge_active": 0.0, "stop_prob": 0.999941274523735, "sampled_number_rate": 1.0, "kl": 0.0, "kl_coef": 0.05, "value_loss": 0.0}
A decoder-only architecture is being used, but right-padding was detected! For correct generation results, please set `padding_side='left'` when initializing the tokenizer.
{"step": 208, "epoch": 1, "rows": 8, "skipped": 0, "answer_accuracy": 0.75, "updates": 4, "seconds": 2.341996669769287, "time": 1790932064.474155, "loss": -0.8619430179674706, "confidence": 0.6792472334484861, "mass": 0.9999963197943156, "hinge_active": 0.0, "stop_prob": 0.9999356344342232, "sampled_number_rate": 1.0, "kl": 0.0, "kl_coef": 0.05, "value_loss": 0.0}
A decoder-only architecture is being used, but right-padding was detected! For correct generation results, please set `padding_side='left'` when initializing the tokenizer.
{"step": 209, "epoch": 1, "rows": 8, "skipped": 0, "answer_accuracy": 0.5, "updates": 4, "seconds": 2.3209967613220215, "time": 1790932066.795963, "loss": -0.8612719512914813, "confidence": 0.543753613680836, "mass": 0.9999963952036185, "hinge_active": 0.0, "stop_prob": 0.9999383985996246, "sampled_number_rate": 1.0, "kl": 0.0, "kl_coef": 0.05, "value_loss": 0.0}
A decoder-only architecture is being used, but right-padding was detected! For correct generation results, please set `padding_side='left'` when initializing the tokenizer.
{"step": 210, "epoch": 1, "rows": 8, "skipped": 0, "answer_accuracy": 0.5, "updates": 4, "seconds": 2.3239214420318604, "time": 1790932069.1207392, "loss": -0.8862244089522697, "confidence": 0.5043612153861214, "mass": 0.9999935238655702, "hinge_active": 0.0, "stop_prob": 0.9998913034796715, "sampled_number_rate": 1.0, "kl": 0.0, "kl_coef": 0.05, "value_loss": 0.0}
A decoder-only architecture is being used, but right-padding was detected! For correct generation results, please set `padding_side='left'` when initializing the tokenizer.
{"step": 211, "epoch": 1, "rows": 8, "skipped": 0, "answer_accuracy": 0.5, "updates": 4, "seconds": 2.3284101486206055, "time": 1790932071.4501288, "loss": -0.8979377279025839, "confidence": 0.5985361977221546, "mass": 0.9999922113281213, "hinge_active": 0.0, "stop_prob": 0.9999329671263695, "sampled_number_rate": 1.0, "kl": 0.0, "kl_coef": 0.05, "value_loss": 0.0}
A decoder-only architecture is being used, but right-padding was detected! For correct generation results, please set `padding_side='left'` when initializing the tokenizer.
{"step": 212, "epoch": 1, "rows": 8, "skipped": 0, "answer_accuracy": 0.625, "updates": 4, "seconds": 2.432847499847412, "time": 1790932073.8838818, "loss": -0.928808804169277, "confidence": 0.5732795038479903, "mass": 0.9999931876452642, "hinge_active": 0.0, "stop_prob": 0.9999427869915962, "sampled_number_rate": 1.0, "kl": 0.0, "kl_coef": 0.05, "value_loss": 0.0}
A decoder-only architecture is being used, but right-padding was detected! For correct generation results, please set `padding_side='left'` when initializing the tokenizer.
{"step": 213, "epoch": 1, "rows": 8, "skipped": 0, "answer_accuracy": 0.625, "updates": 4, "seconds": 2.385556697845459, "time": 1790932076.2704968, "loss": -0.8048985454017952, "confidence": 0.5459523912217533, "mass": 0.9999894681063225, "hinge_active": 0.0, "stop_prob": 0.9999295398592949, "sampled_number_rate": 1.0, "kl": 0.0, "kl_coef": 0.05, "value_loss": 0.0}
A decoder-only architecture is being used, but right-padding was detected! For correct generation results, please set `padding_side='left'` when initializing the tokenizer.
{"step": 214, "epoch": 1, "rows": 8, "skipped": 0, "answer_accuracy": 0.25, "updates": 4, "seconds": 2.3238749504089355, "time": 1790932078.5951746, "loss": -0.8623096277335409, "confidence": 0.4586576238097305, "mass": 0.9999960058642519, "hinge_active": 0.0, "stop_prob": 0.9999278858304024, "sampled_number_rate": 1.0, "kl": 0.0, "kl_coef": 0.05, "value_loss": 0.0}
A decoder-only architecture is being used, but right-padding was detected! For correct generation results, please set `padding_side='left'` when initializing the tokenizer.
{"step": 215, "epoch": 1, "rows": 8, "skipped": 0, "answer_accuracy": 0.375, "updates": 4, "seconds": 2.3937201499938965, "time": 1790932080.989704, "loss": -0.8669851042206224, "confidence": 0.35719581417980945, "mass": 0.9999936042192851, "hinge_active": 0.0, "stop_prob": 0.9999232366681099, "sampled_number_rate": 1.0, "kl": 0.0, "kl_coef": 0.05, "value_loss": 0.0}
A decoder-only architecture is being used, but right-padding was detected! For correct generation results, please set `padding_side='left'` when initializing the tokenizer.
{"step": 216, "epoch": 1, "rows": 8, "skipped": 0, "answer_accuracy": 0.5, "updates": 4, "seconds": 2.273484230041504, "time": 1790932083.264258, "loss": -0.8170652440741917, "confidence": 0.3247776862924583, "mass": 0.9999965925936292, "hinge_active": 0.0, "stop_prob": 0.9998859614133835, "sampled_number_rate": 1.0, "kl": 0.0, "kl_coef": 0.05, "value_loss": 0.0}
A decoder-only architecture is being used, but right-padding was detected! For correct generation results, please set `padding_side='left'` when initializing the tokenizer.
{"step": 217, "epoch": 1, "rows": 8, "skipped": 0, "answer_accuracy": 0.5, "updates": 4, "seconds": 2.435943365097046, "time": 1790932085.7011943, "loss": -0.8871695558005391, "confidence": 0.394957704415845, "mass": 0.9999946506042016, "hinge_active": 0.0, "stop_prob": 0.9998179152607918, "sampled_number_rate": 1.0, "kl": 0.0, "kl_coef": 0.05, "value_loss": 0.0}
A decoder-only architecture is being used, but right-padding was detected! For correct generation results, please set `padding_side='left'` when initializing the tokenizer.
{"step": 218, "epoch": 1, "rows": 8, "skipped": 0, "answer_accuracy": 0.625, "updates": 4, "seconds": 2.6030490398406982, "time": 1790932088.3056684, "loss": -0.9103243144283945, "confidence": 0.44920561599967684, "mass": 0.9999957541776933, "hinge_active": 0.0, "stop_prob": 0.9999376758933067, "sampled_number_rate": 1.0, "kl": 0.0, "kl_coef": 0.05, "value_loss": 0.0}
A decoder-only architecture is being used, but right-padding was detected! For correct generation results, please set `padding_side='left'` when initializing the tokenizer.
{"step": 219, "epoch": 1, "rows": 8, "skipped": 0, "answer_accuracy": 0.625, "updates": 4, "seconds": 2.5426878929138184, "time": 1790932090.8491838, "loss": -0.8464345928099449, "confidence": 0.4075778617562031, "mass": 0.9999974762472894, "hinge_active": 0.0, "stop_prob": 0.9999489262700081, "sampled_number_rate": 1.0, "kl": 0.0, "kl_coef": 0.05, "value_loss": 0.0}
A decoder-only architecture is being used, but right-padding was detected! For correct generation results, please set `padding_side='left'` when initializing the tokenizer.
{"step": 220, "epoch": 1, "rows": 8, "skipped": 0, "answer_accuracy": 0.625, "updates": 4, "seconds": 2.362182855606079, "time": 1790932093.212402, "loss": -0.8578849680793186, "confidence": 0.7367044287721586, "mass": 0.9999970901204795, "hinge_active": 0.0, "stop_prob": 0.999940313398838, "sampled_number_rate": 1.0, "kl": 0.0, "kl_coef": 0.05, "value_loss": 0.0}
A decoder-only architecture is being used, but right-padding was detected! For correct generation results, please set `padding_side='left'` when initializing the tokenizer.
{"step": 221, "epoch": 1, "rows": 8, "skipped": 0, "answer_accuracy": 0.25, "updates": 4, "seconds": 2.634556531906128, "time": 1790932095.8481562, "loss": -0.8683090502685122, "confidence": 0.46451222530481917, "mass": 0.9999964264826344, "hinge_active": 0.0, "stop_prob": 0.9999454915523529, "sampled_number_rate": 1.0, "kl": 0.0, "kl_coef": 0.05, "value_loss": 0.0}
A decoder-only architecture is being used, but right-padding was detected! For correct generation results, please set `padding_side='left'` when initializing the tokenizer.
{"step": 222, "epoch": 1, "rows": 8, "skipped": 0, "answer_accuracy": 0.75, "updates": 4, "seconds": 2.4335994720458984, "time": 1790932098.2862833, "loss": -0.9211605552483438, "confidence": 0.6751764269933888, "mass": 0.9999956160622218, "hinge_active": 0.0, "stop_prob": 0.9999344348907471, "sampled_number_rate": 1.0, "kl": 0.0, "kl_coef": 0.05, "value_loss": 0.0}
A decoder-only architecture is being used, but right-padding was detected! For correct generation results, please set `padding_side='left'` when initializing the tokenizer.
{"step": 223, "epoch": 1, "rows": 8, "skipped": 0, "answer_accuracy": 0.5, "updates": 4, "seconds": 2.681311845779419, "time": 1790932100.9683006, "loss": -0.9058153327781068, "confidence": 0.5280547617059573, "mass": 0.9999866808047225, "hinge_active": 0.0, "stop_prob": 0.9998663440346718, "sampled_number_rate": 1.0, "kl": 0.0, "kl_coef": 0.05, "value_loss": 0.0}
A decoder-only architecture is being used, but right-padding was detected! For correct generation results, please set `padding_side='left'` when initializing the tokenizer.
{"step": 224, "epoch": 1, "rows": 8, "skipped": 0, "answer_accuracy": 0.625, "updates": 4, "seconds": 2.460270404815674, "time": 1790932103.4294758, "loss": -0.9403788547819539, "confidence": 0.5856468234913851, "mass": 0.9999951046737017, "hinge_active": 0.0, "stop_prob": 0.9999305829405785, "sampled_number_rate": 1.0, "kl": 0.0, "kl_coef": 0.05, "value_loss": 0.0}
A decoder-only architecture is being used, but right-padding was detected! For correct generation results, please set `padding_side='left'` when initializing the tokenizer.
{"step": 225, "epoch": 1, "rows": 8, "skipped": 0, "answer_accuracy": 0.5, "updates": 4, "seconds": 2.5574491024017334, "time": 1790932105.9879696, "loss": -0.8672677094771488, "confidence": 0.5898632919909134, "mass": 0.9999961434513638, "hinge_active": 0.0, "stop_prob": 0.9999392256140709, "sampled_number_rate": 1.0, "kl": 0.0, "kl_coef": 0.05, "value_loss": 0.0}
A decoder-only architecture is being used, but right-padding was detected! For correct generation results, please set `padding_side='left'` when initializing the tokenizer.
{"step": 226, "epoch": 1, "rows": 8, "skipped": 0, "answer_accuracy": 0.625, "updates": 4, "seconds": 2.57265567779541, "time": 1790932108.5625637, "loss": -0.8634064187843038, "confidence": 0.7024517088662876, "mass": 0.9999901896183989, "hinge_active": 0.0, "stop_prob": 0.9998304173350334, "sampled_number_rate": 1.0, "kl": 0.0, "kl_coef": 0.05, "value_loss": 0.0}
A decoder-only architecture is being used, but right-padding was detected! For correct generation results, please set `padding_side='left'` when initializing the tokenizer.
{"step": 227, "epoch": 1, "rows": 8, "skipped": 0, "answer_accuracy": 0.625, "updates": 4, "seconds": 2.407256603240967, "time": 1790932110.9708498, "loss": -0.9442184969705799, "confidence": 0.5969649916575428, "mass": 0.9999938379705081, "hinge_active": 0.0, "stop_prob": 0.9999410957098007, "sampled_number_rate": 1.0, "kl": 0.0, "kl_coef": 0.05, "value_loss": 0.0}
A decoder-only architecture is being used, but right-padding was detected! For correct generation results, please set `padding_side='left'` when initializing the tokenizer.
{"step": 228, "epoch": 1, "rows": 8, "skipped": 0, "answer_accuracy": 0.375, "updates": 4, "seconds": 3.384568452835083, "time": 1790932114.356257, "loss": -0.8381112967857482, "confidence": 0.5508544440367045, "mass": 0.9999745643844364, "hinge_active": 0.0, "stop_prob": 0.9997353851795197, "sampled_number_rate": 1.0, "kl": 0.0, "kl_coef": 0.05, "value_loss": 0.0}
A decoder-only architecture is being used, but right-padding was detected! For correct generation results, please set `padding_side='left'` when initializing the tokenizer.
{"step": 229, "epoch": 1, "rows": 8, "skipped": 0, "answer_accuracy": 0.5, "updates": 4, "seconds": 2.567371368408203, "time": 1790932116.924499, "loss": -0.9339829928695648, "confidence": 0.4211652596382592, "mass": 0.9999936831844296, "hinge_active": 0.0, "stop_prob": 0.9999310374259949, "sampled_number_rate": 1.0, "kl": 0.0, "kl_coef": 0.05, "value_loss": 0.0}
A decoder-only architecture is being used, but right-padding was detected! For correct generation results, please set `padding_side='left'` when initializing the tokenizer.
{"step": 230, "epoch": 1, "rows": 8, "skipped": 0, "answer_accuracy": 0.5, "updates": 4, "seconds": 2.637707471847534, "time": 1790932119.5629916, "loss": -0.7498790979115911, "confidence": 0.6103823088532333, "mass": 0.999988949489297, "hinge_active": 0.0, "stop_prob": 0.99991175532341, "sampled_number_rate": 1.0, "kl": 0.0, "kl_coef": 0.05, "value_loss": 0.0}
A decoder-only architecture is being used, but right-padding was detected! For correct generation results, please set `padding_side='left'` when initializing the tokenizer.
{"step": 231, "epoch": 1, "rows": 8, "skipped": 0, "answer_accuracy": 0.375, "updates": 4, "seconds": 3.244227647781372, "time": 1790932122.808819, "loss": -0.9057038023847724, "confidence": 0.5013598106840873, "mass": 0.99996569687581, "hinge_active": 0.0, "stop_prob": 0.9997427687048912, "sampled_number_rate": 1.0, "kl": 0.0, "kl_coef": 0.05, "value_loss": 0.0}
A decoder-only architecture is being used, but right-padding was detected! For correct generation results, please set `padding_side='left'` when initializing the tokenizer.
{"step": 232, "epoch": 1, "rows": 8, "skipped": 0, "answer_accuracy": 0.625, "updates": 4, "seconds": 2.4093596935272217, "time": 1790932125.2191012, "loss": -0.8840176081973945, "confidence": 0.5206467842601511, "mass": 0.9999892363223684, "hinge_active": 0.0, "stop_prob": 0.9999193102121353, "sampled_number_rate": 1.0, "kl": 0.0, "kl_coef": 0.05, "value_loss": 0.0}
A decoder-only architecture is being used, but right-padding was detected! For correct generation results, please set `padding_side='left'` when initializing the tokenizer.
{"step": 233, "epoch": 1, "rows": 8, "skipped": 0, "answer_accuracy": 0.5, "updates": 4, "seconds": 2.6462697982788086, "time": 1790932127.8663604, "loss": -0.8310469549244627, "confidence": 0.34251861951936147, "mass": 0.9999748317561739, "hinge_active": 0.0, "stop_prob": 0.9998966231942177, "sampled_number_rate": 1.0, "kl": 0.0, "kl_coef": 0.05, "value_loss": 0.0}
A decoder-only architecture is being used, but right-padding was detected! For correct generation results, please set `padding_side='left'` when initializing the tokenizer.
{"step": 234, "epoch": 1, "rows": 8, "skipped": 0, "answer_accuracy": 0.875, "updates": 4, "seconds": 2.567121744155884, "time": 1790932130.4348693, "loss": -0.9106668984228742, "confidence": 0.6476852508894054, "mass": 0.9999907356646435, "hinge_active": 0.0, "stop_prob": 0.9999399930238724, "sampled_number_rate": 1.0, "kl": 0.0, "kl_coef": 0.05, "value_loss": 0.0}
A decoder-only architecture is being used, but right-padding was detected! For correct generation results, please set `padding_side='left'` when initializing the tokenizer.
{"step": 235, "epoch": 1, "rows": 8, "skipped": 0, "answer_accuracy": 0.25, "updates": 4, "seconds": 2.6816885471343994, "time": 1790932133.1178994, "loss": -0.8699787399455291, "confidence": 0.2330028328949317, "mass": 0.9999790271404568, "hinge_active": 0.0, "stop_prob": 0.9996367022395134, "sampled_number_rate": 1.0, "kl": 0.0, "kl_coef": 0.05, "value_loss": 0.0}
A decoder-only architecture is being used, but right-padding was detected! For correct generation results, please set `padding_side='left'` when initializing the tokenizer.
{"step": 236, "epoch": 1, "rows": 8, "skipped": 0, "answer_accuracy": 0.375, "updates": 4, "seconds": 2.5539193153381348, "time": 1790932135.672601, "loss": -0.8741850925907375, "confidence": 0.3830673947559911, "mass": 0.9999891618084005, "hinge_active": 0.0, "stop_prob": 0.9998846501111984, "sampled_number_rate": 1.0, "kl": 0.0, "kl_coef": 0.05, "value_loss": 0.0}
A decoder-only architecture is being used, but right-padding was detected! For correct generation results, please set `padding_side='left'` when initializing the tokenizer.
{"step": 237, "epoch": 1, "rows": 8, "skipped": 0, "answer_accuracy": 0.5, "updates": 4, "seconds": 2.606768846511841, "time": 1790932138.2855542, "loss": -0.9360157825707722, "confidence": 0.54221602501794, "mass": 0.9996398135693765, "hinge_active": 0.0, "stop_prob": 0.999720424413681, "sampled_number_rate": 1.0, "kl": 0.0, "kl_coef": 0.05, "value_loss": 0.0}
A decoder-only architecture is being used, but right-padding was detected! For correct generation results, please set `padding_side='left'` when initializing the tokenizer.
{"step": 238, "epoch": 1, "rows": 8, "skipped": 0, "answer_accuracy": 0.5, "updates": 4, "seconds": 2.964794397354126, "time": 1790932141.2514727, "loss": -0.8537588879554123, "confidence": 0.6018143886518504, "mass": 0.9999919937224355, "hinge_active": 0.0, "stop_prob": 0.9998842254281044, "sampled_number_rate": 1.0, "kl": 0.0, "kl_coef": 0.05, "value_loss": 0.0}
A decoder-only architecture is being used, but right-padding was detected! For correct generation results, please set `padding_side='left'` when initializing the tokenizer.
{"step": 239, "epoch": 1, "rows": 8, "skipped": 0, "answer_accuracy": 0.625, "updates": 4, "seconds": 2.623366355895996, "time": 1790932143.875788, "loss": -0.908415482599062, "confidence": 0.5618182310727672, "mass": 0.9999728055148434, "hinge_active": 0.0, "stop_prob": 0.9997911602258682, "sampled_number_rate": 1.0, "kl": 0.0, "kl_coef": 0.05, "value_loss": 0.0}
A decoder-only architecture is being used, but right-padding was detected! For correct generation results, please set `padding_side='left'` when initializing the tokenizer.
{"step": 240, "epoch": 1, "rows": 8, "skipped": 0, "answer_accuracy": 0.75, "updates": 4, "seconds": 2.5040647983551025, "time": 1790932146.3807003, "loss": -0.8893582284499528, "confidence": 0.5164175670753424, "mass": 0.999987819012954, "hinge_active": 0.0, "stop_prob": 0.9998567253351212, "sampled_number_rate": 1.0, "kl": 0.0, "kl_coef": 0.05, "value_loss": 0.0}
A decoder-only architecture is being used, but right-padding was detected! For correct generation results, please set `padding_side='left'` when initializing the tokenizer.
{"step": 241, "epoch": 1, "rows": 8, "skipped": 0, "answer_accuracy": 0.625, "updates": 4, "seconds": 3.100267171859741, "time": 1790932149.4819636, "loss": -0.8558298514316354, "confidence": 0.5680310857073847, "mass": 0.9999095062898085, "hinge_active": 0.0, "stop_prob": 0.9998770579695702, "sampled_number_rate": 1.0, "kl": 0.0, "kl_coef": 0.05, "value_loss": 0.0}
A decoder-only architecture is being used, but right-padding was detected! For correct generation results, please set `padding_side='left'` when initializing the tokenizer.
{"step": 242, "epoch": 1, "rows": 8, "skipped": 0, "answer_accuracy": 0.75, "updates": 4, "seconds": 2.7651681900024414, "time": 1790932152.2506056, "loss": -0.867452091243651, "confidence": 0.4816674386017242, "mass": 0.9998636238186804, "hinge_active": 0.0, "stop_prob": 0.9999150708317757, "sampled_number_rate": 1.0, "kl": 0.0, "kl_coef": 0.05, "value_loss": 0.0}
A decoder-only architecture is being used, but right-padding was detected! For correct generation results, please set `padding_side='left'` when initializing the tokenizer.
{"step": 243, "epoch": 1, "rows": 8, "skipped": 0, "answer_accuracy": 0.625, "updates": 4, "seconds": 2.5537068843841553, "time": 1790932154.8052042, "loss": -0.8410679091024023, "confidence": 0.5819908003443353, "mass": 0.9999614120301259, "hinge_active": 0.0, "stop_prob": 0.9996760040521622, "sampled_number_rate": 1.0, "kl": 0.0, "kl_coef": 0.05, "value_loss": 0.0}
A decoder-only architecture is being used, but right-padding was detected! For correct generation results, please set `padding_side='left'` when initializing the tokenizer.
{"step": 244, "epoch": 1, "rows": 8, "skipped": 0, "answer_accuracy": 0.75, "updates": 4, "seconds": 2.7488648891448975, "time": 1790932157.5548673, "loss": -0.8758935643928539, "confidence": 0.6249803882252816, "mass": 0.9990499989893052, "hinge_active": 0.0, "stop_prob": 0.99992585927248, "sampled_number_rate": 1.0, "kl": 0.0, "kl_coef": 0.05, "value_loss": 0.0}
A decoder-only architecture is being used, but right-padding was detected! For correct generation results, please set `padding_side='left'` when initializing the tokenizer.
{"step": 245, "epoch": 1, "rows": 8, "skipped": 0, "answer_accuracy": 0.75, "updates": 4, "seconds": 2.672612190246582, "time": 1790932160.2286239, "loss": -0.9399248556792822, "confidence": 0.8023356995862201, "mass": 0.9986464829682382, "hinge_active": 0.0, "stop_prob": 0.999907486140728, "sampled_number_rate": 1.0, "kl": 0.0, "kl_coef": 0.05, "value_loss": 0.0}
A decoder-only architecture is being used, but right-padding was detected! For correct generation results, please set `padding_side='left'` when initializing the tokenizer.
{"step": 246, "epoch": 1, "rows": 8, "skipped": 0, "answer_accuracy": 0.75, "updates": 4, "seconds": 2.6527554988861084, "time": 1790932162.8824694, "loss": -0.9006257509375536, "confidence": 0.5710766258285046, "mass": 0.9992520570913976, "hinge_active": 0.0, "stop_prob": 0.9998118281364441, "sampled_number_rate": 1.0, "kl": 0.0, "kl_coef": 0.05, "value_loss": 0.0}
A decoder-only architecture is being used, but right-padding was detected! For correct generation results, please set `padding_side='left'` when initializing the tokenizer.
{"step": 247, "epoch": 1, "rows": 8, "skipped": 0, "answer_accuracy": 0.25, "updates": 4, "seconds": 2.5024020671844482, "time": 1790932165.386193, "loss": -0.7899805150544446, "confidence": 0.5503366059881881, "mass": 0.9997460684490044, "hinge_active": 0.0, "stop_prob": 0.9996755123138428, "sampled_number_rate": 1.0, "kl": 0.0, "kl_coef": 0.05, "value_loss": 0.0}
A decoder-only architecture is being used, but right-padding was detected! For correct generation results, please set `padding_side='left'` when initializing the tokenizer.
{"step": 248, "epoch": 1, "rows": 8, "skipped": 0, "answer_accuracy": 0.75, "updates": 4, "seconds": 2.439990282058716, "time": 1790932167.8272157, "loss": -0.8673557126029886, "confidence": 0.6916915723519718, "mass": 0.9996168518490854, "hinge_active": 0.0, "stop_prob": 0.9999386519193649, "sampled_number_rate": 1.0, "kl": 0.0, "kl_coef": 0.05, "value_loss": 0.0}
A decoder-only architecture is being used, but right-padding was detected! For correct generation results, please set `padding_side='left'` when initializing the tokenizer.
{"step": 249, "epoch": 1, "rows": 8, "skipped": 0, "answer_accuracy": 0.875, "updates": 4, "seconds": 2.806522846221924, "time": 1790932170.6345894, "loss": -0.9365262814557702, "confidence": 0.9124597915527517, "mass": 0.9989781142270043, "hinge_active": 0.0, "stop_prob": 0.9998961314558983, "sampled_number_rate": 1.0, "kl": 0.0, "kl_coef": 0.05, "value_loss": 0.0}
A decoder-only architecture is being used, but right-padding was detected! For correct generation results, please set `padding_side='left'` when initializing the tokenizer.
{"step": 250, "epoch": 1, "rows": 8, "skipped": 0, "answer_accuracy": 0.25, "updates": 4, "seconds": 2.7595314979553223, "time": 1790932173.4071572, "loss": -0.5562533365828388, "confidence": 0.6896882915364917, "mass": 0.9998224394266365, "hinge_active": 0.0, "stop_prob": 0.9998906180262566, "sampled_number_rate": 1.0, "kl": 0.0, "kl_coef": 0.05, "value_loss": 0.0}
A decoder-only architecture is being used, but right-padding was detected! For correct generation results, please set `padding_side='left'` when initializing the tokenizer.
{"step": 251, "epoch": 1, "rows": 8, "skipped": 0, "answer_accuracy": 0.5, "updates": 4, "seconds": 2.5570640563964844, "time": 1790932175.9651928, "loss": -0.7304362663179624, "confidence": 0.7604593530574535, "mass": 0.9999162661225428, "hinge_active": 0.0, "stop_prob": 0.9999122321605682, "sampled_number_rate": 1.0, "kl": 0.0, "kl_coef": 0.05, "value_loss": 0.0}
A decoder-only architecture is being used, but right-padding was detected! For correct generation results, please set `padding_side='left'` when initializing the tokenizer.
{"step": 252, "epoch": 1, "rows": 8, "skipped": 0, "answer_accuracy": 0.625, "updates": 4, "seconds": 2.488919973373413, "time": 1790932178.4574337, "loss": -0.817879977631488, "confidence": 0.6724119309898448, "mass": 0.9999954294333309, "hinge_active": 0.0, "stop_prob": 0.9999002143740654, "sampled_number_rate": 1.0, "kl": 0.0, "kl_coef": 0.05, "value_loss": 0.0}
A decoder-only architecture is being used, but right-padding was detected! For correct generation results, please set `padding_side='left'` when initializing the tokenizer.
{"step": 253, "epoch": 1, "rows": 8, "skipped": 0, "answer_accuracy": 0.75, "updates": 4, "seconds": 2.531681776046753, "time": 1790932180.989868, "loss": -0.8935718804420476, "confidence": 0.5419623579165974, "mass": 0.9999967884368803, "hinge_active": 0.0, "stop_prob": 0.9999355599284172, "sampled_number_rate": 1.0, "kl": 0.0, "kl_coef": 0.05, "value_loss": 0.0}
A decoder-only architecture is being used, but right-padding was detected! For correct generation results, please set `padding_side='left'` when initializing the tokenizer.
{"step": 254, "epoch": 1, "rows": 8, "skipped": 0, "answer_accuracy": 0.625, "updates": 4, "seconds": 3.122394323348999, "time": 1790932184.1134531, "loss": -0.8757809736533604, "confidence": 0.4349775929924532, "mass": 0.9999929958751055, "hinge_active": 0.0, "stop_prob": 0.9998079165816307, "sampled_number_rate": 1.0, "kl": 0.0, "kl_coef": 0.05, "value_loss": 0.0}
A decoder-only architecture is being used, but right-padding was detected! For correct generation results, please set `padding_side='left'` when initializing the tokenizer.
{"step": 255, "epoch": 1, "rows": 8, "skipped": 0, "answer_accuracy": 0.375, "updates": 4, "seconds": 2.4796571731567383, "time": 1790932186.5943706, "loss": -0.8495810475809605, "confidence": 0.2818974158921566, "mass": 0.999994201261183, "hinge_active": 0.0, "stop_prob": 0.9996945336461067, "sampled_number_rate": 1.0, "kl": 0.0, "kl_coef": 0.05, "value_loss": 0.0}
A decoder-only architecture is being used, but right-padding was detected! For correct generation results, please set `padding_side='left'` when initializing the tokenizer.
{"step": 256, "epoch": 1, "rows": 8, "skipped": 0, "answer_accuracy": 0.25, "updates": 4, "seconds": 2.5120418071746826, "time": 1790932189.1072388, "loss": -0.9195876130415576, "confidence": 0.34865618275147153, "mass": 0.9994750892610558, "hinge_active": 0.0, "stop_prob": 0.9998274147510529, "sampled_number_rate": 1.0, "kl": 0.0, "kl_coef": 0.05, "value_loss": 0.0, "save_seconds": 0.5394601821899414}
