🦥 Unsloth: Will patch your computer to enable 2x faster free finetuning.
🦥 Unsloth Zoo will now patch everything to make training faster!
wandb: Currently logged in as: rrenaud (multi-tokenizer). Use `wandb login --relogin` to force relogin
wandb: Using wandb-core as the SDK backend.  Please refer to https://wandb.me/wandb-core for more information.
wandb: Tracking run with wandb version 0.19.2
wandb: Run data is saved locally in /workspace/runs/klgrid-exact-kl0/wandb/run-20261004_200606-85562b6eca3c29b8
wandb: Run `wandb offline` to turn off syncing.
wandb: Syncing run klgrid-exact-kl0
wandb: ⭐️ View project at https://wandb.ai/multi-tokenizer/rewarding-doubt
wandb: 🚀 View run at https://wandb.ai/multi-tokenizer/rewarding-doubt/runs/85562b6eca3c29b8
==((====))==  Unsloth 2025.1.5: Fast Qwen2 patching. Transformers: 4.48.0.
   \\   /|    GPU: NVIDIA GeForce RTX 4090. Max memory: 23.516 GB. Platform: Linux.
O^O/ \_/ \    Torch: 2.5.1+cu124. CUDA: 8.9. CUDA Toolkit: 12.4. Triton: 3.1.0
\        /    Bfloat16 = TRUE. FA [Xformers = 0.0.29.post1. FA2 = False]
 "-____-"     Free Apache license: http://github.com/unslothai/unsloth
Unsloth: Fast downloading is enabled - ignore downloading bars which are red colored!
Unsloth 2025.1.5 patched 36 layers with 36 QKV layers, 36 O layers and 36 MLP layers.
WARNING:root:The `device_map` argument is not provided. We will override the device_map argument. to set the entire model on the current device. If you want to set the model on multiple devices, please provide a custom `device_map` argument.
exact step 0: answers scored 8, mean expected reward -4.239, kl coef 0.0000, update 4.28 s, wall 1791144404.0
exact step 1: answers scored 8, mean expected reward 0.568, kl coef 0.0000, update 2.86 s, wall 1791144407.4
exact step 2: answers scored 8, mean expected reward 3.929, kl coef 0.0000, update 3.18 s, wall 1791144411.3
exact step 3: answers scored 7, mean expected reward 7.979, kl coef 0.0000, update 2.92 s, wall 1791144430.0
exact step 4: answers scored 8, mean expected reward 5.913, kl coef 0.0000, update 2.82 s, wall 1791144433.7
exact step 5: answers scored 8, mean expected reward 6.346, kl coef 0.0000, update 2.84 s, wall 1791144437.1
exact step 6: answers scored 8, mean expected reward 6.206, kl coef 0.0000, update 3.31 s, wall 1791144441.1
exact step 7: answers scored 8, mean expected reward 6.658, kl coef 0.0000, update 2.96 s, wall 1791144445.1
exact step 8: answers scored 8, mean expected reward 4.435, kl coef 0.0000, update 2.82 s, wall 1791144448.5
exact step 9: answers scored 8, mean expected reward 7.420, kl coef 0.0000, update 2.85 s, wall 1791144452.2
exact step 10: answers scored 8, mean expected reward 5.550, kl coef 0.0000, update 2.83 s, wall 1791144455.8
exact step 11: answers scored 8, mean expected reward 4.442, kl coef 0.0000, update 2.86 s, wall 1791144459.3
exact step 12: answers scored 8, mean expected reward 8.874, kl coef 0.0000, update 2.84 s, wall 1791144464.2
exact step 13: answers scored 8, mean expected reward 5.550, kl coef 0.0000, update 2.84 s, wall 1791144467.7
exact step 14: answers scored 7, mean expected reward 8.396, kl coef 0.0000, update 2.85 s, wall 1791144474.8
exact step 15: answers scored 8, mean expected reward 5.550, kl coef 0.0000, update 3.01 s, wall 1791144478.7
exact step 16: answers scored 8, mean expected reward 6.383, kl coef 0.0000, update 2.84 s, wall 1791144482.1
exact step 17: answers scored 8, mean expected reward 4.442, kl coef 0.0000, update 2.85 s, wall 1791144486.0
exact step 18: answers scored 8, mean expected reward 4.852, kl coef 0.0000, update 2.82 s, wall 1791144489.7
exact step 19: answers scored 8, mean expected reward 7.766, kl coef 0.0000, update 2.89 s, wall 1791144493.3
exact step 20: answers scored 8, mean expected reward 5.564, kl coef 0.0000, update 2.84 s, wall 1791144496.8
exact step 21: answers scored 8, mean expected reward 4.519, kl coef 0.0000, update 2.82 s, wall 1791144501.1
exact step 22: answers scored 7, mean expected reward 6.252, kl coef 0.0000, update 2.88 s, wall 1791144519.9
exact step 23: answers scored 8, mean expected reward 4.450, kl coef 0.0000, update 2.93 s, wall 1791144523.5
exact step 24: answers scored 8, mean expected reward 6.658, kl coef 0.0000, update 2.91 s, wall 1791144527.7
exact step 25: answers scored 8, mean expected reward 5.550, kl coef 0.0000, update 2.84 s, wall 1791144531.3
exact step 26: answers scored 8, mean expected reward 6.730, kl coef 0.0000, update 2.85 s, wall 1791144534.9
exact step 27: answers scored 8, mean expected reward 5.202, kl coef 0.0000, update 2.83 s, wall 1791144540.8
exact step 28: answers scored 8, mean expected reward 8.871, kl coef 0.0000, update 2.92 s, wall 1791144544.6
exact step 29: answers scored 8, mean expected reward 6.661, kl coef 0.0000, update 2.82 s, wall 1791144548.0
exact step 30: answers scored 8, mean expected reward 7.765, kl coef 0.0000, update 2.87 s, wall 1791144551.6
exact step 31: answers scored 8, mean expected reward 6.313, kl coef 0.0000, update 2.86 s, wall 1791144556.1
exact step 32: answers scored 8, mean expected reward 7.237, kl coef 0.0000, update 2.88 s, wall 1791144559.7
exact step 33: answers scored 8, mean expected reward 6.457, kl coef 0.0000, update 2.86 s, wall 1791144564.5
exact step 34: answers scored 8, mean expected reward 5.542, kl coef 0.0000, update 2.84 s, wall 1791144568.2
exact step 35: answers scored 8, mean expected reward 5.141, kl coef 0.0000, update 2.85 s, wall 1791144571.7
exact step 36: answers scored 8, mean expected reward 7.579, kl coef 0.0000, update 2.96 s, wall 1791144575.3
exact step 37: answers scored 7, mean expected reward 8.552, kl coef 0.0000, update 2.88 s, wall 1791144581.6
exact step 38: answers scored 8, mean expected reward 6.405, kl coef 0.0000, update 2.88 s, wall 1791144585.0
exact step 39: answers scored 8, mean expected reward 5.532, kl coef 0.0000, update 2.87 s, wall 1791144588.8
exact step 40: answers scored 8, mean expected reward 6.746, kl coef 0.0000, update 2.90 s, wall 1791144595.8
exact step 41: answers scored 8, mean expected reward 5.516, kl coef 0.0000, update 2.85 s, wall 1791144599.6
exact step 42: answers scored 8, mean expected reward 8.329, kl coef 0.0000, update 2.83 s, wall 1791144603.0
exact step 43: answers scored 8, mean expected reward 8.773, kl coef 0.0000, update 2.88 s, wall 1791144606.6
exact step 44: answers scored 7, mean expected reward 9.856, kl coef 0.0000, update 2.89 s, wall 1791144610.6
exact step 45: answers scored 8, mean expected reward 8.814, kl coef 0.0000, update 2.84 s, wall 1791144613.9
exact step 46: answers scored 8, mean expected reward 9.218, kl coef 0.0000, update 2.84 s, wall 1791144617.3
exact step 47: answers scored 8, mean expected reward 9.155, kl coef 0.0000, update 2.86 s, wall 1791144621.6
exact step 48: answers scored 8, mean expected reward 9.766, kl coef 0.0000, update 2.89 s, wall 1791144625.5
exact step 49: answers scored 8, mean expected reward 9.113, kl coef 0.0000, update 2.86 s, wall 1791144629.1
exact step 50: answers scored 7, mean expected reward 9.148, kl coef 0.0000, update 2.83 s, wall 1791144633.5
exact step 51: answers scored 7, mean expected reward 8.674, kl coef 0.0000, update 2.90 s, wall 1791144639.7
exact step 52: answers scored 8, mean expected reward 9.636, kl coef 0.0000, update 2.98 s, wall 1791144643.7
exact step 53: answers scored 8, mean expected reward 9.521, kl coef 0.0000, update 2.92 s, wall 1791144648.2
exact step 54: answers scored 8, mean expected reward 9.578, kl coef 0.0000, update 2.89 s, wall 1791144652.0
exact step 55: answers scored 8, mean expected reward 9.500, kl coef 0.0000, update 2.91 s, wall 1791144655.6
exact step 56: answers scored 8, mean expected reward 9.573, kl coef 0.0000, update 2.89 s, wall 1791144659.1
exact step 57: answers scored 8, mean expected reward 9.461, kl coef 0.0000, update 2.91 s, wall 1791144662.7
exact step 58: answers scored 8, mean expected reward 8.737, kl coef 0.0000, update 2.87 s, wall 1791144666.6
exact step 59: answers scored 8, mean expected reward 9.656, kl coef 0.0000, update 2.88 s, wall 1791144671.0
exact step 60: answers scored 8, mean expected reward 9.572, kl coef 0.0000, update 2.95 s, wall 1791144674.6
exact step 61: answers scored 8, mean expected reward 9.005, kl coef 0.0000, update 2.86 s, wall 1791144678.0
exact step 62: answers scored 8, mean expected reward 9.222, kl coef 0.0000, update 2.82 s, wall 1791144681.8
exact step 63: answers scored 8, mean expected reward 9.202, kl coef 0.0000, update 2.86 s, wall 1791144686.0
exact step 64: answers scored 8, mean expected reward 9.566, kl coef 0.0000, update 2.83 s, wall 1791144689.6
exact step 65: answers scored 8, mean expected reward 9.244, kl coef 0.0000, update 2.84 s, wall 1791144693.0
exact step 66: answers scored 8, mean expected reward 9.610, kl coef 0.0000, update 2.81 s, wall 1791144696.9
exact step 67: answers scored 8, mean expected reward 9.196, kl coef 0.0000, update 2.85 s, wall 1791144700.8
exact step 68: answers scored 8, mean expected reward 9.343, kl coef 0.0000, update 2.84 s, wall 1791144704.2
exact step 69: answers scored 8, mean expected reward 9.225, kl coef 0.0000, update 2.86 s, wall 1791144707.7
exact step 70: answers scored 8, mean expected reward 9.115, kl coef 0.0000, update 3.09 s, wall 1791144711.8
exact step 71: answers scored 8, mean expected reward 10.045, kl coef 0.0000, update 2.87 s, wall 1791144715.7
exact step 72: answers scored 8, mean expected reward 9.054, kl coef 0.0000, update 2.86 s, wall 1791144719.2
exact step 73: answers scored 8, mean expected reward 9.527, kl coef 0.0000, update 2.88 s, wall 1791144723.1
exact step 74: answers scored 8, mean expected reward 9.452, kl coef 0.0000, update 2.89 s, wall 1791144727.0
exact step 75: answers scored 8, mean expected reward 9.631, kl coef 0.0000, update 2.95 s, wall 1791144735.4
exact step 76: answers scored 8, mean expected reward 9.717, kl coef 0.0000, update 2.84 s, wall 1791144739.1
exact step 77: answers scored 8, mean expected reward 9.412, kl coef 0.0000, update 2.83 s, wall 1791144747.5
exact step 78: answers scored 8, mean expected reward 8.975, kl coef 0.0000, update 2.80 s, wall 1791144750.9
exact step 79: answers scored 8, mean expected reward 9.692, kl coef 0.0000, update 2.81 s, wall 1791144754.3
exact step 80: answers scored 8, mean expected reward 9.130, kl coef 0.0000, update 2.81 s, wall 1791144757.7
exact step 81: answers scored 8, mean expected reward 9.952, kl coef 0.0000, update 2.83 s, wall 1791144761.3
exact step 82: answers scored 8, mean expected reward 9.658, kl coef 0.0000, update 2.81 s, wall 1791144764.7
exact step 83: answers scored 8, mean expected reward 9.215, kl coef 0.0000, update 2.82 s, wall 1791144768.3
exact step 84: answers scored 8, mean expected reward 9.173, kl coef 0.0000, update 2.83 s, wall 1791144772.8
exact step 85: answers scored 8, mean expected reward 9.720, kl coef 0.0000, update 3.02 s, wall 1791144778.3
exact step 86: answers scored 8, mean expected reward 9.055, kl coef 0.0000, update 2.84 s, wall 1791144782.7
exact step 87: answers scored 8, mean expected reward 9.643, kl coef 0.0000, update 2.83 s, wall 1791144786.1
exact step 88: answers scored 8, mean expected reward 9.759, kl coef 0.0000, update 2.86 s, wall 1791144791.0
exact step 89: answers scored 8, mean expected reward 10.147, kl coef 0.0000, update 2.85 s, wall 1791144794.7
exact step 90: answers scored 8, mean expected reward 9.614, kl coef 0.0000, update 2.83 s, wall 1791144798.0
exact step 91: answers scored 8, mean expected reward 9.494, kl coef 0.0000, update 2.85 s, wall 1791144801.8
exact step 92: answers scored 8, mean expected reward 9.730, kl coef 0.0000, update 2.84 s, wall 1791144805.4
exact step 93: answers scored 8, mean expected reward 9.381, kl coef 0.0000, update 2.82 s, wall 1791144808.9
exact step 94: answers scored 8, mean expected reward 9.445, kl coef 0.0000, update 2.84 s, wall 1791144813.6
exact step 95: answers scored 8, mean expected reward 8.975, kl coef 0.0000, update 2.86 s, wall 1791144817.1
exact step 96: answers scored 8, mean expected reward 9.679, kl coef 0.0000, update 2.80 s, wall 1791144820.6
exact step 97: answers scored 8, mean expected reward 9.096, kl coef 0.0000, update 2.82 s, wall 1791144824.5
exact step 98: answers scored 8, mean expected reward 10.139, kl coef 0.0000, update 2.84 s, wall 1791144827.9
exact step 99: answers scored 8, mean expected reward 9.609, kl coef 0.0000, update 2.79 s, wall 1791144831.4
exact step 100: answers scored 7, mean expected reward 9.381, kl coef 0.0000, update 2.77 s, wall 1791144836.5
exact step 101: answers scored 8, mean expected reward 9.057, kl coef 0.0000, update 2.81 s, wall 1791144840.7
exact step 102: answers scored 8, mean expected reward 9.561, kl coef 0.0000, update 2.95 s, wall 1791144844.5
exact step 103: answers scored 8, mean expected reward 8.127, kl coef 0.0000, update 2.87 s, wall 1791144848.2
exact step 104: answers scored 8, mean expected reward 8.011, kl coef 0.0000, update 2.80 s, wall 1791144851.7
exact step 105: answers scored 8, mean expected reward 9.710, kl coef 0.0000, update 2.82 s, wall 1791144855.2
exact step 106: answers scored 7, mean expected reward 9.566, kl coef 0.0000, update 2.84 s, wall 1791144860.1
exact step 107: answers scored 8, mean expected reward 9.396, kl coef 0.0000, update 2.83 s, wall 1791144863.5
exact step 108: answers scored 8, mean expected reward 9.173, kl coef 0.0000, update 2.83 s, wall 1791144867.0
exact step 109: answers scored 8, mean expected reward 9.675, kl coef 0.0000, update 2.80 s, wall 1791144870.5
exact step 110: answers scored 8, mean expected reward 9.827, kl coef 0.0000, update 2.86 s, wall 1791144874.0
exact step 111: answers scored 8, mean expected reward 10.428, kl coef 0.0000, update 2.92 s, wall 1791144877.5
exact step 112: answers scored 8, mean expected reward 8.426, kl coef 0.0000, update 2.88 s, wall 1791144882.3
exact step 113: answers scored 8, mean expected reward 9.316, kl coef 0.0000, update 2.83 s, wall 1791144886.9
exact step 114: answers scored 8, mean expected reward 7.407, kl coef 0.0000, update 2.83 s, wall 1791144890.6
exact step 115: answers scored 8, mean expected reward 9.890, kl coef 0.0000, update 2.83 s, wall 1791144895.0
exact step 116: answers scored 8, mean expected reward 8.432, kl coef 0.0000, update 2.81 s, wall 1791144899.3
exact step 117: answers scored 7, mean expected reward 10.022, kl coef 0.0000, update 2.82 s, wall 1791144902.8
exact step 118: answers scored 8, mean expected reward 10.371, kl coef 0.0000, update 2.81 s, wall 1791144906.2
exact step 119: answers scored 8, mean expected reward 9.465, kl coef 0.0000, update 2.99 s, wall 1791144909.8
exact step 120: answers scored 7, mean expected reward 9.408, kl coef 0.0000, update 2.84 s, wall 1791144914.5
exact step 121: answers scored 8, mean expected reward 8.949, kl coef 0.0000, update 2.83 s, wall 1791144919.0
exact step 122: answers scored 8, mean expected reward 9.257, kl coef 0.0000, update 2.87 s, wall 1791144922.5
exact step 123: answers scored 8, mean expected reward 7.778, kl coef 0.0000, update 2.87 s, wall 1791144927.3
exact step 124: answers scored 7, mean expected reward 9.508, kl coef 0.0000, update 2.83 s, wall 1791144932.5
exact step 125: answers scored 8, mean expected reward 8.867, kl coef 0.0000, update 2.86 s, wall 1791144936.8
exact step 126: answers scored 8, mean expected reward 9.662, kl coef 0.0000, update 2.87 s, wall 1791144940.4
exact step 127: answers scored 8, mean expected reward 9.545, kl coef 0.0000, update 2.89 s, wall 1791144944.2
exact step 128: answers scored 8, mean expected reward 9.601, kl coef 0.0000, update 2.87 s, wall 1791144948.1
exact step 129: answers scored 8, mean expected reward 8.894, kl coef 0.0000, update 2.87 s, wall 1791144953.6
exact step 130: answers scored 8, mean expected reward 9.331, kl coef 0.0000, update 2.86 s, wall 1791144957.2
exact step 131: answers scored 8, mean expected reward 9.636, kl coef 0.0000, update 2.85 s, wall 1791144962.5
exact step 132: answers scored 8, mean expected reward 9.306, kl coef 0.0000, update 3.08 s, wall 1791144966.3
exact step 133: answers scored 8, mean expected reward 9.322, kl coef 0.0000, update 2.84 s, wall 1791144970.9
exact step 134: answers scored 8, mean expected reward 10.130, kl coef 0.0000, update 3.00 s, wall 1791144974.6
exact step 135: answers scored 8, mean expected reward 9.559, kl coef 0.0000, update 2.83 s, wall 1791144978.2
exact step 136: answers scored 8, mean expected reward 9.621, kl coef 0.0000, update 2.82 s, wall 1791144981.6
exact step 137: answers scored 6, mean expected reward 9.313, kl coef 0.0000, update 2.83 s, wall 1791144989.6
exact step 138: answers scored 8, mean expected reward 7.580, kl coef 0.0000, update 2.87 s, wall 1791144996.0
exact step 139: answers scored 8, mean expected reward 10.257, kl coef 0.0000, update 2.87 s, wall 1791144999.9
exact step 140: answers scored 8, mean expected reward 10.333, kl coef 0.0000, update 2.86 s, wall 1791145003.3
exact step 141: answers scored 8, mean expected reward 9.575, kl coef 0.0000, update 2.95 s, wall 1791145007.1
exact step 142: answers scored 8, mean expected reward 9.756, kl coef 0.0000, update 2.81 s, wall 1791145010.6
exact step 143: answers scored 8, mean expected reward 9.809, kl coef 0.0000, update 2.81 s, wall 1791145014.9
exact step 144: answers scored 8, mean expected reward 9.514, kl coef 0.0000, update 2.78 s, wall 1791145018.4
exact step 145: answers scored 8, mean expected reward 7.336, kl coef 0.0000, update 2.80 s, wall 1791145021.9
exact step 146: answers scored 8, mean expected reward 9.369, kl coef 0.0000, update 2.79 s, wall 1791145025.2
exact step 147: answers scored 8, mean expected reward 7.653, kl coef 0.0000, update 2.80 s, wall 1791145028.9
exact step 148: answers scored 8, mean expected reward 10.024, kl coef 0.0000, update 2.79 s, wall 1791145032.4
exact step 149: answers scored 8, mean expected reward 9.504, kl coef 0.0000, update 2.82 s, wall 1791145035.9
exact step 150: answers scored 8, mean expected reward 8.580, kl coef 0.0000, update 2.93 s, wall 1791145039.8
exact step 151: answers scored 8, mean expected reward 9.599, kl coef 0.0000, update 2.87 s, wall 1791145046.8
exact step 152: answers scored 8, mean expected reward 9.820, kl coef 0.0000, update 2.80 s, wall 1791145050.3
exact step 153: answers scored 8, mean expected reward 9.483, kl coef 0.0000, update 2.79 s, wall 1791145054.1
exact step 154: answers scored 8, mean expected reward 9.473, kl coef 0.0000, update 2.82 s, wall 1791145058.8
exact step 155: answers scored 8, mean expected reward 8.983, kl coef 0.0000, update 2.79 s, wall 1791145062.3
exact step 156: answers scored 7, mean expected reward 9.047, kl coef 0.0000, update 2.78 s, wall 1791145066.1
exact step 157: answers scored 8, mean expected reward 9.272, kl coef 0.0000, update 2.83 s, wall 1791145069.6
exact step 158: answers scored 8, mean expected reward 9.416, kl coef 0.0000, update 2.97 s, wall 1791145073.4
exact step 159: answers scored 8, mean expected reward 9.472, kl coef 0.0000, update 2.85 s, wall 1791145078.6
exact step 160: answers scored 8, mean expected reward 10.475, kl coef 0.0000, update 2.79 s, wall 1791145082.6
exact step 161: answers scored 8, mean expected reward 10.024, kl coef 0.0000, update 2.79 s, wall 1791145086.6
exact step 162: answers scored 8, mean expected reward 7.230, kl coef 0.0000, update 2.82 s, wall 1791145090.2
exact step 163: answers scored 8, mean expected reward 10.218, kl coef 0.0000, update 2.80 s, wall 1791145093.6
exact step 164: answers scored 8, mean expected reward 9.003, kl coef 0.0000, update 2.82 s, wall 1791145097.3
exact step 165: answers scored 8, mean expected reward 9.235, kl coef 0.0000, update 2.86 s, wall 1791145101.6
exact step 166: answers scored 8, mean expected reward 9.962, kl coef 0.0000, update 3.03 s, wall 1791145105.2
exact step 167: answers scored 8, mean expected reward 10.223, kl coef 0.0000, update 2.87 s, wall 1791145108.7
exact step 168: answers scored 8, mean expected reward 10.291, kl coef 0.0000, update 2.88 s, wall 1791145112.7
exact step 169: answers scored 7, mean expected reward 9.623, kl coef 0.0000, update 2.84 s, wall 1791145117.7
exact step 170: answers scored 8, mean expected reward 9.011, kl coef 0.0000, update 2.87 s, wall 1791145121.7
exact step 171: answers scored 7, mean expected reward 9.337, kl coef 0.0000, update 2.80 s, wall 1791145126.4
exact step 172: answers scored 8, mean expected reward 9.288, kl coef 0.0000, update 2.80 s, wall 1791145129.8
exact step 173: answers scored 8, mean expected reward 9.497, kl coef 0.0000, update 2.79 s, wall 1791145133.2
exact step 174: answers scored 8, mean expected reward 9.606, kl coef 0.0000, update 2.83 s, wall 1791145136.7
exact step 175: answers scored 8, mean expected reward 9.184, kl coef 0.0000, update 2.86 s, wall 1791145140.4
exact step 176: answers scored 8, mean expected reward 8.855, kl coef 0.0000, update 2.86 s, wall 1791145147.2
exact step 177: answers scored 8, mean expected reward 9.661, kl coef 0.0000, update 2.81 s, wall 1791145150.6
exact step 178: answers scored 8, mean expected reward 9.956, kl coef 0.0000, update 2.84 s, wall 1791145155.1
exact step 179: answers scored 8, mean expected reward 8.071, kl coef 0.0000, update 2.82 s, wall 1791145158.6
exact step 180: answers scored 8, mean expected reward 8.957, kl coef 0.0000, update 2.83 s, wall 1791145162.9
exact step 181: answers scored 7, mean expected reward 9.364, kl coef 0.0000, update 2.82 s, wall 1791145168.1
exact step 182: answers scored 8, mean expected reward 10.630, kl coef 0.0000, update 2.96 s, wall 1791145171.7
exact step 183: answers scored 8, mean expected reward 10.246, kl coef 0.0000, update 2.85 s, wall 1791145175.8
exact step 184: answers scored 8, mean expected reward 9.473, kl coef 0.0000, update 2.86 s, wall 1791145179.7
exact step 185: answers scored 8, mean expected reward 10.042, kl coef 0.0000, update 2.87 s, wall 1791145183.1
exact step 186: answers scored 8, mean expected reward 9.096, kl coef 0.0000, update 2.86 s, wall 1791145188.4
exact step 187: answers scored 8, mean expected reward 9.767, kl coef 0.0000, update 2.85 s, wall 1791145194.5
exact step 188: answers scored 8, mean expected reward 9.449, kl coef 0.0000, update 2.85 s, wall 1791145199.3
exact step 189: answers scored 7, mean expected reward 8.706, kl coef 0.0000, update 2.98 s, wall 1791145203.6
exact step 190: answers scored 8, mean expected reward 9.826, kl coef 0.0000, update 2.86 s, wall 1791145207.1
exact step 191: answers scored 8, mean expected reward 9.953, kl coef 0.0000, update 2.82 s, wall 1791145210.6
exact step 192: answers scored 8, mean expected reward 9.061, kl coef 0.0000, update 2.82 s, wall 1791145214.1
exact step 193: answers scored 8, mean expected reward 8.416, kl coef 0.0000, update 2.84 s, wall 1791145217.5
exact step 194: answers scored 8, mean expected reward 9.572, kl coef 0.0000, update 2.81 s, wall 1791145221.1
exact step 195: answers scored 7, mean expected reward 8.835, kl coef 0.0000, update 2.80 s, wall 1791145225.6
exact step 196: answers scored 7, mean expected reward 9.839, kl coef 0.0000, update 2.78 s, wall 1791145231.5
exact step 197: answers scored 8, mean expected reward 10.232, kl coef 0.0000, update 2.79 s, wall 1791145235.0
exact step 198: answers scored 8, mean expected reward 9.539, kl coef 0.0000, update 2.81 s, wall 1791145239.5
checkpoint at step 200 (0.7 s)
exact step 199: answers scored 8, mean expected reward 10.184, kl coef 0.0000, update 3.46 s, wall 1791145243.7
exact step 200: answers scored 8, mean expected reward 9.070, kl coef 0.0000, update 2.85 s, wall 1791145247.2
exact step 201: answers scored 8, mean expected reward 9.514, kl coef 0.0000, update 2.82 s, wall 1791145251.4
exact step 202: answers scored 8, mean expected reward 10.161, kl coef 0.0000, update 2.82 s, wall 1791145254.8
exact step 203: answers scored 8, mean expected reward 10.044, kl coef 0.0000, update 2.85 s, wall 1791145258.3
exact step 204: answers scored 8, mean expected reward 9.499, kl coef 0.0000, update 2.83 s, wall 1791145261.9
exact step 205: answers scored 8, mean expected reward 9.677, kl coef 0.0000, update 2.91 s, wall 1791145268.4
exact step 206: answers scored 8, mean expected reward 8.773, kl coef 0.0000, update 2.81 s, wall 1791145271.9
exact step 207: answers scored 8, mean expected reward 9.688, kl coef 0.0000, update 2.85 s, wall 1791145277.1
exact step 208: answers scored 8, mean expected reward 10.538, kl coef 0.0000, update 2.83 s, wall 1791145280.7
exact step 209: answers scored 8, mean expected reward 9.551, kl coef 0.0000, update 2.88 s, wall 1791145284.1
exact step 210: answers scored 8, mean expected reward 9.787, kl coef 0.0000, update 2.86 s, wall 1791145288.2
exact step 211: answers scored 8, mean expected reward 8.376, kl coef 0.0000, update 2.84 s, wall 1791145292.1
exact step 212: answers scored 8, mean expected reward 9.870, kl coef 0.0000, update 2.89 s, wall 1791145296.4
exact step 213: answers scored 8, mean expected reward 9.327, kl coef 0.0000, update 2.84 s, wall 1791145300.5
exact step 214: answers scored 8, mean expected reward 9.585, kl coef 0.0000, update 2.93 s, wall 1791145304.1
exact step 215: answers scored 7, mean expected reward 9.238, kl coef 0.0000, update 2.79 s, wall 1791145322.6
exact step 216: answers scored 8, mean expected reward 8.740, kl coef 0.0000, update 2.81 s, wall 1791145326.7
exact step 217: answers scored 7, mean expected reward 9.631, kl coef 0.0000, update 2.81 s, wall 1791145345.4
exact step 218: answers scored 8, mean expected reward 9.922, kl coef 0.0000, update 2.83 s, wall 1791145348.8
exact step 219: answers scored 8, mean expected reward 10.598, kl coef 0.0000, update 2.87 s, wall 1791145352.3
exact step 220: answers scored 8, mean expected reward 10.232, kl coef 0.0000, update 2.81 s, wall 1791145355.7
exact step 221: answers scored 8, mean expected reward 10.637, kl coef 0.0000, update 2.86 s, wall 1791145359.6
exact step 222: answers scored 8, mean expected reward 9.579, kl coef 0.0000, update 2.85 s, wall 1791145363.1
exact step 223: answers scored 8, mean expected reward 9.623, kl coef 0.0000, update 2.98 s, wall 1791145367.1
exact step 224: answers scored 8, mean expected reward 9.600, kl coef 0.0000, update 2.83 s, wall 1791145372.0
exact step 225: answers scored 8, mean expected reward 9.125, kl coef 0.0000, update 2.82 s, wall 1791145375.6
exact step 226: answers scored 8, mean expected reward 9.283, kl coef 0.0000, update 2.85 s, wall 1791145381.7
exact step 227: answers scored 7, mean expected reward 9.082, kl coef 0.0000, update 2.84 s, wall 1791145386.7
exact step 228: answers scored 8, mean expected reward 8.931, kl coef 0.0000, update 2.79 s, wall 1791145390.2
exact step 229: answers scored 8, mean expected reward 9.997, kl coef 0.0000, update 2.82 s, wall 1791145393.9
exact step 230: answers scored 8, mean expected reward 9.967, kl coef 0.0000, update 2.80 s, wall 1791145397.4
exact step 231: answers scored 8, mean expected reward 10.342, kl coef 0.0000, update 2.95 s, wall 1791145400.9
exact step 232: answers scored 8, mean expected reward 8.818, kl coef 0.0000, update 2.82 s, wall 1791145404.3
exact step 233: answers scored 8, mean expected reward 9.141, kl coef 0.0000, update 2.81 s, wall 1791145409.3
exact step 234: answers scored 8, mean expected reward 8.907, kl coef 0.0000, update 2.80 s, wall 1791145412.9
exact step 235: answers scored 7, mean expected reward 9.133, kl coef 0.0000, update 2.84 s, wall 1791145417.2
exact step 236: answers scored 8, mean expected reward 8.770, kl coef 0.0000, update 2.80 s, wall 1791145420.7
exact step 237: answers scored 8, mean expected reward 9.406, kl coef 0.0000, update 2.89 s, wall 1791145424.2
exact step 238: answers scored 8, mean expected reward 9.147, kl coef 0.0000, update 2.84 s, wall 1791145428.5
exact step 239: answers scored 8, mean expected reward 9.697, kl coef 0.0000, update 2.91 s, wall 1791145432.4
exact step 240: answers scored 8, mean expected reward 9.456, kl coef 0.0000, update 2.80 s, wall 1791145435.8
exact step 241: answers scored 8, mean expected reward 10.318, kl coef 0.0000, update 2.81 s, wall 1791145439.9
exact step 242: answers scored 8, mean expected reward 10.449, kl coef 0.0000, update 2.81 s, wall 1791145443.3
exact step 243: answers scored 8, mean expected reward 10.002, kl coef 0.0000, update 2.79 s, wall 1791145446.7
exact step 244: answers scored 8, mean expected reward 9.544, kl coef 0.0000, update 2.80 s, wall 1791145450.8
exact step 245: answers scored 8, mean expected reward 10.774, kl coef 0.0000, update 2.81 s, wall 1791145454.3
exact step 246: answers scored 8, mean expected reward 10.070, kl coef 0.0000, update 2.79 s, wall 1791145457.6
exact step 247: answers scored 7, mean expected reward 10.318, kl coef 0.0000, update 2.83 s, wall 1791145463.2
exact step 248: answers scored 7, mean expected reward 9.659, kl coef 0.0000, update 2.96 s, wall 1791145467.4
exact step 249: answers scored 8, mean expected reward 9.758, kl coef 0.0000, update 2.79 s, wall 1791145471.5
exact step 250: answers scored 8, mean expected reward 9.712, kl coef 0.0000, update 2.82 s, wall 1791145476.2
exact step 251: answers scored 8, mean expected reward 9.973, kl coef 0.0000, update 2.82 s, wall 1791145480.8
exact step 252: answers scored 8, mean expected reward 9.200, kl coef 0.0000, update 2.83 s, wall 1791145484.3
exact step 253: answers scored 8, mean expected reward 9.837, kl coef 0.0000, update 2.86 s, wall 1791145488.0
exact step 254: answers scored 8, mean expected reward 10.805, kl coef 0.0000, update 2.85 s, wall 1791145491.4
exact step 255: answers scored 7, mean expected reward 9.728, kl coef 0.0000, update 2.81 s, wall 1791145495.8
exact step 256: answers scored 8, mean expected reward 9.571, kl coef 0.0000, update 2.96 s, wall 1791145499.5
exact step 257: answers scored 8, mean expected reward 8.874, kl coef 0.0000, update 2.84 s, wall 1791145502.9
exact step 258: answers scored 7, mean expected reward 10.064, kl coef 0.0000, update 2.85 s, wall 1791145509.9
exact step 259: answers scored 8, mean expected reward 9.409, kl coef 0.0000, update 2.82 s, wall 1791145513.6
exact step 260: answers scored 8, mean expected reward 9.555, kl coef 0.0000, update 2.89 s, wall 1791145518.7
exact step 261: answers scored 8, mean expected reward 10.274, kl coef 0.0000, update 2.83 s, wall 1791145522.1
exact step 262: answers scored 8, mean expected reward 9.053, kl coef 0.0000, update 2.88 s, wall 1791145525.7
exact step 263: answers scored 8, mean expected reward 9.590, kl coef 0.0000, update 2.83 s, wall 1791145529.2
exact step 264: answers scored 8, mean expected reward 9.372, kl coef 0.0000, update 2.95 s, wall 1791145532.7
exact step 265: answers scored 8, mean expected reward 10.059, kl coef 0.0000, update 2.82 s, wall 1791145536.5
exact step 266: answers scored 8, mean expected reward 10.298, kl coef 0.0000, update 2.83 s, wall 1791145540.0
exact step 267: answers scored 8, mean expected reward 8.728, kl coef 0.0000, update 2.82 s, wall 1791145543.7
exact step 268: answers scored 8, mean expected reward 8.831, kl coef 0.0000, update 2.81 s, wall 1791145547.2
exact step 269: answers scored 8, mean expected reward 7.326, kl coef 0.0000, update 2.83 s, wall 1791145550.9
exact step 270: answers scored 8, mean expected reward 9.771, kl coef 0.0000, update 2.83 s, wall 1791145554.5
exact step 271: answers scored 8, mean expected reward 10.443, kl coef 0.0000, update 2.83 s, wall 1791145559.7
exact step 272: answers scored 8, mean expected reward 9.939, kl coef 0.0000, update 2.83 s, wall 1791145563.1
exact step 273: answers scored 8, mean expected reward 9.750, kl coef 0.0000, update 2.82 s, wall 1791145566.8
exact step 274: answers scored 8, mean expected reward 9.196, kl coef 0.0000, update 2.86 s, wall 1791145570.3
exact step 275: answers scored 8, mean expected reward 9.284, kl coef 0.0000, update 2.83 s, wall 1791145574.2
exact step 276: answers scored 8, mean expected reward 10.080, kl coef 0.0000, update 2.84 s, wall 1791145577.8
exact step 277: answers scored 8, mean expected reward 9.287, kl coef 0.0000, update 2.81 s, wall 1791145581.1
exact step 278: answers scored 8, mean expected reward 9.477, kl coef 0.0000, update 2.80 s, wall 1791145584.8
exact step 279: answers scored 8, mean expected reward 9.335, kl coef 0.0000, update 2.81 s, wall 1791145588.7
exact step 280: answers scored 8, mean expected reward 9.438, kl coef 0.0000, update 2.80 s, wall 1791145592.1
exact step 281: answers scored 8, mean expected reward 9.171, kl coef 0.0000, update 2.78 s, wall 1791145595.4
exact step 282: answers scored 8, mean expected reward 10.229, kl coef 0.0000, update 2.82 s, wall 1791145599.3
exact step 283: answers scored 8, mean expected reward 9.174, kl coef 0.0000, update 2.80 s, wall 1791145602.8
exact step 284: answers scored 8, mean expected reward 9.968, kl coef 0.0000, update 2.80 s, wall 1791145606.2
exact step 285: answers scored 8, mean expected reward 9.904, kl coef 0.0000, update 2.87 s, wall 1791145609.7
exact step 286: answers scored 8, mean expected reward 10.005, kl coef 0.0000, update 2.84 s, wall 1791145613.2
exact step 287: answers scored 7, mean expected reward 7.459, kl coef 0.0000, update 2.81 s, wall 1791145619.2
exact step 288: answers scored 7, mean expected reward 10.086, kl coef 0.0000, update 2.82 s, wall 1791145623.0
exact step 289: answers scored 8, mean expected reward 9.875, kl coef 0.0000, update 2.81 s, wall 1791145626.5
exact step 290: answers scored 8, mean expected reward 8.917, kl coef 0.0000, update 3.01 s, wall 1791145630.3
exact step 291: answers scored 8, mean expected reward 9.546, kl coef 0.0000, update 2.83 s, wall 1791145633.7
exact step 292: answers scored 8, mean expected reward 9.171, kl coef 0.0000, update 2.81 s, wall 1791145637.2
exact step 293: answers scored 8, mean expected reward 9.500, kl coef 0.0000, update 2.84 s, wall 1791145640.6
exact step 294: answers scored 8, mean expected reward 8.941, kl coef 0.0000, update 2.83 s, wall 1791145644.0
exact step 295: answers scored 8, mean expected reward 9.094, kl coef 0.0000, update 2.82 s, wall 1791145647.9
exact step 296: answers scored 7, mean expected reward 9.901, kl coef 0.0000, update 2.79 s, wall 1791145656.4
exact step 297: answers scored 8, mean expected reward 10.479, kl coef 0.0000, update 2.81 s, wall 1791145661.3
exact step 298: answers scored 8, mean expected reward 9.762, kl coef 0.0000, update 2.79 s, wall 1791145664.8
exact step 299: answers scored 8, mean expected reward 9.830, kl coef 0.0000, update 2.81 s, wall 1791145669.1
exact step 300: answers scored 8, mean expected reward 8.701, kl coef 0.0000, update 2.79 s, wall 1791145672.6
exact step 301: answers scored 8, mean expected reward 9.781, kl coef 0.0000, update 2.80 s, wall 1791145675.9
exact step 302: answers scored 8, mean expected reward 9.902, kl coef 0.0000, update 2.79 s, wall 1791145680.8
exact step 303: answers scored 8, mean expected reward 9.450, kl coef 0.0000, update 2.78 s, wall 1791145684.2
exact step 304: answers scored 8, mean expected reward 10.457, kl coef 0.0000, update 2.83 s, wall 1791145688.7
exact step 305: answers scored 8, mean expected reward 9.675, kl coef 0.0000, update 2.83 s, wall 1791145692.0
exact step 306: answers scored 8, mean expected reward 9.060, kl coef 0.0000, update 2.93 s, wall 1791145695.8
exact step 307: answers scored 8, mean expected reward 9.591, kl coef 0.0000, update 2.82 s, wall 1791145700.4
exact step 308: answers scored 8, mean expected reward 10.247, kl coef 0.0000, update 2.79 s, wall 1791145704.2
exact step 309: answers scored 7, mean expected reward 10.128, kl coef 0.0000, update 2.78 s, wall 1791145707.7
exact step 310: answers scored 8, mean expected reward 9.738, kl coef 0.0000, update 2.83 s, wall 1791145711.2
exact step 311: answers scored 8, mean expected reward 10.066, kl coef 0.0000, update 2.82 s, wall 1791145715.4
exact step 312: answers scored 8, mean expected reward 9.975, kl coef 0.0000, update 2.83 s, wall 1791145719.5
exact step 313: answers scored 8, mean expected reward 9.459, kl coef 0.0000, update 2.84 s, wall 1791145725.6
exact step 314: answers scored 8, mean expected reward 8.848, kl coef 0.0000, update 2.99 s, wall 1791145729.9
exact step 315: answers scored 8, mean expected reward 8.663, kl coef 0.0000, update 2.85 s, wall 1791145733.4
exact step 316: answers scored 8, mean expected reward 9.736, kl coef 0.0000, update 2.88 s, wall 1791145736.8
exact step 317: answers scored 8, mean expected reward 9.250, kl coef 0.0000, update 2.80 s, wall 1791145740.2
exact step 318: answers scored 8, mean expected reward 10.005, kl coef 0.0000, update 2.80 s, wall 1791145743.5
exact step 319: answers scored 8, mean expected reward 9.603, kl coef 0.0000, update 2.80 s, wall 1791145747.1
exact step 320: answers scored 8, mean expected reward 8.753, kl coef 0.0000, update 2.80 s, wall 1791145751.3
exact step 321: answers scored 8, mean expected reward 9.805, kl coef 0.0000, update 2.80 s, wall 1791145754.8
exact step 322: answers scored 8, mean expected reward 9.923, kl coef 0.0000, update 2.81 s, wall 1791145758.5
exact step 323: answers scored 8, mean expected reward 8.288, kl coef 0.0000, update 3.00 s, wall 1791145762.5
exact step 324: answers scored 8, mean expected reward 9.759, kl coef 0.0000, update 2.82 s, wall 1791145766.0
exact step 325: answers scored 8, mean expected reward 9.827, kl coef 0.0000, update 2.88 s, wall 1791145770.0
exact step 326: answers scored 8, mean expected reward 10.005, kl coef 0.0000, update 2.81 s, wall 1791145773.6
exact step 327: answers scored 8, mean expected reward 9.660, kl coef 0.0000, update 2.80 s, wall 1791145777.0
exact step 328: answers scored 8, mean expected reward 9.446, kl coef 0.0000, update 2.82 s, wall 1791145780.5
exact step 329: answers scored 8, mean expected reward 9.518, kl coef 0.0000, update 2.80 s, wall 1791145783.9
exact step 330: answers scored 8, mean expected reward 9.089, kl coef 0.0000, update 2.80 s, wall 1791145787.2
exact step 331: answers scored 8, mean expected reward 9.498, kl coef 0.0000, update 3.10 s, wall 1791145791.4
exact step 332: answers scored 8, mean expected reward 8.058, kl coef 0.0000, update 2.93 s, wall 1791145794.9
exact step 333: answers scored 8, mean expected reward 9.316, kl coef 0.0000, update 2.82 s, wall 1791145798.8
exact step 334: answers scored 8, mean expected reward 10.063, kl coef 0.0000, update 2.83 s, wall 1791145802.3
exact step 335: answers scored 8, mean expected reward 10.091, kl coef 0.0000, update 2.85 s, wall 1791145805.8
exact step 336: answers scored 8, mean expected reward 9.575, kl coef 0.0000, update 3.09 s, wall 1791145810.6
exact step 337: answers scored 8, mean expected reward 9.960, kl coef 0.0000, update 2.81 s, wall 1791145814.1
exact step 338: answers scored 7, mean expected reward 10.019, kl coef 0.0000, update 2.82 s, wall 1791145819.0
exact step 339: answers scored 8, mean expected reward 10.773, kl coef 0.0000, update 2.82 s, wall 1791145822.5
exact step 340: answers scored 8, mean expected reward 9.566, kl coef 0.0000, update 3.03 s, wall 1791145826.7
exact step 341: answers scored 8, mean expected reward 9.621, kl coef 0.0000, update 2.84 s, wall 1791145830.8
exact step 342: answers scored 8, mean expected reward 9.239, kl coef 0.0000, update 2.85 s, wall 1791145837.1
exact step 343: answers scored 8, mean expected reward 8.985, kl coef 0.0000, update 2.84 s, wall 1791145841.5
exact step 344: answers scored 8, mean expected reward 10.133, kl coef 0.0000, update 2.82 s, wall 1791145844.9
exact step 345: answers scored 7, mean expected reward 9.581, kl coef 0.0000, update 2.80 s, wall 1791145850.1
exact step 346: answers scored 8, mean expected reward 9.993, kl coef 0.0000, update 2.83 s, wall 1791145853.5
exact step 347: answers scored 8, mean expected reward 9.437, kl coef 0.0000, update 2.88 s, wall 1791145857.6
exact step 348: answers scored 8, mean expected reward 9.300, kl coef 0.0000, update 3.05 s, wall 1791145861.3
exact step 349: answers scored 7, mean expected reward 9.811, kl coef 0.0000, update 2.84 s, wall 1791145866.5
exact step 350: answers scored 8, mean expected reward 9.174, kl coef 0.0000, update 2.87 s, wall 1791145870.2
exact step 351: answers scored 8, mean expected reward 9.981, kl coef 0.0000, update 2.93 s, wall 1791145873.8
exact step 352: answers scored 8, mean expected reward 9.767, kl coef 0.0000, update 2.85 s, wall 1791145877.7
exact step 353: answers scored 8, mean expected reward 9.981, kl coef 0.0000, update 2.81 s, wall 1791145881.2
exact step 354: answers scored 8, mean expected reward 9.835, kl coef 0.0000, update 2.85 s, wall 1791145884.5
exact step 355: answers scored 8, mean expected reward 10.147, kl coef 0.0000, update 2.85 s, wall 1791145888.4
exact step 356: answers scored 8, mean expected reward 10.624, kl coef 0.0000, update 2.87 s, wall 1791145892.0
exact step 357: answers scored 8, mean expected reward 9.333, kl coef 0.0000, update 2.85 s, wall 1791145895.6
exact step 358: answers scored 8, mean expected reward 9.445, kl coef 0.0000, update 2.83 s, wall 1791145899.0
exact step 359: answers scored 7, mean expected reward 9.514, kl coef 0.0000, update 2.81 s, wall 1791145903.4
exact step 360: answers scored 8, mean expected reward 8.866, kl coef 0.0000, update 2.81 s, wall 1791145906.7
exact step 361: answers scored 8, mean expected reward 9.905, kl coef 0.0000, update 2.82 s, wall 1791145910.1
exact step 362: answers scored 8, mean expected reward 9.572, kl coef 0.0000, update 2.86 s, wall 1791145915.4
exact step 363: answers scored 8, mean expected reward 10.181, kl coef 0.0000, update 2.83 s, wall 1791145918.8
exact step 364: answers scored 8, mean expected reward 9.862, kl coef 0.0000, update 2.84 s, wall 1791145922.3
exact step 365: answers scored 8, mean expected reward 9.774, kl coef 0.0000, update 2.85 s, wall 1791145930.0
exact step 366: answers scored 8, mean expected reward 9.844, kl coef 0.0000, update 2.82 s, wall 1791145934.1
exact step 367: answers scored 8, mean expected reward 7.464, kl coef 0.0000, update 2.82 s, wall 1791145937.5
exact step 368: answers scored 8, mean expected reward 9.360, kl coef 0.0000, update 2.85 s, wall 1791145941.1
exact step 369: answers scored 8, mean expected reward 9.802, kl coef 0.0000, update 2.83 s, wall 1791145944.6
exact step 370: answers scored 8, mean expected reward 9.739, kl coef 0.0000, update 2.88 s, wall 1791145948.0
exact step 371: answers scored 8, mean expected reward 9.165, kl coef 0.0000, update 2.84 s, wall 1791145951.6
exact step 372: answers scored 8, mean expected reward 9.004, kl coef 0.0000, update 2.85 s, wall 1791145957.5
exact step 373: answers scored 8, mean expected reward 9.721, kl coef 0.0000, update 3.04 s, wall 1791145961.2
exact step 374: answers scored 8, mean expected reward 9.546, kl coef 0.0000, update 2.78 s, wall 1791145964.6
exact step 375: answers scored 8, mean expected reward 9.651, kl coef 0.0000, update 2.80 s, wall 1791145968.0
exact step 376: answers scored 8, mean expected reward 9.135, kl coef 0.0000, update 2.82 s, wall 1791145973.7
exact step 377: answers scored 7, mean expected reward 9.294, kl coef 0.0000, update 2.79 s, wall 1791145983.4
exact step 378: answers scored 8, mean expected reward 10.022, kl coef 0.0000, update 2.89 s, wall 1791145988.5
exact step 379: answers scored 8, mean expected reward 8.833, kl coef 0.0000, update 3.04 s, wall 1791145993.4
exact step 380: answers scored 8, mean expected reward 9.686, kl coef 0.0000, update 2.82 s, wall 1791145996.8
exact step 381: answers scored 8, mean expected reward 9.601, kl coef 0.0000, update 2.86 s, wall 1791146000.7
exact step 382: answers scored 7, mean expected reward 9.415, kl coef 0.0000, update 2.83 s, wall 1791146005.4
exact step 383: answers scored 8, mean expected reward 9.779, kl coef 0.0000, update 2.86 s, wall 1791146008.7
exact step 384: answers scored 8, mean expected reward 9.610, kl coef 0.0000, update 2.86 s, wall 1791146012.2
exact step 385: answers scored 8, mean expected reward 10.027, kl coef 0.0000, update 2.84 s, wall 1791146015.9
exact step 386: answers scored 8, mean expected reward 9.810, kl coef 0.0000, update 2.83 s, wall 1791146019.6
exact step 387: answers scored 8, mean expected reward 9.026, kl coef 0.0000, update 2.95 s, wall 1791146028.5
exact step 388: answers scored 8, mean expected reward 9.897, kl coef 0.0000, update 2.88 s, wall 1791146032.2
exact step 389: answers scored 8, mean expected reward 8.853, kl coef 0.0000, update 2.82 s, wall 1791146036.1
exact step 390: answers scored 8, mean expected reward 9.421, kl coef 0.0000, update 2.85 s, wall 1791146040.0
exact step 391: answers scored 8, mean expected reward 9.474, kl coef 0.0000, update 2.84 s, wall 1791146043.4
exact step 392: answers scored 8, mean expected reward 9.633, kl coef 0.0000, update 2.81 s, wall 1791146046.9
exact step 393: answers scored 7, mean expected reward 10.636, kl coef 0.0000, update 2.81 s, wall 1791146050.3
exact step 394: answers scored 7, mean expected reward 10.426, kl coef 0.0000, update 2.82 s, wall 1791146055.5
exact step 395: answers scored 8, mean expected reward 9.672, kl coef 0.0000, update 3.04 s, wall 1791146059.5
exact step 396: answers scored 8, mean expected reward 10.381, kl coef 0.0000, update 2.84 s, wall 1791146063.8
exact step 397: answers scored 8, mean expected reward 9.874, kl coef 0.0000, update 2.80 s, wall 1791146067.2
exact step 398: answers scored 8, mean expected reward 9.161, kl coef 0.0000, update 2.82 s, wall 1791146071.0
checkpoint at step 400 (1.2 s)
exact step 399: answers scored 7, mean expected reward 10.527, kl coef 0.0000, update 4.05 s, wall 1791146076.5
exact step 400: answers scored 7, mean expected reward 8.063, kl coef 0.0000, update 2.81 s, wall 1791146081.2
exact step 401: answers scored 8, mean expected reward 9.849, kl coef 0.0000, update 2.86 s, wall 1791146087.1
exact step 402: answers scored 8, mean expected reward 9.932, kl coef 0.0000, update 2.84 s, wall 1791146090.5
exact step 403: answers scored 7, mean expected reward 10.218, kl coef 0.0000, update 3.03 s, wall 1791146094.1
exact step 404: answers scored 7, mean expected reward 9.797, kl coef 0.0000, update 2.80 s, wall 1791146097.5
exact step 405: answers scored 8, mean expected reward 9.069, kl coef 0.0000, update 2.86 s, wall 1791146100.9
exact step 406: answers scored 8, mean expected reward 10.207, kl coef 0.0000, update 2.83 s, wall 1791146104.5
exact step 407: answers scored 8, mean expected reward 9.703, kl coef 0.0000, update 2.87 s, wall 1791146108.2
exact step 408: answers scored 8, mean expected reward 9.195, kl coef 0.0000, update 2.86 s, wall 1791146111.7
exact step 409: answers scored 8, mean expected reward 8.966, kl coef 0.0000, update 2.83 s, wall 1791146116.5
exact step 410: answers scored 8, mean expected reward 9.403, kl coef 0.0000, update 2.85 s, wall 1791146120.1
exact step 411: answers scored 8, mean expected reward 10.508, kl coef 0.0000, update 2.84 s, wall 1791146123.8
exact step 412: answers scored 8, mean expected reward 9.211, kl coef 0.0000, update 3.01 s, wall 1791146127.8
exact step 413: answers scored 8, mean expected reward 10.389, kl coef 0.0000, update 2.86 s, wall 1791146131.4
exact step 414: answers scored 8, mean expected reward 10.298, kl coef 0.0000, update 2.87 s, wall 1791146135.0
exact step 415: answers scored 8, mean expected reward 9.250, kl coef 0.0000, update 2.89 s, wall 1791146140.1
exact step 416: answers scored 8, mean expected reward 9.625, kl coef 0.0000, update 2.89 s, wall 1791146145.3
exact step 417: answers scored 8, mean expected reward 9.806, kl coef 0.0000, update 2.91 s, wall 1791146148.8
exact step 418: answers scored 8, mean expected reward 9.174, kl coef 0.0000, update 2.81 s, wall 1791146153.6
exact step 419: answers scored 8, mean expected reward 10.161, kl coef 0.0000, update 2.80 s, wall 1791146157.1
exact step 420: answers scored 8, mean expected reward 9.785, kl coef 0.0000, update 2.98 s, wall 1791146161.4
exact step 421: answers scored 8, mean expected reward 8.377, kl coef 0.0000, update 2.81 s, wall 1791146164.7
exact step 422: answers scored 8, mean expected reward 9.476, kl coef 0.0000, update 2.87 s, wall 1791146168.4
exact step 423: answers scored 7, mean expected reward 9.710, kl coef 0.0000, update 2.84 s, wall 1791146187.1
exact step 424: answers scored 8, mean expected reward 9.490, kl coef 0.0000, update 2.81 s, wall 1791146191.1
exact step 425: answers scored 8, mean expected reward 9.386, kl coef 0.0000, update 2.86 s, wall 1791146194.8
exact step 426: answers scored 8, mean expected reward 8.930, kl coef 0.0000, update 2.87 s, wall 1791146198.3
exact step 427: answers scored 7, mean expected reward 10.488, kl coef 0.0000, update 2.83 s, wall 1791146203.4
exact step 428: answers scored 8, mean expected reward 10.520, kl coef 0.0000, update 2.86 s, wall 1791146206.8
exact step 429: answers scored 8, mean expected reward 9.596, kl coef 0.0000, update 2.84 s, wall 1791146210.2
exact step 430: answers scored 8, mean expected reward 9.112, kl coef 0.0000, update 2.82 s, wall 1791146213.5
exact step 431: answers scored 7, mean expected reward 9.818, kl coef 0.0000, update 2.81 s, wall 1791146217.0
exact step 432: answers scored 8, mean expected reward 9.495, kl coef 0.0000, update 2.83 s, wall 1791146220.6
exact step 433: answers scored 8, mean expected reward 10.025, kl coef 0.0000, update 2.86 s, wall 1791146224.2
exact step 434: answers scored 8, mean expected reward 8.622, kl coef 0.0000, update 2.98 s, wall 1791146227.8
exact step 435: answers scored 7, mean expected reward 10.062, kl coef 0.0000, update 2.87 s, wall 1791146231.9
exact step 436: answers scored 7, mean expected reward 9.488, kl coef 0.0000, update 2.86 s, wall 1791146240.2
exact step 437: answers scored 8, mean expected reward 9.293, kl coef 0.0000, update 2.82 s, wall 1791146243.6
exact step 438: answers scored 8, mean expected reward 8.247, kl coef 0.0000, update 2.84 s, wall 1791146247.7
exact step 439: answers scored 8, mean expected reward 8.907, kl coef 0.0000, update 2.87 s, wall 1791146251.2
exact step 440: answers scored 8, mean expected reward 10.015, kl coef 0.0000, update 2.86 s, wall 1791146254.9
exact step 441: answers scored 8, mean expected reward 9.664, kl coef 0.0000, update 2.93 s, wall 1791146258.4
exact step 442: answers scored 8, mean expected reward 8.882, kl coef 0.0000, update 2.83 s, wall 1791146262.4
exact step 443: answers scored 8, mean expected reward 9.475, kl coef 0.0000, update 2.82 s, wall 1791146265.8
exact step 444: answers scored 8, mean expected reward 8.266, kl coef 0.0000, update 2.84 s, wall 1791146269.4
exact step 445: answers scored 8, mean expected reward 10.175, kl coef 0.0000, update 2.81 s, wall 1791146272.8
exact step 446: answers scored 8, mean expected reward 9.762, kl coef 0.0000, update 2.83 s, wall 1791146276.4
exact step 447: answers scored 8, mean expected reward 9.463, kl coef 0.0000, update 2.86 s, wall 1791146280.2
exact step 448: answers scored 8, mean expected reward 9.836, kl coef 0.0000, update 2.84 s, wall 1791146283.8
exact step 449: answers scored 8, mean expected reward 9.790, kl coef 0.0000, update 2.86 s, wall 1791146287.6
exact step 450: answers scored 8, mean expected reward 9.901, kl coef 0.0000, update 2.82 s, wall 1791146291.1
exact step 451: answers scored 8, mean expected reward 9.885, kl coef 0.0000, update 2.88 s, wall 1791146294.7
exact step 452: answers scored 8, mean expected reward 10.484, kl coef 0.0000, update 2.84 s, wall 1791146298.1
exact step 453: answers scored 8, mean expected reward 10.022, kl coef 0.0000, update 2.84 s, wall 1791146302.2
exact step 454: answers scored 8, mean expected reward 9.139, kl coef 0.0000, update 2.83 s, wall 1791146306.2
exact step 455: answers scored 8, mean expected reward 9.273, kl coef 0.0000, update 2.90 s, wall 1791146309.7
exact step 456: answers scored 8, mean expected reward 10.393, kl coef 0.0000, update 2.87 s, wall 1791146314.0
exact step 457: answers scored 8, mean expected reward 9.439, kl coef 0.0000, update 2.85 s, wall 1791146317.5
exact step 458: answers scored 8, mean expected reward 10.050, kl coef 0.0000, update 2.84 s, wall 1791146321.1
exact step 459: answers scored 8, mean expected reward 10.212, kl coef 0.0000, update 2.84 s, wall 1791146324.4
exact step 460: answers scored 7, mean expected reward 9.513, kl coef 0.0000, update 2.86 s, wall 1791146329.9
exact step 461: answers scored 8, mean expected reward 10.052, kl coef 0.0000, update 2.85 s, wall 1791146333.4
exact step 462: answers scored 8, mean expected reward 9.464, kl coef 0.0000, update 2.86 s, wall 1791146336.8
exact step 463: answers scored 8, mean expected reward 10.174, kl coef 0.0000, update 2.85 s, wall 1791146340.5
exact step 464: answers scored 8, mean expected reward 10.157, kl coef 0.0000, update 2.86 s, wall 1791146343.9
exact step 465: answers scored 7, mean expected reward 10.045, kl coef 0.0000, update 2.84 s, wall 1791146349.7
exact step 466: answers scored 8, mean expected reward 8.858, kl coef 0.0000, update 2.84 s, wall 1791146353.5
exact step 467: answers scored 8, mean expected reward 9.815, kl coef 0.0000, update 2.84 s, wall 1791146356.9
exact step 468: answers scored 8, mean expected reward 9.242, kl coef 0.0000, update 2.99 s, wall 1791146360.8
exact step 469: answers scored 7, mean expected reward 10.170, kl coef 0.0000, update 2.80 s, wall 1791146364.6
exact step 470: answers scored 8, mean expected reward 9.282, kl coef 0.0000, update 2.80 s, wall 1791146368.3
exact step 471: answers scored 8, mean expected reward 9.495, kl coef 0.0000, update 2.82 s, wall 1791146372.4
exact step 472: answers scored 8, mean expected reward 10.380, kl coef 0.0000, update 2.82 s, wall 1791146375.8
exact step 473: answers scored 8, mean expected reward 9.231, kl coef 0.0000, update 2.88 s, wall 1791146379.3
exact step 474: answers scored 8, mean expected reward 9.557, kl coef 0.0000, update 2.81 s, wall 1791146382.8
exact step 475: answers scored 8, mean expected reward 10.103, kl coef 0.0000, update 2.82 s, wall 1791146386.7
exact step 476: answers scored 8, mean expected reward 9.662, kl coef 0.0000, update 2.79 s, wall 1791146390.5
exact step 477: answers scored 8, mean expected reward 10.105, kl coef 0.0000, update 3.01 s, wall 1791146394.1
exact step 478: answers scored 6, mean expected reward 9.749, kl coef 0.0000, update 2.77 s, wall 1791146400.0
exact step 479: answers scored 8, mean expected reward 9.808, kl coef 0.0000, update 2.82 s, wall 1791146403.3
exact step 480: answers scored 8, mean expected reward 9.569, kl coef 0.0000, update 2.87 s, wall 1791146406.7
exact step 481: answers scored 8, mean expected reward 10.104, kl coef 0.0000, update 2.84 s, wall 1791146410.8
exact step 482: answers scored 8, mean expected reward 9.798, kl coef 0.0000, update 2.86 s, wall 1791146414.7
exact step 483: answers scored 8, mean expected reward 9.887, kl coef 0.0000, update 2.83 s, wall 1791146418.9
exact step 484: answers scored 8, mean expected reward 10.281, kl coef 0.0000, update 2.83 s, wall 1791146422.8
exact step 485: answers scored 7, mean expected reward 9.564, kl coef 0.0000, update 3.01 s, wall 1791146427.4
exact step 486: answers scored 8, mean expected reward 9.972, kl coef 0.0000, update 2.86 s, wall 1791146430.9
exact step 487: answers scored 8, mean expected reward 10.106, kl coef 0.0000, update 2.88 s, wall 1791146434.4
exact step 488: answers scored 8, mean expected reward 9.206, kl coef 0.0000, update 2.90 s, wall 1791146437.9
exact step 489: answers scored 8, mean expected reward 10.175, kl coef 0.0000, update 2.84 s, wall 1791146441.6
exact step 490: answers scored 8, mean expected reward 8.888, kl coef 0.0000, update 2.90 s, wall 1791146445.1
exact step 491: answers scored 8, mean expected reward 9.331, kl coef 0.0000, update 2.87 s, wall 1791146450.0
exact step 492: answers scored 7, mean expected reward 9.073, kl coef 0.0000, update 2.84 s, wall 1791146455.2
exact step 493: answers scored 8, mean expected reward 9.610, kl coef 0.0000, update 3.07 s, wall 1791146458.9
exact step 494: answers scored 8, mean expected reward 9.833, kl coef 0.0000, update 2.85 s, wall 1791146464.0
exact step 495: answers scored 7, mean expected reward 9.265, kl coef 0.0000, update 2.82 s, wall 1791146468.8
exact step 496: answers scored 8, mean expected reward 9.944, kl coef 0.0000, update 2.85 s, wall 1791146472.3
exact step 497: answers scored 8, mean expected reward 10.850, kl coef 0.0000, update 2.84 s, wall 1791146475.8
exact step 498: answers scored 8, mean expected reward 9.445, kl coef 0.0000, update 2.85 s, wall 1791146479.4
exact step 499: answers scored 8, mean expected reward 9.902, kl coef 0.0000, update 4.51 s, wall 1791146484.6
exact step 500: answers scored 8, mean expected reward 8.712, kl coef 0.0000, update 2.85 s, wall 1791146488.1
exact step 501: answers scored 8, mean expected reward 9.330, kl coef 0.0000, update 3.10 s, wall 1791146492.8
exact step 502: answers scored 8, mean expected reward 8.868, kl coef 0.0000, update 2.85 s, wall 1791146496.3
exact step 503: answers scored 8, mean expected reward 9.727, kl coef 0.0000, update 2.94 s, wall 1791146499.8
exact step 504: answers scored 8, mean expected reward 9.972, kl coef 0.0000, update 2.88 s, wall 1791146503.4
exact step 505: answers scored 8, mean expected reward 9.119, kl coef 0.0000, update 2.88 s, wall 1791146506.9
exact step 506: answers scored 8, mean expected reward 9.503, kl coef 0.0000, update 2.81 s, wall 1791146510.7
exact step 507: answers scored 8, mean expected reward 9.463, kl coef 0.0000, update 2.85 s, wall 1791146514.6
exact step 508: answers scored 8, mean expected reward 10.278, kl coef 0.0000, update 2.86 s, wall 1791146518.0
exact step 509: answers scored 8, mean expected reward 9.759, kl coef 0.0000, update 2.85 s, wall 1791146521.4
exact step 510: answers scored 8, mean expected reward 9.953, kl coef 0.0000, update 3.05 s, wall 1791146525.2
exact step 511: answers scored 8, mean expected reward 9.633, kl coef 0.0000, update 2.90 s, wall 1791146528.6
exact step 512: answers scored 8, mean expected reward 9.064, kl coef 0.0000, update 2.85 s, wall 1791146532.6
exact step 513: answers scored 8, mean expected reward 9.100, kl coef 0.0000, update 2.87 s, wall 1791146536.1
exact step 514: answers scored 8, mean expected reward 9.464, kl coef 0.0000, update 2.86 s, wall 1791146539.6
exact step 515: answers scored 7, mean expected reward 8.543, kl coef 0.0000, update 2.81 s, wall 1791146543.8
exact step 516: answers scored 8, mean expected reward 8.939, kl coef 0.0000, update 2.90 s, wall 1791146550.9
exact step 517: answers scored 8, mean expected reward 9.714, kl coef 0.0000, update 2.88 s, wall 1791146554.9
exact step 518: answers scored 8, mean expected reward 9.819, kl coef 0.0000, update 3.09 s, wall 1791146558.7
exact step 519: answers scored 8, mean expected reward 10.008, kl coef 0.0000, update 2.82 s, wall 1791146562.2
exact step 520: answers scored 8, mean expected reward 9.981, kl coef 0.0000, update 2.85 s, wall 1791146565.6
exact step 521: answers scored 8, mean expected reward 10.149, kl coef 0.0000, update 2.84 s, wall 1791146569.1
exact step 522: answers scored 8, mean expected reward 9.233, kl coef 0.0000, update 2.84 s, wall 1791146572.5
exact step 523: answers scored 8, mean expected reward 9.703, kl coef 0.0000, update 2.84 s, wall 1791146576.7
exact step 524: answers scored 8, mean expected reward 10.172, kl coef 0.0000, update 2.84 s, wall 1791146580.3
exact step 525: answers scored 8, mean expected reward 10.525, kl coef 0.0000, update 2.79 s, wall 1791146584.5
exact step 526: answers scored 8, mean expected reward 9.784, kl coef 0.0000, update 2.82 s, wall 1791146587.9
exact step 527: answers scored 7, mean expected reward 10.261, kl coef 0.0000, update 3.24 s, wall 1791146593.3
exact step 528: answers scored 8, mean expected reward 9.924, kl coef 0.0000, update 2.83 s, wall 1791146598.2
exact step 529: answers scored 8, mean expected reward 9.412, kl coef 0.0000, update 2.81 s, wall 1791146601.6
exact step 530: answers scored 8, mean expected reward 9.309, kl coef 0.0000, update 2.80 s, wall 1791146605.8
exact step 531: answers scored 8, mean expected reward 9.810, kl coef 0.0000, update 2.79 s, wall 1791146609.1
exact step 532: answers scored 8, mean expected reward 9.187, kl coef 0.0000, update 2.80 s, wall 1791146614.4
exact step 533: answers scored 8, mean expected reward 8.541, kl coef 0.0000, update 2.81 s, wall 1791146618.3
exact step 534: answers scored 8, mean expected reward 10.073, kl coef 0.0000, update 2.83 s, wall 1791146621.8
exact step 535: answers scored 8, mean expected reward 9.970, kl coef 0.0000, update 3.02 s, wall 1791146625.5
exact step 536: answers scored 8, mean expected reward 9.117, kl coef 0.0000, update 2.80 s, wall 1791146629.0
exact step 537: answers scored 7, mean expected reward 9.734, kl coef 0.0000, update 2.83 s, wall 1791146634.1
exact step 538: answers scored 8, mean expected reward 8.876, kl coef 0.0000, update 2.87 s, wall 1791146637.5
exact step 539: answers scored 8, mean expected reward 9.826, kl coef 0.0000, update 2.87 s, wall 1791146643.0
exact step 540: answers scored 8, mean expected reward 10.282, kl coef 0.0000, update 2.80 s, wall 1791146646.5
exact step 541: answers scored 8, mean expected reward 8.968, kl coef 0.0000, update 2.81 s, wall 1791146651.9
exact step 542: answers scored 8, mean expected reward 9.793, kl coef 0.0000, update 2.81 s, wall 1791146656.1
exact step 543: answers scored 8, mean expected reward 9.644, kl coef 0.0000, update 3.08 s, wall 1791146659.7
exact step 544: answers scored 8, mean expected reward 10.137, kl coef 0.0000, update 2.83 s, wall 1791146663.3
exact step 545: answers scored 8, mean expected reward 10.099, kl coef 0.0000, update 2.86 s, wall 1791146667.0
exact step 546: answers scored 8, mean expected reward 10.098, kl coef 0.0000, update 2.85 s, wall 1791146670.5
exact step 547: answers scored 8, mean expected reward 9.741, kl coef 0.0000, update 2.84 s, wall 1791146673.8
exact step 548: answers scored 8, mean expected reward 9.186, kl coef 0.0000, update 2.90 s, wall 1791146678.5
exact step 549: answers scored 8, mean expected reward 9.743, kl coef 0.0000, update 2.86 s, wall 1791146682.0
exact step 550: answers scored 8, mean expected reward 10.281, kl coef 0.0000, update 2.88 s, wall 1791146685.8
exact step 551: answers scored 8, mean expected reward 10.171, kl coef 0.0000, update 2.88 s, wall 1791146689.2
exact step 552: answers scored 8, mean expected reward 9.865, kl coef 0.0000, update 3.04 s, wall 1791146692.9
exact step 553: answers scored 8, mean expected reward 8.968, kl coef 0.0000, update 2.82 s, wall 1791146696.7
exact step 554: answers scored 8, mean expected reward 9.911, kl coef 0.0000, update 2.80 s, wall 1791146700.5
exact step 555: answers scored 8, mean expected reward 8.586, kl coef 0.0000, update 2.78 s, wall 1791146703.8
exact step 556: answers scored 8, mean expected reward 9.774, kl coef 0.0000, update 2.80 s, wall 1791146707.2
exact step 557: answers scored 6, mean expected reward 10.213, kl coef 0.0000, update 2.77 s, wall 1791146712.2
exact step 558: answers scored 8, mean expected reward 9.814, kl coef 0.0000, update 2.79 s, wall 1791146715.7
exact step 559: answers scored 8, mean expected reward 9.001, kl coef 0.0000, update 2.81 s, wall 1791146719.3
exact step 560: answers scored 8, mean expected reward 9.100, kl coef 0.0000, update 2.81 s, wall 1791146723.2
exact step 561: answers scored 8, mean expected reward 10.844, kl coef 0.0000, update 3.00 s, wall 1791146726.8
exact step 562: answers scored 8, mean expected reward 10.044, kl coef 0.0000, update 2.81 s, wall 1791146730.2
exact step 563: answers scored 8, mean expected reward 9.345, kl coef 0.0000, update 2.81 s, wall 1791146734.2
exact step 564: answers scored 7, mean expected reward 9.547, kl coef 0.0000, update 2.81 s, wall 1791146739.7
exact step 565: answers scored 8, mean expected reward 9.788, kl coef 0.0000, update 2.79 s, wall 1791146743.4
exact step 566: answers scored 8, mean expected reward 9.815, kl coef 0.0000, update 2.81 s, wall 1791146746.9
exact step 567: answers scored 8, mean expected reward 8.929, kl coef 0.0000, update 2.79 s, wall 1791146750.9
exact step 568: answers scored 8, mean expected reward 8.835, kl coef 0.0000, update 2.83 s, wall 1791146754.2
exact step 569: answers scored 8, mean expected reward 9.202, kl coef 0.0000, update 3.05 s, wall 1791146758.0
exact step 570: answers scored 8, mean expected reward 9.923, kl coef 0.0000, update 2.85 s, wall 1791146761.9
exact step 571: answers scored 8, mean expected reward 9.173, kl coef 0.0000, update 2.88 s, wall 1791146765.5
exact step 572: answers scored 8, mean expected reward 10.424, kl coef 0.0000, update 2.82 s, wall 1791146768.9
exact step 573: answers scored 8, mean expected reward 9.587, kl coef 0.0000, update 2.97 s, wall 1791146773.4
exact step 574: answers scored 8, mean expected reward 9.264, kl coef 0.0000, update 2.97 s, wall 1791146777.4
exact step 575: answers scored 8, mean expected reward 9.974, kl coef 0.0000, update 3.00 s, wall 1791146782.9
exact step 576: answers scored 7, mean expected reward 9.462, kl coef 0.0000, update 2.90 s, wall 1791146787.3
exact step 577: answers scored 8, mean expected reward 9.245, kl coef 0.0000, update 3.05 s, wall 1791146791.0
exact step 578: answers scored 8, mean expected reward 9.577, kl coef 0.0000, update 3.02 s, wall 1791146794.9
exact step 579: answers scored 8, mean expected reward 9.101, kl coef 0.0000, update 2.98 s, wall 1791146798.5
exact step 580: answers scored 8, mean expected reward 9.478, kl coef 0.0000, update 2.84 s, wall 1791146802.0
exact step 581: answers scored 8, mean expected reward 8.552, kl coef 0.0000, update 2.97 s, wall 1791146805.5
exact step 582: answers scored 8, mean expected reward 9.717, kl coef 0.0000, update 3.00 s, wall 1791146809.2
exact step 583: answers scored 8, mean expected reward 9.312, kl coef 0.0000, update 2.98 s, wall 1791146813.0
exact step 584: answers scored 8, mean expected reward 10.053, kl coef 0.0000, update 2.97 s, wall 1791146817.3
exact step 585: answers scored 8, mean expected reward 8.805, kl coef 0.0000, update 2.99 s, wall 1791146821.0
exact step 586: answers scored 8, mean expected reward 9.719, kl coef 0.0000, update 2.99 s, wall 1791146825.9
exact step 587: answers scored 8, mean expected reward 8.451, kl coef 0.0000, update 2.91 s, wall 1791146829.5
exact step 588: answers scored 8, mean expected reward 9.972, kl coef 0.0000, update 2.89 s, wall 1791146835.5
exact step 589: answers scored 8, mean expected reward 9.819, kl coef 0.0000, update 2.92 s, wall 1791146839.0
exact step 590: answers scored 8, mean expected reward 10.435, kl coef 0.0000, update 2.88 s, wall 1791146842.9
exact step 591: answers scored 8, mean expected reward 8.636, kl coef 0.0000, update 2.83 s, wall 1791146847.0
exact step 592: answers scored 8, mean expected reward 9.280, kl coef 0.0000, update 2.84 s, wall 1791146850.5
exact step 593: answers scored 8, mean expected reward 9.688, kl coef 0.0000, update 2.84 s, wall 1791146854.8
exact step 594: answers scored 8, mean expected reward 9.609, kl coef 0.0000, update 2.82 s, wall 1791146858.1
exact step 595: answers scored 7, mean expected reward 10.002, kl coef 0.0000, update 2.80 s, wall 1791146862.0
exact step 596: answers scored 8, mean expected reward 10.033, kl coef 0.0000, update 2.80 s, wall 1791146865.4
exact step 597: answers scored 8, mean expected reward 9.260, kl coef 0.0000, update 2.80 s, wall 1791146869.6
exact step 598: answers scored 8, mean expected reward 8.773, kl coef 0.0000, update 2.85 s, wall 1791146873.2
checkpoint at step 600 (1.5 s)
exact step 599: answers scored 8, mean expected reward 9.960, kl coef 0.0000, update 4.26 s, wall 1791146878.0
exact step 600: answers scored 7, mean expected reward 9.232, kl coef 0.0000, update 2.83 s, wall 1791146886.6
exact step 601: answers scored 8, mean expected reward 8.617, kl coef 0.0000, update 2.82 s, wall 1791146890.1
exact step 602: answers scored 8, mean expected reward 9.466, kl coef 0.0000, update 2.88 s, wall 1791146893.9
exact step 603: answers scored 8, mean expected reward 8.985, kl coef 0.0000, update 2.82 s, wall 1791146897.3
exact step 604: answers scored 8, mean expected reward 9.633, kl coef 0.0000, update 2.81 s, wall 1791146904.0
exact step 605: answers scored 8, mean expected reward 9.565, kl coef 0.0000, update 2.90 s, wall 1791146908.0
exact step 606: answers scored 8, mean expected reward 9.966, kl coef 0.0000, update 2.89 s, wall 1791146911.7
exact step 607: answers scored 8, mean expected reward 9.801, kl coef 0.0000, update 2.86 s, wall 1791146915.3
exact step 608: answers scored 7, mean expected reward 9.566, kl coef 0.0000, update 2.85 s, wall 1791146920.0
exact step 609: answers scored 8, mean expected reward 8.670, kl coef 0.0000, update 2.83 s, wall 1791146923.8
exact step 610: answers scored 8, mean expected reward 8.520, kl coef 0.0000, update 2.84 s, wall 1791146927.2
exact step 611: answers scored 8, mean expected reward 10.326, kl coef 0.0000, update 2.89 s, wall 1791146931.0
exact step 612: answers scored 8, mean expected reward 10.129, kl coef 0.0000, update 2.82 s, wall 1791146934.6
exact step 613: answers scored 8, mean expected reward 9.583, kl coef 0.0000, update 2.87 s, wall 1791146938.4
exact step 614: answers scored 7, mean expected reward 10.428, kl coef 0.0000, update 2.82 s, wall 1791146944.8
exact step 615: answers scored 8, mean expected reward 9.172, kl coef 0.0000, update 2.84 s, wall 1791146948.4
exact step 616: answers scored 8, mean expected reward 10.752, kl coef 0.0000, update 2.84 s, wall 1791146951.8
exact step 617: answers scored 8, mean expected reward 8.290, kl coef 0.0000, update 2.84 s, wall 1791146955.5
exact step 618: answers scored 8, mean expected reward 10.177, kl coef 0.0000, update 2.84 s, wall 1791146959.1
exact step 619: answers scored 8, mean expected reward 9.097, kl coef 0.0000, update 2.87 s, wall 1791146962.5
exact step 620: answers scored 8, mean expected reward 8.791, kl coef 0.0000, update 2.89 s, wall 1791146966.6
exact step 621: answers scored 8, mean expected reward 9.629, kl coef 0.0000, update 2.86 s, wall 1791146971.4
exact step 622: answers scored 8, mean expected reward 9.498, kl coef 0.0000, update 2.83 s, wall 1791146975.8
exact step 623: answers scored 8, mean expected reward 9.229, kl coef 0.0000, update 2.84 s, wall 1791146979.3
exact step 624: answers scored 8, mean expected reward 8.815, kl coef 0.0000, update 2.81 s, wall 1791146983.1
exact step 625: answers scored 8, mean expected reward 10.047, kl coef 0.0000, update 2.83 s, wall 1791146987.6
exact step 626: answers scored 8, mean expected reward 10.627, kl coef 0.0000, update 2.87 s, wall 1791146991.1
exact step 627: answers scored 8, mean expected reward 9.079, kl coef 0.0000, update 2.84 s, wall 1791146994.9
exact step 628: answers scored 7, mean expected reward 9.638, kl coef 0.0000, update 2.83 s, wall 1791146998.5
exact step 629: answers scored 8, mean expected reward 9.130, kl coef 0.0000, update 2.80 s, wall 1791147001.9
exact step 630: answers scored 8, mean expected reward 9.770, kl coef 0.0000, update 2.83 s, wall 1791147005.3
exact step 631: answers scored 8, mean expected reward 9.836, kl coef 0.0000, update 2.84 s, wall 1791147009.0
exact step 632: answers scored 8, mean expected reward 9.004, kl coef 0.0000, update 2.85 s, wall 1791147012.4
exact step 633: answers scored 8, mean expected reward 10.688, kl coef 0.0000, update 2.86 s, wall 1791147016.0
exact step 634: answers scored 8, mean expected reward 9.627, kl coef 0.0000, update 2.87 s, wall 1791147020.6
exact step 635: answers scored 8, mean expected reward 10.153, kl coef 0.0000, update 2.84 s, wall 1791147024.2
exact step 636: answers scored 8, mean expected reward 9.664, kl coef 0.0000, update 2.88 s, wall 1791147029.4
exact step 637: answers scored 7, mean expected reward 8.708, kl coef 0.0000, update 2.77 s, wall 1791147033.4
exact step 638: answers scored 8, mean expected reward 10.041, kl coef 0.0000, update 2.82 s, wall 1791147036.8
exact step 639: answers scored 8, mean expected reward 10.352, kl coef 0.0000, update 2.87 s, wall 1791147041.6
exact step 640: answers scored 8, mean expected reward 9.740, kl coef 0.0000, update 2.84 s, wall 1791147046.4
exact step 641: answers scored 8, mean expected reward 9.985, kl coef 0.0000, update 2.85 s, wall 1791147050.2
exact step 642: answers scored 8, mean expected reward 9.334, kl coef 0.0000, update 2.80 s, wall 1791147054.1
exact step 643: answers scored 8, mean expected reward 9.597, kl coef 0.0000, update 2.80 s, wall 1791147058.0
exact step 644: answers scored 8, mean expected reward 9.550, kl coef 0.0000, update 2.78 s, wall 1791147061.6
exact step 645: answers scored 8, mean expected reward 9.502, kl coef 0.0000, update 2.82 s, wall 1791147065.1
exact step 646: answers scored 8, mean expected reward 9.352, kl coef 0.0000, update 2.84 s, wall 1791147070.0
exact step 647: answers scored 8, mean expected reward 9.357, kl coef 0.0000, update 2.83 s, wall 1791147074.0
exact step 648: answers scored 8, mean expected reward 9.580, kl coef 0.0000, update 2.86 s, wall 1791147077.4
exact step 649: answers scored 8, mean expected reward 10.088, kl coef 0.0000, update 2.82 s, wall 1791147080.9
exact step 650: answers scored 8, mean expected reward 10.744, kl coef 0.0000, update 2.83 s, wall 1791147084.3
exact step 651: answers scored 8, mean expected reward 9.653, kl coef 0.0000, update 2.82 s, wall 1791147087.8
exact step 652: answers scored 8, mean expected reward 9.969, kl coef 0.0000, update 2.83 s, wall 1791147091.5
exact step 653: answers scored 8, mean expected reward 9.610, kl coef 0.0000, update 2.81 s, wall 1791147095.1
exact step 654: answers scored 8, mean expected reward 10.265, kl coef 0.0000, update 2.84 s, wall 1791147099.0
exact step 655: answers scored 8, mean expected reward 9.866, kl coef 0.0000, update 2.84 s, wall 1791147103.4
exact step 656: answers scored 7, mean expected reward 9.293, kl coef 0.0000, update 2.82 s, wall 1791147107.7
exact step 657: answers scored 8, mean expected reward 9.996, kl coef 0.0000, update 2.85 s, wall 1791147111.1
exact step 658: answers scored 8, mean expected reward 9.616, kl coef 0.0000, update 2.81 s, wall 1791147114.5
exact step 659: answers scored 8, mean expected reward 10.129, kl coef 0.0000, update 2.85 s, wall 1791147117.9
exact step 660: answers scored 8, mean expected reward 9.876, kl coef 0.0000, update 2.81 s, wall 1791147121.4
exact step 661: answers scored 8, mean expected reward 8.727, kl coef 0.0000, update 2.81 s, wall 1791147125.7
exact step 662: answers scored 8, mean expected reward 9.650, kl coef 0.0000, update 2.79 s, wall 1791147129.5
exact step 663: answers scored 8, mean expected reward 10.183, kl coef 0.0000, update 2.81 s, wall 1791147133.1
exact step 664: answers scored 8, mean expected reward 9.950, kl coef 0.0000, update 2.80 s, wall 1791147136.6
exact step 665: answers scored 6, mean expected reward 10.631, kl coef 0.0000, update 2.82 s, wall 1791147143.6
exact step 666: answers scored 8, mean expected reward 10.268, kl coef 0.0000, update 2.80 s, wall 1791147147.0
exact step 667: answers scored 8, mean expected reward 9.269, kl coef 0.0000, update 2.84 s, wall 1791147150.4
exact step 668: answers scored 8, mean expected reward 9.574, kl coef 0.0000, update 2.82 s, wall 1791147153.9
exact step 669: answers scored 8, mean expected reward 7.183, kl coef 0.0000, update 2.83 s, wall 1791147157.3
exact step 670: answers scored 8, mean expected reward 9.412, kl coef 0.0000, update 2.82 s, wall 1791147160.8
exact step 671: answers scored 8, mean expected reward 10.101, kl coef 0.0000, update 2.88 s, wall 1791147164.7
exact step 672: answers scored 8, mean expected reward 8.668, kl coef 0.0000, update 2.84 s, wall 1791147168.2
exact step 673: answers scored 8, mean expected reward 10.081, kl coef 0.0000, update 2.86 s, wall 1791147173.0
exact step 674: answers scored 8, mean expected reward 9.794, kl coef 0.0000, update 2.85 s, wall 1791147176.4
exact step 675: answers scored 8, mean expected reward 10.241, kl coef 0.0000, update 2.85 s, wall 1791147180.0
exact step 676: answers scored 8, mean expected reward 9.147, kl coef 0.0000, update 2.82 s, wall 1791147183.9
exact step 677: answers scored 8, mean expected reward 9.686, kl coef 0.0000, update 2.85 s, wall 1791147188.0
exact step 678: answers scored 8, mean expected reward 9.193, kl coef 0.0000, update 2.84 s, wall 1791147191.7
exact step 679: answers scored 8, mean expected reward 9.494, kl coef 0.0000, update 2.82 s, wall 1791147195.6
exact step 680: answers scored 8, mean expected reward 9.113, kl coef 0.0000, update 2.85 s, wall 1791147200.2
exact step 681: answers scored 7, mean expected reward 8.876, kl coef 0.0000, update 2.84 s, wall 1791147205.8
exact step 682: answers scored 8, mean expected reward 9.285, kl coef 0.0000, update 2.87 s, wall 1791147209.5
exact step 683: answers scored 8, mean expected reward 10.015, kl coef 0.0000, update 2.82 s, wall 1791147212.9
exact step 684: answers scored 8, mean expected reward 9.898, kl coef 0.0000, update 2.83 s, wall 1791147217.0
exact step 685: answers scored 8, mean expected reward 9.729, kl coef 0.0000, update 2.85 s, wall 1791147220.6
exact step 686: answers scored 8, mean expected reward 9.514, kl coef 0.0000, update 2.87 s, wall 1791147224.8
exact step 687: answers scored 8, mean expected reward 9.848, kl coef 0.0000, update 2.86 s, wall 1791147231.0
exact step 688: answers scored 8, mean expected reward 8.833, kl coef 0.0000, update 2.86 s, wall 1791147235.4
exact step 689: answers scored 8, mean expected reward 8.628, kl coef 0.0000, update 2.85 s, wall 1791147238.8
exact step 690: answers scored 7, mean expected reward 9.936, kl coef 0.0000, update 2.82 s, wall 1791147242.8
exact step 691: answers scored 8, mean expected reward 10.169, kl coef 0.0000, update 2.84 s, wall 1791147246.1
exact step 692: answers scored 8, mean expected reward 8.970, kl coef 0.0000, update 2.84 s, wall 1791147249.6
exact step 693: answers scored 8, mean expected reward 9.555, kl coef 0.0000, update 2.83 s, wall 1791147253.1
exact step 694: answers scored 8, mean expected reward 9.643, kl coef 0.0000, update 2.81 s, wall 1791147257.2
exact step 695: answers scored 8, mean expected reward 9.653, kl coef 0.0000, update 2.85 s, wall 1791147260.8
exact step 696: answers scored 8, mean expected reward 8.755, kl coef 0.0000, update 2.83 s, wall 1791147265.2
exact step 697: answers scored 8, mean expected reward 9.224, kl coef 0.0000, update 2.86 s, wall 1791147270.7
exact step 698: answers scored 8, mean expected reward 10.167, kl coef 0.0000, update 2.86 s, wall 1791147274.9
exact step 699: answers scored 8, mean expected reward 10.137, kl coef 0.0000, update 2.89 s, wall 1791147278.5
exact step 700: answers scored 8, mean expected reward 9.015, kl coef 0.0000, update 2.84 s, wall 1791147282.1
exact step 701: answers scored 8, mean expected reward 9.636, kl coef 0.0000, update 2.90 s, wall 1791147287.7
exact step 702: answers scored 8, mean expected reward 10.260, kl coef 0.0000, update 2.90 s, wall 1791147293.0
exact step 703: answers scored 8, mean expected reward 9.529, kl coef 0.0000, update 2.85 s, wall 1791147296.5
exact step 704: answers scored 8, mean expected reward 8.714, kl coef 0.0000, update 2.87 s, wall 1791147300.3
exact step 705: answers scored 8, mean expected reward 9.413, kl coef 0.0000, update 2.91 s, wall 1791147303.9
exact step 706: answers scored 8, mean expected reward 9.900, kl coef 0.0000, update 2.89 s, wall 1791147307.3
exact step 707: answers scored 8, mean expected reward 10.122, kl coef 0.0000, update 2.89 s, wall 1791147310.7
exact step 708: answers scored 8, mean expected reward 9.740, kl coef 0.0000, update 2.89 s, wall 1791147314.5
exact step 709: answers scored 8, mean expected reward 10.225, kl coef 0.0000, update 2.86 s, wall 1791147318.0
exact step 710: answers scored 8, mean expected reward 10.027, kl coef 0.0000, update 2.86 s, wall 1791147321.8
exact step 711: answers scored 7, mean expected reward 9.972, kl coef 0.0000, update 2.83 s, wall 1791147327.6
exact step 712: answers scored 8, mean expected reward 10.064, kl coef 0.0000, update 2.84 s, wall 1791147331.4
exact step 713: answers scored 8, mean expected reward 8.943, kl coef 0.0000, update 2.87 s, wall 1791147335.0
exact step 714: answers scored 8, mean expected reward 10.311, kl coef 0.0000, update 2.83 s, wall 1791147338.8
exact step 715: answers scored 8, mean expected reward 9.737, kl coef 0.0000, update 2.87 s, wall 1791147343.3
exact step 716: answers scored 8, mean expected reward 8.162, kl coef 0.0000, update 2.83 s, wall 1791147346.9
exact step 717: answers scored 8, mean expected reward 10.088, kl coef 0.0000, update 2.85 s, wall 1791147350.5
exact step 718: answers scored 7, mean expected reward 8.845, kl coef 0.0000, update 2.85 s, wall 1791147356.1
exact step 719: answers scored 8, mean expected reward 9.404, kl coef 0.0000, update 2.84 s, wall 1791147359.7
exact step 720: answers scored 8, mean expected reward 10.692, kl coef 0.0000, update 3.11 s, wall 1791147364.2
exact step 721: answers scored 8, mean expected reward 9.671, kl coef 0.0000, update 2.86 s, wall 1791147367.7
exact step 722: answers scored 8, mean expected reward 9.119, kl coef 0.0000, update 2.85 s, wall 1791147371.3
exact step 723: answers scored 8, mean expected reward 9.994, kl coef 0.0000, update 2.85 s, wall 1791147374.9
exact step 724: answers scored 7, mean expected reward 9.703, kl coef 0.0000, update 2.85 s, wall 1791147394.0
exact step 725: answers scored 8, mean expected reward 9.404, kl coef 0.0000, update 2.84 s, wall 1791147397.5
exact step 726: answers scored 8, mean expected reward 8.730, kl coef 0.0000, update 2.85 s, wall 1791147401.0
exact step 727: answers scored 7, mean expected reward 9.359, kl coef 0.0000, update 2.83 s, wall 1791147407.7
exact step 728: answers scored 8, mean expected reward 10.099, kl coef 0.0000, update 2.83 s, wall 1791147411.2
exact step 729: answers scored 8, mean expected reward 9.139, kl coef 0.0000, update 2.84 s, wall 1791147414.6
exact step 730: answers scored 8, mean expected reward 10.118, kl coef 0.0000, update 2.90 s, wall 1791147419.8
exact step 731: answers scored 7, mean expected reward 9.678, kl coef 0.0000, update 2.83 s, wall 1791147423.6
exact step 732: answers scored 8, mean expected reward 9.332, kl coef 0.0000, update 2.86 s, wall 1791147427.5
exact step 733: answers scored 8, mean expected reward 9.298, kl coef 0.0000, update 2.86 s, wall 1791147431.0
exact step 734: answers scored 8, mean expected reward 10.967, kl coef 0.0000, update 2.84 s, wall 1791147434.5
exact step 735: answers scored 8, mean expected reward 9.243, kl coef 0.0000, update 2.86 s, wall 1791147438.0
exact step 736: answers scored 8, mean expected reward 9.441, kl coef 0.0000, update 2.86 s, wall 1791147441.8
exact step 737: answers scored 8, mean expected reward 9.236, kl coef 0.0000, update 2.88 s, wall 1791147445.5
exact step 738: answers scored 8, mean expected reward 8.825, kl coef 0.0000, update 2.85 s, wall 1791147448.9
exact step 739: answers scored 7, mean expected reward 10.067, kl coef 0.0000, update 2.87 s, wall 1791147454.1
exact step 740: answers scored 8, mean expected reward 9.248, kl coef 0.0000, update 2.87 s, wall 1791147457.6
exact step 741: answers scored 8, mean expected reward 9.784, kl coef 0.0000, update 2.87 s, wall 1791147461.9
exact step 742: answers scored 8, mean expected reward 9.318, kl coef 0.0000, update 2.84 s, wall 1791147466.0
exact step 743: answers scored 8, mean expected reward 8.896, kl coef 0.0000, update 2.94 s, wall 1791147469.4
exact step 744: answers scored 8, mean expected reward 9.572, kl coef 0.0000, update 2.87 s, wall 1791147473.1
exact step 745: answers scored 8, mean expected reward 10.103, kl coef 0.0000, update 2.83 s, wall 1791147476.5
exact step 746: answers scored 7, mean expected reward 10.846, kl coef 0.0000, update 2.80 s, wall 1791147483.4
exact step 747: answers scored 8, mean expected reward 9.786, kl coef 0.0000, update 2.81 s, wall 1791147486.9
exact step 748: answers scored 8, mean expected reward 9.659, kl coef 0.0000, update 2.83 s, wall 1791147490.4
exact step 749: answers scored 8, mean expected reward 9.729, kl coef 0.0000, update 2.79 s, wall 1791147495.0
exact step 750: answers scored 8, mean expected reward 9.036, kl coef 0.0000, update 2.80 s, wall 1791147498.4
exact step 751: answers scored 7, mean expected reward 10.494, kl coef 0.0000, update 2.81 s, wall 1791147501.8
exact step 752: answers scored 8, mean expected reward 9.225, kl coef 0.0000, update 2.81 s, wall 1791147505.2
exact step 753: answers scored 8, mean expected reward 9.911, kl coef 0.0000, update 2.89 s, wall 1791147509.5
exact step 754: answers scored 7, mean expected reward 9.117, kl coef 0.0000, update 2.83 s, wall 1791147514.0
exact step 755: answers scored 8, mean expected reward 9.278, kl coef 0.0000, update 2.84 s, wall 1791147517.4
exact step 756: answers scored 8, mean expected reward 9.689, kl coef 0.0000, update 2.84 s, wall 1791147520.9
exact step 757: answers scored 8, mean expected reward 10.407, kl coef 0.0000, update 2.81 s, wall 1791147524.3
exact step 758: answers scored 8, mean expected reward 9.180, kl coef 0.0000, update 2.85 s, wall 1791147529.5
exact step 759: answers scored 8, mean expected reward 8.867, kl coef 0.0000, update 2.81 s, wall 1791147533.0
exact step 760: answers scored 6, mean expected reward 8.469, kl coef 0.0000, update 2.80 s, wall 1791147541.0
exact step 761: answers scored 8, mean expected reward 9.943, kl coef 0.0000, update 2.84 s, wall 1791147544.9
exact step 762: answers scored 8, mean expected reward 9.516, kl coef 0.0000, update 2.88 s, wall 1791147548.9
exact step 763: answers scored 8, mean expected reward 9.723, kl coef 0.0000, update 2.79 s, wall 1791147552.2
exact step 764: answers scored 8, mean expected reward 9.202, kl coef 0.0000, update 2.80 s, wall 1791147557.1
exact step 765: answers scored 8, mean expected reward 9.890, kl coef 0.0000, update 2.79 s, wall 1791147560.4
exact step 766: answers scored 8, mean expected reward 9.188, kl coef 0.0000, update 2.80 s, wall 1791147565.0
exact step 767: answers scored 8, mean expected reward 8.671, kl coef 0.0000, update 2.79 s, wall 1791147568.4
exact step 768: answers scored 8, mean expected reward 10.312, kl coef 0.0000, update 2.79 s, wall 1791147571.9
exact step 769: answers scored 8, mean expected reward 10.103, kl coef 0.0000, update 2.84 s, wall 1791147577.2
exact step 770: answers scored 8, mean expected reward 9.351, kl coef 0.0000, update 2.85 s, wall 1791147580.6
exact step 771: answers scored 8, mean expected reward 9.291, kl coef 0.0000, update 2.87 s, wall 1791147584.1
exact step 772: answers scored 8, mean expected reward 9.355, kl coef 0.0000, update 2.84 s, wall 1791147587.7
exact step 773: answers scored 8, mean expected reward 10.472, kl coef 0.0000, update 2.85 s, wall 1791147591.3
exact step 774: answers scored 8, mean expected reward 10.195, kl coef 0.0000, update 2.86 s, wall 1791147594.7
exact step 775: answers scored 8, mean expected reward 9.448, kl coef 0.0000, update 2.82 s, wall 1791147598.6
exact step 776: answers scored 7, mean expected reward 9.675, kl coef 0.0000, update 2.79 s, wall 1791147605.3
exact step 777: answers scored 8, mean expected reward 10.353, kl coef 0.0000, update 2.84 s, wall 1791147608.7
exact step 778: answers scored 7, mean expected reward 9.720, kl coef 0.0000, update 2.81 s, wall 1791147620.2
exact step 779: answers scored 8, mean expected reward 8.498, kl coef 0.0000, update 2.85 s, wall 1791147623.8
exact step 780: answers scored 8, mean expected reward 8.875, kl coef 0.0000, update 2.89 s, wall 1791147627.4
exact step 781: answers scored 8, mean expected reward 9.374, kl coef 0.0000, update 2.89 s, wall 1791147630.8
exact step 782: answers scored 7, mean expected reward 10.253, kl coef 0.0000, update 2.83 s, wall 1791147636.6
exact step 783: answers scored 8, mean expected reward 9.725, kl coef 0.0000, update 2.86 s, wall 1791147640.3
exact step 784: answers scored 8, mean expected reward 9.560, kl coef 0.0000, update 2.82 s, wall 1791147645.4
exact step 785: answers scored 8, mean expected reward 10.624, kl coef 0.0000, update 2.80 s, wall 1791147648.7
exact step 786: answers scored 7, mean expected reward 9.120, kl coef 0.0000, update 2.85 s, wall 1791147652.2
exact step 787: answers scored 8, mean expected reward 10.105, kl coef 0.0000, update 2.81 s, wall 1791147656.2
exact step 788: answers scored 7, mean expected reward 9.645, kl coef 0.0000, update 2.84 s, wall 1791147662.5
exact step 789: answers scored 8, mean expected reward 9.039, kl coef 0.0000, update 2.86 s, wall 1791147665.9
exact step 790: answers scored 8, mean expected reward 10.342, kl coef 0.0000, update 2.82 s, wall 1791147670.3
exact step 791: answers scored 8, mean expected reward 9.220, kl coef 0.0000, update 2.82 s, wall 1791147673.9
exact step 792: answers scored 8, mean expected reward 9.092, kl coef 0.0000, update 2.83 s, wall 1791147677.4
exact step 793: answers scored 8, mean expected reward 10.127, kl coef 0.0000, update 2.84 s, wall 1791147681.0
exact step 794: answers scored 7, mean expected reward 9.890, kl coef 0.0000, update 2.83 s, wall 1791147684.4
exact step 795: answers scored 8, mean expected reward 9.977, kl coef 0.0000, update 2.84 s, wall 1791147687.9
exact step 796: answers scored 8, mean expected reward 9.201, kl coef 0.0000, update 2.87 s, wall 1791147694.6
exact step 797: answers scored 8, mean expected reward 10.167, kl coef 0.0000, update 2.83 s, wall 1791147698.5
exact step 798: answers scored 8, mean expected reward 9.575, kl coef 0.0000, update 2.82 s, wall 1791147701.9
checkpoint at step 800 (1.3 s)
exact step 799: answers scored 7, mean expected reward 9.986, kl coef 0.0000, update 4.13 s, wall 1791147706.7
exact step 800: answers scored 7, mean expected reward 8.730, kl coef 0.0000, update 2.82 s, wall 1791147713.4
exact step 801: answers scored 8, mean expected reward 8.917, kl coef 0.0000, update 2.81 s, wall 1791147717.6
exact step 802: answers scored 8, mean expected reward 10.063, kl coef 0.0000, update 2.89 s, wall 1791147721.1
exact step 803: answers scored 7, mean expected reward 9.984, kl coef 0.0000, update 2.87 s, wall 1791147725.7
exact step 804: answers scored 8, mean expected reward 9.751, kl coef 0.0000, update 2.89 s, wall 1791147730.4
exact step 805: answers scored 8, mean expected reward 10.205, kl coef 0.0000, update 2.86 s, wall 1791147734.0
exact step 806: answers scored 8, mean expected reward 9.947, kl coef 0.0000, update 2.86 s, wall 1791147738.5
exact step 807: answers scored 8, mean expected reward 8.999, kl coef 0.0000, update 2.87 s, wall 1791147742.0
exact step 808: answers scored 8, mean expected reward 9.385, kl coef 0.0000, update 2.89 s, wall 1791147745.5
exact step 809: answers scored 8, mean expected reward 10.203, kl coef 0.0000, update 2.88 s, wall 1791147750.1
exact step 810: answers scored 8, mean expected reward 9.755, kl coef 0.0000, update 2.90 s, wall 1791147753.9
exact step 811: answers scored 8, mean expected reward 10.530, kl coef 0.0000, update 2.86 s, wall 1791147757.8
exact step 812: answers scored 8, mean expected reward 10.018, kl coef 0.0000, update 2.87 s, wall 1791147761.2
exact step 813: answers scored 7, mean expected reward 10.219, kl coef 0.0000, update 2.84 s, wall 1791147765.6
exact step 814: answers scored 8, mean expected reward 9.643, kl coef 0.0000, update 2.81 s, wall 1791147769.0
exact step 815: answers scored 8, mean expected reward 9.337, kl coef 0.0000, update 2.82 s, wall 1791147772.9
exact step 816: answers scored 8, mean expected reward 9.366, kl coef 0.0000, update 2.82 s, wall 1791147776.6
exact step 817: answers scored 7, mean expected reward 8.674, kl coef 0.0000, update 2.84 s, wall 1791147784.7
exact step 818: answers scored 8, mean expected reward 8.831, kl coef 0.0000, update 2.86 s, wall 1791147788.3
exact step 819: answers scored 8, mean expected reward 9.601, kl coef 0.0000, update 2.86 s, wall 1791147791.6
exact step 820: answers scored 8, mean expected reward 9.990, kl coef 0.0000, update 2.90 s, wall 1791147795.2
exact step 821: answers scored 8, mean expected reward 8.545, kl coef 0.0000, update 2.90 s, wall 1791147801.0
exact step 822: answers scored 8, mean expected reward 10.110, kl coef 0.0000, update 2.91 s, wall 1791147804.6
exact step 823: answers scored 8, mean expected reward 9.977, kl coef 0.0000, update 2.85 s, wall 1791147808.2
exact step 824: answers scored 8, mean expected reward 9.846, kl coef 0.0000, update 2.89 s, wall 1791147813.5
exact step 825: answers scored 8, mean expected reward 9.834, kl coef 0.0000, update 2.86 s, wall 1791147817.1
exact step 826: answers scored 8, mean expected reward 10.024, kl coef 0.0000, update 3.09 s, wall 1791147821.5
exact step 827: answers scored 8, mean expected reward 8.854, kl coef 0.0000, update 2.98 s, wall 1791147825.2
exact step 828: answers scored 8, mean expected reward 9.856, kl coef 0.0000, update 2.83 s, wall 1791147828.6
exact step 829: answers scored 8, mean expected reward 9.570, kl coef 0.0000, update 2.84 s, wall 1791147832.0
exact step 830: answers scored 7, mean expected reward 9.778, kl coef 0.0000, update 2.84 s, wall 1791147850.5
exact step 831: answers scored 8, mean expected reward 9.539, kl coef 0.0000, update 2.84 s, wall 1791147854.1
exact step 832: answers scored 7, mean expected reward 9.948, kl coef 0.0000, update 3.05 s, wall 1791147858.7
exact step 833: answers scored 8, mean expected reward 10.480, kl coef 0.0000, update 2.85 s, wall 1791147862.2
exact step 834: answers scored 8, mean expected reward 9.535, kl coef 0.0000, update 2.84 s, wall 1791147867.6
exact step 835: answers scored 8, mean expected reward 9.203, kl coef 0.0000, update 2.81 s, wall 1791147871.0
exact step 836: answers scored 8, mean expected reward 10.047, kl coef 0.0000, update 2.82 s, wall 1791147875.6
exact step 837: answers scored 7, mean expected reward 9.387, kl coef 0.0000, update 2.83 s, wall 1791147880.4
exact step 838: answers scored 8, mean expected reward 9.184, kl coef 0.0000, update 2.84 s, wall 1791147884.5
exact step 839: answers scored 7, mean expected reward 9.139, kl coef 0.0000, update 2.85 s, wall 1791147893.8
exact step 840: answers scored 8, mean expected reward 9.723, kl coef 0.0000, update 2.87 s, wall 1791147897.3
exact step 841: answers scored 8, mean expected reward 9.401, kl coef 0.0000, update 2.86 s, wall 1791147900.8
exact step 842: answers scored 8, mean expected reward 10.104, kl coef 0.0000, update 2.87 s, wall 1791147904.3
exact step 843: answers scored 8, mean expected reward 9.786, kl coef 0.0000, update 2.85 s, wall 1791147907.8
exact step 844: answers scored 7, mean expected reward 9.911, kl coef 0.0000, update 2.82 s, wall 1791147916.3
exact step 845: answers scored 8, mean expected reward 9.699, kl coef 0.0000, update 2.85 s, wall 1791147919.7
exact step 846: answers scored 8, mean expected reward 9.320, kl coef 0.0000, update 3.07 s, wall 1791147924.8
exact step 847: answers scored 8, mean expected reward 8.925, kl coef 0.0000, update 2.83 s, wall 1791147928.8
exact step 848: answers scored 8, mean expected reward 8.930, kl coef 0.0000, update 2.83 s, wall 1791147932.5
exact step 849: answers scored 8, mean expected reward 9.174, kl coef 0.0000, update 2.81 s, wall 1791147936.0
exact step 850: answers scored 8, mean expected reward 9.132, kl coef 0.0000, update 2.87 s, wall 1791147939.5
exact step 851: answers scored 8, mean expected reward 9.726, kl coef 0.0000, update 2.84 s, wall 1791147943.1
exact step 852: answers scored 8, mean expected reward 9.851, kl coef 0.0000, update 2.85 s, wall 1791147946.6
exact step 853: answers scored 8, mean expected reward 10.287, kl coef 0.0000, update 2.84 s, wall 1791147950.6
exact step 854: answers scored 8, mean expected reward 8.961, kl coef 0.0000, update 2.84 s, wall 1791147954.2
exact step 855: answers scored 8, mean expected reward 9.826, kl coef 0.0000, update 3.06 s, wall 1791147957.8
exact step 856: answers scored 8, mean expected reward 10.324, kl coef 0.0000, update 2.82 s, wall 1791147961.2
exact step 857: answers scored 8, mean expected reward 9.854, kl coef 0.0000, update 2.84 s, wall 1791147964.7
exact step 858: answers scored 8, mean expected reward 9.830, kl coef 0.0000, update 2.87 s, wall 1791147968.5
exact step 859: answers scored 8, mean expected reward 10.794, kl coef 0.0000, update 2.84 s, wall 1791147971.9
exact step 860: answers scored 8, mean expected reward 9.019, kl coef 0.0000, update 2.83 s, wall 1791147975.3
exact step 861: answers scored 8, mean expected reward 9.952, kl coef 0.0000, update 2.84 s, wall 1791147979.0
exact step 862: answers scored 8, mean expected reward 9.799, kl coef 0.0000, update 2.81 s, wall 1791147982.5
exact step 863: answers scored 7, mean expected reward 9.691, kl coef 0.0000, update 2.80 s, wall 1791147986.7
exact step 864: answers scored 8, mean expected reward 7.684, kl coef 0.0000, update 3.02 s, wall 1791147990.6
exact step 865: answers scored 8, mean expected reward 9.512, kl coef 0.0000, update 2.83 s, wall 1791147995.3
exact step 866: answers scored 8, mean expected reward 9.161, kl coef 0.0000, update 2.84 s, wall 1791147999.4
exact step 867: answers scored 8, mean expected reward 8.738, kl coef 0.0000, update 2.82 s, wall 1791148003.1
exact step 868: answers scored 8, mean expected reward 9.758, kl coef 0.0000, update 2.82 s, wall 1791148006.5
exact step 869: answers scored 8, mean expected reward 9.742, kl coef 0.0000, update 2.88 s, wall 1791148010.8
exact step 870: answers scored 8, mean expected reward 9.617, kl coef 0.0000, update 2.81 s, wall 1791148014.3
exact step 871: answers scored 7, mean expected reward 8.965, kl coef 0.0000, update 2.82 s, wall 1791148020.0
exact step 872: answers scored 8, mean expected reward 10.474, kl coef 0.0000, update 3.04 s, wall 1791148023.7
exact step 873: answers scored 8, mean expected reward 9.449, kl coef 0.0000, update 2.84 s, wall 1791148027.1
exact step 874: answers scored 8, mean expected reward 8.877, kl coef 0.0000, update 2.87 s, wall 1791148030.6
exact step 875: answers scored 8, mean expected reward 10.503, kl coef 0.0000, update 2.84 s, wall 1791148035.1
exact step 876: answers scored 8, mean expected reward 10.025, kl coef 0.0000, update 2.88 s, wall 1791148039.3
exact step 877: answers scored 8, mean expected reward 9.946, kl coef 0.0000, update 2.88 s, wall 1791148042.9
exact step 878: answers scored 8, mean expected reward 9.779, kl coef 0.0000, update 2.84 s, wall 1791148046.4
exact step 879: answers scored 7, mean expected reward 10.266, kl coef 0.0000, update 2.86 s, wall 1791148050.8
exact step 880: answers scored 8, mean expected reward 9.361, kl coef 0.0000, update 2.84 s, wall 1791148054.3
exact step 881: answers scored 8, mean expected reward 9.580, kl coef 0.0000, update 3.04 s, wall 1791148058.0
exact step 882: answers scored 8, mean expected reward 9.706, kl coef 0.0000, update 2.84 s, wall 1791148061.7
exact step 883: answers scored 8, mean expected reward 10.247, kl coef 0.0000, update 2.86 s, wall 1791148065.2
exact step 884: answers scored 8, mean expected reward 9.606, kl coef 0.0000, update 2.85 s, wall 1791148068.7
exact step 885: answers scored 8, mean expected reward 9.539, kl coef 0.0000, update 2.85 s, wall 1791148073.0
exact step 886: answers scored 8, mean expected reward 10.330, kl coef 0.0000, update 2.81 s, wall 1791148076.4
exact step 887: answers scored 8, mean expected reward 10.037, kl coef 0.0000, update 2.84 s, wall 1791148079.8
exact step 888: answers scored 8, mean expected reward 10.180, kl coef 0.0000, update 2.84 s, wall 1791148083.6
exact step 889: answers scored 8, mean expected reward 10.059, kl coef 0.0000, update 2.85 s, wall 1791148087.1
exact step 890: answers scored 8, mean expected reward 9.897, kl coef 0.0000, update 3.06 s, wall 1791148091.6
exact step 891: answers scored 8, mean expected reward 9.214, kl coef 0.0000, update 2.84 s, wall 1791148095.0
exact step 892: answers scored 7, mean expected reward 9.367, kl coef 0.0000, update 2.83 s, wall 1791148099.9
exact step 893: answers scored 8, mean expected reward 10.383, kl coef 0.0000, update 2.84 s, wall 1791148103.9
exact step 894: answers scored 8, mean expected reward 8.909, kl coef 0.0000, update 2.82 s, wall 1791148107.4
exact step 895: answers scored 8, mean expected reward 9.757, kl coef 0.0000, update 2.84 s, wall 1791148111.8
exact step 896: answers scored 6, mean expected reward 10.198, kl coef 0.0000, update 2.77 s, wall 1791148118.6
exact step 897: answers scored 8, mean expected reward 9.976, kl coef 0.0000, update 2.91 s, wall 1791148122.5
exact step 898: answers scored 8, mean expected reward 10.157, kl coef 0.0000, update 2.79 s, wall 1791148126.3
exact step 899: answers scored 8, mean expected reward 10.070, kl coef 0.0000, update 2.78 s, wall 1791148129.7
exact step 900: answers scored 8, mean expected reward 10.551, kl coef 0.0000, update 2.80 s, wall 1791148133.1
exact step 901: answers scored 7, mean expected reward 8.559, kl coef 0.0000, update 2.78 s, wall 1791148136.4
exact step 902: answers scored 8, mean expected reward 10.364, kl coef 0.0000, update 2.80 s, wall 1791148140.5
exact step 903: answers scored 8, mean expected reward 9.880, kl coef 0.0000, update 2.83 s, wall 1791148143.9
exact step 904: answers scored 8, mean expected reward 9.944, kl coef 0.0000, update 2.79 s, wall 1791148147.3
exact step 905: answers scored 8, mean expected reward 9.966, kl coef 0.0000, update 2.82 s, wall 1791148150.7
exact step 906: answers scored 8, mean expected reward 9.255, kl coef 0.0000, update 2.80 s, wall 1791148154.2
exact step 907: answers scored 8, mean expected reward 9.432, kl coef 0.0000, update 3.02 s, wall 1791148157.9
exact step 908: answers scored 8, mean expected reward 9.465, kl coef 0.0000, update 2.85 s, wall 1791148162.4
exact step 909: answers scored 7, mean expected reward 9.808, kl coef 0.0000, update 2.80 s, wall 1791148166.3
exact step 910: answers scored 8, mean expected reward 9.301, kl coef 0.0000, update 2.87 s, wall 1791148169.7
exact step 911: answers scored 8, mean expected reward 8.995, kl coef 0.0000, update 2.87 s, wall 1791148173.4
exact step 912: answers scored 8, mean expected reward 10.267, kl coef 0.0000, update 3.14 s, wall 1791148177.4
exact step 913: answers scored 8, mean expected reward 10.037, kl coef 0.0000, update 2.82 s, wall 1791148180.8
exact step 914: answers scored 8, mean expected reward 8.983, kl coef 0.0000, update 2.81 s, wall 1791148184.3
exact step 915: answers scored 8, mean expected reward 10.411, kl coef 0.0000, update 2.80 s, wall 1791148187.6
exact step 916: answers scored 8, mean expected reward 9.768, kl coef 0.0000, update 3.05 s, wall 1791148191.3
exact step 917: answers scored 8, mean expected reward 10.675, kl coef 0.0000, update 2.82 s, wall 1791148194.9
exact step 918: answers scored 8, mean expected reward 8.926, kl coef 0.0000, update 2.84 s, wall 1791148199.7
exact step 919: answers scored 8, mean expected reward 9.101, kl coef 0.0000, update 2.84 s, wall 1791148203.3
exact step 920: answers scored 7, mean expected reward 9.698, kl coef 0.0000, update 2.86 s, wall 1791148208.3
exact step 921: answers scored 8, mean expected reward 9.727, kl coef 0.0000, update 2.86 s, wall 1791148214.7
exact step 922: answers scored 8, mean expected reward 9.804, kl coef 0.0000, update 2.83 s, wall 1791148218.8
exact step 923: answers scored 8, mean expected reward 9.227, kl coef 0.0000, update 2.91 s, wall 1791148222.3
exact step 924: answers scored 8, mean expected reward 9.078, kl coef 0.0000, update 2.84 s, wall 1791148228.3
exact step 925: answers scored 8, mean expected reward 9.760, kl coef 0.0000, update 2.85 s, wall 1791148231.8
exact step 926: answers scored 8, mean expected reward 10.520, kl coef 0.0000, update 2.96 s, wall 1791148235.3
exact step 927: answers scored 8, mean expected reward 9.616, kl coef 0.0000, update 2.94 s, wall 1791148238.8
exact step 928: answers scored 8, mean expected reward 9.138, kl coef 0.0000, update 3.00 s, wall 1791148244.1
exact step 929: answers scored 8, mean expected reward 9.634, kl coef 0.0000, update 2.94 s, wall 1791148247.7
exact step 930: answers scored 8, mean expected reward 10.396, kl coef 0.0000, update 2.95 s, wall 1791148251.2
exact step 931: answers scored 8, mean expected reward 8.348, kl coef 0.0000, update 2.91 s, wall 1791148254.9
exact step 932: answers scored 8, mean expected reward 9.168, kl coef 0.0000, update 2.96 s, wall 1791148259.6
exact step 933: answers scored 8, mean expected reward 10.127, kl coef 0.0000, update 2.89 s, wall 1791148263.3
exact step 934: answers scored 8, mean expected reward 9.792, kl coef 0.0000, update 2.86 s, wall 1791148266.9
exact step 935: answers scored 7, mean expected reward 10.903, kl coef 0.0000, update 2.83 s, wall 1791148271.5
exact step 936: answers scored 8, mean expected reward 9.693, kl coef 0.0000, update 2.85 s, wall 1791148275.0
exact step 937: answers scored 8, mean expected reward 8.692, kl coef 0.0000, update 2.88 s, wall 1791148278.4
exact step 938: answers scored 8, mean expected reward 10.503, kl coef 0.0000, update 2.82 s, wall 1791148282.0
exact step 939: answers scored 8, mean expected reward 9.444, kl coef 0.0000, update 2.80 s, wall 1791148285.8
exact step 940: answers scored 8, mean expected reward 9.695, kl coef 0.0000, update 2.80 s, wall 1791148289.5
exact step 941: answers scored 7, mean expected reward 10.411, kl coef 0.0000, update 2.88 s, wall 1791148295.0
exact step 942: answers scored 8, mean expected reward 10.319, kl coef 0.0000, update 2.82 s, wall 1791148298.6
exact step 943: answers scored 8, mean expected reward 9.430, kl coef 0.0000, update 2.87 s, wall 1791148302.1
exact step 944: answers scored 8, mean expected reward 9.628, kl coef 0.0000, update 2.83 s, wall 1791148306.4
exact step 945: answers scored 8, mean expected reward 9.317, kl coef 0.0000, update 2.87 s, wall 1791148310.0
exact step 946: answers scored 8, mean expected reward 10.064, kl coef 0.0000, update 2.92 s, wall 1791148313.6
exact step 947: answers scored 8, mean expected reward 9.713, kl coef 0.0000, update 2.91 s, wall 1791148317.1
exact step 948: answers scored 8, mean expected reward 10.327, kl coef 0.0000, update 3.00 s, wall 1791148321.6
exact step 949: answers scored 8, mean expected reward 9.799, kl coef 0.0000, update 3.05 s, wall 1791148325.3
exact step 950: answers scored 8, mean expected reward 10.394, kl coef 0.0000, update 2.96 s, wall 1791148329.1
exact step 951: answers scored 8, mean expected reward 9.732, kl coef 0.0000, update 3.04 s, wall 1791148333.5
exact step 952: answers scored 8, mean expected reward 10.149, kl coef 0.0000, update 2.98 s, wall 1791148337.1
exact step 953: answers scored 7, mean expected reward 9.172, kl coef 0.0000, update 2.96 s, wall 1791148345.1
exact step 954: answers scored 8, mean expected reward 8.205, kl coef 0.0000, update 2.97 s, wall 1791148349.0
exact step 955: answers scored 8, mean expected reward 9.876, kl coef 0.0000, update 2.94 s, wall 1791148352.5
exact step 956: answers scored 8, mean expected reward 10.585, kl coef 0.0000, update 3.02 s, wall 1791148357.0
exact step 957: answers scored 8, mean expected reward 9.207, kl coef 0.0000, update 3.00 s, wall 1791148362.9
exact step 958: answers scored 7, mean expected reward 9.482, kl coef 0.0000, update 2.92 s, wall 1791148369.9
exact step 959: answers scored 8, mean expected reward 9.487, kl coef 0.0000, update 2.93 s, wall 1791148375.6
exact step 960: answers scored 8, mean expected reward 9.494, kl coef 0.0000, update 2.92 s, wall 1791148379.5
exact step 961: answers scored 8, mean expected reward 9.971, kl coef 0.0000, update 2.93 s, wall 1791148383.0
exact step 962: answers scored 7, mean expected reward 10.651, kl coef 0.0000, update 2.96 s, wall 1791148387.8
exact step 963: answers scored 7, mean expected reward 9.496, kl coef 0.0000, update 2.95 s, wall 1791148393.6
exact step 964: answers scored 8, mean expected reward 8.530, kl coef 0.0000, update 2.98 s, wall 1791148397.4
exact step 965: answers scored 8, mean expected reward 9.002, kl coef 0.0000, update 2.94 s, wall 1791148400.9
exact step 966: answers scored 8, mean expected reward 9.531, kl coef 0.0000, update 2.96 s, wall 1791148404.5
exact step 967: answers scored 8, mean expected reward 9.578, kl coef 0.0000, update 2.97 s, wall 1791148408.4
exact step 968: answers scored 8, mean expected reward 9.952, kl coef 0.0000, update 2.91 s, wall 1791148411.9
exact step 969: answers scored 8, mean expected reward 10.254, kl coef 0.0000, update 2.92 s, wall 1791148415.8
exact step 970: answers scored 8, mean expected reward 8.399, kl coef 0.0000, update 2.92 s, wall 1791148419.5
exact step 971: answers scored 8, mean expected reward 9.075, kl coef 0.0000, update 2.83 s, wall 1791148422.9
exact step 972: answers scored 6, mean expected reward 9.261, kl coef 0.0000, update 2.81 s, wall 1791148428.7
exact step 973: answers scored 8, mean expected reward 9.703, kl coef 0.0000, update 2.81 s, wall 1791148432.1
exact step 974: answers scored 8, mean expected reward 10.579, kl coef 0.0000, update 2.83 s, wall 1791148437.2
exact step 975: answers scored 8, mean expected reward 9.804, kl coef 0.0000, update 2.83 s, wall 1791148440.9
exact step 976: answers scored 8, mean expected reward 10.450, kl coef 0.0000, update 2.83 s, wall 1791148444.3
exact step 977: answers scored 8, mean expected reward 9.667, kl coef 0.0000, update 2.84 s, wall 1791148449.6
exact step 978: answers scored 8, mean expected reward 9.045, kl coef 0.0000, update 2.83 s, wall 1791148453.3
exact step 979: answers scored 8, mean expected reward 9.620, kl coef 0.0000, update 2.85 s, wall 1791148459.8
exact step 980: answers scored 8, mean expected reward 9.406, kl coef 0.0000, update 2.84 s, wall 1791148463.4
exact step 981: answers scored 8, mean expected reward 9.141, kl coef 0.0000, update 2.84 s, wall 1791148467.4
exact step 982: answers scored 8, mean expected reward 9.145, kl coef 0.0000, update 2.84 s, wall 1791148470.9
exact step 983: answers scored 8, mean expected reward 9.450, kl coef 0.0000, update 2.81 s, wall 1791148474.5
exact step 984: answers scored 8, mean expected reward 9.986, kl coef 0.0000, update 2.87 s, wall 1791148478.0
exact step 985: answers scored 8, mean expected reward 8.789, kl coef 0.0000, update 2.87 s, wall 1791148483.7
exact step 986: answers scored 8, mean expected reward 10.024, kl coef 0.0000, update 2.84 s, wall 1791148487.5
exact step 987: answers scored 8, mean expected reward 9.710, kl coef 0.0000, update 2.86 s, wall 1791148491.0
exact step 988: answers scored 8, mean expected reward 9.477, kl coef 0.0000, update 2.84 s, wall 1791148495.6
exact step 989: answers scored 8, mean expected reward 9.590, kl coef 0.0000, update 2.87 s, wall 1791148500.2
exact step 990: answers scored 7, mean expected reward 9.822, kl coef 0.0000, update 2.85 s, wall 1791148506.2
exact step 991: answers scored 8, mean expected reward 7.782, kl coef 0.0000, update 2.85 s, wall 1791148509.7
exact step 992: answers scored 8, mean expected reward 10.286, kl coef 0.0000, update 2.81 s, wall 1791148513.1
exact step 993: answers scored 8, mean expected reward 10.088, kl coef 0.0000, update 2.83 s, wall 1791148517.4
exact step 994: answers scored 8, mean expected reward 10.224, kl coef 0.0000, update 2.83 s, wall 1791148520.9
exact step 995: answers scored 8, mean expected reward 9.608, kl coef 0.0000, update 2.85 s, wall 1791148524.7
exact step 996: answers scored 8, mean expected reward 10.050, kl coef 0.0000, update 2.84 s, wall 1791148528.2
exact step 997: answers scored 8, mean expected reward 9.787, kl coef 0.0000, update 2.87 s, wall 1791148532.2
exact step 998: answers scored 8, mean expected reward 9.261, kl coef 0.0000, update 2.86 s, wall 1791148535.8
checkpoint at step 1000 (1.4 s)
exact step 999: answers scored 8, mean expected reward 10.082, kl coef 0.0000, update 5.78 s, wall 1791148543.5
exact step 1000: answers scored 8, mean expected reward 7.693, kl coef 0.0000, update 2.82 s, wall 1791148546.8
exact step 1001: answers scored 7, mean expected reward 9.727, kl coef 0.0000, update 2.81 s, wall 1791148551.3
exact step 1002: answers scored 8, mean expected reward 9.133, kl coef 0.0000, update 2.84 s, wall 1791148556.3
exact step 1003: answers scored 8, mean expected reward 9.682, kl coef 0.0000, update 2.83 s, wall 1791148560.7
exact step 1004: answers scored 8, mean expected reward 8.077, kl coef 0.0000, update 2.81 s, wall 1791148564.3
exact step 1005: answers scored 8, mean expected reward 9.754, kl coef 0.0000, update 2.85 s, wall 1791148568.0
exact step 1006: answers scored 8, mean expected reward 9.821, kl coef 0.0000, update 2.82 s, wall 1791148571.4
exact step 1007: answers scored 8, mean expected reward 9.659, kl coef 0.0000, update 2.86 s, wall 1791148575.0
exact step 1008: answers scored 7, mean expected reward 9.880, kl coef 0.0000, update 2.83 s, wall 1791148580.4
exact step 1009: answers scored 8, mean expected reward 10.131, kl coef 0.0000, update 2.86 s, wall 1791148586.0
exact step 1010: answers scored 8, mean expected reward 9.350, kl coef 0.0000, update 2.86 s, wall 1791148589.8
exact step 1011: answers scored 8, mean expected reward 9.727, kl coef 0.0000, update 2.88 s, wall 1791148593.9
exact step 1012: answers scored 8, mean expected reward 9.867, kl coef 0.0000, update 2.86 s, wall 1791148597.5
exact step 1013: answers scored 8, mean expected reward 8.907, kl coef 0.0000, update 2.82 s, wall 1791148600.9
exact step 1014: answers scored 8, mean expected reward 9.443, kl coef 0.0000, update 2.83 s, wall 1791148604.8
exact step 1015: answers scored 8, mean expected reward 10.258, kl coef 0.0000, update 2.84 s, wall 1791148610.1
exact step 1016: answers scored 7, mean expected reward 9.613, kl coef 0.0000, update 2.83 s, wall 1791148614.7
exact step 1017: answers scored 7, mean expected reward 10.333, kl coef 0.0000, update 2.94 s, wall 1791148621.0
exact step 1018: answers scored 8, mean expected reward 9.330, kl coef 0.0000, update 2.96 s, wall 1791148626.2
exact step 1019: answers scored 8, mean expected reward 9.763, kl coef 0.0000, update 2.86 s, wall 1791148630.2
exact step 1020: answers scored 8, mean expected reward 10.037, kl coef 0.0000, update 2.81 s, wall 1791148633.9
exact step 1021: answers scored 8, mean expected reward 10.551, kl coef 0.0000, update 2.93 s, wall 1791148642.5
exact step 1022: answers scored 8, mean expected reward 9.327, kl coef 0.0000, update 2.91 s, wall 1791148646.2
exact step 1023: answers scored 8, mean expected reward 8.730, kl coef 0.0000, update 2.82 s, wall 1791148649.8
exact step 1024: answers scored 8, mean expected reward 10.094, kl coef 0.0000, update 2.82 s, wall 1791148653.4
exact step 1025: answers scored 8, mean expected reward 9.803, kl coef 0.0000, update 2.81 s, wall 1791148656.9
exact step 1026: answers scored 8, mean expected reward 8.647, kl coef 0.0000, update 2.81 s, wall 1791148660.4
exact step 1027: answers scored 6, mean expected reward 9.621, kl coef 0.0000, update 2.82 s, wall 1791148665.1
exact step 1028: answers scored 8, mean expected reward 9.067, kl coef 0.0000, update 2.85 s, wall 1791148669.0
exact step 1029: answers scored 8, mean expected reward 8.860, kl coef 0.0000, update 2.86 s, wall 1791148672.5
exact step 1030: answers scored 8, mean expected reward 10.508, kl coef 0.0000, update 2.88 s, wall 1791148676.0
exact step 1031: answers scored 8, mean expected reward 10.000, kl coef 0.0000, update 2.87 s, wall 1791148679.4
exact step 1032: answers scored 8, mean expected reward 9.769, kl coef 0.0000, update 2.83 s, wall 1791148682.9
exact step 1033: answers scored 8, mean expected reward 9.924, kl coef 0.0000, update 2.84 s, wall 1791148688.2
exact step 1034: answers scored 8, mean expected reward 8.433, kl coef 0.0000, update 2.85 s, wall 1791148692.6
exact step 1035: answers scored 8, mean expected reward 9.993, kl coef 0.0000, update 2.89 s, wall 1791148696.9
exact step 1036: answers scored 8, mean expected reward 9.068, kl coef 0.0000, update 2.88 s, wall 1791148700.4
exact step 1037: answers scored 8, mean expected reward 9.755, kl coef 0.0000, update 2.84 s, wall 1791148704.1
exact step 1038: answers scored 8, mean expected reward 9.617, kl coef 0.0000, update 2.80 s, wall 1791148707.7
exact step 1039: answers scored 8, mean expected reward 8.842, kl coef 0.0000, update 2.96 s, wall 1791148711.5
exact step 1040: answers scored 8, mean expected reward 10.347, kl coef 0.0000, update 2.90 s, wall 1791148716.9
exact step 1041: answers scored 7, mean expected reward 9.512, kl coef 0.0000, update 2.82 s, wall 1791148723.8
exact step 1042: answers scored 8, mean expected reward 8.532, kl coef 0.0000, update 2.88 s, wall 1791148728.5
exact step 1043: answers scored 7, mean expected reward 9.461, kl coef 0.0000, update 2.86 s, wall 1791148747.1
exact step 1044: answers scored 8, mean expected reward 9.432, kl coef 0.0000, update 2.85 s, wall 1791148752.2
exact step 1045: answers scored 7, mean expected reward 10.246, kl coef 0.0000, update 2.84 s, wall 1791148757.1
exact step 1046: answers scored 7, mean expected reward 8.873, kl coef 0.0000, update 2.85 s, wall 1791148763.7
exact step 1047: answers scored 8, mean expected reward 9.561, kl coef 0.0000, update 2.86 s, wall 1791148767.2
exact step 1048: answers scored 8, mean expected reward 10.459, kl coef 0.0000, update 2.84 s, wall 1791148771.5
exact step 1049: answers scored 8, mean expected reward 9.474, kl coef 0.0000, update 2.85 s, wall 1791148775.3
exact step 1050: answers scored 7, mean expected reward 9.859, kl coef 0.0000, update 2.87 s, wall 1791148779.3
exact step 1051: answers scored 8, mean expected reward 9.422, kl coef 0.0000, update 2.87 s, wall 1791148782.8
exact step 1052: answers scored 8, mean expected reward 9.282, kl coef 0.0000, update 2.88 s, wall 1791148787.3
exact step 1053: answers scored 8, mean expected reward 9.593, kl coef 0.0000, update 2.86 s, wall 1791148790.9
exact step 1054: answers scored 8, mean expected reward 9.730, kl coef 0.0000, update 2.84 s, wall 1791148794.4
exact step 1055: answers scored 8, mean expected reward 9.788, kl coef 0.0000, update 2.85 s, wall 1791148799.2
exact step 1056: answers scored 8, mean expected reward 9.047, kl coef 0.0000, update 2.81 s, wall 1791148802.7
exact step 1057: answers scored 8, mean expected reward 10.652, kl coef 0.0000, update 2.83 s, wall 1791148806.1
exact step 1058: answers scored 8, mean expected reward 9.547, kl coef 0.0000, update 2.84 s, wall 1791148809.6
exact step 1059: answers scored 8, mean expected reward 9.473, kl coef 0.0000, update 2.84 s, wall 1791148813.0
exact step 1060: answers scored 8, mean expected reward 10.547, kl coef 0.0000, update 2.84 s, wall 1791148816.4
exact step 1061: answers scored 8, mean expected reward 9.303, kl coef 0.0000, update 2.82 s, wall 1791148820.3
exact step 1062: answers scored 8, mean expected reward 9.683, kl coef 0.0000, update 2.84 s, wall 1791148824.2
exact step 1063: answers scored 8, mean expected reward 9.364, kl coef 0.0000, update 2.83 s, wall 1791148827.6
exact step 1064: answers scored 8, mean expected reward 10.049, kl coef 0.0000, update 2.82 s, wall 1791148832.0
exact step 1065: answers scored 8, mean expected reward 8.929, kl coef 0.0000, update 2.80 s, wall 1791148835.4
exact step 1066: answers scored 8, mean expected reward 9.956, kl coef 0.0000, update 2.83 s, wall 1791148839.1
exact step 1067: answers scored 8, mean expected reward 9.847, kl coef 0.0000, update 2.80 s, wall 1791148842.6
exact step 1068: answers scored 8, mean expected reward 9.555, kl coef 0.0000, update 2.83 s, wall 1791148846.0
exact step 1069: answers scored 8, mean expected reward 10.052, kl coef 0.0000, update 2.82 s, wall 1791148849.5
exact step 1070: answers scored 8, mean expected reward 9.607, kl coef 0.0000, update 2.85 s, wall 1791148853.0
exact step 1071: answers scored 8, mean expected reward 9.664, kl coef 0.0000, update 2.88 s, wall 1791148856.6
exact step 1072: answers scored 8, mean expected reward 10.243, kl coef 0.0000, update 2.80 s, wall 1791148860.4
exact step 1073: answers scored 8, mean expected reward 9.919, kl coef 0.0000, update 2.81 s, wall 1791148865.3
exact step 1074: answers scored 8, mean expected reward 9.204, kl coef 0.0000, update 2.82 s, wall 1791148869.1
exact step 1075: answers scored 8, mean expected reward 10.245, kl coef 0.0000, update 2.81 s, wall 1791148872.6
exact step 1076: answers scored 8, mean expected reward 9.724, kl coef 0.0000, update 2.81 s, wall 1791148876.2
exact step 1077: answers scored 8, mean expected reward 9.483, kl coef 0.0000, update 2.81 s, wall 1791148879.7
exact step 1078: answers scored 8, mean expected reward 9.956, kl coef 0.0000, update 2.80 s, wall 1791148883.0
exact step 1079: answers scored 8, mean expected reward 8.890, kl coef 0.0000, update 2.82 s, wall 1791148886.5
exact step 1080: answers scored 8, mean expected reward 9.509, kl coef 0.0000, update 2.79 s, wall 1791148890.5
exact step 1081: answers scored 8, mean expected reward 9.235, kl coef 0.0000, update 2.82 s, wall 1791148894.1
exact step 1082: answers scored 8, mean expected reward 9.676, kl coef 0.0000, update 2.80 s, wall 1791148897.5
exact step 1083: answers scored 7, mean expected reward 9.818, kl coef 0.0000, update 2.83 s, wall 1791148916.0
exact step 1084: answers scored 8, mean expected reward 9.470, kl coef 0.0000, update 2.85 s, wall 1791148920.0
exact step 1085: answers scored 8, mean expected reward 9.660, kl coef 0.0000, update 2.81 s, wall 1791148923.8
exact step 1086: answers scored 8, mean expected reward 9.311, kl coef 0.0000, update 2.79 s, wall 1791148927.4
exact step 1087: answers scored 7, mean expected reward 10.197, kl coef 0.0000, update 2.78 s, wall 1791148931.1
exact step 1088: answers scored 8, mean expected reward 9.525, kl coef 0.0000, update 2.82 s, wall 1791148936.2
exact step 1089: answers scored 8, mean expected reward 9.785, kl coef 0.0000, update 2.80 s, wall 1791148939.5
exact step 1090: answers scored 8, mean expected reward 9.073, kl coef 0.0000, update 2.80 s, wall 1791148943.3
exact step 1091: answers scored 8, mean expected reward 9.814, kl coef 0.0000, update 2.79 s, wall 1791148946.9
exact step 1092: answers scored 8, mean expected reward 9.340, kl coef 0.0000, update 3.05 s, wall 1791148950.5
exact step 1093: answers scored 8, mean expected reward 9.119, kl coef 0.0000, update 2.82 s, wall 1791148954.0
exact step 1094: answers scored 8, mean expected reward 9.993, kl coef 0.0000, update 2.80 s, wall 1791148957.5
exact step 1095: answers scored 7, mean expected reward 9.964, kl coef 0.0000, update 2.78 s, wall 1791148964.5
exact step 1096: answers scored 8, mean expected reward 10.083, kl coef 0.0000, update 2.81 s, wall 1791148968.3
exact step 1097: answers scored 8, mean expected reward 9.290, kl coef 0.0000, update 2.78 s, wall 1791148972.3
exact step 1098: answers scored 8, mean expected reward 9.219, kl coef 0.0000, update 2.79 s, wall 1791148975.7
exact step 1099: answers scored 7, mean expected reward 10.106, kl coef 0.0000, update 2.85 s, wall 1791148979.3
exact step 1100: answers scored 8, mean expected reward 9.452, kl coef 0.0000, update 2.82 s, wall 1791148982.7
exact step 1101: answers scored 8, mean expected reward 10.432, kl coef 0.0000, update 2.82 s, wall 1791148987.6
exact step 1102: answers scored 8, mean expected reward 9.397, kl coef 0.0000, update 2.83 s, wall 1791148994.4
exact step 1103: answers scored 7, mean expected reward 8.847, kl coef 0.0000, update 2.77 s, wall 1791148998.3
exact step 1104: answers scored 8, mean expected reward 9.837, kl coef 0.0000, update 2.82 s, wall 1791149002.6
exact step 1105: answers scored 8, mean expected reward 9.323, kl coef 0.0000, update 2.82 s, wall 1791149006.3
exact step 1106: answers scored 7, mean expected reward 10.450, kl coef 0.0000, update 2.79 s, wall 1791149010.1
exact step 1107: answers scored 7, mean expected reward 8.568, kl coef 0.0000, update 2.80 s, wall 1791149014.8
exact step 1108: answers scored 7, mean expected reward 9.065, kl coef 0.0000, update 2.80 s, wall 1791149020.5
exact step 1109: answers scored 8, mean expected reward 8.600, kl coef 0.0000, update 2.81 s, wall 1791149023.9
exact step 1110: answers scored 8, mean expected reward 10.048, kl coef 0.0000, update 2.82 s, wall 1791149027.6
exact step 1111: answers scored 8, mean expected reward 9.084, kl coef 0.0000, update 2.83 s, wall 1791149031.1
exact step 1112: answers scored 8, mean expected reward 10.136, kl coef 0.0000, update 2.84 s, wall 1791149034.7
exact step 1113: answers scored 8, mean expected reward 10.283, kl coef 0.0000, update 2.86 s, wall 1791149038.1
exact step 1114: answers scored 8, mean expected reward 9.667, kl coef 0.0000, update 2.85 s, wall 1791149041.6
exact step 1115: answers scored 8, mean expected reward 9.798, kl coef 0.0000, update 2.83 s, wall 1791149045.4
exact step 1116: answers scored 8, mean expected reward 9.718, kl coef 0.0000, update 2.85 s, wall 1791149048.9
exact step 1117: answers scored 8, mean expected reward 9.925, kl coef 0.0000, update 2.91 s, wall 1791149052.5
exact step 1118: answers scored 7, mean expected reward 9.960, kl coef 0.0000, update 2.94 s, wall 1791149057.9
exact step 1119: answers scored 8, mean expected reward 10.099, kl coef 0.0000, update 2.89 s, wall 1791149062.1
exact step 1120: answers scored 8, mean expected reward 9.067, kl coef 0.0000, update 2.91 s, wall 1791149067.3
exact step 1121: answers scored 7, mean expected reward 10.587, kl coef 0.0000, update 2.84 s, wall 1791149072.0
exact step 1122: answers scored 8, mean expected reward 8.989, kl coef 0.0000, update 2.86 s, wall 1791149076.0
exact step 1123: answers scored 8, mean expected reward 9.584, kl coef 0.0000, update 2.87 s, wall 1791149084.5
exact step 1124: answers scored 8, mean expected reward 9.555, kl coef 0.0000, update 2.85 s, wall 1791149087.9
exact step 1125: answers scored 8, mean expected reward 9.703, kl coef 0.0000, update 2.83 s, wall 1791149091.7
exact step 1126: answers scored 8, mean expected reward 10.054, kl coef 0.0000, update 2.85 s, wall 1791149095.2
exact step 1127: answers scored 8, mean expected reward 9.189, kl coef 0.0000, update 2.88 s, wall 1791149098.6
exact step 1128: answers scored 8, mean expected reward 9.963, kl coef 0.0000, update 2.88 s, wall 1791149106.0
exact step 1129: answers scored 8, mean expected reward 9.469, kl coef 0.0000, update 2.84 s, wall 1791149109.5
exact step 1130: answers scored 8, mean expected reward 10.148, kl coef 0.0000, update 2.85 s, wall 1791149112.9
exact step 1131: answers scored 6, mean expected reward 10.146, kl coef 0.0000, update 2.81 s, wall 1791149119.9
exact step 1132: answers scored 8, mean expected reward 10.799, kl coef 0.0000, update 2.88 s, wall 1791149124.7
exact step 1133: answers scored 8, mean expected reward 8.857, kl coef 0.0000, update 2.86 s, wall 1791149128.1
exact step 1134: answers scored 8, mean expected reward 9.688, kl coef 0.0000, update 2.83 s, wall 1791149131.8
exact step 1135: answers scored 8, mean expected reward 9.369, kl coef 0.0000, update 2.86 s, wall 1791149135.4
exact step 1136: answers scored 8, mean expected reward 9.483, kl coef 0.0000, update 2.85 s, wall 1791149139.7
exact step 1137: answers scored 8, mean expected reward 10.272, kl coef 0.0000, update 2.82 s, wall 1791149143.1
exact step 1138: answers scored 8, mean expected reward 9.561, kl coef 0.0000, update 2.83 s, wall 1791149146.5
exact step 1139: answers scored 7, mean expected reward 9.910, kl coef 0.0000, update 2.83 s, wall 1791149152.3
exact step 1140: answers scored 7, mean expected reward 9.678, kl coef 0.0000, update 2.81 s, wall 1791149156.2
exact step 1141: answers scored 8, mean expected reward 9.424, kl coef 0.0000, update 2.84 s, wall 1791149160.6
exact step 1142: answers scored 8, mean expected reward 9.126, kl coef 0.0000, update 2.84 s, wall 1791149164.2
exact step 1143: answers scored 8, mean expected reward 10.081, kl coef 0.0000, update 2.91 s, wall 1791149168.7
exact step 1144: answers scored 8, mean expected reward 10.081, kl coef 0.0000, update 2.87 s, wall 1791149172.1
exact step 1145: answers scored 8, mean expected reward 10.004, kl coef 0.0000, update 2.89 s, wall 1791149179.3
exact step 1146: answers scored 8, mean expected reward 9.181, kl coef 0.0000, update 2.84 s, wall 1791149182.7
exact step 1147: answers scored 7, mean expected reward 8.987, kl coef 0.0000, update 2.82 s, wall 1791149188.9
exact step 1148: answers scored 8, mean expected reward 9.821, kl coef 0.0000, update 2.84 s, wall 1791149192.4
exact step 1149: answers scored 8, mean expected reward 10.726, kl coef 0.0000, update 2.83 s, wall 1791149196.1
exact step 1150: answers scored 8, mean expected reward 9.726, kl coef 0.0000, update 2.86 s, wall 1791149199.6
exact step 1151: answers scored 8, mean expected reward 9.984, kl coef 0.0000, update 2.84 s, wall 1791149203.7
exact step 1152: answers scored 8, mean expected reward 10.561, kl coef 0.0000, update 2.84 s, wall 1791149208.3
exact step 1153: answers scored 7, mean expected reward 9.369, kl coef 0.0000, update 2.82 s, wall 1791149212.7
exact step 1154: answers scored 8, mean expected reward 10.107, kl coef 0.0000, update 2.84 s, wall 1791149216.2
exact step 1155: answers scored 8, mean expected reward 9.098, kl coef 0.0000, update 2.83 s, wall 1791149220.0
exact step 1156: answers scored 8, mean expected reward 9.673, kl coef 0.0000, update 2.87 s, wall 1791149223.5
exact step 1157: answers scored 8, mean expected reward 8.446, kl coef 0.0000, update 2.82 s, wall 1791149226.9
exact step 1158: answers scored 8, mean expected reward 9.512, kl coef 0.0000, update 2.86 s, wall 1791149230.6
exact step 1159: answers scored 8, mean expected reward 9.046, kl coef 0.0000, update 2.86 s, wall 1791149234.1
exact step 1160: answers scored 8, mean expected reward 9.807, kl coef 0.0000, update 2.86 s, wall 1791149237.6
exact step 1161: answers scored 8, mean expected reward 8.867, kl coef 0.0000, update 2.85 s, wall 1791149241.0
exact step 1162: answers scored 8, mean expected reward 9.269, kl coef 0.0000, update 2.84 s, wall 1791149246.2
exact step 1163: answers scored 8, mean expected reward 10.590, kl coef 0.0000, update 2.81 s, wall 1791149249.7
exact step 1164: answers scored 8, mean expected reward 9.511, kl coef 0.0000, update 2.81 s, wall 1791149254.0
exact step 1165: answers scored 8, mean expected reward 10.181, kl coef 0.0000, update 2.85 s, wall 1791149257.6
exact step 1166: answers scored 8, mean expected reward 8.941, kl coef 0.0000, update 2.83 s, wall 1791149261.1
exact step 1167: answers scored 8, mean expected reward 10.230, kl coef 0.0000, update 2.86 s, wall 1791149264.4
exact step 1168: answers scored 8, mean expected reward 9.715, kl coef 0.0000, update 2.86 s, wall 1791149268.0
exact step 1169: answers scored 8, mean expected reward 10.734, kl coef 0.0000, update 2.85 s, wall 1791149271.6
exact step 1170: answers scored 8, mean expected reward 10.368, kl coef 0.0000, update 2.85 s, wall 1791149275.1
exact step 1171: answers scored 8, mean expected reward 9.741, kl coef 0.0000, update 2.85 s, wall 1791149278.9
exact step 1172: answers scored 8, mean expected reward 10.147, kl coef 0.0000, update 2.86 s, wall 1791149282.7
exact step 1173: answers scored 8, mean expected reward 9.977, kl coef 0.0000, update 2.89 s, wall 1791149287.5
exact step 1174: answers scored 8, mean expected reward 8.428, kl coef 0.0000, update 2.86 s, wall 1791149291.6
exact step 1175: answers scored 8, mean expected reward 9.996, kl coef 0.0000, update 2.86 s, wall 1791149295.1
exact step 1176: answers scored 8, mean expected reward 9.771, kl coef 0.0000, update 2.88 s, wall 1791149304.9
exact step 1177: answers scored 7, mean expected reward 9.828, kl coef 0.0000, update 2.86 s, wall 1791149310.4
exact step 1178: answers scored 8, mean expected reward 9.859, kl coef 0.0000, update 2.83 s, wall 1791149314.3
exact step 1179: answers scored 8, mean expected reward 9.877, kl coef 0.0000, update 2.86 s, wall 1791149319.6
exact step 1180: answers scored 8, mean expected reward 10.287, kl coef 0.0000, update 2.86 s, wall 1791149323.1
exact step 1181: answers scored 8, mean expected reward 9.295, kl coef 0.0000, update 2.84 s, wall 1791149326.5
exact step 1182: answers scored 8, mean expected reward 10.060, kl coef 0.0000, update 2.86 s, wall 1791149333.6
exact step 1183: answers scored 8, mean expected reward 9.501, kl coef 0.0000, update 2.82 s, wall 1791149336.9
exact step 1184: answers scored 8, mean expected reward 9.791, kl coef 0.0000, update 2.84 s, wall 1791149340.9
exact step 1185: answers scored 8, mean expected reward 9.908, kl coef 0.0000, update 2.81 s, wall 1791149344.4
exact step 1186: answers scored 8, mean expected reward 9.506, kl coef 0.0000, update 2.85 s, wall 1791149349.7
exact step 1187: answers scored 8, mean expected reward 10.305, kl coef 0.0000, update 2.83 s, wall 1791149353.2
exact step 1188: answers scored 7, mean expected reward 10.475, kl coef 0.0000, update 2.89 s, wall 1791149358.7
exact step 1189: answers scored 7, mean expected reward 9.889, kl coef 0.0000, update 2.86 s, wall 1791149365.4
exact step 1190: answers scored 8, mean expected reward 9.071, kl coef 0.0000, update 2.85 s, wall 1791149368.9
exact step 1191: answers scored 8, mean expected reward 10.369, kl coef 0.0000, update 2.85 s, wall 1791149372.5
exact step 1192: answers scored 8, mean expected reward 10.510, kl coef 0.0000, update 2.92 s, wall 1791149376.4
exact step 1193: answers scored 8, mean expected reward 9.230, kl coef 0.0000, update 2.87 s, wall 1791149380.1
exact step 1194: answers scored 8, mean expected reward 10.169, kl coef 0.0000, update 2.84 s, wall 1791149383.5
exact step 1195: answers scored 8, mean expected reward 10.100, kl coef 0.0000, update 2.85 s, wall 1791149387.9
exact step 1196: answers scored 8, mean expected reward 9.398, kl coef 0.0000, update 2.84 s, wall 1791149392.6
exact step 1197: answers scored 8, mean expected reward 9.910, kl coef 0.0000, update 2.87 s, wall 1791149396.1
exact step 1198: answers scored 8, mean expected reward 10.753, kl coef 0.0000, update 2.85 s, wall 1791149399.5
checkpoint at step 1200 (1.4 s)
exact step 1199: answers scored 7, mean expected reward 9.918, kl coef 0.0000, update 4.22 s, wall 1791149405.4
exact step 1200: answers scored 8, mean expected reward 10.125, kl coef 0.0000, update 2.88 s, wall 1791149409.4
exact step 1201: answers scored 8, mean expected reward 8.757, kl coef 0.0000, update 2.83 s, wall 1791149412.8
exact step 1202: answers scored 8, mean expected reward 10.154, kl coef 0.0000, update 2.84 s, wall 1791149416.2
exact step 1203: answers scored 7, mean expected reward 8.939, kl coef 0.0000, update 2.86 s, wall 1791149420.4
exact step 1204: answers scored 8, mean expected reward 9.428, kl coef 0.0000, update 2.86 s, wall 1791149424.2
exact step 1205: answers scored 8, mean expected reward 10.273, kl coef 0.0000, update 2.84 s, wall 1791149427.7
exact step 1206: answers scored 8, mean expected reward 9.293, kl coef 0.0000, update 2.84 s, wall 1791149431.1
exact step 1207: answers scored 8, mean expected reward 9.888, kl coef 0.0000, update 2.84 s, wall 1791149434.8
exact step 1208: answers scored 8, mean expected reward 9.669, kl coef 0.0000, update 2.82 s, wall 1791149438.3
exact step 1209: answers scored 8, mean expected reward 9.521, kl coef 0.0000, update 2.85 s, wall 1791149442.7
exact step 1210: answers scored 8, mean expected reward 10.349, kl coef 0.0000, update 3.03 s, wall 1791149446.5
exact step 1211: answers scored 8, mean expected reward 9.473, kl coef 0.0000, update 2.86 s, wall 1791149450.8
exact step 1212: answers scored 8, mean expected reward 9.611, kl coef 0.0000, update 2.84 s, wall 1791149454.2
exact step 1213: answers scored 7, mean expected reward 9.426, kl coef 0.0000, update 2.85 s, wall 1791149458.9
exact step 1214: answers scored 7, mean expected reward 10.424, kl coef 0.0000, update 2.91 s, wall 1791149464.5
exact step 1215: answers scored 8, mean expected reward 9.814, kl coef 0.0000, update 2.92 s, wall 1791149468.0
exact step 1216: answers scored 8, mean expected reward 9.305, kl coef 0.0000, update 2.90 s, wall 1791149471.4
exact step 1217: answers scored 8, mean expected reward 10.199, kl coef 0.0000, update 2.88 s, wall 1791149475.1
exact step 1218: answers scored 8, mean expected reward 9.339, kl coef 0.0000, update 2.86 s, wall 1791149478.8
exact step 1219: answers scored 7, mean expected reward 10.083, kl coef 0.0000, update 2.88 s, wall 1791149484.2
exact step 1220: answers scored 7, mean expected reward 9.469, kl coef 0.0000, update 2.87 s, wall 1791149490.4
exact step 1221: answers scored 8, mean expected reward 9.126, kl coef 0.0000, update 2.87 s, wall 1791149493.9
exact step 1222: answers scored 8, mean expected reward 9.107, kl coef 0.0000, update 2.92 s, wall 1791149498.1
exact step 1223: answers scored 7, mean expected reward 10.179, kl coef 0.0000, update 2.83 s, wall 1791149503.4
exact step 1224: answers scored 8, mean expected reward 9.037, kl coef 0.0000, update 2.92 s, wall 1791149507.1
exact step 1225: answers scored 6, mean expected reward 10.283, kl coef 0.0000, update 2.91 s, wall 1791149526.1
exact step 1226: answers scored 8, mean expected reward 9.244, kl coef 0.0000, update 2.84 s, wall 1791149530.5
exact step 1227: answers scored 8, mean expected reward 9.837, kl coef 0.0000, update 2.84 s, wall 1791149535.2
exact step 1228: answers scored 8, mean expected reward 9.403, kl coef 0.0000, update 2.86 s, wall 1791149540.2
exact step 1229: answers scored 8, mean expected reward 9.510, kl coef 0.0000, update 2.88 s, wall 1791149543.8
exact step 1230: answers scored 8, mean expected reward 8.943, kl coef 0.0000, update 2.84 s, wall 1791149547.2
exact step 1231: answers scored 8, mean expected reward 9.876, kl coef 0.0000, update 2.92 s, wall 1791149553.1
exact step 1232: answers scored 7, mean expected reward 8.822, kl coef 0.0000, update 2.86 s, wall 1791149558.2
exact step 1233: answers scored 8, mean expected reward 10.301, kl coef 0.0000, update 2.87 s, wall 1791149564.5
exact step 1234: answers scored 8, mean expected reward 9.019, kl coef 0.0000, update 2.92 s, wall 1791149568.0
exact step 1235: answers scored 8, mean expected reward 9.184, kl coef 0.0000, update 2.89 s, wall 1791149571.5
exact step 1236: answers scored 8, mean expected reward 9.790, kl coef 0.0000, update 2.84 s, wall 1791149575.9
exact step 1237: answers scored 8, mean expected reward 9.047, kl coef 0.0000, update 2.91 s, wall 1791149579.9
exact step 1238: answers scored 7, mean expected reward 10.092, kl coef 0.0000, update 2.87 s, wall 1791149586.3
exact step 1239: answers scored 8, mean expected reward 9.094, kl coef 0.0000, update 2.91 s, wall 1791149589.8
exact step 1240: answers scored 8, mean expected reward 9.637, kl coef 0.0000, update 2.93 s, wall 1791149593.5
exact step 1241: answers scored 8, mean expected reward 10.285, kl coef 0.0000, update 2.91 s, wall 1791149597.0
exact step 1242: answers scored 8, mean expected reward 9.086, kl coef 0.0000, update 2.86 s, wall 1791149600.5
exact step 1243: answers scored 8, mean expected reward 10.516, kl coef 0.0000, update 2.87 s, wall 1791149604.2
exact step 1244: answers scored 8, mean expected reward 10.530, kl coef 0.0000, update 2.82 s, wall 1791149607.7
exact step 1245: answers scored 8, mean expected reward 9.494, kl coef 0.0000, update 2.88 s, wall 1791149612.7
exact step 1246: answers scored 8, mean expected reward 10.169, kl coef 0.0000, update 2.89 s, wall 1791149617.0
exact step 1247: answers scored 8, mean expected reward 8.874, kl coef 0.0000, update 2.92 s, wall 1791149620.5
exact step 1248: answers scored 8, mean expected reward 10.167, kl coef 0.0000, update 2.92 s, wall 1791149624.1
exact step 1249: answers scored 7, mean expected reward 10.324, kl coef 0.0000, update 2.91 s, wall 1791149632.0
exact step 1250: answers scored 8, mean expected reward 9.111, kl coef 0.0000, update 2.91 s, wall 1791149636.8
exact step 1251: answers scored 8, mean expected reward 9.347, kl coef 0.0000, update 3.01 s, wall 1791149640.6
exact step 1252: answers scored 8, mean expected reward 9.557, kl coef 0.0000, update 3.03 s, wall 1791149644.6
exact step 1253: answers scored 8, mean expected reward 9.402, kl coef 0.0000, update 3.11 s, wall 1791149648.3
exact step 1254: answers scored 8, mean expected reward 10.338, kl coef 0.0000, update 2.96 s, wall 1791149652.4
exact step 1255: answers scored 8, mean expected reward 9.671, kl coef 0.0000, update 2.92 s, wall 1791149656.4
exact step 1256: answers scored 8, mean expected reward 9.712, kl coef 0.0000, update 3.11 s, wall 1791149660.1
exact step 1257: answers scored 8, mean expected reward 9.842, kl coef 0.0000, update 3.07 s, wall 1791149664.0
exact step 1258: answers scored 8, mean expected reward 9.751, kl coef 0.0000, update 2.96 s, wall 1791149667.5
exact step 1259: answers scored 8, mean expected reward 9.234, kl coef 0.0000, update 2.87 s, wall 1791149671.1
exact step 1260: answers scored 8, mean expected reward 8.865, kl coef 0.0000, update 2.88 s, wall 1791149676.0
exact step 1261: answers scored 8, mean expected reward 10.611, kl coef 0.0000, update 3.06 s, wall 1791149681.4
exact step 1262: answers scored 8, mean expected reward 9.514, kl coef 0.0000, update 2.91 s, wall 1791149685.9
exact step 1263: answers scored 7, mean expected reward 9.391, kl coef 0.0000, update 3.03 s, wall 1791149692.7
exact step 1264: answers scored 8, mean expected reward 8.927, kl coef 0.0000, update 3.01 s, wall 1791149696.7
exact step 1265: answers scored 8, mean expected reward 9.503, kl coef 0.0000, update 2.88 s, wall 1791149700.2
exact step 1266: answers scored 8, mean expected reward 10.341, kl coef 0.0000, update 2.82 s, wall 1791149704.3
exact step 1267: answers scored 8, mean expected reward 10.041, kl coef 0.0000, update 2.86 s, wall 1791149707.9
exact step 1268: answers scored 8, mean expected reward 9.743, kl coef 0.0000, update 2.96 s, wall 1791149711.5
exact step 1269: answers scored 8, mean expected reward 9.275, kl coef 0.0000, update 2.98 s, wall 1791149719.1
exact step 1270: answers scored 7, mean expected reward 9.897, kl coef 0.0000, update 2.93 s, wall 1791149722.9
exact step 1271: answers scored 7, mean expected reward 9.139, kl coef 0.0000, update 2.96 s, wall 1791149727.9
exact step 1272: answers scored 8, mean expected reward 9.170, kl coef 0.0000, update 2.93 s, wall 1791149731.8
exact step 1273: answers scored 8, mean expected reward 10.030, kl coef 0.0000, update 2.82 s, wall 1791149735.3
exact step 1274: answers scored 8, mean expected reward 10.207, kl coef 0.0000, update 2.86 s, wall 1791149738.8
exact step 1275: answers scored 8, mean expected reward 10.478, kl coef 0.0000, update 2.92 s, wall 1791149742.4
exact step 1276: answers scored 8, mean expected reward 9.515, kl coef 0.0000, update 2.90 s, wall 1791149745.9
exact step 1277: answers scored 8, mean expected reward 10.214, kl coef 0.0000, update 2.92 s, wall 1791149749.9
exact step 1278: answers scored 8, mean expected reward 9.506, kl coef 0.0000, update 2.88 s, wall 1791149758.2
exact step 1279: answers scored 8, mean expected reward 7.440, kl coef 0.0000, update 2.88 s, wall 1791149762.5
exact step 1280: answers scored 8, mean expected reward 10.296, kl coef 0.0000, update 2.89 s, wall 1791149767.1
exact step 1281: answers scored 8, mean expected reward 10.338, kl coef 0.0000, update 2.94 s, wall 1791149770.7
exact step 1282: answers scored 7, mean expected reward 9.158, kl coef 0.0000, update 2.86 s, wall 1791149775.8
exact step 1283: answers scored 8, mean expected reward 9.653, kl coef 0.0000, update 2.82 s, wall 1791149779.6
exact step 1284: answers scored 8, mean expected reward 10.306, kl coef 0.0000, update 2.86 s, wall 1791149783.0
exact step 1285: answers scored 7, mean expected reward 10.142, kl coef 0.0000, update 2.86 s, wall 1791149788.3
exact step 1286: answers scored 8, mean expected reward 9.798, kl coef 0.0000, update 2.83 s, wall 1791149791.7
exact step 1287: answers scored 8, mean expected reward 9.373, kl coef 0.0000, update 2.85 s, wall 1791149795.1
exact step 1288: answers scored 8, mean expected reward 9.623, kl coef 0.0000, update 2.93 s, wall 1791149799.0
exact step 1289: answers scored 7, mean expected reward 8.527, kl coef 0.0000, update 2.87 s, wall 1791149804.4
exact step 1290: answers scored 8, mean expected reward 10.264, kl coef 0.0000, update 2.89 s, wall 1791149809.4
exact step 1291: answers scored 8, mean expected reward 9.700, kl coef 0.0000, update 2.84 s, wall 1791149812.8
exact step 1292: answers scored 8, mean expected reward 10.054, kl coef 0.0000, update 3.09 s, wall 1791149817.4
exact step 1293: answers scored 7, mean expected reward 8.936, kl coef 0.0000, update 2.82 s, wall 1791149823.0
exact step 1294: answers scored 8, mean expected reward 10.461, kl coef 0.0000, update 2.89 s, wall 1791149830.9
exact step 1295: answers scored 8, mean expected reward 9.773, kl coef 0.0000, update 2.86 s, wall 1791149834.5
exact step 1296: answers scored 8, mean expected reward 8.493, kl coef 0.0000, update 2.85 s, wall 1791149837.9
exact step 1297: answers scored 8, mean expected reward 9.952, kl coef 0.0000, update 2.86 s, wall 1791149841.5
exact step 1298: answers scored 8, mean expected reward 10.071, kl coef 0.0000, update 2.88 s, wall 1791149845.7
exact step 1299: answers scored 8, mean expected reward 10.108, kl coef 0.0000, update 2.85 s, wall 1791149849.5
exact step 1300: answers scored 8, mean expected reward 9.958, kl coef 0.0000, update 2.82 s, wall 1791149853.5
exact step 1301: answers scored 6, mean expected reward 10.201, kl coef 0.0000, update 2.82 s, wall 1791149864.1
exact step 1302: answers scored 8, mean expected reward 9.718, kl coef 0.0000, update 2.83 s, wall 1791149867.6
exact step 1303: answers scored 8, mean expected reward 9.642, kl coef 0.0000, update 2.85 s, wall 1791149871.2
exact step 1304: answers scored 8, mean expected reward 9.501, kl coef 0.0000, update 2.80 s, wall 1791149874.6
exact step 1305: answers scored 8, mean expected reward 10.086, kl coef 0.0000, update 2.79 s, wall 1791149878.0
exact step 1306: answers scored 8, mean expected reward 10.103, kl coef 0.0000, update 2.80 s, wall 1791149881.3
exact step 1307: answers scored 8, mean expected reward 9.550, kl coef 0.0000, update 2.78 s, wall 1791149884.8
exact step 1308: answers scored 8, mean expected reward 10.205, kl coef 0.0000, update 2.80 s, wall 1791149888.5
exact step 1309: answers scored 8, mean expected reward 9.348, kl coef 0.0000, update 2.85 s, wall 1791149892.0
exact step 1310: answers scored 8, mean expected reward 10.178, kl coef 0.0000, update 2.84 s, wall 1791149895.4
exact step 1311: answers scored 8, mean expected reward 10.190, kl coef 0.0000, update 2.80 s, wall 1791149899.0
exact step 1312: answers scored 8, mean expected reward 9.543, kl coef 0.0000, update 2.79 s, wall 1791149902.6
exact step 1313: answers scored 8, mean expected reward 9.450, kl coef 0.0000, update 2.85 s, wall 1791149906.0
exact step 1314: answers scored 7, mean expected reward 10.067, kl coef 0.0000, update 2.83 s, wall 1791149909.9
exact step 1315: answers scored 8, mean expected reward 10.576, kl coef 0.0000, update 2.86 s, wall 1791149914.9
exact step 1316: answers scored 8, mean expected reward 6.968, kl coef 0.0000, update 2.84 s, wall 1791149918.3
exact step 1317: answers scored 8, mean expected reward 8.554, kl coef 0.0000, update 2.83 s, wall 1791149921.8
exact step 1318: answers scored 8, mean expected reward 10.016, kl coef 0.0000, update 2.92 s, wall 1791149928.6
exact step 1319: answers scored 8, mean expected reward 9.602, kl coef 0.0000, update 2.82 s, wall 1791149932.1
exact step 1320: answers scored 8, mean expected reward 10.589, kl coef 0.0000, update 2.79 s, wall 1791149935.6
exact step 1321: answers scored 7, mean expected reward 10.522, kl coef 0.0000, update 2.78 s, wall 1791149940.8
exact step 1322: answers scored 8, mean expected reward 9.571, kl coef 0.0000, update 2.90 s, wall 1791149945.2
exact step 1323: answers scored 7, mean expected reward 8.747, kl coef 0.0000, update 2.86 s, wall 1791149948.6
exact step 1324: answers scored 7, mean expected reward 10.841, kl coef 0.0000, update 2.80 s, wall 1791149955.4
exact step 1325: answers scored 8, mean expected reward 8.910, kl coef 0.0000, update 2.83 s, wall 1791149958.8
exact step 1326: answers scored 8, mean expected reward 9.602, kl coef 0.0000, update 2.94 s, wall 1791149962.3
exact step 1327: answers scored 8, mean expected reward 9.041, kl coef 0.0000, update 2.94 s, wall 1791149966.0
exact step 1328: answers scored 7, mean expected reward 8.892, kl coef 0.0000, update 2.82 s, wall 1791149970.5
exact step 1329: answers scored 8, mean expected reward 9.579, kl coef 0.0000, update 2.91 s, wall 1791149975.0
exact step 1330: answers scored 8, mean expected reward 10.576, kl coef 0.0000, update 2.95 s, wall 1791149978.6
exact step 1331: answers scored 7, mean expected reward 10.883, kl coef 0.0000, update 2.81 s, wall 1791149983.8
exact step 1332: answers scored 8, mean expected reward 9.622, kl coef 0.0000, update 2.84 s, wall 1791149987.8
exact step 1333: answers scored 8, mean expected reward 9.832, kl coef 0.0000, update 2.84 s, wall 1791149991.2
exact step 1334: answers scored 8, mean expected reward 8.741, kl coef 0.0000, update 2.83 s, wall 1791149994.7
exact step 1335: answers scored 8, mean expected reward 9.482, kl coef 0.0000, update 2.85 s, wall 1791149999.0
exact step 1336: answers scored 8, mean expected reward 9.091, kl coef 0.0000, update 2.84 s, wall 1791150002.9
exact step 1337: answers scored 6, mean expected reward 8.645, kl coef 0.0000, update 2.83 s, wall 1791150009.3
exact step 1338: answers scored 8, mean expected reward 10.183, kl coef 0.0000, update 2.89 s, wall 1791150013.3
exact step 1339: answers scored 8, mean expected reward 9.098, kl coef 0.0000, update 2.86 s, wall 1791150017.9
exact step 1340: answers scored 8, mean expected reward 9.307, kl coef 0.0000, update 2.87 s, wall 1791150022.8
exact step 1341: answers scored 8, mean expected reward 9.576, kl coef 0.0000, update 2.85 s, wall 1791150026.4
exact step 1342: answers scored 8, mean expected reward 9.671, kl coef 0.0000, update 2.85 s, wall 1791150030.0
exact step 1343: answers scored 8, mean expected reward 10.133, kl coef 0.0000, update 2.86 s, wall 1791150033.5
exact step 1344: answers scored 8, mean expected reward 9.261, kl coef 0.0000, update 2.83 s, wall 1791150037.1
exact step 1345: answers scored 8, mean expected reward 9.385, kl coef 0.0000, update 2.82 s, wall 1791150040.8
exact step 1346: answers scored 8, mean expected reward 9.981, kl coef 0.0000, update 2.93 s, wall 1791150044.3
exact step 1347: answers scored 8, mean expected reward 9.757, kl coef 0.0000, update 2.93 s, wall 1791150048.0
exact step 1348: answers scored 8, mean expected reward 9.511, kl coef 0.0000, update 2.87 s, wall 1791150053.5
exact step 1349: answers scored 8, mean expected reward 9.434, kl coef 0.0000, update 2.85 s, wall 1791150057.6
exact step 1350: answers scored 8, mean expected reward 9.223, kl coef 0.0000, update 2.87 s, wall 1791150061.5
exact step 1351: answers scored 8, mean expected reward 9.640, kl coef 0.0000, update 2.85 s, wall 1791150065.4
exact step 1352: answers scored 8, mean expected reward 9.639, kl coef 0.0000, update 2.88 s, wall 1791150069.2
exact step 1353: answers scored 8, mean expected reward 10.023, kl coef 0.0000, update 2.85 s, wall 1791150072.6
exact step 1354: answers scored 8, mean expected reward 10.581, kl coef 0.0000, update 2.85 s, wall 1791150076.1
exact step 1355: answers scored 8, mean expected reward 9.332, kl coef 0.0000, update 2.85 s, wall 1791150079.6
exact step 1356: answers scored 8, mean expected reward 9.423, kl coef 0.0000, update 2.98 s, wall 1791150083.1
exact step 1357: answers scored 8, mean expected reward 9.502, kl coef 0.0000, update 2.86 s, wall 1791150086.7
exact step 1358: answers scored 8, mean expected reward 9.809, kl coef 0.0000, update 2.83 s, wall 1791150090.2
exact step 1359: answers scored 8, mean expected reward 9.777, kl coef 0.0000, update 2.86 s, wall 1791150095.0
exact step 1360: answers scored 8, mean expected reward 9.564, kl coef 0.0000, update 2.90 s, wall 1791150098.4
exact step 1361: answers scored 8, mean expected reward 9.567, kl coef 0.0000, update 2.88 s, wall 1791150101.9
exact step 1362: answers scored 8, mean expected reward 10.114, kl coef 0.0000, update 2.90 s, wall 1791150106.4
exact step 1363: answers scored 8, mean expected reward 10.335, kl coef 0.0000, update 2.85 s, wall 1791150109.7
exact step 1364: answers scored 8, mean expected reward 9.811, kl coef 0.0000, update 2.83 s, wall 1791150113.9
exact step 1365: answers scored 8, mean expected reward 9.384, kl coef 0.0000, update 2.90 s, wall 1791150117.7
exact step 1366: answers scored 8, mean expected reward 9.203, kl coef 0.0000, update 2.83 s, wall 1791150121.2
exact step 1367: answers scored 8, mean expected reward 9.817, kl coef 0.0000, update 2.89 s, wall 1791150124.9
exact step 1368: answers scored 7, mean expected reward 9.931, kl coef 0.0000, update 2.88 s, wall 1791150130.8
exact step 1369: answers scored 7, mean expected reward 9.527, kl coef 0.0000, update 2.86 s, wall 1791150136.2
exact step 1370: answers scored 7, mean expected reward 10.977, kl coef 0.0000, update 2.85 s, wall 1791150141.4
exact step 1371: answers scored 7, mean expected reward 9.948, kl coef 0.0000, update 2.84 s, wall 1791150146.1
exact step 1372: answers scored 8, mean expected reward 10.326, kl coef 0.0000, update 2.99 s, wall 1791150149.9
exact step 1373: answers scored 8, mean expected reward 10.096, kl coef 0.0000, update 2.84 s, wall 1791150153.4
exact step 1374: answers scored 8, mean expected reward 10.015, kl coef 0.0000, update 2.85 s, wall 1791150156.9
exact step 1375: answers scored 8, mean expected reward 9.979, kl coef 0.0000, update 2.86 s, wall 1791150160.4
exact step 1376: answers scored 8, mean expected reward 9.828, kl coef 0.0000, update 3.18 s, wall 1791150164.5
exact step 1377: answers scored 8, mean expected reward 9.499, kl coef 0.0000, update 3.34 s, wall 1791150169.1
exact step 1378: answers scored 8, mean expected reward 10.066, kl coef 0.0000, update 3.40 s, wall 1791150173.4
exact step 1379: answers scored 8, mean expected reward 8.198, kl coef 0.0000, update 3.18 s, wall 1791150177.2
exact step 1380: answers scored 8, mean expected reward 8.681, kl coef 0.0000, update 3.06 s, wall 1791150181.2
exact step 1381: answers scored 8, mean expected reward 9.724, kl coef 0.0000, update 2.93 s, wall 1791150184.7
exact step 1382: answers scored 8, mean expected reward 9.279, kl coef 0.0000, update 2.94 s, wall 1791150189.4
exact step 1383: answers scored 8, mean expected reward 10.093, kl coef 0.0000, update 2.87 s, wall 1791150193.0
exact step 1384: answers scored 8, mean expected reward 9.795, kl coef 0.0000, update 2.95 s, wall 1791150196.6
exact step 1385: answers scored 8, mean expected reward 10.003, kl coef 0.0000, update 2.95 s, wall 1791150200.2
exact step 1386: answers scored 8, mean expected reward 9.907, kl coef 0.0000, update 2.91 s, wall 1791150203.8
exact step 1387: answers scored 8, mean expected reward 10.293, kl coef 0.0000, update 2.92 s, wall 1791150207.5
exact step 1388: answers scored 8, mean expected reward 9.179, kl coef 0.0000, update 2.89 s, wall 1791150212.1
exact step 1389: answers scored 7, mean expected reward 8.827, kl coef 0.0000, update 2.89 s, wall 1791150217.3
exact step 1390: answers scored 8, mean expected reward 8.033, kl coef 0.0000, update 3.07 s, wall 1791150221.9
exact step 1391: answers scored 8, mean expected reward 9.588, kl coef 0.0000, update 2.87 s, wall 1791150226.0
exact step 1392: answers scored 8, mean expected reward 9.367, kl coef 0.0000, update 2.84 s, wall 1791150229.6
exact step 1393: answers scored 8, mean expected reward 8.326, kl coef 0.0000, update 2.83 s, wall 1791150233.0
exact step 1394: answers scored 8, mean expected reward 9.891, kl coef 0.0000, update 2.84 s, wall 1791150236.4
exact step 1395: answers scored 8, mean expected reward 9.975, kl coef 0.0000, update 2.85 s, wall 1791150240.7
exact step 1396: answers scored 8, mean expected reward 10.177, kl coef 0.0000, update 2.85 s, wall 1791150244.3
exact step 1397: answers scored 8, mean expected reward 10.289, kl coef 0.0000, update 2.85 s, wall 1791150248.0
exact step 1398: answers scored 8, mean expected reward 10.571, kl coef 0.0000, update 2.86 s, wall 1791150251.5
checkpoint at step 1400 (1.4 s)
exact step 1399: answers scored 5, mean expected reward 8.985, kl coef 0.0000, update 4.23 s, wall 1791150260.6
exact step 1400: answers scored 8, mean expected reward 10.139, kl coef 0.0000, update 2.86 s, wall 1791150264.4
exact step 1401: answers scored 8, mean expected reward 10.319, kl coef 0.0000, update 3.00 s, wall 1791150268.1
exact step 1402: answers scored 8, mean expected reward 10.140, kl coef 0.0000, update 2.82 s, wall 1791150271.5
exact step 1403: answers scored 8, mean expected reward 10.214, kl coef 0.0000, update 2.85 s, wall 1791150275.1
exact step 1404: answers scored 8, mean expected reward 9.992, kl coef 0.0000, update 3.08 s, wall 1791150279.9
exact step 1405: answers scored 8, mean expected reward 9.621, kl coef 0.0000, update 2.85 s, wall 1791150283.9
exact step 1406: answers scored 8, mean expected reward 10.117, kl coef 0.0000, update 3.04 s, wall 1791150287.6
exact step 1407: answers scored 8, mean expected reward 10.155, kl coef 0.0000, update 3.19 s, wall 1791150292.6
exact step 1408: answers scored 8, mean expected reward 9.272, kl coef 0.0000, update 2.88 s, wall 1791150296.0
exact step 1409: answers scored 8, mean expected reward 9.009, kl coef 0.0000, update 3.14 s, wall 1791150300.0
exact step 1410: answers scored 8, mean expected reward 9.487, kl coef 0.0000, update 3.31 s, wall 1791150304.3
exact step 1411: answers scored 8, mean expected reward 9.815, kl coef 0.0000, update 3.18 s, wall 1791150308.2
exact step 1412: answers scored 8, mean expected reward 10.355, kl coef 0.0000, update 3.23 s, wall 1791150312.1
exact step 1413: answers scored 8, mean expected reward 9.111, kl coef 0.0000, update 3.07 s, wall 1791150315.7
exact step 1414: answers scored 7, mean expected reward 10.580, kl coef 0.0000, update 3.32 s, wall 1791150323.2
exact step 1415: answers scored 8, mean expected reward 9.389, kl coef 0.0000, update 2.95 s, wall 1791150327.1
exact step 1416: answers scored 8, mean expected reward 10.161, kl coef 0.0000, update 3.22 s, wall 1791150331.1
exact step 1417: answers scored 8, mean expected reward 9.463, kl coef 0.0000, update 3.17 s, wall 1791150334.8
exact step 1418: answers scored 8, mean expected reward 8.894, kl coef 0.0000, update 3.35 s, wall 1791150342.8
exact step 1419: answers scored 8, mean expected reward 10.099, kl coef 0.0000, update 3.13 s, wall 1791150347.2
exact step 1420: answers scored 8, mean expected reward 9.604, kl coef 0.0000, update 2.87 s, wall 1791150350.8
exact step 1421: answers scored 8, mean expected reward 8.798, kl coef 0.0000, update 2.83 s, wall 1791150354.7
exact step 1422: answers scored 8, mean expected reward 9.820, kl coef 0.0000, update 3.13 s, wall 1791150358.5
exact step 1423: answers scored 7, mean expected reward 9.671, kl coef 0.0000, update 3.52 s, wall 1791150365.4
exact step 1424: answers scored 8, mean expected reward 8.472, kl coef 0.0000, update 3.14 s, wall 1791150369.3
exact step 1425: answers scored 8, mean expected reward 10.064, kl coef 0.0000, update 3.53 s, wall 1791150373.8
exact step 1426: answers scored 7, mean expected reward 10.186, kl coef 0.0000, update 2.94 s, wall 1791150380.6
exact step 1427: answers scored 8, mean expected reward 9.992, kl coef 0.0000, update 2.88 s, wall 1791150387.9
exact step 1428: answers scored 8, mean expected reward 10.823, kl coef 0.0000, update 2.81 s, wall 1791150391.8
exact step 1429: answers scored 8, mean expected reward 9.531, kl coef 0.0000, update 2.84 s, wall 1791150396.2
exact step 1430: answers scored 8, mean expected reward 9.751, kl coef 0.0000, update 2.85 s, wall 1791150399.9
exact step 1431: answers scored 8, mean expected reward 9.487, kl coef 0.0000, update 2.83 s, wall 1791150403.3
exact step 1432: answers scored 8, mean expected reward 9.193, kl coef 0.0000, update 3.11 s, wall 1791150407.2
exact step 1433: answers scored 7, mean expected reward 9.714, kl coef 0.0000, update 2.79 s, wall 1791150412.4
exact step 1434: answers scored 8, mean expected reward 8.831, kl coef 0.0000, update 2.81 s, wall 1791150415.9
exact step 1435: answers scored 8, mean expected reward 9.645, kl coef 0.0000, update 2.79 s, wall 1791150419.3
exact step 1436: answers scored 8, mean expected reward 9.264, kl coef 0.0000, update 2.82 s, wall 1791150423.0
exact step 1437: answers scored 8, mean expected reward 9.744, kl coef 0.0000, update 2.86 s, wall 1791150426.4
exact step 1438: answers scored 8, mean expected reward 8.367, kl coef 0.0000, update 2.95 s, wall 1791150430.3
exact step 1439: answers scored 8, mean expected reward 9.348, kl coef 0.0000, update 2.84 s, wall 1791150435.4
exact step 1440: answers scored 8, mean expected reward 9.643, kl coef 0.0000, update 2.84 s, wall 1791150438.8
exact step 1441: answers scored 8, mean expected reward 10.122, kl coef 0.0000, update 3.04 s, wall 1791150442.6
exact step 1442: answers scored 8, mean expected reward 10.001, kl coef 0.0000, update 2.92 s, wall 1791150446.2
exact step 1443: answers scored 8, mean expected reward 9.403, kl coef 0.0000, update 2.86 s, wall 1791150450.6
exact step 1444: answers scored 8, mean expected reward 9.632, kl coef 0.0000, update 2.89 s, wall 1791150454.2
exact step 1445: answers scored 8, mean expected reward 9.434, kl coef 0.0000, update 2.86 s, wall 1791150458.2
exact step 1446: answers scored 8, mean expected reward 9.845, kl coef 0.0000, update 2.91 s, wall 1791150462.2
exact step 1447: answers scored 8, mean expected reward 9.479, kl coef 0.0000, update 2.91 s, wall 1791150465.6
exact step 1448: answers scored 8, mean expected reward 9.248, kl coef 0.0000, update 2.84 s, wall 1791150470.9
exact step 1449: answers scored 8, mean expected reward 9.966, kl coef 0.0000, update 2.83 s, wall 1791150474.5
exact step 1450: answers scored 8, mean expected reward 9.395, kl coef 0.0000, update 2.83 s, wall 1791150479.5
exact step 1451: answers scored 8, mean expected reward 10.089, kl coef 0.0000, update 2.80 s, wall 1791150482.9
exact step 1452: answers scored 8, mean expected reward 9.497, kl coef 0.0000, update 2.82 s, wall 1791150486.3
exact step 1453: answers scored 7, mean expected reward 10.314, kl coef 0.0000, update 2.81 s, wall 1791150490.4
exact step 1454: answers scored 8, mean expected reward 9.734, kl coef 0.0000, update 2.83 s, wall 1791150494.3
exact step 1455: answers scored 7, mean expected reward 9.715, kl coef 0.0000, update 2.78 s, wall 1791150501.0
exact step 1456: answers scored 8, mean expected reward 9.502, kl coef 0.0000, update 2.82 s, wall 1791150505.3
exact step 1457: answers scored 8, mean expected reward 8.904, kl coef 0.0000, update 2.88 s, wall 1791150508.8
exact step 1458: answers scored 8, mean expected reward 9.910, kl coef 0.0000, update 2.96 s, wall 1791150512.4
exact step 1459: answers scored 8, mean expected reward 10.795, kl coef 0.0000, update 2.83 s, wall 1791150516.8
exact step 1460: answers scored 7, mean expected reward 10.528, kl coef 0.0000, update 2.78 s, wall 1791150521.5
exact step 1461: answers scored 8, mean expected reward 9.168, kl coef 0.0000, update 2.83 s, wall 1791150525.0
exact step 1462: answers scored 8, mean expected reward 9.321, kl coef 0.0000, update 2.85 s, wall 1791150533.9
exact step 1463: answers scored 8, mean expected reward 9.289, kl coef 0.0000, update 2.81 s, wall 1791150537.4
exact step 1464: answers scored 8, mean expected reward 10.224, kl coef 0.0000, update 2.80 s, wall 1791150540.9
exact step 1465: answers scored 7, mean expected reward 9.477, kl coef 0.0000, update 3.14 s, wall 1791150544.7
exact step 1466: answers scored 8, mean expected reward 9.153, kl coef 0.0000, update 2.93 s, wall 1791150550.0
exact step 1467: answers scored 8, mean expected reward 9.933, kl coef 0.0000, update 2.83 s, wall 1791150553.5
exact step 1468: answers scored 8, mean expected reward 9.289, kl coef 0.0000, update 2.80 s, wall 1791150556.9
exact step 1469: answers scored 8, mean expected reward 10.149, kl coef 0.0000, update 2.79 s, wall 1791150560.3
exact step 1470: answers scored 8, mean expected reward 9.695, kl coef 0.0000, update 2.82 s, wall 1791150566.5
exact step 1471: answers scored 8, mean expected reward 8.970, kl coef 0.0000, update 2.79 s, wall 1791150570.0
exact step 1472: answers scored 8, mean expected reward 9.771, kl coef 0.0000, update 2.79 s, wall 1791150573.9
exact step 1473: answers scored 8, mean expected reward 9.726, kl coef 0.0000, update 2.91 s, wall 1791150579.1
exact step 1474: answers scored 8, mean expected reward 9.774, kl coef 0.0000, update 2.83 s, wall 1791150583.8
exact step 1475: answers scored 8, mean expected reward 9.675, kl coef 0.0000, update 2.84 s, wall 1791150587.8
exact step 1476: answers scored 8, mean expected reward 9.634, kl coef 0.0000, update 2.85 s, wall 1791150592.1
exact step 1477: answers scored 8, mean expected reward 9.769, kl coef 0.0000, update 2.83 s, wall 1791150595.6
exact step 1478: answers scored 8, mean expected reward 10.220, kl coef 0.0000, update 2.83 s, wall 1791150599.1
exact step 1479: answers scored 8, mean expected reward 10.188, kl coef 0.0000, update 2.81 s, wall 1791150602.6
exact step 1480: answers scored 8, mean expected reward 10.309, kl coef 0.0000, update 2.81 s, wall 1791150606.3
exact step 1481: answers scored 8, mean expected reward 8.898, kl coef 0.0000, update 2.84 s, wall 1791150610.2
exact step 1482: answers scored 8, mean expected reward 9.134, kl coef 0.0000, update 3.14 s, wall 1791150613.8
exact step 1483: answers scored 7, mean expected reward 10.106, kl coef 0.0000, update 2.83 s, wall 1791150619.1
exact step 1484: answers scored 8, mean expected reward 10.615, kl coef 0.0000, update 2.86 s, wall 1791150622.6
exact step 1485: answers scored 8, mean expected reward 8.752, kl coef 0.0000, update 2.92 s, wall 1791150628.5
exact step 1486: answers scored 8, mean expected reward 9.705, kl coef 0.0000, update 2.84 s, wall 1791150633.0
exact step 1487: answers scored 8, mean expected reward 9.716, kl coef 0.0000, update 2.86 s, wall 1791150637.7
exact step 1488: answers scored 8, mean expected reward 10.219, kl coef 0.0000, update 2.87 s, wall 1791150641.8
exact step 1489: answers scored 8, mean expected reward 7.291, kl coef 0.0000, update 2.87 s, wall 1791150645.3
exact step 1490: answers scored 8, mean expected reward 9.977, kl coef 0.0000, update 3.12 s, wall 1791150649.2
exact step 1491: answers scored 8, mean expected reward 9.158, kl coef 0.0000, update 2.87 s, wall 1791150655.8
exact step 1492: answers scored 8, mean expected reward 9.158, kl coef 0.0000, update 2.87 s, wall 1791150659.5
exact step 1493: answers scored 8, mean expected reward 10.562, kl coef 0.0000, update 3.07 s, wall 1791150663.1
exact step 1494: answers scored 8, mean expected reward 9.858, kl coef 0.0000, update 2.83 s, wall 1791150666.6
exact step 1495: answers scored 7, mean expected reward 9.700, kl coef 0.0000, update 2.84 s, wall 1791150673.5
exact step 1496: answers scored 8, mean expected reward 10.545, kl coef 0.0000, update 2.86 s, wall 1791150677.0
exact step 1497: answers scored 8, mean expected reward 9.142, kl coef 0.0000, update 3.13 s, wall 1791150681.2
exact step 1498: answers scored 8, mean expected reward 10.387, kl coef 0.0000, update 2.90 s, wall 1791150684.7
exact step 1499: answers scored 8, mean expected reward 9.905, kl coef 0.0000, update 4.37 s, wall 1791150690.1
exact step 1500: answers scored 8, mean expected reward 10.302, kl coef 0.0000, update 2.91 s, wall 1791150693.6
exact step 1501: answers scored 8, mean expected reward 10.360, kl coef 0.0000, update 2.96 s, wall 1791150697.5
exact step 1502: answers scored 8, mean expected reward 9.289, kl coef 0.0000, update 2.97 s, wall 1791150701.0
exact step 1503: answers scored 6, mean expected reward 10.378, kl coef 0.0000, update 2.89 s, wall 1791150705.3
exact step 1504: answers scored 8, mean expected reward 9.880, kl coef 0.0000, update 2.99 s, wall 1791150710.2
exact step 1505: answers scored 8, mean expected reward 10.361, kl coef 0.0000, update 3.03 s, wall 1791150713.9
exact step 1506: answers scored 8, mean expected reward 10.179, kl coef 0.0000, update 2.99 s, wall 1791150722.4
exact step 1507: answers scored 8, mean expected reward 10.176, kl coef 0.0000, update 2.98 s, wall 1791150726.1
exact step 1508: answers scored 8, mean expected reward 8.158, kl coef 0.0000, update 2.98 s, wall 1791150729.9
exact step 1509: answers scored 8, mean expected reward 9.221, kl coef 0.0000, update 2.94 s, wall 1791150735.8
exact step 1510: answers scored 8, mean expected reward 7.945, kl coef 0.0000, update 2.88 s, wall 1791150739.3
exact step 1511: answers scored 8, mean expected reward 9.406, kl coef 0.0000, update 2.84 s, wall 1791150743.0
exact step 1512: answers scored 8, mean expected reward 10.226, kl coef 0.0000, update 2.88 s, wall 1791150746.4
exact step 1513: answers scored 8, mean expected reward 10.377, kl coef 0.0000, update 2.84 s, wall 1791150751.7
exact step 1514: answers scored 8, mean expected reward 9.684, kl coef 0.0000, update 2.89 s, wall 1791150755.2
exact step 1515: answers scored 8, mean expected reward 10.081, kl coef 0.0000, update 2.95 s, wall 1791150758.9
exact step 1516: answers scored 8, mean expected reward 10.201, kl coef 0.0000, update 2.90 s, wall 1791150762.4
exact step 1517: answers scored 8, mean expected reward 9.762, kl coef 0.0000, update 2.85 s, wall 1791150766.5
exact step 1518: answers scored 8, mean expected reward 8.933, kl coef 0.0000, update 2.84 s, wall 1791150770.8
exact step 1519: answers scored 8, mean expected reward 10.150, kl coef 0.0000, update 2.86 s, wall 1791150774.1
exact step 1520: answers scored 8, mean expected reward 9.869, kl coef 0.0000, update 2.84 s, wall 1791150777.7
exact step 1521: answers scored 8, mean expected reward 9.819, kl coef 0.0000, update 2.84 s, wall 1791150781.6
exact step 1522: answers scored 7, mean expected reward 9.471, kl coef 0.0000, update 2.83 s, wall 1791150785.4
exact step 1523: answers scored 7, mean expected reward 8.955, kl coef 0.0000, update 2.82 s, wall 1791150791.8
exact step 1524: answers scored 8, mean expected reward 10.327, kl coef 0.0000, update 2.83 s, wall 1791150795.3
exact step 1525: answers scored 8, mean expected reward 10.029, kl coef 0.0000, update 2.86 s, wall 1791150798.8
exact step 1526: answers scored 8, mean expected reward 9.135, kl coef 0.0000, update 3.00 s, wall 1791150804.1
exact step 1527: answers scored 8, mean expected reward 9.127, kl coef 0.0000, update 2.88 s, wall 1791150808.4
exact step 1528: answers scored 7, mean expected reward 9.694, kl coef 0.0000, update 2.83 s, wall 1791150814.4
exact step 1529: answers scored 8, mean expected reward 9.583, kl coef 0.0000, update 2.83 s, wall 1791150817.9
exact step 1530: answers scored 7, mean expected reward 10.259, kl coef 0.0000, update 2.81 s, wall 1791150823.0
exact step 1531: answers scored 8, mean expected reward 10.254, kl coef 0.0000, update 2.85 s, wall 1791150826.5
exact step 1532: answers scored 8, mean expected reward 10.022, kl coef 0.0000, update 2.89 s, wall 1791150832.0
exact step 1533: answers scored 8, mean expected reward 8.612, kl coef 0.0000, update 2.89 s, wall 1791150836.0
exact step 1534: answers scored 8, mean expected reward 10.076, kl coef 0.0000, update 2.91 s, wall 1791150839.6
exact step 1535: answers scored 8, mean expected reward 9.755, kl coef 0.0000, update 2.89 s, wall 1791150843.2
exact step 1536: answers scored 8, mean expected reward 9.871, kl coef 0.0000, update 2.87 s, wall 1791150848.6
exact step 1537: answers scored 8, mean expected reward 9.764, kl coef 0.0000, update 2.84 s, wall 1791150852.0
exact step 1538: answers scored 8, mean expected reward 8.681, kl coef 0.0000, update 2.84 s, wall 1791150855.4
exact step 1539: answers scored 8, mean expected reward 10.251, kl coef 0.0000, update 2.85 s, wall 1791150858.8
exact step 1540: answers scored 7, mean expected reward 10.165, kl coef 0.0000, update 2.85 s, wall 1791150863.6
exact step 1541: answers scored 7, mean expected reward 10.538, kl coef 0.0000, update 2.91 s, wall 1791150869.0
exact step 1542: answers scored 8, mean expected reward 10.147, kl coef 0.0000, update 2.87 s, wall 1791150872.5
exact step 1543: answers scored 8, mean expected reward 11.056, kl coef 0.0000, update 2.86 s, wall 1791150876.0
exact step 1544: answers scored 8, mean expected reward 9.913, kl coef 0.0000, update 2.87 s, wall 1791150879.5
exact step 1545: answers scored 8, mean expected reward 11.059, kl coef 0.0000, update 2.88 s, wall 1791150883.0
exact step 1546: answers scored 8, mean expected reward 9.993, kl coef 0.0000, update 2.86 s, wall 1791150886.5
exact step 1547: answers scored 8, mean expected reward 10.639, kl coef 0.0000, update 2.86 s, wall 1791150889.9
exact step 1548: answers scored 8, mean expected reward 10.582, kl coef 0.0000, update 2.87 s, wall 1791150894.9
exact step 1549: answers scored 8, mean expected reward 9.964, kl coef 0.0000, update 2.86 s, wall 1791150898.7
exact step 1550: answers scored 8, mean expected reward 10.568, kl coef 0.0000, update 2.87 s, wall 1791150902.1
exact step 1551: answers scored 8, mean expected reward 8.948, kl coef 0.0000, update 2.85 s, wall 1791150905.6
exact step 1552: answers scored 8, mean expected reward 9.361, kl coef 0.0000, update 2.84 s, wall 1791150909.0
exact step 1553: answers scored 8, mean expected reward 10.233, kl coef 0.0000, update 2.86 s, wall 1791150912.4
exact step 1554: answers scored 8, mean expected reward 9.606, kl coef 0.0000, update 2.84 s, wall 1791150915.9
exact step 1555: answers scored 8, mean expected reward 9.228, kl coef 0.0000, update 2.88 s, wall 1791150919.4
exact step 1556: answers scored 8, mean expected reward 10.058, kl coef 0.0000, update 2.88 s, wall 1791150925.3
exact step 1557: answers scored 8, mean expected reward 9.107, kl coef 0.0000, update 2.88 s, wall 1791150928.9
exact step 1558: answers scored 8, mean expected reward 10.166, kl coef 0.0000, update 2.85 s, wall 1791150932.6
exact step 1559: answers scored 8, mean expected reward 9.356, kl coef 0.0000, update 2.85 s, wall 1791150936.1
exact step 1560: answers scored 8, mean expected reward 10.567, kl coef 0.0000, update 2.85 s, wall 1791150940.6
exact step 1561: answers scored 8, mean expected reward 9.741, kl coef 0.0000, update 2.84 s, wall 1791150944.1
exact step 1562: answers scored 6, mean expected reward 10.099, kl coef 0.0000, update 2.82 s, wall 1791150951.3
exact step 1563: answers scored 8, mean expected reward 8.209, kl coef 0.0000, update 2.82 s, wall 1791150954.6
exact step 1564: answers scored 8, mean expected reward 9.756, kl coef 0.0000, update 2.87 s, wall 1791150958.7
exact step 1565: answers scored 8, mean expected reward 9.755, kl coef 0.0000, update 2.87 s, wall 1791150962.5
exact step 1566: answers scored 8, mean expected reward 9.186, kl coef 0.0000, update 2.83 s, wall 1791150965.9
exact step 1567: answers scored 8, mean expected reward 10.129, kl coef 0.0000, update 2.88 s, wall 1791150969.8
exact step 1568: answers scored 8, mean expected reward 10.026, kl coef 0.0000, update 2.82 s, wall 1791150973.2
exact step 1569: answers scored 7, mean expected reward 11.046, kl coef 0.0000, update 2.85 s, wall 1791150979.2
exact step 1570: answers scored 8, mean expected reward 9.718, kl coef 0.0000, update 2.82 s, wall 1791150982.6
exact step 1571: answers scored 8, mean expected reward 10.076, kl coef 0.0000, update 2.83 s, wall 1791150987.0
exact step 1572: answers scored 8, mean expected reward 9.490, kl coef 0.0000, update 2.85 s, wall 1791150991.6
exact step 1573: answers scored 8, mean expected reward 9.558, kl coef 0.0000, update 2.86 s, wall 1791150995.4
exact step 1574: answers scored 7, mean expected reward 9.784, kl coef 0.0000, update 2.81 s, wall 1791150999.1
exact step 1575: answers scored 8, mean expected reward 9.899, kl coef 0.0000, update 2.86 s, wall 1791151003.5
exact step 1576: answers scored 7, mean expected reward 10.592, kl coef 0.0000, update 2.91 s, wall 1791151008.2
exact step 1577: answers scored 8, mean expected reward 9.802, kl coef 0.0000, update 2.93 s, wall 1791151013.9
exact step 1578: answers scored 8, mean expected reward 9.107, kl coef 0.0000, update 2.83 s, wall 1791151018.3
exact step 1579: answers scored 8, mean expected reward 9.888, kl coef 0.0000, update 2.85 s, wall 1791151022.1
exact step 1580: answers scored 8, mean expected reward 10.010, kl coef 0.0000, update 2.86 s, wall 1791151025.7
exact step 1581: answers scored 8, mean expected reward 8.475, kl coef 0.0000, update 2.90 s, wall 1791151034.0
exact step 1582: answers scored 8, mean expected reward 9.466, kl coef 0.0000, update 2.86 s, wall 1791151037.5
exact step 1583: answers scored 8, mean expected reward 10.238, kl coef 0.0000, update 2.85 s, wall 1791151040.9
exact step 1584: answers scored 8, mean expected reward 9.010, kl coef 0.0000, update 2.88 s, wall 1791151044.3
exact step 1585: answers scored 8, mean expected reward 9.405, kl coef 0.0000, update 2.81 s, wall 1791151047.7
exact step 1586: answers scored 8, mean expected reward 9.561, kl coef 0.0000, update 2.84 s, wall 1791151051.2
exact step 1587: answers scored 8, mean expected reward 10.018, kl coef 0.0000, update 2.84 s, wall 1791151054.6
exact step 1588: answers scored 8, mean expected reward 9.926, kl coef 0.0000, update 2.86 s, wall 1791151058.8
exact step 1589: answers scored 8, mean expected reward 8.806, kl coef 0.0000, update 2.84 s, wall 1791151062.6
exact step 1590: answers scored 8, mean expected reward 10.222, kl coef 0.0000, update 2.85 s, wall 1791151066.4
exact step 1591: answers scored 8, mean expected reward 8.035, kl coef 0.0000, update 2.84 s, wall 1791151069.9
exact step 1592: answers scored 8, mean expected reward 9.879, kl coef 0.0000, update 2.82 s, wall 1791151073.3
exact step 1593: answers scored 8, mean expected reward 9.595, kl coef 0.0000, update 2.84 s, wall 1791151076.8
exact step 1594: answers scored 8, mean expected reward 8.202, kl coef 0.0000, update 2.83 s, wall 1791151080.7
exact step 1595: answers scored 8, mean expected reward 9.095, kl coef 0.0000, update 2.85 s, wall 1791151084.5
exact step 1596: answers scored 8, mean expected reward 9.837, kl coef 0.0000, update 2.85 s, wall 1791151088.0
exact step 1597: answers scored 8, mean expected reward 9.482, kl coef 0.0000, update 2.83 s, wall 1791151091.5
exact step 1598: answers scored 8, mean expected reward 10.029, kl coef 0.0000, update 2.83 s, wall 1791151094.9
checkpoint at step 1600 (1.3 s)
exact step 1599: answers scored 8, mean expected reward 9.629, kl coef 0.0000, update 4.17 s, wall 1791151099.7
exact step 1600: answers scored 8, mean expected reward 9.122, kl coef 0.0000, update 2.82 s, wall 1791151103.0
exact step 1601: answers scored 8, mean expected reward 9.810, kl coef 0.0000, update 2.85 s, wall 1791151107.1
exact step 1602: answers scored 8, mean expected reward 9.618, kl coef 0.0000, update 2.83 s, wall 1791151111.6
exact step 1603: answers scored 8, mean expected reward 10.124, kl coef 0.0000, update 2.82 s, wall 1791151115.0
exact step 1604: answers scored 8, mean expected reward 8.931, kl coef 0.0000, update 2.88 s, wall 1791151118.6
exact step 1605: answers scored 8, mean expected reward 9.783, kl coef 0.0000, update 2.81 s, wall 1791151122.5
exact step 1606: answers scored 8, mean expected reward 10.089, kl coef 0.0000, update 2.81 s, wall 1791151125.9
exact step 1607: answers scored 8, mean expected reward 9.639, kl coef 0.0000, update 2.86 s, wall 1791151129.7
exact step 1608: answers scored 8, mean expected reward 9.864, kl coef 0.0000, update 2.82 s, wall 1791151133.7
exact step 1609: answers scored 8, mean expected reward 9.291, kl coef 0.0000, update 2.85 s, wall 1791151137.3
exact step 1610: answers scored 8, mean expected reward 9.604, kl coef 0.0000, update 2.84 s, wall 1791151141.5
exact step 1611: answers scored 6, mean expected reward 10.046, kl coef 0.0000, update 2.78 s, wall 1791151146.5
exact step 1612: answers scored 8, mean expected reward 9.773, kl coef 0.0000, update 2.85 s, wall 1791151150.4
exact step 1613: answers scored 8, mean expected reward 10.122, kl coef 0.0000, update 2.81 s, wall 1791151154.1
exact step 1614: answers scored 8, mean expected reward 10.313, kl coef 0.0000, update 2.83 s, wall 1791151158.7
exact step 1615: answers scored 8, mean expected reward 10.094, kl coef 0.0000, update 2.82 s, wall 1791151162.8
exact step 1616: answers scored 8, mean expected reward 8.629, kl coef 0.0000, update 2.79 s, wall 1791151166.2
exact step 1617: answers scored 8, mean expected reward 9.709, kl coef 0.0000, update 2.80 s, wall 1791151169.5
exact step 1618: answers scored 8, mean expected reward 9.462, kl coef 0.0000, update 2.81 s, wall 1791151172.9
exact step 1619: answers scored 8, mean expected reward 10.346, kl coef 0.0000, update 2.81 s, wall 1791151176.9
exact step 1620: answers scored 8, mean expected reward 9.768, kl coef 0.0000, update 2.84 s, wall 1791151180.2
exact step 1621: answers scored 8, mean expected reward 9.311, kl coef 0.0000, update 2.86 s, wall 1791151186.4
exact step 1622: answers scored 8, mean expected reward 10.350, kl coef 0.0000, update 2.97 s, wall 1791151189.9
exact step 1623: answers scored 8, mean expected reward 9.133, kl coef 0.0000, update 2.97 s, wall 1791151194.1
exact step 1624: answers scored 8, mean expected reward 10.133, kl coef 0.0000, update 2.92 s, wall 1791151197.8
exact step 1625: answers scored 8, mean expected reward 9.863, kl coef 0.0000, update 2.92 s, wall 1791151201.3
exact step 1626: answers scored 8, mean expected reward 10.049, kl coef 0.0000, update 2.85 s, wall 1791151204.8
exact step 1627: answers scored 8, mean expected reward 9.589, kl coef 0.0000, update 2.87 s, wall 1791151208.4
exact step 1628: answers scored 8, mean expected reward 9.032, kl coef 0.0000, update 2.84 s, wall 1791151212.3
exact step 1629: answers scored 8, mean expected reward 9.778, kl coef 0.0000, update 2.88 s, wall 1791151215.9
exact step 1630: answers scored 8, mean expected reward 9.789, kl coef 0.0000, update 2.88 s, wall 1791151219.5
exact step 1631: answers scored 8, mean expected reward 9.526, kl coef 0.0000, update 2.89 s, wall 1791151222.9
exact step 1632: answers scored 8, mean expected reward 10.799, kl coef 0.0000, update 2.87 s, wall 1791151226.5
exact step 1633: answers scored 8, mean expected reward 9.573, kl coef 0.0000, update 3.05 s, wall 1791151230.6
exact step 1634: answers scored 8, mean expected reward 10.223, kl coef 0.0000, update 2.98 s, wall 1791151235.4
exact step 1635: answers scored 8, mean expected reward 10.098, kl coef 0.0000, update 2.86 s, wall 1791151240.0
exact step 1636: answers scored 8, mean expected reward 9.386, kl coef 0.0000, update 2.87 s, wall 1791151243.5
exact step 1637: answers scored 8, mean expected reward 9.006, kl coef 0.0000, update 2.83 s, wall 1791151246.9
exact step 1638: answers scored 8, mean expected reward 9.436, kl coef 0.0000, update 2.91 s, wall 1791151250.4
exact step 1639: answers scored 8, mean expected reward 10.025, kl coef 0.0000, update 2.87 s, wall 1791151254.0
exact step 1640: answers scored 8, mean expected reward 10.281, kl coef 0.0000, update 2.96 s, wall 1791151260.0
exact step 1641: answers scored 8, mean expected reward 9.921, kl coef 0.0000, update 3.06 s, wall 1791151264.6
exact step 1642: answers scored 8, mean expected reward 10.279, kl coef 0.0000, update 2.90 s, wall 1791151268.5
exact step 1643: answers scored 6, mean expected reward 7.251, kl coef 0.0000, update 2.82 s, wall 1791151276.0
exact step 1644: answers scored 8, mean expected reward 8.787, kl coef 0.0000, update 2.87 s, wall 1791151280.0
exact step 1645: answers scored 8, mean expected reward 9.960, kl coef 0.0000, update 2.85 s, wall 1791151284.0
exact step 1646: answers scored 8, mean expected reward 10.223, kl coef 0.0000, update 2.89 s, wall 1791151288.8
exact step 1647: answers scored 8, mean expected reward 10.030, kl coef 0.0000, update 2.86 s, wall 1791151292.3
exact step 1648: answers scored 8, mean expected reward 10.203, kl coef 0.0000, update 2.84 s, wall 1791151296.5
exact step 1649: answers scored 8, mean expected reward 10.276, kl coef 0.0000, update 3.04 s, wall 1791151300.4
exact step 1650: answers scored 8, mean expected reward 9.977, kl coef 0.0000, update 2.85 s, wall 1791151303.9
exact step 1651: answers scored 8, mean expected reward 9.899, kl coef 0.0000, update 2.90 s, wall 1791151307.4
exact step 1652: answers scored 8, mean expected reward 9.863, kl coef 0.0000, update 2.93 s, wall 1791151312.6
exact step 1653: answers scored 8, mean expected reward 10.443, kl coef 0.0000, update 2.93 s, wall 1791151316.5
exact step 1654: answers scored 8, mean expected reward 9.964, kl coef 0.0000, update 2.90 s, wall 1791151320.6
exact step 1655: answers scored 8, mean expected reward 9.172, kl coef 0.0000, update 2.96 s, wall 1791151324.1
exact step 1656: answers scored 8, mean expected reward 9.100, kl coef 0.0000, update 2.92 s, wall 1791151327.7
exact step 1657: answers scored 8, mean expected reward 10.502, kl coef 0.0000, update 3.03 s, wall 1791151331.4
exact step 1658: answers scored 8, mean expected reward 8.819, kl coef 0.0000, update 2.85 s, wall 1791151334.8
exact step 1659: answers scored 8, mean expected reward 9.645, kl coef 0.0000, update 2.90 s, wall 1791151338.6
exact step 1660: answers scored 8, mean expected reward 9.614, kl coef 0.0000, update 2.87 s, wall 1791151343.0
exact step 1661: answers scored 8, mean expected reward 9.944, kl coef 0.0000, update 2.86 s, wall 1791151346.4
exact step 1662: answers scored 8, mean expected reward 9.464, kl coef 0.0000, update 2.85 s, wall 1791151350.0
exact step 1663: answers scored 8, mean expected reward 10.203, kl coef 0.0000, update 2.87 s, wall 1791151355.0
exact step 1664: answers scored 8, mean expected reward 8.844, kl coef 0.0000, update 2.86 s, wall 1791151358.6
exact step 1665: answers scored 8, mean expected reward 9.046, kl coef 0.0000, update 2.89 s, wall 1791151362.4
exact step 1666: answers scored 7, mean expected reward 10.322, kl coef 0.0000, update 2.85 s, wall 1791151367.1
exact step 1667: answers scored 8, mean expected reward 10.727, kl coef 0.0000, update 2.89 s, wall 1791151370.5
exact step 1668: answers scored 7, mean expected reward 8.480, kl coef 0.0000, update 3.00 s, wall 1791151375.4
exact step 1669: answers scored 8, mean expected reward 10.375, kl coef 0.0000, update 2.85 s, wall 1791151378.8
exact step 1670: answers scored 8, mean expected reward 8.770, kl coef 0.0000, update 2.84 s, wall 1791151382.7
exact step 1671: answers scored 8, mean expected reward 9.206, kl coef 0.0000, update 2.88 s, wall 1791151386.2
exact step 1672: answers scored 7, mean expected reward 10.235, kl coef 0.0000, update 2.89 s, wall 1791151389.7
exact step 1673: answers scored 8, mean expected reward 10.566, kl coef 0.0000, update 2.85 s, wall 1791151394.4
exact step 1674: answers scored 8, mean expected reward 9.403, kl coef 0.0000, update 2.82 s, wall 1791151397.8
exact step 1675: answers scored 8, mean expected reward 9.142, kl coef 0.0000, update 2.80 s, wall 1791151401.2
exact step 1676: answers scored 8, mean expected reward 9.952, kl coef 0.0000, update 2.92 s, wall 1791151404.9
exact step 1677: answers scored 8, mean expected reward 9.415, kl coef 0.0000, update 2.94 s, wall 1791151408.4
exact step 1678: answers scored 8, mean expected reward 9.897, kl coef 0.0000, update 2.79 s, wall 1791151412.1
exact step 1679: answers scored 8, mean expected reward 9.546, kl coef 0.0000, update 3.15 s, wall 1791151415.8
exact step 1680: answers scored 7, mean expected reward 9.174, kl coef 0.0000, update 2.82 s, wall 1791151425.3
exact step 1681: answers scored 8, mean expected reward 10.230, kl coef 0.0000, update 2.90 s, wall 1791151429.0
exact step 1682: answers scored 8, mean expected reward 9.701, kl coef 0.0000, update 2.87 s, wall 1791151432.5
exact step 1683: answers scored 8, mean expected reward 10.327, kl coef 0.0000, update 2.84 s, wall 1791151437.3
exact step 1684: answers scored 8, mean expected reward 9.228, kl coef 0.0000, update 2.83 s, wall 1791151441.0
exact step 1685: answers scored 8, mean expected reward 9.382, kl coef 0.0000, update 2.87 s, wall 1791151444.4
exact step 1686: answers scored 8, mean expected reward 9.814, kl coef 0.0000, update 2.84 s, wall 1791151448.2
exact step 1687: answers scored 8, mean expected reward 9.925, kl coef 0.0000, update 2.85 s, wall 1791151451.9
exact step 1688: answers scored 8, mean expected reward 9.745, kl coef 0.0000, update 2.87 s, wall 1791151455.6
exact step 1689: answers scored 8, mean expected reward 9.816, kl coef 0.0000, update 3.06 s, wall 1791151459.3
exact step 1690: answers scored 8, mean expected reward 9.759, kl coef 0.0000, update 3.10 s, wall 1791151463.6
exact step 1691: answers scored 8, mean expected reward 9.494, kl coef 0.0000, update 2.85 s, wall 1791151467.0
exact step 1692: answers scored 8, mean expected reward 9.846, kl coef 0.0000, update 2.88 s, wall 1791151471.4
exact step 1693: answers scored 8, mean expected reward 9.894, kl coef 0.0000, update 2.83 s, wall 1791151474.8
exact step 1694: answers scored 8, mean expected reward 10.528, kl coef 0.0000, update 2.82 s, wall 1791151478.1
exact step 1695: answers scored 8, mean expected reward 10.071, kl coef 0.0000, update 2.84 s, wall 1791151482.5
exact step 1696: answers scored 8, mean expected reward 9.809, kl coef 0.0000, update 2.81 s, wall 1791151486.3
exact step 1697: answers scored 8, mean expected reward 10.518, kl coef 0.0000, update 2.82 s, wall 1791151491.0
exact step 1698: answers scored 8, mean expected reward 10.108, kl coef 0.0000, update 2.87 s, wall 1791151494.5
exact step 1699: answers scored 8, mean expected reward 9.557, kl coef 0.0000, update 2.88 s, wall 1791151498.2
exact step 1700: answers scored 8, mean expected reward 10.195, kl coef 0.0000, update 2.83 s, wall 1791151502.0
exact step 1701: answers scored 8, mean expected reward 9.749, kl coef 0.0000, update 2.81 s, wall 1791151505.4
exact step 1702: answers scored 8, mean expected reward 8.878, kl coef 0.0000, update 2.85 s, wall 1791151508.8
exact step 1703: answers scored 7, mean expected reward 6.710, kl coef 0.0000, update 2.85 s, wall 1791151513.3
exact step 1704: answers scored 8, mean expected reward 10.233, kl coef 0.0000, update 2.85 s, wall 1791151516.9
exact step 1705: answers scored 8, mean expected reward 9.961, kl coef 0.0000, update 2.85 s, wall 1791151520.4
exact step 1706: answers scored 8, mean expected reward 10.192, kl coef 0.0000, update 2.88 s, wall 1791151524.0
exact step 1707: answers scored 8, mean expected reward 9.645, kl coef 0.0000, update 2.84 s, wall 1791151527.4
exact step 1708: answers scored 8, mean expected reward 9.676, kl coef 0.0000, update 2.91 s, wall 1791151531.4
exact step 1709: answers scored 7, mean expected reward 9.773, kl coef 0.0000, update 2.81 s, wall 1791151536.1
exact step 1710: answers scored 7, mean expected reward 9.515, kl coef 0.0000, update 2.83 s, wall 1791151540.0
exact step 1711: answers scored 7, mean expected reward 10.599, kl coef 0.0000, update 2.84 s, wall 1791151544.8
exact step 1712: answers scored 8, mean expected reward 9.775, kl coef 0.0000, update 2.88 s, wall 1791151548.7
exact step 1713: answers scored 8, mean expected reward 9.434, kl coef 0.0000, update 2.82 s, wall 1791151552.3
exact step 1714: answers scored 8, mean expected reward 9.868, kl coef 0.0000, update 2.85 s, wall 1791151557.2
exact step 1715: answers scored 8, mean expected reward 9.319, kl coef 0.0000, update 2.85 s, wall 1791151560.7
exact step 1716: answers scored 8, mean expected reward 10.321, kl coef 0.0000, update 3.04 s, wall 1791151564.5
exact step 1717: answers scored 8, mean expected reward 10.343, kl coef 0.0000, update 2.86 s, wall 1791151568.0
exact step 1718: answers scored 7, mean expected reward 9.650, kl coef 0.0000, update 2.84 s, wall 1791151574.8
exact step 1719: answers scored 8, mean expected reward 8.253, kl coef 0.0000, update 2.84 s, wall 1791151578.2
exact step 1720: answers scored 8, mean expected reward 9.911, kl coef 0.0000, update 2.86 s, wall 1791151581.7
exact step 1721: answers scored 8, mean expected reward 9.942, kl coef 0.0000, update 2.86 s, wall 1791151585.3
exact step 1722: answers scored 8, mean expected reward 9.784, kl coef 0.0000, update 2.85 s, wall 1791151588.8
exact step 1723: answers scored 8, mean expected reward 9.379, kl coef 0.0000, update 2.86 s, wall 1791151592.5
exact step 1724: answers scored 8, mean expected reward 10.781, kl coef 0.0000, update 2.94 s, wall 1791151596.3
exact step 1725: answers scored 8, mean expected reward 9.630, kl coef 0.0000, update 2.84 s, wall 1791151600.7
exact step 1726: answers scored 8, mean expected reward 9.476, kl coef 0.0000, update 2.83 s, wall 1791151604.1
exact step 1727: answers scored 8, mean expected reward 10.445, kl coef 0.0000, update 2.83 s, wall 1791151607.5
exact step 1728: answers scored 8, mean expected reward 9.777, kl coef 0.0000, update 2.84 s, wall 1791151611.2
exact step 1729: answers scored 8, mean expected reward 10.290, kl coef 0.0000, update 2.84 s, wall 1791151614.6
exact step 1730: answers scored 8, mean expected reward 9.976, kl coef 0.0000, update 2.87 s, wall 1791151618.1
exact step 1731: answers scored 8, mean expected reward 9.698, kl coef 0.0000, update 2.85 s, wall 1791151621.6
exact step 1732: answers scored 8, mean expected reward 8.757, kl coef 0.0000, update 2.81 s, wall 1791151625.0
exact step 1733: answers scored 8, mean expected reward 10.764, kl coef 0.0000, update 2.79 s, wall 1791151628.4
exact step 1734: answers scored 8, mean expected reward 9.332, kl coef 0.0000, update 3.05 s, wall 1791151632.4
exact step 1735: answers scored 8, mean expected reward 9.061, kl coef 0.0000, update 2.82 s, wall 1791151635.8
exact step 1736: answers scored 8, mean expected reward 9.888, kl coef 0.0000, update 2.88 s, wall 1791151639.2
exact step 1737: answers scored 8, mean expected reward 9.710, kl coef 0.0000, update 2.86 s, wall 1791151642.9
exact step 1738: answers scored 8, mean expected reward 10.334, kl coef 0.0000, update 2.84 s, wall 1791151646.8
exact step 1739: answers scored 8, mean expected reward 9.695, kl coef 0.0000, update 2.87 s, wall 1791151650.2
exact step 1740: answers scored 8, mean expected reward 9.580, kl coef 0.0000, update 2.86 s, wall 1791151653.7
exact step 1741: answers scored 8, mean expected reward 9.908, kl coef 0.0000, update 2.83 s, wall 1791151657.1
exact step 1742: answers scored 8, mean expected reward 10.076, kl coef 0.0000, update 2.90 s, wall 1791151661.4
exact step 1743: answers scored 8, mean expected reward 9.767, kl coef 0.0000, update 3.09 s, wall 1791151665.4
exact step 1744: answers scored 8, mean expected reward 9.859, kl coef 0.0000, update 2.85 s, wall 1791151668.9
exact step 1745: answers scored 8, mean expected reward 9.699, kl coef 0.0000, update 2.87 s, wall 1791151672.4
exact step 1746: answers scored 8, mean expected reward 9.414, kl coef 0.0000, update 2.86 s, wall 1791151675.8
exact step 1747: answers scored 7, mean expected reward 8.969, kl coef 0.0000, update 2.86 s, wall 1791151681.0
exact step 1748: answers scored 8, mean expected reward 8.798, kl coef 0.0000, update 2.91 s, wall 1791151686.2
exact step 1749: answers scored 7, mean expected reward 8.538, kl coef 0.0000, update 2.87 s, wall 1791151690.2
exact step 1750: answers scored 8, mean expected reward 9.838, kl coef 0.0000, update 2.85 s, wall 1791151694.3
exact step 1751: answers scored 8, mean expected reward 9.486, kl coef 0.0000, update 3.07 s, wall 1791151698.8
exact step 1752: answers scored 8, mean expected reward 9.484, kl coef 0.0000, update 2.83 s, wall 1791151702.2
exact step 1753: answers scored 8, mean expected reward 9.828, kl coef 0.0000, update 2.84 s, wall 1791151705.8
exact step 1754: answers scored 7, mean expected reward 9.618, kl coef 0.0000, update 2.82 s, wall 1791151710.7
exact step 1755: answers scored 8, mean expected reward 7.738, kl coef 0.0000, update 2.86 s, wall 1791151714.8
exact step 1756: answers scored 8, mean expected reward 9.638, kl coef 0.0000, update 2.88 s, wall 1791151718.6
exact step 1757: answers scored 8, mean expected reward 9.095, kl coef 0.0000, update 2.95 s, wall 1791151724.1
exact step 1758: answers scored 7, mean expected reward 9.565, kl coef 0.0000, update 2.91 s, wall 1791151730.3
exact step 1759: answers scored 8, mean expected reward 9.616, kl coef 0.0000, update 2.87 s, wall 1791151734.3
exact step 1760: answers scored 8, mean expected reward 9.640, kl coef 0.0000, update 2.93 s, wall 1791151739.3
exact step 1761: answers scored 8, mean expected reward 9.496, kl coef 0.0000, update 2.84 s, wall 1791151742.8
exact step 1762: answers scored 8, mean expected reward 9.067, kl coef 0.0000, update 2.91 s, wall 1791151746.7
exact step 1763: answers scored 8, mean expected reward 9.573, kl coef 0.0000, update 2.89 s, wall 1791151751.2
exact step 1764: answers scored 8, mean expected reward 8.503, kl coef 0.0000, update 2.86 s, wall 1791151754.7
exact step 1765: answers scored 8, mean expected reward 8.848, kl coef 0.0000, update 2.86 s, wall 1791151759.3
exact step 1766: answers scored 8, mean expected reward 9.778, kl coef 0.0000, update 2.86 s, wall 1791151762.9
exact step 1767: answers scored 8, mean expected reward 9.799, kl coef 0.0000, update 2.95 s, wall 1791151767.7
exact step 1768: answers scored 8, mean expected reward 9.937, kl coef 0.0000, update 2.92 s, wall 1791151771.4
exact step 1769: answers scored 8, mean expected reward 9.662, kl coef 0.0000, update 2.89 s, wall 1791151774.8
exact step 1770: answers scored 7, mean expected reward 9.946, kl coef 0.0000, update 2.92 s, wall 1791151779.2
exact step 1771: answers scored 8, mean expected reward 9.603, kl coef 0.0000, update 2.88 s, wall 1791151782.6
exact step 1772: answers scored 8, mean expected reward 10.090, kl coef 0.0000, update 2.92 s, wall 1791151788.6
exact step 1773: answers scored 8, mean expected reward 9.335, kl coef 0.0000, update 2.85 s, wall 1791151792.2
exact step 1774: answers scored 7, mean expected reward 9.858, kl coef 0.0000, update 2.92 s, wall 1791151795.8
exact step 1775: answers scored 8, mean expected reward 9.342, kl coef 0.0000, update 2.90 s, wall 1791151799.4
exact step 1776: answers scored 8, mean expected reward 9.656, kl coef 0.0000, update 3.10 s, wall 1791151804.0
exact step 1777: answers scored 8, mean expected reward 9.893, kl coef 0.0000, update 2.93 s, wall 1791151807.5
exact step 1778: answers scored 8, mean expected reward 9.325, kl coef 0.0000, update 2.88 s, wall 1791151811.8
exact step 1779: answers scored 8, mean expected reward 10.570, kl coef 0.0000, update 2.84 s, wall 1791151815.3
exact step 1780: answers scored 8, mean expected reward 10.160, kl coef 0.0000, update 2.86 s, wall 1791151818.9
exact step 1781: answers scored 8, mean expected reward 9.291, kl coef 0.0000, update 2.89 s, wall 1791151822.4
exact step 1782: answers scored 8, mean expected reward 8.916, kl coef 0.0000, update 2.91 s, wall 1791151825.9
exact step 1783: answers scored 7, mean expected reward 9.482, kl coef 0.0000, update 2.83 s, wall 1791151830.8
exact step 1784: answers scored 8, mean expected reward 10.559, kl coef 0.0000, update 2.85 s, wall 1791151834.3
exact step 1785: answers scored 8, mean expected reward 10.446, kl coef 0.0000, update 2.84 s, wall 1791151838.0
exact step 1786: answers scored 8, mean expected reward 10.018, kl coef 0.0000, update 2.92 s, wall 1791151843.0
exact step 1787: answers scored 8, mean expected reward 10.357, kl coef 0.0000, update 2.83 s, wall 1791151846.6
exact step 1788: answers scored 8, mean expected reward 9.610, kl coef 0.0000, update 2.91 s, wall 1791151850.7
exact step 1789: answers scored 7, mean expected reward 9.503, kl coef 0.0000, update 2.89 s, wall 1791151855.0
exact step 1790: answers scored 8, mean expected reward 10.002, kl coef 0.0000, update 2.88 s, wall 1791151858.8
exact step 1791: answers scored 8, mean expected reward 10.749, kl coef 0.0000, update 2.94 s, wall 1791151866.4
exact step 1792: answers scored 7, mean expected reward 10.805, kl coef 0.0000, update 2.88 s, wall 1791151873.2
exact step 1793: answers scored 8, mean expected reward 10.117, kl coef 0.0000, update 2.89 s, wall 1791151877.2
exact step 1794: answers scored 8, mean expected reward 9.765, kl coef 0.0000, update 2.88 s, wall 1791151881.2
exact step 1795: answers scored 7, mean expected reward 10.073, kl coef 0.0000, update 2.87 s, wall 1791151884.8
exact step 1796: answers scored 6, mean expected reward 10.229, kl coef 0.0000, update 2.82 s, wall 1791151891.3
exact step 1797: answers scored 8, mean expected reward 10.124, kl coef 0.0000, update 2.86 s, wall 1791151895.2
exact step 1798: answers scored 8, mean expected reward 9.999, kl coef 0.0000, update 2.87 s, wall 1791151899.0
checkpoint at step 1800 (1.3 s)
exact step 1799: answers scored 8, mean expected reward 9.597, kl coef 0.0000, update 4.18 s, wall 1791151904.5
exact step 1800: answers scored 8, mean expected reward 9.209, kl coef 0.0000, update 2.86 s, wall 1791151907.9
exact step 1801: answers scored 8, mean expected reward 9.931, kl coef 0.0000, update 2.85 s, wall 1791151911.4
exact step 1802: answers scored 8, mean expected reward 9.964, kl coef 0.0000, update 2.88 s, wall 1791151914.9
exact step 1803: answers scored 7, mean expected reward 8.675, kl coef 0.0000, update 2.83 s, wall 1791151919.6
exact step 1804: answers scored 8, mean expected reward 9.129, kl coef 0.0000, update 2.86 s, wall 1791151923.4
exact step 1805: answers scored 8, mean expected reward 9.532, kl coef 0.0000, update 2.98 s, wall 1791151929.9
exact step 1806: answers scored 8, mean expected reward 10.140, kl coef 0.0000, update 2.87 s, wall 1791151933.4
exact step 1807: answers scored 7, mean expected reward 9.533, kl coef 0.0000, update 2.85 s, wall 1791151938.4
exact step 1808: answers scored 8, mean expected reward 10.768, kl coef 0.0000, update 2.84 s, wall 1791151941.8
exact step 1809: answers scored 8, mean expected reward 9.389, kl coef 0.0000, update 2.88 s, wall 1791151945.6
exact step 1810: answers scored 8, mean expected reward 9.633, kl coef 0.0000, update 2.94 s, wall 1791151950.3
exact step 1811: answers scored 8, mean expected reward 9.720, kl coef 0.0000, update 2.90 s, wall 1791151954.5
exact step 1812: answers scored 8, mean expected reward 10.770, kl coef 0.0000, update 2.84 s, wall 1791151958.3
exact step 1813: answers scored 8, mean expected reward 9.355, kl coef 0.0000, update 2.84 s, wall 1791151961.7
exact step 1814: answers scored 8, mean expected reward 9.932, kl coef 0.0000, update 2.86 s, wall 1791151965.6
exact step 1815: answers scored 8, mean expected reward 9.953, kl coef 0.0000, update 2.85 s, wall 1791151969.6
exact step 1816: answers scored 8, mean expected reward 8.792, kl coef 0.0000, update 2.84 s, wall 1791151973.2
exact step 1817: answers scored 8, mean expected reward 8.521, kl coef 0.0000, update 2.85 s, wall 1791151977.3
exact step 1818: answers scored 8, mean expected reward 8.819, kl coef 0.0000, update 2.83 s, wall 1791151981.3
exact step 1819: answers scored 8, mean expected reward 8.455, kl coef 0.0000, update 2.87 s, wall 1791151984.8
exact step 1820: answers scored 7, mean expected reward 9.581, kl coef 0.0000, update 2.86 s, wall 1791151989.9
exact step 1821: answers scored 8, mean expected reward 9.434, kl coef 0.0000, update 2.84 s, wall 1791151993.6
exact step 1822: answers scored 8, mean expected reward 9.698, kl coef 0.0000, update 2.85 s, wall 1791151997.2
exact step 1823: answers scored 7, mean expected reward 9.017, kl coef 0.0000, update 2.84 s, wall 1791152004.8
exact step 1824: answers scored 8, mean expected reward 9.033, kl coef 0.0000, update 2.83 s, wall 1791152008.3
exact step 1825: answers scored 8, mean expected reward 10.350, kl coef 0.0000, update 2.83 s, wall 1791152011.7
exact step 1826: answers scored 8, mean expected reward 10.354, kl coef 0.0000, update 2.84 s, wall 1791152015.4
exact step 1827: answers scored 8, mean expected reward 9.684, kl coef 0.0000, update 2.87 s, wall 1791152019.6
exact step 1828: answers scored 8, mean expected reward 10.083, kl coef 0.0000, update 2.85 s, wall 1791152023.0
exact step 1829: answers scored 8, mean expected reward 9.603, kl coef 0.0000, update 2.92 s, wall 1791152038.0
exact step 1830: answers scored 8, mean expected reward 11.041, kl coef 0.0000, update 2.83 s, wall 1791152041.5
exact step 1831: answers scored 8, mean expected reward 10.975, kl coef 0.0000, update 2.83 s, wall 1791152045.2
exact step 1832: answers scored 8, mean expected reward 9.772, kl coef 0.0000, update 2.87 s, wall 1791152049.6
exact step 1833: answers scored 8, mean expected reward 9.270, kl coef 0.0000, update 2.86 s, wall 1791152053.1
exact step 1834: answers scored 8, mean expected reward 9.872, kl coef 0.0000, update 2.83 s, wall 1791152056.7
exact step 1835: answers scored 7, mean expected reward 9.640, kl coef 0.0000, update 2.84 s, wall 1791152061.2
exact step 1836: answers scored 8, mean expected reward 8.214, kl coef 0.0000, update 2.85 s, wall 1791152065.0
exact step 1837: answers scored 8, mean expected reward 9.926, kl coef 0.0000, update 2.87 s, wall 1791152068.5
exact step 1838: answers scored 8, mean expected reward 8.768, kl coef 0.0000, update 2.83 s, wall 1791152074.4
exact step 1839: answers scored 8, mean expected reward 9.488, kl coef 0.0000, update 2.85 s, wall 1791152078.5
exact step 1840: answers scored 8, mean expected reward 8.383, kl coef 0.0000, update 2.80 s, wall 1791152082.2
exact step 1841: answers scored 7, mean expected reward 10.094, kl coef 0.0000, update 2.81 s, wall 1791152085.6
exact step 1842: answers scored 8, mean expected reward 8.407, kl coef 0.0000, update 2.83 s, wall 1791152089.2
exact step 1843: answers scored 8, mean expected reward 10.132, kl coef 0.0000, update 2.82 s, wall 1791152093.3
exact step 1844: answers scored 8, mean expected reward 8.884, kl coef 0.0000, update 2.80 s, wall 1791152096.7
exact step 1845: answers scored 8, mean expected reward 9.792, kl coef 0.0000, update 2.84 s, wall 1791152100.5
exact step 1846: answers scored 8, mean expected reward 9.437, kl coef 0.0000, update 2.82 s, wall 1791152104.6
exact step 1847: answers scored 8, mean expected reward 10.002, kl coef 0.0000, update 2.84 s, wall 1791152108.2
exact step 1848: answers scored 7, mean expected reward 9.094, kl coef 0.0000, update 2.86 s, wall 1791152113.4
exact step 1849: answers scored 8, mean expected reward 10.042, kl coef 0.0000, update 2.87 s, wall 1791152116.9
exact step 1850: answers scored 8, mean expected reward 9.170, kl coef 0.0000, update 2.83 s, wall 1791152120.5
exact step 1851: answers scored 8, mean expected reward 9.081, kl coef 0.0000, update 2.98 s, wall 1791152124.9
exact step 1852: answers scored 8, mean expected reward 9.618, kl coef 0.0000, update 2.81 s, wall 1791152128.4
exact step 1853: answers scored 8, mean expected reward 9.664, kl coef 0.0000, update 2.80 s, wall 1791152131.7
exact step 1854: answers scored 7, mean expected reward 9.014, kl coef 0.0000, update 2.79 s, wall 1791152135.4
exact step 1855: answers scored 8, mean expected reward 9.882, kl coef 0.0000, update 2.86 s, wall 1791152139.1
exact step 1856: answers scored 8, mean expected reward 9.958, kl coef 0.0000, update 2.86 s, wall 1791152143.4
exact step 1857: answers scored 8, mean expected reward 10.076, kl coef 0.0000, update 2.86 s, wall 1791152146.9
exact step 1858: answers scored 8, mean expected reward 9.195, kl coef 0.0000, update 2.85 s, wall 1791152151.0
exact step 1859: answers scored 7, mean expected reward 10.139, kl coef 0.0000, update 2.82 s, wall 1791152154.3
exact step 1860: answers scored 8, mean expected reward 8.905, kl coef 0.0000, update 2.86 s, wall 1791152158.4
exact step 1861: answers scored 8, mean expected reward 9.227, kl coef 0.0000, update 2.88 s, wall 1791152162.6
exact step 1862: answers scored 8, mean expected reward 9.645, kl coef 0.0000, update 2.87 s, wall 1791152166.3
exact step 1863: answers scored 8, mean expected reward 9.976, kl coef 0.0000, update 2.84 s, wall 1791152170.0
exact step 1864: answers scored 8, mean expected reward 10.452, kl coef 0.0000, update 2.85 s, wall 1791152173.4
exact step 1865: answers scored 8, mean expected reward 9.886, kl coef 0.0000, update 2.92 s, wall 1791152177.0
exact step 1866: answers scored 8, mean expected reward 9.175, kl coef 0.0000, update 2.84 s, wall 1791152180.5
exact step 1867: answers scored 6, mean expected reward 9.015, kl coef 0.0000, update 2.83 s, wall 1791152186.2
exact step 1868: answers scored 8, mean expected reward 9.680, kl coef 0.0000, update 2.87 s, wall 1791152190.3
exact step 1869: answers scored 8, mean expected reward 10.702, kl coef 0.0000, update 2.88 s, wall 1791152194.5
exact step 1870: answers scored 8, mean expected reward 9.400, kl coef 0.0000, update 2.87 s, wall 1791152198.1
exact step 1871: answers scored 8, mean expected reward 9.321, kl coef 0.0000, update 2.85 s, wall 1791152201.5
exact step 1872: answers scored 8, mean expected reward 10.411, kl coef 0.0000, update 2.86 s, wall 1791152205.1
exact step 1873: answers scored 8, mean expected reward 8.525, kl coef 0.0000, update 2.93 s, wall 1791152208.9
exact step 1874: answers scored 8, mean expected reward 9.907, kl coef 0.0000, update 2.86 s, wall 1791152212.5
exact step 1875: answers scored 7, mean expected reward 9.839, kl coef 0.0000, update 2.83 s, wall 1791152215.9
exact step 1876: answers scored 8, mean expected reward 9.862, kl coef 0.0000, update 2.83 s, wall 1791152219.3
exact step 1877: answers scored 8, mean expected reward 9.559, kl coef 0.0000, update 2.86 s, wall 1791152224.9
exact step 1878: answers scored 8, mean expected reward 9.048, kl coef 0.0000, update 2.84 s, wall 1791152228.4
exact step 1879: answers scored 8, mean expected reward 9.340, kl coef 0.0000, update 2.85 s, wall 1791152232.5
exact step 1880: answers scored 8, mean expected reward 9.286, kl coef 0.0000, update 2.84 s, wall 1791152235.9
exact step 1881: answers scored 8, mean expected reward 9.018, kl coef 0.0000, update 2.84 s, wall 1791152240.6
exact step 1882: answers scored 8, mean expected reward 9.259, kl coef 0.0000, update 2.87 s, wall 1791152244.2
exact step 1883: answers scored 8, mean expected reward 9.203, kl coef 0.0000, update 2.91 s, wall 1791152248.4
exact step 1884: answers scored 8, mean expected reward 9.642, kl coef 0.0000, update 2.86 s, wall 1791152251.9
exact step 1885: answers scored 8, mean expected reward 9.606, kl coef 0.0000, update 2.87 s, wall 1791152256.1
exact step 1886: answers scored 7, mean expected reward 9.899, kl coef 0.0000, update 3.06 s, wall 1791152261.1
exact step 1887: answers scored 8, mean expected reward 9.877, kl coef 0.0000, update 2.85 s, wall 1791152264.5
exact step 1888: answers scored 8, mean expected reward 9.496, kl coef 0.0000, update 2.86 s, wall 1791152268.3
exact step 1889: answers scored 8, mean expected reward 10.309, kl coef 0.0000, update 2.85 s, wall 1791152271.8
exact step 1890: answers scored 7, mean expected reward 10.020, kl coef 0.0000, update 2.84 s, wall 1791152276.6
exact step 1891: answers scored 8, mean expected reward 9.757, kl coef 0.0000, update 3.11 s, wall 1791152281.2
exact step 1892: answers scored 8, mean expected reward 9.565, kl coef 0.0000, update 2.85 s, wall 1791152285.5
exact step 1893: answers scored 8, mean expected reward 9.482, kl coef 0.0000, update 2.92 s, wall 1791152288.9
exact step 1894: answers scored 8, mean expected reward 9.267, kl coef 0.0000, update 2.90 s, wall 1791152292.5
exact step 1895: answers scored 8, mean expected reward 9.790, kl coef 0.0000, update 2.84 s, wall 1791152295.9
exact step 1896: answers scored 7, mean expected reward 8.778, kl coef 0.0000, update 2.84 s, wall 1791152300.2
exact step 1897: answers scored 8, mean expected reward 8.868, kl coef 0.0000, update 2.87 s, wall 1791152303.6
exact step 1898: answers scored 8, mean expected reward 9.356, kl coef 0.0000, update 2.88 s, wall 1791152308.7
exact step 1899: answers scored 8, mean expected reward 9.831, kl coef 0.0000, update 2.84 s, wall 1791152312.3
exact step 1900: answers scored 7, mean expected reward 10.321, kl coef 0.0000, update 3.28 s, wall 1791152316.2
exact step 1901: answers scored 8, mean expected reward 8.825, kl coef 0.0000, update 2.97 s, wall 1791152321.0
exact step 1902: answers scored 8, mean expected reward 9.300, kl coef 0.0000, update 3.07 s, wall 1791152324.7
exact step 1903: answers scored 7, mean expected reward 10.100, kl coef 0.0000, update 2.85 s, wall 1791152329.2
exact step 1904: answers scored 8, mean expected reward 10.003, kl coef 0.0000, update 2.93 s, wall 1791152332.7
exact step 1905: answers scored 7, mean expected reward 9.854, kl coef 0.0000, update 2.88 s, wall 1791152337.5
exact step 1906: answers scored 8, mean expected reward 9.818, kl coef 0.0000, update 2.87 s, wall 1791152341.1
exact step 1907: answers scored 8, mean expected reward 10.004, kl coef 0.0000, update 3.10 s, wall 1791152344.8
exact step 1908: answers scored 8, mean expected reward 9.044, kl coef 0.0000, update 2.89 s, wall 1791152348.3
exact step 1909: answers scored 8, mean expected reward 9.117, kl coef 0.0000, update 2.88 s, wall 1791152351.8
exact step 1910: answers scored 8, mean expected reward 9.944, kl coef 0.0000, update 2.91 s, wall 1791152355.7
exact step 1911: answers scored 8, mean expected reward 9.580, kl coef 0.0000, update 2.87 s, wall 1791152359.4
exact step 1912: answers scored 8, mean expected reward 9.605, kl coef 0.0000, update 2.85 s, wall 1791152362.9
exact step 1913: answers scored 7, mean expected reward 10.173, kl coef 0.0000, update 2.83 s, wall 1791152368.8
exact step 1914: answers scored 8, mean expected reward 9.271, kl coef 0.0000, update 2.87 s, wall 1791152372.9
exact step 1915: answers scored 8, mean expected reward 9.327, kl coef 0.0000, update 2.86 s, wall 1791152376.7
exact step 1916: answers scored 8, mean expected reward 10.639, kl coef 0.0000, update 2.87 s, wall 1791152380.1
exact step 1917: answers scored 7, mean expected reward 9.627, kl coef 0.0000, update 2.83 s, wall 1791152385.8
exact step 1918: answers scored 8, mean expected reward 9.595, kl coef 0.0000, update 2.84 s, wall 1791152390.0
exact step 1919: answers scored 8, mean expected reward 9.754, kl coef 0.0000, update 3.08 s, wall 1791152394.2
exact step 1920: answers scored 8, mean expected reward 10.402, kl coef 0.0000, update 3.49 s, wall 1791152398.5
exact step 1921: answers scored 8, mean expected reward 9.357, kl coef 0.0000, update 3.40 s, wall 1791152404.4
exact step 1922: answers scored 8, mean expected reward 8.879, kl coef 0.0000, update 3.23 s, wall 1791152408.4
exact step 1923: answers scored 8, mean expected reward 9.714, kl coef 0.0000, update 2.88 s, wall 1791152412.4
exact step 1924: answers scored 8, mean expected reward 10.469, kl coef 0.0000, update 2.88 s, wall 1791152416.1
exact step 1925: answers scored 8, mean expected reward 10.385, kl coef 0.0000, update 2.90 s, wall 1791152419.5
exact step 1926: answers scored 8, mean expected reward 10.650, kl coef 0.0000, update 2.90 s, wall 1791152423.4
exact step 1927: answers scored 8, mean expected reward 9.684, kl coef 0.0000, update 2.93 s, wall 1791152428.0
exact step 1928: answers scored 8, mean expected reward 9.946, kl coef 0.0000, update 2.86 s, wall 1791152431.4
exact step 1929: answers scored 8, mean expected reward 8.619, kl coef 0.0000, update 2.93 s, wall 1791152435.1
exact step 1930: answers scored 8, mean expected reward 9.184, kl coef 0.0000, update 2.91 s, wall 1791152440.0
exact step 1931: answers scored 8, mean expected reward 10.229, kl coef 0.0000, update 2.86 s, wall 1791152445.9
exact step 1932: answers scored 8, mean expected reward 10.475, kl coef 0.0000, update 2.87 s, wall 1791152449.4
exact step 1933: answers scored 7, mean expected reward 9.685, kl coef 0.0000, update 2.83 s, wall 1791152453.9
exact step 1934: answers scored 8, mean expected reward 9.068, kl coef 0.0000, update 2.88 s, wall 1791152457.4
exact step 1935: answers scored 8, mean expected reward 9.604, kl coef 0.0000, update 3.09 s, wall 1791152461.2
exact step 1936: answers scored 8, mean expected reward 9.112, kl coef 0.0000, update 2.91 s, wall 1791152465.7
exact step 1937: answers scored 8, mean expected reward 8.843, kl coef 0.0000, update 2.90 s, wall 1791152469.2
exact step 1938: answers scored 8, mean expected reward 10.079, kl coef 0.0000, update 2.93 s, wall 1791152472.7
exact step 1939: answers scored 8, mean expected reward 9.409, kl coef 0.0000, update 2.94 s, wall 1791152478.4
exact step 1940: answers scored 7, mean expected reward 9.730, kl coef 0.0000, update 2.84 s, wall 1791152483.8
exact step 1941: answers scored 8, mean expected reward 10.150, kl coef 0.0000, update 2.87 s, wall 1791152487.5
exact step 1942: answers scored 8, mean expected reward 9.174, kl coef 0.0000, update 2.91 s, wall 1791152491.4
exact step 1943: answers scored 7, mean expected reward 9.743, kl coef 0.0000, update 2.87 s, wall 1791152496.9
exact step 1944: answers scored 8, mean expected reward 10.400, kl coef 0.0000, update 2.90 s, wall 1791152500.6
exact step 1945: answers scored 8, mean expected reward 10.148, kl coef 0.0000, update 2.84 s, wall 1791152505.0
exact step 1946: answers scored 8, mean expected reward 9.845, kl coef 0.0000, update 2.92 s, wall 1791152514.7
exact step 1947: answers scored 8, mean expected reward 9.798, kl coef 0.0000, update 2.89 s, wall 1791152518.4
exact step 1948: answers scored 8, mean expected reward 9.472, kl coef 0.0000, update 2.87 s, wall 1791152522.0
exact step 1949: answers scored 8, mean expected reward 10.010, kl coef 0.0000, update 2.90 s, wall 1791152525.4
exact step 1950: answers scored 8, mean expected reward 10.637, kl coef 0.0000, update 2.93 s, wall 1791152530.4
exact step 1951: answers scored 8, mean expected reward 9.167, kl coef 0.0000, update 2.86 s, wall 1791152533.9
exact step 1952: answers scored 8, mean expected reward 9.115, kl coef 0.0000, update 2.90 s, wall 1791152538.2
exact step 1953: answers scored 8, mean expected reward 9.388, kl coef 0.0000, update 2.90 s, wall 1791152541.8
exact step 1954: answers scored 7, mean expected reward 8.632, kl coef 0.0000, update 2.94 s, wall 1791152548.6
exact step 1955: answers scored 8, mean expected reward 10.182, kl coef 0.0000, update 2.86 s, wall 1791152552.4
exact step 1956: answers scored 8, mean expected reward 9.180, kl coef 0.0000, update 2.86 s, wall 1791152556.5
exact step 1957: answers scored 8, mean expected reward 8.271, kl coef 0.0000, update 3.00 s, wall 1791152560.2
exact step 1958: answers scored 7, mean expected reward 9.764, kl coef 0.0000, update 2.87 s, wall 1791152568.1
exact step 1959: answers scored 8, mean expected reward 9.822, kl coef 0.0000, update 2.88 s, wall 1791152571.5
exact step 1960: answers scored 8, mean expected reward 9.359, kl coef 0.0000, update 2.80 s, wall 1791152575.4
exact step 1961: answers scored 8, mean expected reward 10.140, kl coef 0.0000, update 2.87 s, wall 1791152578.9
exact step 1962: answers scored 8, mean expected reward 10.195, kl coef 0.0000, update 2.89 s, wall 1791152582.9
exact step 1963: answers scored 8, mean expected reward 9.551, kl coef 0.0000, update 2.89 s, wall 1791152586.4
exact step 1964: answers scored 8, mean expected reward 9.761, kl coef 0.0000, update 2.93 s, wall 1791152590.1
exact step 1965: answers scored 8, mean expected reward 9.372, kl coef 0.0000, update 2.92 s, wall 1791152593.7
exact step 1966: answers scored 8, mean expected reward 10.161, kl coef 0.0000, update 2.88 s, wall 1791152598.2
exact step 1967: answers scored 8, mean expected reward 9.551, kl coef 0.0000, update 2.86 s, wall 1791152602.0
exact step 1968: answers scored 8, mean expected reward 9.910, kl coef 0.0000, update 2.90 s, wall 1791152605.8
exact step 1969: answers scored 8, mean expected reward 10.146, kl coef 0.0000, update 2.92 s, wall 1791152609.4
exact step 1970: answers scored 8, mean expected reward 8.963, kl coef 0.0000, update 2.93 s, wall 1791152613.3
exact step 1971: answers scored 8, mean expected reward 9.333, kl coef 0.0000, update 2.87 s, wall 1791152617.5
exact step 1972: answers scored 8, mean expected reward 9.107, kl coef 0.0000, update 2.88 s, wall 1791152621.2
exact step 1973: answers scored 8, mean expected reward 10.049, kl coef 0.0000, update 2.90 s, wall 1791152624.7
exact step 1974: answers scored 8, mean expected reward 9.105, kl coef 0.0000, update 3.10 s, wall 1791152628.4
exact step 1975: answers scored 8, mean expected reward 9.340, kl coef 0.0000, update 2.87 s, wall 1791152631.8
exact step 1976: answers scored 8, mean expected reward 9.252, kl coef 0.0000, update 2.91 s, wall 1791152636.8
exact step 1977: answers scored 8, mean expected reward 10.274, kl coef 0.0000, update 2.88 s, wall 1791152640.7
exact step 1978: answers scored 8, mean expected reward 10.316, kl coef 0.0000, update 2.88 s, wall 1791152644.1
exact step 1979: answers scored 8, mean expected reward 9.734, kl coef 0.0000, update 2.88 s, wall 1791152648.1
exact step 1980: answers scored 8, mean expected reward 9.622, kl coef 0.0000, update 2.89 s, wall 1791152651.6
exact step 1981: answers scored 8, mean expected reward 9.141, kl coef 0.0000, update 2.85 s, wall 1791152655.0
exact step 1982: answers scored 8, mean expected reward 9.140, kl coef 0.0000, update 2.81 s, wall 1791152658.4
exact step 1983: answers scored 8, mean expected reward 9.109, kl coef 0.0000, update 2.88 s, wall 1791152667.7
exact step 1984: answers scored 8, mean expected reward 10.120, kl coef 0.0000, update 2.85 s, wall 1791152672.8
exact step 1985: answers scored 8, mean expected reward 9.963, kl coef 0.0000, update 2.86 s, wall 1791152680.9
exact step 1986: answers scored 8, mean expected reward 10.046, kl coef 0.0000, update 2.85 s, wall 1791152685.1
exact step 1987: answers scored 8, mean expected reward 10.234, kl coef 0.0000, update 2.88 s, wall 1791152688.5
exact step 1988: answers scored 8, mean expected reward 9.360, kl coef 0.0000, update 2.85 s, wall 1791152692.1
exact step 1989: answers scored 8, mean expected reward 10.640, kl coef 0.0000, update 2.99 s, wall 1791152695.7
exact step 1990: answers scored 8, mean expected reward 9.239, kl coef 0.0000, update 2.86 s, wall 1791152699.8
exact step 1991: answers scored 8, mean expected reward 9.690, kl coef 0.0000, update 2.88 s, wall 1791152703.4
exact step 1992: answers scored 8, mean expected reward 9.377, kl coef 0.0000, update 2.92 s, wall 1791152706.9
exact step 1993: answers scored 8, mean expected reward 9.823, kl coef 0.0000, update 2.90 s, wall 1791152710.7
exact step 1994: answers scored 8, mean expected reward 9.370, kl coef 0.0000, update 2.87 s, wall 1791152714.2
exact step 1995: answers scored 8, mean expected reward 9.899, kl coef 0.0000, update 2.88 s, wall 1791152717.7
exact step 1996: answers scored 8, mean expected reward 10.767, kl coef 0.0000, update 2.84 s, wall 1791152721.0
exact step 1997: answers scored 8, mean expected reward 10.286, kl coef 0.0000, update 2.85 s, wall 1791152724.6
exact step 1998: answers scored 8, mean expected reward 9.094, kl coef 0.0000, update 2.89 s, wall 1791152728.2
checkpoint at step 2000 (1.2 s)
exact step 1999: answers scored 8, mean expected reward 9.183, kl coef 0.0000, update 5.74 s, wall 1791152734.8
exact step 2000: answers scored 8, mean expected reward 9.861, kl coef 0.0000, update 3.00 s, wall 1791152740.2
exact step 2001: answers scored 8, mean expected reward 10.280, kl coef 0.0000, update 2.83 s, wall 1791152743.9
exact step 2002: answers scored 8, mean expected reward 9.748, kl coef 0.0000, update 2.82 s, wall 1791152747.3
exact step 2003: answers scored 8, mean expected reward 9.670, kl coef 0.0000, update 2.86 s, wall 1791152751.3
exact step 2004: answers scored 8, mean expected reward 9.587, kl coef 0.0000, update 2.84 s, wall 1791152754.7
exact step 2005: answers scored 8, mean expected reward 9.489, kl coef 0.0000, update 2.85 s, wall 1791152758.2
exact step 2006: answers scored 8, mean expected reward 8.656, kl coef 0.0000, update 2.96 s, wall 1791152763.3
exact step 2007: answers scored 8, mean expected reward 10.028, kl coef 0.0000, update 2.88 s, wall 1791152766.9
exact step 2008: answers scored 8, mean expected reward 10.628, kl coef 0.0000, update 2.87 s, wall 1791152771.1
exact step 2009: answers scored 8, mean expected reward 9.775, kl coef 0.0000, update 2.82 s, wall 1791152775.5
exact step 2010: answers scored 7, mean expected reward 10.328, kl coef 0.0000, update 2.82 s, wall 1791152780.6
exact step 2011: answers scored 8, mean expected reward 9.329, kl coef 0.0000, update 2.92 s, wall 1791152785.9
exact step 2012: answers scored 8, mean expected reward 9.708, kl coef 0.0000, update 2.91 s, wall 1791152794.2
exact step 2013: answers scored 8, mean expected reward 10.031, kl coef 0.0000, update 2.93 s, wall 1791152801.9
exact step 2014: answers scored 8, mean expected reward 10.056, kl coef 0.0000, update 2.91 s, wall 1791152806.1
exact step 2015: answers scored 7, mean expected reward 10.941, kl coef 0.0000, update 2.91 s, wall 1791152811.9
exact step 2016: answers scored 8, mean expected reward 9.777, kl coef 0.0000, update 2.87 s, wall 1791152816.5
exact step 2017: answers scored 8, mean expected reward 10.451, kl coef 0.0000, update 2.84 s, wall 1791152820.0
exact step 2018: answers scored 8, mean expected reward 10.349, kl coef 0.0000, update 2.88 s, wall 1791152823.8
exact step 2019: answers scored 8, mean expected reward 10.051, kl coef 0.0000, update 2.86 s, wall 1791152827.4
exact step 2020: answers scored 8, mean expected reward 9.138, kl coef 0.0000, update 3.10 s, wall 1791152831.1
exact step 2021: answers scored 8, mean expected reward 10.186, kl coef 0.0000, update 2.87 s, wall 1791152834.7
exact step 2022: answers scored 8, mean expected reward 9.774, kl coef 0.0000, update 2.85 s, wall 1791152838.4
exact step 2023: answers scored 7, mean expected reward 8.941, kl coef 0.0000, update 2.85 s, wall 1791152844.4
exact step 2024: answers scored 8, mean expected reward 10.181, kl coef 0.0000, update 2.89 s, wall 1791152847.9
exact step 2025: answers scored 8, mean expected reward 10.116, kl coef 0.0000, update 2.88 s, wall 1791152851.3
exact step 2026: answers scored 8, mean expected reward 9.238, kl coef 0.0000, update 2.89 s, wall 1791152855.0
exact step 2027: answers scored 8, mean expected reward 10.137, kl coef 0.0000, update 2.88 s, wall 1791152858.6
exact step 2028: answers scored 8, mean expected reward 10.158, kl coef 0.0000, update 2.86 s, wall 1791152862.4
exact step 2029: answers scored 8, mean expected reward 9.696, kl coef 0.0000, update 3.07 s, wall 1791152866.0
exact step 2030: answers scored 8, mean expected reward 9.827, kl coef 0.0000, update 2.82 s, wall 1791152870.5
exact step 2031: answers scored 8, mean expected reward 10.169, kl coef 0.0000, update 2.86 s, wall 1791152874.1
exact step 2032: answers scored 8, mean expected reward 9.637, kl coef 0.0000, update 2.80 s, wall 1791152877.6
exact step 2033: answers scored 8, mean expected reward 9.387, kl coef 0.0000, update 2.89 s, wall 1791152881.2
exact step 2034: answers scored 7, mean expected reward 8.353, kl coef 0.0000, update 2.86 s, wall 1791152885.5
exact step 2035: answers scored 8, mean expected reward 9.907, kl coef 0.0000, update 2.92 s, wall 1791152889.5
exact step 2036: answers scored 8, mean expected reward 9.685, kl coef 0.0000, update 2.85 s, wall 1791152892.9
exact step 2037: answers scored 7, mean expected reward 9.672, kl coef 0.0000, update 2.84 s, wall 1791152897.2
exact step 2038: answers scored 8, mean expected reward 10.217, kl coef 0.0000, update 2.85 s, wall 1791152901.6
exact step 2039: answers scored 8, mean expected reward 9.157, kl coef 0.0000, update 2.86 s, wall 1791152905.2
exact step 2040: answers scored 7, mean expected reward 9.454, kl coef 0.0000, update 2.87 s, wall 1791152908.7
exact step 2041: answers scored 8, mean expected reward 9.827, kl coef 0.0000, update 2.86 s, wall 1791152913.4
exact step 2042: answers scored 8, mean expected reward 9.447, kl coef 0.0000, update 2.91 s, wall 1791152916.9
exact step 2043: answers scored 8, mean expected reward 10.066, kl coef 0.0000, update 2.92 s, wall 1791152920.5
exact step 2044: answers scored 7, mean expected reward 10.413, kl coef 0.0000, update 2.89 s, wall 1791152927.0
exact step 2045: answers scored 8, mean expected reward 9.005, kl coef 0.0000, update 2.89 s, wall 1791152930.8
exact step 2046: answers scored 8, mean expected reward 10.464, kl coef 0.0000, update 3.08 s, wall 1791152934.4
exact step 2047: answers scored 8, mean expected reward 10.085, kl coef 0.0000, update 2.90 s, wall 1791152938.0
exact step 2048: answers scored 8, mean expected reward 9.872, kl coef 0.0000, update 2.88 s, wall 1791152942.5
exact step 2049: answers scored 7, mean expected reward 9.108, kl coef 0.0000, update 2.86 s, wall 1791152946.6
exact step 2050: answers scored 8, mean expected reward 9.851, kl coef 0.0000, update 2.87 s, wall 1791152950.1
exact step 2051: answers scored 8, mean expected reward 9.972, kl coef 0.0000, update 2.88 s, wall 1791152955.8
exact step 2052: answers scored 8, mean expected reward 8.613, kl coef 0.0000, update 2.84 s, wall 1791152959.2
exact step 2053: answers scored 8, mean expected reward 9.597, kl coef 0.0000, update 2.86 s, wall 1791152962.7
exact step 2054: answers scored 8, mean expected reward 9.873, kl coef 0.0000, update 3.07 s, wall 1791152968.2
exact step 2055: answers scored 8, mean expected reward 9.692, kl coef 0.0000, update 2.91 s, wall 1791152973.5
exact step 2056: answers scored 8, mean expected reward 10.260, kl coef 0.0000, update 2.92 s, wall 1791152978.6
exact step 2057: answers scored 8, mean expected reward 9.728, kl coef 0.0000, update 2.85 s, wall 1791152984.3
exact step 2058: answers scored 8, mean expected reward 9.858, kl coef 0.0000, update 2.84 s, wall 1791152990.5
exact step 2059: answers scored 8, mean expected reward 9.951, kl coef 0.0000, update 2.85 s, wall 1791152993.9
exact step 2060: answers scored 8, mean expected reward 9.605, kl coef 0.0000, update 2.84 s, wall 1791152997.5
exact step 2061: answers scored 8, mean expected reward 9.699, kl coef 0.0000, update 3.09 s, wall 1791153001.8
exact step 2062: answers scored 8, mean expected reward 9.944, kl coef 0.0000, update 2.92 s, wall 1791153005.6
exact step 2063: answers scored 7, mean expected reward 9.671, kl coef 0.0000, update 2.85 s, wall 1791153012.2
exact step 2064: answers scored 8, mean expected reward 10.098, kl coef 0.0000, update 2.84 s, wall 1791153015.7
exact step 2065: answers scored 8, mean expected reward 9.289, kl coef 0.0000, update 2.87 s, wall 1791153019.1
exact step 2066: answers scored 8, mean expected reward 10.176, kl coef 0.0000, update 2.87 s, wall 1791153022.8
exact step 2067: answers scored 8, mean expected reward 9.792, kl coef 0.0000, update 2.92 s, wall 1791153028.5
exact step 2068: answers scored 8, mean expected reward 10.213, kl coef 0.0000, update 2.87 s, wall 1791153032.0
exact step 2069: answers scored 7, mean expected reward 9.904, kl coef 0.0000, update 2.90 s, wall 1791153040.0
exact step 2070: answers scored 8, mean expected reward 9.367, kl coef 0.0000, update 2.86 s, wall 1791153043.3
exact step 2071: answers scored 7, mean expected reward 9.910, kl coef 0.0000, update 2.90 s, wall 1791153048.6
exact step 2072: answers scored 8, mean expected reward 9.643, kl coef 0.0000, update 2.88 s, wall 1791153052.0
exact step 2073: answers scored 8, mean expected reward 9.198, kl coef 0.0000, update 2.91 s, wall 1791153056.0
exact step 2074: answers scored 8, mean expected reward 10.020, kl coef 0.0000, update 2.92 s, wall 1791153059.6
exact step 2075: answers scored 7, mean expected reward 11.211, kl coef 0.0000, update 3.12 s, wall 1791153067.9
exact step 2076: answers scored 7, mean expected reward 9.914, kl coef 0.0000, update 2.84 s, wall 1791153072.6
exact step 2077: answers scored 8, mean expected reward 9.710, kl coef 0.0000, update 2.80 s, wall 1791153076.2
exact step 2078: answers scored 8, mean expected reward 10.685, kl coef 0.0000, update 2.81 s, wall 1791153079.6
exact step 2079: answers scored 8, mean expected reward 9.616, kl coef 0.0000, update 2.82 s, wall 1791153084.8
exact step 2080: answers scored 8, mean expected reward 10.253, kl coef 0.0000, update 2.80 s, wall 1791153088.3
exact step 2081: answers scored 8, mean expected reward 9.797, kl coef 0.0000, update 2.81 s, wall 1791153091.6
exact step 2082: answers scored 7, mean expected reward 9.463, kl coef 0.0000, update 2.84 s, wall 1791153096.9
exact step 2083: answers scored 8, mean expected reward 9.853, kl coef 0.0000, update 3.03 s, wall 1791153101.3
exact step 2084: answers scored 7, mean expected reward 10.349, kl coef 0.0000, update 2.82 s, wall 1791153111.0
exact step 2085: answers scored 8, mean expected reward 9.241, kl coef 0.0000, update 2.83 s, wall 1791153114.8
exact step 2086: answers scored 8, mean expected reward 10.197, kl coef 0.0000, update 2.85 s, wall 1791153118.4
exact step 2087: answers scored 8, mean expected reward 10.256, kl coef 0.0000, update 2.89 s, wall 1791153124.8
exact step 2088: answers scored 8, mean expected reward 10.319, kl coef 0.0000, update 2.89 s, wall 1791153132.9
exact step 2089: answers scored 8, mean expected reward 8.836, kl coef 0.0000, update 3.06 s, wall 1791153136.6
exact step 2090: answers scored 8, mean expected reward 9.233, kl coef 0.0000, update 2.87 s, wall 1791153140.3
exact step 2091: answers scored 8, mean expected reward 10.054, kl coef 0.0000, update 2.87 s, wall 1791153143.7
exact step 2092: answers scored 8, mean expected reward 9.778, kl coef 0.0000, update 2.85 s, wall 1791153147.7
exact step 2093: answers scored 8, mean expected reward 9.318, kl coef 0.0000, update 2.87 s, wall 1791153151.2
exact step 2094: answers scored 8, mean expected reward 9.259, kl coef 0.0000, update 3.10 s, wall 1791153154.9
exact step 2095: answers scored 8, mean expected reward 10.027, kl coef 0.0000, update 2.87 s, wall 1791153159.1
exact step 2096: answers scored 7, mean expected reward 9.776, kl coef 0.0000, update 2.86 s, wall 1791153165.5
exact step 2097: answers scored 8, mean expected reward 8.913, kl coef 0.0000, update 3.12 s, wall 1791153169.2
exact step 2098: answers scored 8, mean expected reward 8.875, kl coef 0.0000, update 2.86 s, wall 1791153172.9
exact step 2099: answers scored 8, mean expected reward 10.237, kl coef 0.0000, update 2.87 s, wall 1791153176.5
exact step 2100: answers scored 8, mean expected reward 10.025, kl coef 0.0000, update 2.83 s, wall 1791153181.7
exact step 2101: answers scored 8, mean expected reward 9.529, kl coef 0.0000, update 2.83 s, wall 1791153185.1
exact step 2102: answers scored 8, mean expected reward 9.986, kl coef 0.0000, update 2.81 s, wall 1791153188.5
exact step 2103: answers scored 8, mean expected reward 9.032, kl coef 0.0000, update 2.81 s, wall 1791153191.9
exact step 2104: answers scored 8, mean expected reward 9.361, kl coef 0.0000, update 2.81 s, wall 1791153195.3
exact step 2105: answers scored 8, mean expected reward 9.407, kl coef 0.0000, update 2.83 s, wall 1791153199.0
exact step 2106: answers scored 8, mean expected reward 10.181, kl coef 0.0000, update 3.04 s, wall 1791153203.0
exact step 2107: answers scored 8, mean expected reward 10.340, kl coef 0.0000, update 2.83 s, wall 1791153208.5
exact step 2108: answers scored 8, mean expected reward 8.853, kl coef 0.0000, update 2.84 s, wall 1791153216.3
exact step 2109: answers scored 8, mean expected reward 9.518, kl coef 0.0000, update 2.85 s, wall 1791153219.8
exact step 2110: answers scored 8, mean expected reward 10.114, kl coef 0.0000, update 2.84 s, wall 1791153227.7
exact step 2111: answers scored 8, mean expected reward 10.150, kl coef 0.0000, update 2.84 s, wall 1791153231.6
exact step 2112: answers scored 7, mean expected reward 9.784, kl coef 0.0000, update 2.84 s, wall 1791153235.8
exact step 2113: answers scored 8, mean expected reward 10.202, kl coef 0.0000, update 2.85 s, wall 1791153239.4
exact step 2114: answers scored 8, mean expected reward 9.164, kl coef 0.0000, update 2.82 s, wall 1791153243.5
exact step 2115: answers scored 8, mean expected reward 9.149, kl coef 0.0000, update 2.82 s, wall 1791153247.1
exact step 2116: answers scored 7, mean expected reward 9.938, kl coef 0.0000, update 2.78 s, wall 1791153251.9
exact step 2117: answers scored 8, mean expected reward 10.024, kl coef 0.0000, update 2.85 s, wall 1791153255.5
exact step 2118: answers scored 8, mean expected reward 10.978, kl coef 0.0000, update 2.85 s, wall 1791153258.9
exact step 2119: answers scored 7, mean expected reward 10.417, kl coef 0.0000, update 2.80 s, wall 1791153277.6
exact step 2120: answers scored 8, mean expected reward 9.435, kl coef 0.0000, update 2.80 s, wall 1791153281.2
exact step 2121: answers scored 8, mean expected reward 9.826, kl coef 0.0000, update 2.81 s, wall 1791153285.6
exact step 2122: answers scored 7, mean expected reward 9.756, kl coef 0.0000, update 2.80 s, wall 1791153291.2
exact step 2123: answers scored 8, mean expected reward 9.823, kl coef 0.0000, update 2.82 s, wall 1791153295.5
exact step 2124: answers scored 8, mean expected reward 10.477, kl coef 0.0000, update 2.82 s, wall 1791153298.9
exact step 2125: answers scored 8, mean expected reward 9.237, kl coef 0.0000, update 2.82 s, wall 1791153302.9
exact step 2126: answers scored 8, mean expected reward 10.091, kl coef 0.0000, update 2.92 s, wall 1791153306.5
exact step 2127: answers scored 8, mean expected reward 9.846, kl coef 0.0000, update 2.83 s, wall 1791153310.0
exact step 2128: answers scored 8, mean expected reward 9.488, kl coef 0.0000, update 2.84 s, wall 1791153314.0
exact step 2129: answers scored 8, mean expected reward 10.067, kl coef 0.0000, update 2.80 s, wall 1791153317.7
exact step 2130: answers scored 8, mean expected reward 9.873, kl coef 0.0000, update 2.84 s, wall 1791153321.3
exact step 2131: answers scored 8, mean expected reward 9.830, kl coef 0.0000, update 2.81 s, wall 1791153324.7
exact step 2132: answers scored 8, mean expected reward 10.423, kl coef 0.0000, update 2.82 s, wall 1791153329.3
exact step 2133: answers scored 8, mean expected reward 9.814, kl coef 0.0000, update 2.85 s, wall 1791153332.8
exact step 2134: answers scored 7, mean expected reward 9.715, kl coef 0.0000, update 2.96 s, wall 1791153337.7
exact step 2135: answers scored 8, mean expected reward 9.557, kl coef 0.0000, update 2.80 s, wall 1791153341.2
exact step 2136: answers scored 8, mean expected reward 8.714, kl coef 0.0000, update 2.81 s, wall 1791153344.5
exact step 2137: answers scored 8, mean expected reward 9.417, kl coef 0.0000, update 2.86 s, wall 1791153348.2
exact step 2138: answers scored 8, mean expected reward 9.571, kl coef 0.0000, update 2.85 s, wall 1791153351.7
exact step 2139: answers scored 8, mean expected reward 9.993, kl coef 0.0000, update 2.84 s, wall 1791153357.0
exact step 2140: answers scored 8, mean expected reward 9.569, kl coef 0.0000, update 2.83 s, wall 1791153360.4
exact step 2141: answers scored 8, mean expected reward 9.772, kl coef 0.0000, update 2.80 s, wall 1791153363.8
exact step 2142: answers scored 8, mean expected reward 10.461, kl coef 0.0000, update 2.81 s, wall 1791153368.3
exact step 2143: answers scored 8, mean expected reward 10.248, kl coef 0.0000, update 3.05 s, wall 1791153372.3
exact step 2144: answers scored 8, mean expected reward 9.179, kl coef 0.0000, update 2.87 s, wall 1791153375.8
exact step 2145: answers scored 8, mean expected reward 10.021, kl coef 0.0000, update 2.89 s, wall 1791153379.2
exact step 2146: answers scored 8, mean expected reward 10.010, kl coef 0.0000, update 2.86 s, wall 1791153382.7
exact step 2147: answers scored 8, mean expected reward 10.653, kl coef 0.0000, update 2.90 s, wall 1791153388.3
exact step 2148: answers scored 8, mean expected reward 9.816, kl coef 0.0000, update 2.82 s, wall 1791153392.2
exact step 2149: answers scored 7, mean expected reward 10.295, kl coef 0.0000, update 2.82 s, wall 1791153399.2
exact step 2150: answers scored 8, mean expected reward 9.403, kl coef 0.0000, update 2.82 s, wall 1791153402.7
exact step 2151: answers scored 8, mean expected reward 10.244, kl coef 0.0000, update 3.13 s, wall 1791153407.5
exact step 2152: answers scored 8, mean expected reward 9.744, kl coef 0.0000, update 2.85 s, wall 1791153411.5
exact step 2153: answers scored 8, mean expected reward 9.043, kl coef 0.0000, update 2.79 s, wall 1791153414.9
exact step 2154: answers scored 8, mean expected reward 10.325, kl coef 0.0000, update 2.87 s, wall 1791153422.4
exact step 2155: answers scored 8, mean expected reward 10.388, kl coef 0.0000, update 2.84 s, wall 1791153426.1
exact step 2156: answers scored 8, mean expected reward 8.913, kl coef 0.0000, update 2.85 s, wall 1791153431.0
exact step 2157: answers scored 8, mean expected reward 9.368, kl coef 0.0000, update 2.86 s, wall 1791153434.7
exact step 2158: answers scored 8, mean expected reward 10.072, kl coef 0.0000, update 3.14 s, wall 1791153440.0
exact step 2159: answers scored 8, mean expected reward 10.221, kl coef 0.0000, update 2.87 s, wall 1791153443.6
exact step 2160: answers scored 8, mean expected reward 8.882, kl coef 0.0000, update 2.85 s, wall 1791153447.0
exact step 2161: answers scored 8, mean expected reward 10.435, kl coef 0.0000, update 2.90 s, wall 1791153450.5
exact step 2162: answers scored 8, mean expected reward 10.101, kl coef 0.0000, update 2.86 s, wall 1791153455.1
exact step 2163: answers scored 8, mean expected reward 9.898, kl coef 0.0000, update 2.86 s, wall 1791153458.5
exact step 2164: answers scored 8, mean expected reward 9.754, kl coef 0.0000, update 2.82 s, wall 1791153464.2
exact step 2165: answers scored 8, mean expected reward 9.798, kl coef 0.0000, update 2.85 s, wall 1791153469.0
exact step 2166: answers scored 8, mean expected reward 9.893, kl coef 0.0000, update 2.92 s, wall 1791153472.5
exact step 2167: answers scored 8, mean expected reward 9.274, kl coef 0.0000, update 2.84 s, wall 1791153476.2
exact step 2168: answers scored 8, mean expected reward 9.416, kl coef 0.0000, update 2.86 s, wall 1791153479.9
exact step 2169: answers scored 7, mean expected reward 10.057, kl coef 0.0000, update 2.85 s, wall 1791153483.4
exact step 2170: answers scored 8, mean expected reward 8.810, kl coef 0.0000, update 2.81 s, wall 1791153487.4
exact step 2171: answers scored 8, mean expected reward 9.314, kl coef 0.0000, update 2.83 s, wall 1791153490.9
exact step 2172: answers scored 8, mean expected reward 9.458, kl coef 0.0000, update 2.88 s, wall 1791153494.3
exact step 2173: answers scored 8, mean expected reward 9.963, kl coef 0.0000, update 2.90 s, wall 1791153498.9
exact step 2174: answers scored 8, mean expected reward 9.356, kl coef 0.0000, update 2.88 s, wall 1791153502.3
exact step 2175: answers scored 8, mean expected reward 9.711, kl coef 0.0000, update 2.89 s, wall 1791153505.9
exact step 2176: answers scored 8, mean expected reward 9.462, kl coef 0.0000, update 2.95 s, wall 1791153509.5
exact step 2177: answers scored 8, mean expected reward 9.154, kl coef 0.0000, update 2.89 s, wall 1791153513.0
exact step 2178: answers scored 8, mean expected reward 9.577, kl coef 0.0000, update 2.88 s, wall 1791153516.4
exact step 2179: answers scored 8, mean expected reward 9.141, kl coef 0.0000, update 2.89 s, wall 1791153520.1
exact step 2180: answers scored 8, mean expected reward 10.076, kl coef 0.0000, update 2.83 s, wall 1791153524.0
exact step 2181: answers scored 8, mean expected reward 9.078, kl coef 0.0000, update 2.86 s, wall 1791153527.4
exact step 2182: answers scored 8, mean expected reward 8.960, kl coef 0.0000, update 2.88 s, wall 1791153530.9
exact step 2183: answers scored 8, mean expected reward 9.402, kl coef 0.0000, update 2.88 s, wall 1791153534.5
exact step 2184: answers scored 8, mean expected reward 9.283, kl coef 0.0000, update 2.85 s, wall 1791153538.0
exact step 2185: answers scored 8, mean expected reward 9.630, kl coef 0.0000, update 3.09 s, wall 1791153541.7
exact step 2186: answers scored 7, mean expected reward 9.939, kl coef 0.0000, update 2.82 s, wall 1791153548.0
exact step 2187: answers scored 8, mean expected reward 10.129, kl coef 0.0000, update 2.85 s, wall 1791153551.9
exact step 2188: answers scored 8, mean expected reward 9.364, kl coef 0.0000, update 2.81 s, wall 1791153555.3
exact step 2189: answers scored 8, mean expected reward 9.324, kl coef 0.0000, update 2.85 s, wall 1791153558.9
exact step 2190: answers scored 8, mean expected reward 9.966, kl coef 0.0000, update 2.82 s, wall 1791153562.3
exact step 2191: answers scored 8, mean expected reward 9.666, kl coef 0.0000, update 2.88 s, wall 1791153569.8
exact step 2192: answers scored 8, mean expected reward 9.666, kl coef 0.0000, update 3.03 s, wall 1791153574.4
exact step 2193: answers scored 8, mean expected reward 9.924, kl coef 0.0000, update 2.87 s, wall 1791153577.9
exact step 2194: answers scored 8, mean expected reward 9.749, kl coef 0.0000, update 2.92 s, wall 1791153581.4
exact step 2195: answers scored 7, mean expected reward 10.488, kl coef 0.0000, update 2.89 s, wall 1791153585.3
exact step 2196: answers scored 8, mean expected reward 9.402, kl coef 0.0000, update 2.91 s, wall 1791153589.5
exact step 2197: answers scored 8, mean expected reward 9.614, kl coef 0.0000, update 2.88 s, wall 1791153593.0
exact step 2198: answers scored 8, mean expected reward 9.902, kl coef 0.0000, update 2.84 s, wall 1791153596.7
checkpoint at step 2200 (1.7 s)
exact step 2199: answers scored 7, mean expected reward 10.362, kl coef 0.0000, update 4.54 s, wall 1791153602.1
exact step 2200: answers scored 8, mean expected reward 10.100, kl coef 0.0000, update 2.91 s, wall 1791153606.8
exact step 2201: answers scored 7, mean expected reward 10.863, kl coef 0.0000, update 2.90 s, wall 1791153625.7
exact step 2202: answers scored 8, mean expected reward 9.790, kl coef 0.0000, update 2.87 s, wall 1791153629.1
exact step 2203: answers scored 8, mean expected reward 9.088, kl coef 0.0000, update 2.87 s, wall 1791153632.7
exact step 2204: answers scored 8, mean expected reward 10.347, kl coef 0.0000, update 2.83 s, wall 1791153636.2
exact step 2205: answers scored 8, mean expected reward 9.677, kl coef 0.0000, update 2.87 s, wall 1791153640.7
exact step 2206: answers scored 8, mean expected reward 9.276, kl coef 0.0000, update 2.99 s, wall 1791153644.4
exact step 2207: answers scored 8, mean expected reward 9.344, kl coef 0.0000, update 2.81 s, wall 1791153649.0
exact step 2208: answers scored 8, mean expected reward 9.662, kl coef 0.0000, update 2.82 s, wall 1791153653.2
exact step 2209: answers scored 8, mean expected reward 9.622, kl coef 0.0000, update 2.81 s, wall 1791153657.0
exact step 2210: answers scored 8, mean expected reward 9.153, kl coef 0.0000, update 2.79 s, wall 1791153660.3
exact step 2211: answers scored 8, mean expected reward 9.332, kl coef 0.0000, update 2.80 s, wall 1791153663.8
exact step 2212: answers scored 8, mean expected reward 9.243, kl coef 0.0000, update 2.80 s, wall 1791153667.2
exact step 2213: answers scored 8, mean expected reward 9.770, kl coef 0.0000, update 2.82 s, wall 1791153670.6
exact step 2214: answers scored 8, mean expected reward 9.488, kl coef 0.0000, update 2.86 s, wall 1791153674.5
exact step 2215: answers scored 8, mean expected reward 9.547, kl coef 0.0000, update 2.99 s, wall 1791153678.2
exact step 2216: answers scored 8, mean expected reward 9.836, kl coef 0.0000, update 2.84 s, wall 1791153682.7
exact step 2217: answers scored 8, mean expected reward 9.665, kl coef 0.0000, update 2.86 s, wall 1791153686.5
exact step 2218: answers scored 8, mean expected reward 9.823, kl coef 0.0000, update 2.83 s, wall 1791153690.0
exact step 2219: answers scored 7, mean expected reward 9.726, kl coef 0.0000, update 2.80 s, wall 1791153694.8
exact step 2220: answers scored 8, mean expected reward 9.515, kl coef 0.0000, update 2.81 s, wall 1791153698.3
exact step 2221: answers scored 8, mean expected reward 10.170, kl coef 0.0000, update 2.93 s, wall 1791153701.8
exact step 2222: answers scored 8, mean expected reward 9.714, kl coef 0.0000, update 2.86 s, wall 1791153705.8
exact step 2223: answers scored 8, mean expected reward 9.645, kl coef 0.0000, update 3.04 s, wall 1791153710.9
exact step 2224: answers scored 8, mean expected reward 10.350, kl coef 0.0000, update 2.82 s, wall 1791153714.4
exact step 2225: answers scored 8, mean expected reward 10.404, kl coef 0.0000, update 2.82 s, wall 1791153717.9
exact step 2226: answers scored 8, mean expected reward 9.675, kl coef 0.0000, update 2.83 s, wall 1791153721.4
exact step 2227: answers scored 8, mean expected reward 10.611, kl coef 0.0000, update 2.86 s, wall 1791153724.9
exact step 2228: answers scored 8, mean expected reward 9.556, kl coef 0.0000, update 2.84 s, wall 1791153728.3
exact step 2229: answers scored 8, mean expected reward 10.274, kl coef 0.0000, update 2.84 s, wall 1791153732.9
exact step 2230: answers scored 8, mean expected reward 9.112, kl coef 0.0000, update 2.83 s, wall 1791153737.1
exact step 2231: answers scored 7, mean expected reward 10.445, kl coef 0.0000, update 2.82 s, wall 1791153741.3
exact step 2232: answers scored 8, mean expected reward 9.816, kl coef 0.0000, update 3.08 s, wall 1791153745.0
exact step 2233: answers scored 8, mean expected reward 9.586, kl coef 0.0000, update 2.91 s, wall 1791153748.9
exact step 2234: answers scored 8, mean expected reward 10.431, kl coef 0.0000, update 2.90 s, wall 1791153752.6
exact step 2235: answers scored 7, mean expected reward 10.262, kl coef 0.0000, update 2.86 s, wall 1791153757.7
exact step 2236: answers scored 8, mean expected reward 10.204, kl coef 0.0000, update 2.91 s, wall 1791153761.3
exact step 2237: answers scored 8, mean expected reward 9.718, kl coef 0.0000, update 2.86 s, wall 1791153765.2
exact step 2238: answers scored 7, mean expected reward 10.511, kl coef 0.0000, update 2.84 s, wall 1791153770.9
exact step 2239: answers scored 8, mean expected reward 10.147, kl coef 0.0000, update 2.93 s, wall 1791153774.6
exact step 2240: answers scored 8, mean expected reward 10.049, kl coef 0.0000, update 3.13 s, wall 1791153778.6
exact step 2241: answers scored 8, mean expected reward 9.334, kl coef 0.0000, update 2.86 s, wall 1791153782.2
exact step 2242: answers scored 8, mean expected reward 8.873, kl coef 0.0000, update 2.87 s, wall 1791153785.5
exact step 2243: answers scored 8, mean expected reward 11.089, kl coef 0.0000, update 2.88 s, wall 1791153789.1
exact step 2244: answers scored 8, mean expected reward 9.092, kl coef 0.0000, update 2.84 s, wall 1791153793.3
exact step 2245: answers scored 8, mean expected reward 9.093, kl coef 0.0000, update 2.89 s, wall 1791153796.8
exact step 2246: answers scored 8, mean expected reward 8.354, kl coef 0.0000, update 2.88 s, wall 1791153800.3
exact step 2247: answers scored 8, mean expected reward 9.189, kl coef 0.0000, update 2.88 s, wall 1791153803.9
exact step 2248: answers scored 8, mean expected reward 9.553, kl coef 0.0000, update 2.85 s, wall 1791153807.3
exact step 2249: answers scored 8, mean expected reward 9.207, kl coef 0.0000, update 3.05 s, wall 1791153811.1
exact step 2250: answers scored 8, mean expected reward 10.176, kl coef 0.0000, update 2.85 s, wall 1791153814.6
exact step 2251: answers scored 8, mean expected reward 9.062, kl coef 0.0000, update 2.87 s, wall 1791153818.1
exact step 2252: answers scored 8, mean expected reward 9.711, kl coef 0.0000, update 2.83 s, wall 1791153822.3
exact step 2253: answers scored 8, mean expected reward 10.431, kl coef 0.0000, update 2.80 s, wall 1791153826.5
exact step 2254: answers scored 8, mean expected reward 10.286, kl coef 0.0000, update 2.85 s, wall 1791153830.0
exact step 2255: answers scored 8, mean expected reward 9.895, kl coef 0.0000, update 2.86 s, wall 1791153833.5
exact step 2256: answers scored 8, mean expected reward 9.369, kl coef 0.0000, update 2.86 s, wall 1791153837.0
exact step 2257: answers scored 8, mean expected reward 10.246, kl coef 0.0000, update 2.87 s, wall 1791153840.4
exact step 2258: answers scored 7, mean expected reward 9.213, kl coef 0.0000, update 3.10 s, wall 1791153846.6
exact step 2259: answers scored 8, mean expected reward 10.285, kl coef 0.0000, update 2.96 s, wall 1791153850.2
exact step 2260: answers scored 8, mean expected reward 9.693, kl coef 0.0000, update 2.91 s, wall 1791153854.2
exact step 2261: answers scored 8, mean expected reward 10.043, kl coef 0.0000, update 2.92 s, wall 1791153859.2
exact step 2262: answers scored 8, mean expected reward 9.941, kl coef 0.0000, update 2.89 s, wall 1791153863.0
exact step 2263: answers scored 8, mean expected reward 9.884, kl coef 0.0000, update 2.90 s, wall 1791153866.5
exact step 2264: answers scored 8, mean expected reward 9.094, kl coef 0.0000, update 2.89 s, wall 1791153870.1
exact step 2265: answers scored 8, mean expected reward 10.139, kl coef 0.0000, update 2.87 s, wall 1791153873.5
exact step 2266: answers scored 8, mean expected reward 8.954, kl coef 0.0000, update 3.17 s, wall 1791153880.2
exact step 2267: answers scored 8, mean expected reward 9.676, kl coef 0.0000, update 2.87 s, wall 1791153883.7
exact step 2268: answers scored 8, mean expected reward 9.103, kl coef 0.0000, update 2.88 s, wall 1791153887.1
exact step 2269: answers scored 8, mean expected reward 9.562, kl coef 0.0000, update 2.93 s, wall 1791153890.6
exact step 2270: answers scored 8, mean expected reward 9.951, kl coef 0.0000, update 2.90 s, wall 1791153897.4
exact step 2271: answers scored 8, mean expected reward 9.497, kl coef 0.0000, update 2.93 s, wall 1791153901.3
exact step 2272: answers scored 8, mean expected reward 10.457, kl coef 0.0000, update 2.97 s, wall 1791153905.8
exact step 2273: answers scored 7, mean expected reward 9.491, kl coef 0.0000, update 2.92 s, wall 1791153909.8
exact step 2274: answers scored 8, mean expected reward 10.778, kl coef 0.0000, update 2.88 s, wall 1791153915.4
exact step 2275: answers scored 8, mean expected reward 9.890, kl coef 0.0000, update 2.83 s, wall 1791153920.7
exact step 2276: answers scored 8, mean expected reward 10.243, kl coef 0.0000, update 2.84 s, wall 1791153927.6
exact step 2277: answers scored 8, mean expected reward 9.552, kl coef 0.0000, update 2.85 s, wall 1791153931.9
exact step 2278: answers scored 8, mean expected reward 9.515, kl coef 0.0000, update 2.83 s, wall 1791153935.2
exact step 2279: answers scored 8, mean expected reward 9.018, kl coef 0.0000, update 2.83 s, wall 1791153938.6
exact step 2280: answers scored 8, mean expected reward 8.903, kl coef 0.0000, update 2.81 s, wall 1791153942.2
exact step 2281: answers scored 8, mean expected reward 10.428, kl coef 0.0000, update 2.87 s, wall 1791153945.6
exact step 2282: answers scored 8, mean expected reward 10.697, kl coef 0.0000, update 2.82 s, wall 1791153949.1
exact step 2283: answers scored 8, mean expected reward 9.155, kl coef 0.0000, update 2.81 s, wall 1791153952.6
exact step 2284: answers scored 7, mean expected reward 9.799, kl coef 0.0000, update 2.79 s, wall 1791153957.3
exact step 2285: answers scored 8, mean expected reward 8.741, kl coef 0.0000, update 2.82 s, wall 1791153961.1
exact step 2286: answers scored 7, mean expected reward 10.507, kl coef 0.0000, update 2.82 s, wall 1791153968.1
exact step 2287: answers scored 8, mean expected reward 11.466, kl coef 0.0000, update 2.83 s, wall 1791153971.6
exact step 2288: answers scored 7, mean expected reward 10.047, kl coef 0.0000, update 3.03 s, wall 1791153980.6
exact step 2289: answers scored 8, mean expected reward 10.352, kl coef 0.0000, update 2.82 s, wall 1791153984.0
exact step 2290: answers scored 8, mean expected reward 9.114, kl coef 0.0000, update 3.13 s, wall 1791153987.8
exact step 2291: answers scored 8, mean expected reward 9.764, kl coef 0.0000, update 2.87 s, wall 1791153994.8
exact step 2292: answers scored 8, mean expected reward 9.297, kl coef 0.0000, update 2.87 s, wall 1791153998.2
exact step 2293: answers scored 8, mean expected reward 9.535, kl coef 0.0000, update 2.85 s, wall 1791154003.5
exact step 2294: answers scored 8, mean expected reward 9.741, kl coef 0.0000, update 2.91 s, wall 1791154007.1
exact step 2295: answers scored 8, mean expected reward 9.391, kl coef 0.0000, update 2.89 s, wall 1791154010.7
exact step 2296: answers scored 8, mean expected reward 8.902, kl coef 0.0000, update 3.05 s, wall 1791154014.2
exact step 2297: answers scored 8, mean expected reward 9.253, kl coef 0.0000, update 2.82 s, wall 1791154017.6
exact step 2298: answers scored 8, mean expected reward 9.883, kl coef 0.0000, update 2.83 s, wall 1791154021.0
exact step 2299: answers scored 8, mean expected reward 9.751, kl coef 0.0000, update 2.84 s, wall 1791154024.5
exact step 2300: answers scored 8, mean expected reward 9.799, kl coef 0.0000, update 2.90 s, wall 1791154028.1
exact step 2301: answers scored 8, mean expected reward 10.373, kl coef 0.0000, update 2.87 s, wall 1791154031.6
exact step 2302: answers scored 8, mean expected reward 8.529, kl coef 0.0000, update 2.85 s, wall 1791154035.4
exact step 2303: answers scored 8, mean expected reward 8.806, kl coef 0.0000, update 2.84 s, wall 1791154040.2
exact step 2304: answers scored 8, mean expected reward 9.748, kl coef 0.0000, update 2.81 s, wall 1791154043.9
exact step 2305: answers scored 8, mean expected reward 9.858, kl coef 0.0000, update 3.07 s, wall 1791154048.1
exact step 2306: answers scored 8, mean expected reward 9.335, kl coef 0.0000, update 2.84 s, wall 1791154051.6
exact step 2307: answers scored 8, mean expected reward 9.373, kl coef 0.0000, update 2.86 s, wall 1791154055.1
exact step 2308: answers scored 8, mean expected reward 9.488, kl coef 0.0000, update 2.89 s, wall 1791154060.0
exact step 2309: answers scored 8, mean expected reward 9.948, kl coef 0.0000, update 2.90 s, wall 1791154063.5
exact step 2310: answers scored 8, mean expected reward 10.063, kl coef 0.0000, update 2.88 s, wall 1791154067.8
exact step 2311: answers scored 8, mean expected reward 8.972, kl coef 0.0000, update 2.86 s, wall 1791154071.3
exact step 2312: answers scored 8, mean expected reward 10.027, kl coef 0.0000, update 2.89 s, wall 1791154074.9
exact step 2313: answers scored 8, mean expected reward 10.343, kl coef 0.0000, update 2.92 s, wall 1791154078.3
exact step 2314: answers scored 8, mean expected reward 9.807, kl coef 0.0000, update 3.04 s, wall 1791154082.1
exact step 2315: answers scored 8, mean expected reward 9.995, kl coef 0.0000, update 2.81 s, wall 1791154085.5
exact step 2316: answers scored 8, mean expected reward 10.165, kl coef 0.0000, update 2.92 s, wall 1791154089.8
exact step 2317: answers scored 7, mean expected reward 9.843, kl coef 0.0000, update 2.89 s, wall 1791154093.6
exact step 2318: answers scored 8, mean expected reward 10.103, kl coef 0.0000, update 2.92 s, wall 1791154097.1
exact step 2319: answers scored 8, mean expected reward 8.929, kl coef 0.0000, update 2.89 s, wall 1791154101.6
exact step 2320: answers scored 8, mean expected reward 10.257, kl coef 0.0000, update 2.86 s, wall 1791154106.1
exact step 2321: answers scored 8, mean expected reward 9.887, kl coef 0.0000, update 2.92 s, wall 1791154109.7
exact step 2322: answers scored 8, mean expected reward 9.410, kl coef 0.0000, update 2.85 s, wall 1791154113.2
exact step 2323: answers scored 8, mean expected reward 10.492, kl coef 0.0000, update 3.13 s, wall 1791154116.9
exact step 2324: answers scored 8, mean expected reward 9.547, kl coef 0.0000, update 2.95 s, wall 1791154120.5
exact step 2325: answers scored 8, mean expected reward 9.928, kl coef 0.0000, update 2.93 s, wall 1791154124.8
exact step 2326: answers scored 8, mean expected reward 9.848, kl coef 0.0000, update 2.97 s, wall 1791154128.8
exact step 2327: answers scored 8, mean expected reward 8.582, kl coef 0.0000, update 2.90 s, wall 1791154132.3
exact step 2328: answers scored 8, mean expected reward 9.489, kl coef 0.0000, update 2.85 s, wall 1791154136.1
exact step 2329: answers scored 7, mean expected reward 9.996, kl coef 0.0000, update 2.84 s, wall 1791154155.2
exact step 2330: answers scored 8, mean expected reward 10.138, kl coef 0.0000, update 2.81 s, wall 1791154158.6
exact step 2331: answers scored 8, mean expected reward 10.402, kl coef 0.0000, update 2.81 s, wall 1791154162.1
exact step 2332: answers scored 8, mean expected reward 9.997, kl coef 0.0000, update 2.81 s, wall 1791154165.8
exact step 2333: answers scored 8, mean expected reward 9.012, kl coef 0.0000, update 2.83 s, wall 1791154169.3
exact step 2334: answers scored 8, mean expected reward 9.966, kl coef 0.0000, update 2.90 s, wall 1791154177.3
exact step 2335: answers scored 8, mean expected reward 9.479, kl coef 0.0000, update 2.87 s, wall 1791154180.8
exact step 2336: answers scored 8, mean expected reward 10.598, kl coef 0.0000, update 3.08 s, wall 1791154184.6
exact step 2337: answers scored 8, mean expected reward 10.188, kl coef 0.0000, update 2.89 s, wall 1791154188.1
exact step 2338: answers scored 8, mean expected reward 9.337, kl coef 0.0000, update 2.88 s, wall 1791154191.8
exact step 2339: answers scored 8, mean expected reward 9.878, kl coef 0.0000, update 2.88 s, wall 1791154195.4
exact step 2340: answers scored 8, mean expected reward 9.910, kl coef 0.0000, update 2.90 s, wall 1791154199.0
exact step 2341: answers scored 8, mean expected reward 9.869, kl coef 0.0000, update 2.87 s, wall 1791154202.4
exact step 2342: answers scored 8, mean expected reward 9.865, kl coef 0.0000, update 2.82 s, wall 1791154205.8
exact step 2343: answers scored 8, mean expected reward 9.071, kl coef 0.0000, update 2.82 s, wall 1791154209.4
exact step 2344: answers scored 8, mean expected reward 10.029, kl coef 0.0000, update 2.84 s, wall 1791154213.2
exact step 2345: answers scored 8, mean expected reward 9.306, kl coef 0.0000, update 3.13 s, wall 1791154216.9
exact step 2346: answers scored 8, mean expected reward 9.701, kl coef 0.0000, update 2.85 s, wall 1791154221.6
exact step 2347: answers scored 8, mean expected reward 8.654, kl coef 0.0000, update 2.85 s, wall 1791154226.1
exact step 2348: answers scored 7, mean expected reward 9.491, kl coef 0.0000, update 2.88 s, wall 1791154231.9
exact step 2349: answers scored 8, mean expected reward 9.761, kl coef 0.0000, update 2.86 s, wall 1791154235.6
exact step 2350: answers scored 8, mean expected reward 9.776, kl coef 0.0000, update 2.88 s, wall 1791154239.3
exact step 2351: answers scored 8, mean expected reward 9.467, kl coef 0.0000, update 2.87 s, wall 1791154244.9
exact step 2352: answers scored 8, mean expected reward 10.582, kl coef 0.0000, update 2.86 s, wall 1791154248.4
exact step 2353: answers scored 8, mean expected reward 10.347, kl coef 0.0000, update 3.06 s, wall 1791154252.1
exact step 2354: answers scored 8, mean expected reward 9.384, kl coef 0.0000, update 2.82 s, wall 1791154255.5
exact step 2355: answers scored 8, mean expected reward 9.219, kl coef 0.0000, update 2.82 s, wall 1791154258.9
exact step 2356: answers scored 8, mean expected reward 9.723, kl coef 0.0000, update 2.83 s, wall 1791154262.5
exact step 2357: answers scored 8, mean expected reward 10.031, kl coef 0.0000, update 2.87 s, wall 1791154266.1
exact step 2358: answers scored 8, mean expected reward 10.174, kl coef 0.0000, update 2.86 s, wall 1791154270.7
exact step 2359: answers scored 8, mean expected reward 10.074, kl coef 0.0000, update 2.85 s, wall 1791154274.6
exact step 2360: answers scored 8, mean expected reward 9.554, kl coef 0.0000, update 2.86 s, wall 1791154278.8
exact step 2361: answers scored 8, mean expected reward 9.449, kl coef 0.0000, update 2.86 s, wall 1791154282.3
exact step 2362: answers scored 7, mean expected reward 10.667, kl coef 0.0000, update 3.06 s, wall 1791154286.0
exact step 2363: answers scored 8, mean expected reward 8.794, kl coef 0.0000, update 2.85 s, wall 1791154289.5
exact step 2364: answers scored 8, mean expected reward 10.876, kl coef 0.0000, update 2.86 s, wall 1791154293.4
exact step 2365: answers scored 8, mean expected reward 9.661, kl coef 0.0000, update 2.84 s, wall 1791154296.9
exact step 2366: answers scored 7, mean expected reward 9.665, kl coef 0.0000, update 2.85 s, wall 1791154302.4
exact step 2367: answers scored 8, mean expected reward 8.945, kl coef 0.0000, update 2.90 s, wall 1791154306.0
exact step 2368: answers scored 8, mean expected reward 8.721, kl coef 0.0000, update 2.90 s, wall 1791154309.5
exact step 2369: answers scored 8, mean expected reward 9.473, kl coef 0.0000, update 2.83 s, wall 1791154313.7
exact step 2370: answers scored 8, mean expected reward 10.126, kl coef 0.0000, update 3.04 s, wall 1791154317.8
exact step 2371: answers scored 8, mean expected reward 9.567, kl coef 0.0000, update 2.88 s, wall 1791154321.8
exact step 2372: answers scored 8, mean expected reward 9.609, kl coef 0.0000, update 2.94 s, wall 1791154325.4
exact step 2373: answers scored 8, mean expected reward 10.197, kl coef 0.0000, update 2.95 s, wall 1791154328.9
exact step 2374: answers scored 7, mean expected reward 9.736, kl coef 0.0000, update 2.92 s, wall 1791154334.8
exact step 2375: answers scored 8, mean expected reward 9.606, kl coef 0.0000, update 2.91 s, wall 1791154339.2
exact step 2376: answers scored 8, mean expected reward 9.557, kl coef 0.0000, update 2.88 s, wall 1791154342.7
exact step 2377: answers scored 7, mean expected reward 9.393, kl coef 0.0000, update 2.85 s, wall 1791154347.9
exact step 2378: answers scored 8, mean expected reward 9.757, kl coef 0.0000, update 3.05 s, wall 1791154351.8
exact step 2379: answers scored 8, mean expected reward 9.791, kl coef 0.0000, update 2.86 s, wall 1791154355.8
exact step 2380: answers scored 8, mean expected reward 11.048, kl coef 0.0000, update 2.85 s, wall 1791154359.9
exact step 2381: answers scored 7, mean expected reward 10.591, kl coef 0.0000, update 2.88 s, wall 1791154364.1
exact step 2382: answers scored 7, mean expected reward 9.620, kl coef 0.0000, update 2.90 s, wall 1791154375.0
exact step 2383: answers scored 7, mean expected reward 10.085, kl coef 0.0000, update 2.89 s, wall 1791154382.4
exact step 2384: answers scored 8, mean expected reward 9.905, kl coef 0.0000, update 3.09 s, wall 1791154386.1
exact step 2385: answers scored 8, mean expected reward 9.650, kl coef 0.0000, update 2.87 s, wall 1791154393.7
exact step 2386: answers scored 8, mean expected reward 8.558, kl coef 0.0000, update 2.88 s, wall 1791154397.7
exact step 2387: answers scored 8, mean expected reward 10.823, kl coef 0.0000, update 2.91 s, wall 1791154401.4
exact step 2388: answers scored 8, mean expected reward 9.120, kl coef 0.0000, update 2.88 s, wall 1791154405.5
exact step 2389: answers scored 8, mean expected reward 10.101, kl coef 0.0000, update 2.90 s, wall 1791154412.5
exact step 2390: answers scored 8, mean expected reward 10.070, kl coef 0.0000, update 2.82 s, wall 1791154415.9
exact step 2391: answers scored 7, mean expected reward 10.363, kl coef 0.0000, update 2.91 s, wall 1791154423.5
exact step 2392: answers scored 8, mean expected reward 10.019, kl coef 0.0000, update 2.91 s, wall 1791154427.0
exact step 2393: answers scored 6, mean expected reward 9.774, kl coef 0.0000, update 2.88 s, wall 1791154434.0
exact step 2394: answers scored 8, mean expected reward 9.603, kl coef 0.0000, update 2.90 s, wall 1791154437.6
exact step 2395: answers scored 8, mean expected reward 9.945, kl coef 0.0000, update 2.88 s, wall 1791154441.8
exact step 2396: answers scored 8, mean expected reward 9.727, kl coef 0.0000, update 2.89 s, wall 1791154445.3
exact step 2397: answers scored 8, mean expected reward 9.065, kl coef 0.0000, update 2.84 s, wall 1791154449.1
exact step 2398: answers scored 8, mean expected reward 8.879, kl coef 0.0000, update 2.98 s, wall 1791154452.7
checkpoint at step 2400 (1.4 s)
exact step 2399: answers scored 8, mean expected reward 8.880, kl coef 0.0000, update 4.27 s, wall 1791154457.7
exact step 2400: answers scored 8, mean expected reward 10.312, kl coef 0.0000, update 2.87 s, wall 1791154461.2
exact step 2401: answers scored 8, mean expected reward 9.044, kl coef 0.0000, update 2.91 s, wall 1791154467.3
exact step 2402: answers scored 7, mean expected reward 9.801, kl coef 0.0000, update 2.92 s, wall 1791154473.1
exact step 2403: answers scored 8, mean expected reward 9.540, kl coef 0.0000, update 2.86 s, wall 1791154477.9
exact step 2404: answers scored 7, mean expected reward 9.666, kl coef 0.0000, update 2.88 s, wall 1791154497.2
exact step 2405: answers scored 8, mean expected reward 9.642, kl coef 0.0000, update 2.90 s, wall 1791154501.4
exact step 2406: answers scored 8, mean expected reward 9.827, kl coef 0.0000, update 2.88 s, wall 1791154505.0
exact step 2407: answers scored 8, mean expected reward 9.571, kl coef 0.0000, update 2.95 s, wall 1791154508.8
exact step 2408: answers scored 7, mean expected reward 9.759, kl coef 0.0000, update 2.92 s, wall 1791154513.9
exact step 2409: answers scored 8, mean expected reward 9.622, kl coef 0.0000, update 2.86 s, wall 1791154517.4
exact step 2410: answers scored 8, mean expected reward 9.991, kl coef 0.0000, update 2.88 s, wall 1791154524.1
exact step 2411: answers scored 8, mean expected reward 9.728, kl coef 0.0000, update 2.90 s, wall 1791154527.6
exact step 2412: answers scored 8, mean expected reward 9.746, kl coef 0.0000, update 2.91 s, wall 1791154531.1
exact step 2413: answers scored 8, mean expected reward 10.138, kl coef 0.0000, update 2.86 s, wall 1791154534.9
exact step 2414: answers scored 8, mean expected reward 9.953, kl coef 0.0000, update 2.88 s, wall 1791154539.1
exact step 2415: answers scored 8, mean expected reward 9.614, kl coef 0.0000, update 2.87 s, wall 1791154542.7
exact step 2416: answers scored 8, mean expected reward 9.792, kl coef 0.0000, update 2.89 s, wall 1791154546.3
exact step 2417: answers scored 8, mean expected reward 9.506, kl coef 0.0000, update 2.92 s, wall 1791154551.2
exact step 2418: answers scored 8, mean expected reward 10.128, kl coef 0.0000, update 3.13 s, wall 1791154554.9
exact step 2419: answers scored 8, mean expected reward 10.120, kl coef 0.0000, update 2.88 s, wall 1791154558.4
exact step 2420: answers scored 7, mean expected reward 9.522, kl coef 0.0000, update 2.88 s, wall 1791154563.1
exact step 2421: answers scored 8, mean expected reward 10.062, kl coef 0.0000, update 2.88 s, wall 1791154567.2
exact step 2422: answers scored 8, mean expected reward 10.069, kl coef 0.0000, update 2.85 s, wall 1791154571.1
exact step 2423: answers scored 8, mean expected reward 8.692, kl coef 0.0000, update 2.87 s, wall 1791154574.6
exact step 2424: answers scored 8, mean expected reward 9.822, kl coef 0.0000, update 2.88 s, wall 1791154578.1
exact step 2425: answers scored 8, mean expected reward 10.150, kl coef 0.0000, update 2.89 s, wall 1791154583.6
exact step 2426: answers scored 8, mean expected reward 8.872, kl coef 0.0000, update 2.90 s, wall 1791154587.2
exact step 2427: answers scored 7, mean expected reward 9.513, kl coef 0.0000, update 2.92 s, wall 1791154591.0
exact step 2428: answers scored 8, mean expected reward 10.071, kl coef 0.0000, update 2.91 s, wall 1791154594.5
exact step 2429: answers scored 8, mean expected reward 8.574, kl coef 0.0000, update 2.91 s, wall 1791154598.4
exact step 2430: answers scored 7, mean expected reward 10.177, kl coef 0.0000, update 2.88 s, wall 1791154617.2
exact step 2431: answers scored 8, mean expected reward 8.831, kl coef 0.0000, update 2.91 s, wall 1791154621.0
exact step 2432: answers scored 8, mean expected reward 10.035, kl coef 0.0000, update 2.82 s, wall 1791154625.1
exact step 2433: answers scored 8, mean expected reward 9.122, kl coef 0.0000, update 2.86 s, wall 1791154628.7
exact step 2434: answers scored 8, mean expected reward 10.329, kl coef 0.0000, update 2.82 s, wall 1791154632.0
exact step 2435: answers scored 7, mean expected reward 9.610, kl coef 0.0000, update 2.81 s, wall 1791154639.0
exact step 2436: answers scored 8, mean expected reward 10.513, kl coef 0.0000, update 2.84 s, wall 1791154643.4
exact step 2437: answers scored 8, mean expected reward 9.728, kl coef 0.0000, update 2.83 s, wall 1791154646.7
exact step 2438: answers scored 8, mean expected reward 8.967, kl coef 0.0000, update 2.84 s, wall 1791154650.0
exact step 2439: answers scored 8, mean expected reward 9.160, kl coef 0.0000, update 2.84 s, wall 1791154654.5
exact step 2440: answers scored 7, mean expected reward 9.701, kl coef 0.0000, update 2.86 s, wall 1791154659.0
exact step 2441: answers scored 8, mean expected reward 9.931, kl coef 0.0000, update 2.82 s, wall 1791154662.4
exact step 2442: answers scored 8, mean expected reward 10.068, kl coef 0.0000, update 2.92 s, wall 1791154665.9
exact step 2443: answers scored 7, mean expected reward 9.579, kl coef 0.0000, update 2.87 s, wall 1791154676.3
exact step 2444: answers scored 8, mean expected reward 9.630, kl coef 0.0000, update 2.89 s, wall 1791154679.7
exact step 2445: answers scored 8, mean expected reward 9.812, kl coef 0.0000, update 2.88 s, wall 1791154683.6
exact step 2446: answers scored 8, mean expected reward 9.731, kl coef 0.0000, update 2.88 s, wall 1791154687.1
exact step 2447: answers scored 8, mean expected reward 9.058, kl coef 0.0000, update 3.12 s, wall 1791154691.0
exact step 2448: answers scored 7, mean expected reward 10.245, kl coef 0.0000, update 2.88 s, wall 1791154694.9
exact step 2449: answers scored 7, mean expected reward 9.787, kl coef 0.0000, update 2.88 s, wall 1791154700.7
exact step 2450: answers scored 8, mean expected reward 9.764, kl coef 0.0000, update 2.90 s, wall 1791154704.3
exact step 2451: answers scored 7, mean expected reward 9.698, kl coef 0.0000, update 2.90 s, wall 1791154709.9
exact step 2452: answers scored 8, mean expected reward 9.926, kl coef 0.0000, update 2.87 s, wall 1791154713.7
exact step 2453: answers scored 7, mean expected reward 8.928, kl coef 0.0000, update 2.87 s, wall 1791154718.8
exact step 2454: answers scored 8, mean expected reward 10.346, kl coef 0.0000, update 3.05 s, wall 1791154723.2
exact step 2455: answers scored 8, mean expected reward 9.519, kl coef 0.0000, update 2.84 s, wall 1791154726.7
exact step 2456: answers scored 8, mean expected reward 10.036, kl coef 0.0000, update 2.91 s, wall 1791154730.2
exact step 2457: answers scored 8, mean expected reward 9.713, kl coef 0.0000, update 2.86 s, wall 1791154733.8
exact step 2458: answers scored 8, mean expected reward 10.180, kl coef 0.0000, update 2.85 s, wall 1791154737.2
exact step 2459: answers scored 7, mean expected reward 10.137, kl coef 0.0000, update 2.86 s, wall 1791154742.4
exact step 2460: answers scored 7, mean expected reward 9.941, kl coef 0.0000, update 2.80 s, wall 1791154747.2
exact step 2461: answers scored 8, mean expected reward 9.657, kl coef 0.0000, update 2.83 s, wall 1791154751.3
exact step 2462: answers scored 7, mean expected reward 10.377, kl coef 0.0000, update 3.09 s, wall 1791154759.0
exact step 2463: answers scored 8, mean expected reward 9.665, kl coef 0.0000, update 2.86 s, wall 1791154762.5
exact step 2464: answers scored 8, mean expected reward 10.217, kl coef 0.0000, update 2.90 s, wall 1791154766.4
exact step 2465: answers scored 8, mean expected reward 10.201, kl coef 0.0000, update 2.90 s, wall 1791154770.0
exact step 2466: answers scored 8, mean expected reward 9.641, kl coef 0.0000, update 2.90 s, wall 1791154773.6
exact step 2467: answers scored 8, mean expected reward 9.690, kl coef 0.0000, update 2.89 s, wall 1791154777.1
exact step 2468: answers scored 8, mean expected reward 10.537, kl coef 0.0000, update 2.88 s, wall 1791154780.5
exact step 2469: answers scored 8, mean expected reward 9.389, kl coef 0.0000, update 2.87 s, wall 1791154784.6
exact step 2470: answers scored 8, mean expected reward 9.022, kl coef 0.0000, update 2.92 s, wall 1791154788.1
exact step 2471: answers scored 8, mean expected reward 9.417, kl coef 0.0000, update 3.13 s, wall 1791154791.9
exact step 2472: answers scored 7, mean expected reward 10.620, kl coef 0.0000, update 2.84 s, wall 1791154795.6
exact step 2473: answers scored 8, mean expected reward 9.104, kl coef 0.0000, update 2.89 s, wall 1791154799.0
exact step 2474: answers scored 8, mean expected reward 9.272, kl coef 0.0000, update 2.97 s, wall 1791154802.6
exact step 2475: answers scored 7, mean expected reward 8.845, kl coef 0.0000, update 2.95 s, wall 1791154810.2
exact step 2476: answers scored 8, mean expected reward 9.381, kl coef 0.0000, update 2.89 s, wall 1791154813.6
exact step 2477: answers scored 8, mean expected reward 8.950, kl coef 0.0000, update 2.85 s, wall 1791154817.4
exact step 2478: answers scored 8, mean expected reward 8.835, kl coef 0.0000, update 2.86 s, wall 1791154820.8
exact step 2479: answers scored 8, mean expected reward 10.184, kl coef 0.0000, update 3.02 s, wall 1791154824.4
exact step 2480: answers scored 8, mean expected reward 9.432, kl coef 0.0000, update 2.89 s, wall 1791154829.5
exact step 2481: answers scored 8, mean expected reward 9.508, kl coef 0.0000, update 2.90 s, wall 1791154833.9
exact step 2482: answers scored 8, mean expected reward 9.645, kl coef 0.0000, update 2.87 s, wall 1791154837.3
exact step 2483: answers scored 8, mean expected reward 8.852, kl coef 0.0000, update 3.11 s, wall 1791154842.1
exact step 2484: answers scored 8, mean expected reward 10.201, kl coef 0.0000, update 2.86 s, wall 1791154845.6
exact step 2485: answers scored 8, mean expected reward 9.743, kl coef 0.0000, update 2.87 s, wall 1791154849.1
exact step 2486: answers scored 8, mean expected reward 9.741, kl coef 0.0000, update 2.86 s, wall 1791154853.7
exact step 2487: answers scored 8, mean expected reward 9.841, kl coef 0.0000, update 2.98 s, wall 1791154857.3
exact step 2488: answers scored 8, mean expected reward 9.511, kl coef 0.0000, update 3.03 s, wall 1791154861.1
exact step 2489: answers scored 8, mean expected reward 10.180, kl coef 0.0000, update 2.97 s, wall 1791154866.5
exact step 2490: answers scored 8, mean expected reward 9.495, kl coef 0.0000, update 2.87 s, wall 1791154870.4
exact step 2491: answers scored 7, mean expected reward 9.665, kl coef 0.0000, update 2.83 s, wall 1791154876.7
exact step 2492: answers scored 8, mean expected reward 10.058, kl coef 0.0000, update 2.83 s, wall 1791154880.2
exact step 2493: answers scored 8, mean expected reward 10.319, kl coef 0.0000, update 2.85 s, wall 1791154883.6
exact step 2494: answers scored 8, mean expected reward 11.080, kl coef 0.0000, update 2.88 s, wall 1791154887.1
exact step 2495: answers scored 8, mean expected reward 9.781, kl coef 0.0000, update 2.89 s, wall 1791154890.9
exact step 2496: answers scored 8, mean expected reward 8.920, kl coef 0.0000, update 3.04 s, wall 1791154894.6
exact step 2497: answers scored 8, mean expected reward 10.053, kl coef 0.0000, update 2.89 s, wall 1791154898.3
exact step 2498: answers scored 7, mean expected reward 9.454, kl coef 0.0000, update 2.88 s, wall 1791154903.4
exact step 2499: answers scored 8, mean expected reward 9.489, kl coef 0.0000, update 4.29 s, wall 1791154909.7
exact step 2500: answers scored 8, mean expected reward 10.280, kl coef 0.0000, update 2.87 s, wall 1791154913.3
exact step 2501: answers scored 8, mean expected reward 9.467, kl coef 0.0000, update 2.89 s, wall 1791154918.2
exact step 2502: answers scored 8, mean expected reward 10.126, kl coef 0.0000, update 3.07 s, wall 1791154926.4
exact step 2503: answers scored 6, mean expected reward 9.570, kl coef 0.0000, update 2.79 s, wall 1791154945.5
exact step 2504: answers scored 8, mean expected reward 9.766, kl coef 0.0000, update 2.83 s, wall 1791154949.5
exact step 2505: answers scored 8, mean expected reward 10.357, kl coef 0.0000, update 2.83 s, wall 1791154953.2
exact step 2506: answers scored 8, mean expected reward 9.733, kl coef 0.0000, update 2.82 s, wall 1791154956.8
exact step 2507: answers scored 8, mean expected reward 9.627, kl coef 0.0000, update 3.10 s, wall 1791154960.8
exact step 2508: answers scored 8, mean expected reward 9.367, kl coef 0.0000, update 2.86 s, wall 1791154966.6
exact step 2509: answers scored 8, mean expected reward 8.893, kl coef 0.0000, update 2.81 s, wall 1791154970.1
exact step 2510: answers scored 8, mean expected reward 9.520, kl coef 0.0000, update 2.81 s, wall 1791154973.6
exact step 2511: answers scored 8, mean expected reward 10.031, kl coef 0.0000, update 2.82 s, wall 1791154977.2
exact step 2512: answers scored 8, mean expected reward 9.217, kl coef 0.0000, update 2.81 s, wall 1791154981.4
exact step 2513: answers scored 8, mean expected reward 9.910, kl coef 0.0000, update 2.80 s, wall 1791154984.8
exact step 2514: answers scored 8, mean expected reward 10.243, kl coef 0.0000, update 2.82 s, wall 1791154988.3
exact step 2515: answers scored 7, mean expected reward 10.853, kl coef 0.0000, update 2.86 s, wall 1791154993.1
exact step 2516: answers scored 8, mean expected reward 9.548, kl coef 0.0000, update 2.85 s, wall 1791154997.8
exact step 2517: answers scored 7, mean expected reward 9.640, kl coef 0.0000, update 2.78 s, wall 1791155001.7
exact step 2518: answers scored 8, mean expected reward 10.474, kl coef 0.0000, update 2.86 s, wall 1791155005.6
exact step 2519: answers scored 8, mean expected reward 10.096, kl coef 0.0000, update 2.84 s, wall 1791155009.0
exact step 2520: answers scored 8, mean expected reward 9.243, kl coef 0.0000, update 2.80 s, wall 1791155012.8
exact step 2521: answers scored 8, mean expected reward 9.863, kl coef 0.0000, update 2.81 s, wall 1791155017.1
exact step 2522: answers scored 8, mean expected reward 9.568, kl coef 0.0000, update 2.84 s, wall 1791155020.5
exact step 2523: answers scored 8, mean expected reward 10.333, kl coef 0.0000, update 2.85 s, wall 1791155024.1
exact step 2524: answers scored 8, mean expected reward 8.870, kl coef 0.0000, update 3.03 s, wall 1791155027.7
exact step 2525: answers scored 7, mean expected reward 9.738, kl coef 0.0000, update 2.83 s, wall 1791155033.7
exact step 2526: answers scored 8, mean expected reward 10.221, kl coef 0.0000, update 2.89 s, wall 1791155037.8
exact step 2527: answers scored 8, mean expected reward 9.181, kl coef 0.0000, update 2.88 s, wall 1791155041.3
exact step 2528: answers scored 8, mean expected reward 10.110, kl coef 0.0000, update 2.87 s, wall 1791155047.4
exact step 2529: answers scored 7, mean expected reward 9.663, kl coef 0.0000, update 2.87 s, wall 1791155052.7
exact step 2530: answers scored 8, mean expected reward 9.290, kl coef 0.0000, update 2.85 s, wall 1791155057.0
exact step 2531: answers scored 8, mean expected reward 9.155, kl coef 0.0000, update 2.91 s, wall 1791155061.0
exact step 2532: answers scored 8, mean expected reward 9.957, kl coef 0.0000, update 3.14 s, wall 1791155064.7
exact step 2533: answers scored 7, mean expected reward 11.133, kl coef 0.0000, update 2.88 s, wall 1791155069.8
exact step 2534: answers scored 8, mean expected reward 9.757, kl coef 0.0000, update 2.87 s, wall 1791155073.7
exact step 2535: answers scored 8, mean expected reward 10.296, kl coef 0.0000, update 2.92 s, wall 1791155079.4
exact step 2536: answers scored 8, mean expected reward 9.678, kl coef 0.0000, update 2.89 s, wall 1791155083.8
exact step 2537: answers scored 8, mean expected reward 9.919, kl coef 0.0000, update 2.85 s, wall 1791155088.7
exact step 2538: answers scored 8, mean expected reward 9.332, kl coef 0.0000, update 2.86 s, wall 1791155092.2
exact step 2539: answers scored 8, mean expected reward 9.965, kl coef 0.0000, update 2.86 s, wall 1791155095.7
exact step 2540: answers scored 8, mean expected reward 10.656, kl coef 0.0000, update 2.87 s, wall 1791155100.0
exact step 2541: answers scored 8, mean expected reward 9.907, kl coef 0.0000, update 2.84 s, wall 1791155103.8
exact step 2542: answers scored 8, mean expected reward 9.955, kl coef 0.0000, update 2.83 s, wall 1791155107.2
exact step 2543: answers scored 8, mean expected reward 9.830, kl coef 0.0000, update 2.84 s, wall 1791155110.9
exact step 2544: answers scored 8, mean expected reward 9.912, kl coef 0.0000, update 2.82 s, wall 1791155114.3
exact step 2545: answers scored 8, mean expected reward 9.547, kl coef 0.0000, update 2.85 s, wall 1791155119.5
exact step 2546: answers scored 8, mean expected reward 10.186, kl coef 0.0000, update 2.82 s, wall 1791155123.0
exact step 2547: answers scored 8, mean expected reward 10.186, kl coef 0.0000, update 2.82 s, wall 1791155126.3
exact step 2548: answers scored 8, mean expected reward 9.997, kl coef 0.0000, update 2.83 s, wall 1791155129.8
exact step 2549: answers scored 8, mean expected reward 9.505, kl coef 0.0000, update 2.88 s, wall 1791155134.7
exact step 2550: answers scored 8, mean expected reward 9.041, kl coef 0.0000, update 2.85 s, wall 1791155138.2
exact step 2551: answers scored 8, mean expected reward 9.957, kl coef 0.0000, update 2.86 s, wall 1791155144.5
exact step 2552: answers scored 8, mean expected reward 9.270, kl coef 0.0000, update 2.86 s, wall 1791155148.2
exact step 2553: answers scored 8, mean expected reward 10.029, kl coef 0.0000, update 2.83 s, wall 1791155151.7
exact step 2554: answers scored 8, mean expected reward 9.337, kl coef 0.0000, update 2.86 s, wall 1791155155.1
exact step 2555: answers scored 8, mean expected reward 9.123, kl coef 0.0000, update 2.86 s, wall 1791155158.6
exact step 2556: answers scored 8, mean expected reward 8.832, kl coef 0.0000, update 2.84 s, wall 1791155163.3
exact step 2557: answers scored 8, mean expected reward 9.058, kl coef 0.0000, update 2.97 s, wall 1791155167.1
exact step 2558: answers scored 8, mean expected reward 10.087, kl coef 0.0000, update 2.83 s, wall 1791155170.6
exact step 2559: answers scored 8, mean expected reward 9.991, kl coef 0.0000, update 2.81 s, wall 1791155174.4
exact step 2560: answers scored 8, mean expected reward 9.184, kl coef 0.0000, update 2.88 s, wall 1791155177.9
exact step 2561: answers scored 8, mean expected reward 9.407, kl coef 0.0000, update 2.86 s, wall 1791155182.1
exact step 2562: answers scored 8, mean expected reward 9.587, kl coef 0.0000, update 2.91 s, wall 1791155189.4
exact step 2563: answers scored 8, mean expected reward 8.412, kl coef 0.0000, update 2.85 s, wall 1791155193.0
exact step 2564: answers scored 8, mean expected reward 9.633, kl coef 0.0000, update 2.90 s, wall 1791155196.4
exact step 2565: answers scored 8, mean expected reward 9.761, kl coef 0.0000, update 3.11 s, wall 1791155200.2
exact step 2566: answers scored 8, mean expected reward 10.200, kl coef 0.0000, update 2.82 s, wall 1791155203.7
exact step 2567: answers scored 8, mean expected reward 9.463, kl coef 0.0000, update 2.89 s, wall 1791155209.6
exact step 2568: answers scored 8, mean expected reward 9.351, kl coef 0.0000, update 2.85 s, wall 1791155213.2
exact step 2569: answers scored 8, mean expected reward 9.913, kl coef 0.0000, update 2.81 s, wall 1791155216.7
exact step 2570: answers scored 7, mean expected reward 9.282, kl coef 0.0000, update 2.79 s, wall 1791155222.2
exact step 2571: answers scored 8, mean expected reward 9.747, kl coef 0.0000, update 2.84 s, wall 1791155225.6
exact step 2572: answers scored 8, mean expected reward 10.199, kl coef 0.0000, update 2.85 s, wall 1791155229.0
exact step 2573: answers scored 8, mean expected reward 9.437, kl coef 0.0000, update 3.04 s, wall 1791155233.1
exact step 2574: answers scored 8, mean expected reward 8.806, kl coef 0.0000, update 2.83 s, wall 1791155236.5
exact step 2575: answers scored 8, mean expected reward 10.453, kl coef 0.0000, update 2.85 s, wall 1791155240.1
exact step 2576: answers scored 8, mean expected reward 10.128, kl coef 0.0000, update 2.87 s, wall 1791155243.5
exact step 2577: answers scored 8, mean expected reward 10.358, kl coef 0.0000, update 2.85 s, wall 1791155246.9
exact step 2578: answers scored 8, mean expected reward 9.056, kl coef 0.0000, update 2.90 s, wall 1791155250.4
exact step 2579: answers scored 8, mean expected reward 9.849, kl coef 0.0000, update 2.83 s, wall 1791155253.8
exact step 2580: answers scored 8, mean expected reward 10.276, kl coef 0.0000, update 2.83 s, wall 1791155257.6
exact step 2581: answers scored 8, mean expected reward 9.805, kl coef 0.0000, update 2.86 s, wall 1791155261.1
exact step 2582: answers scored 8, mean expected reward 10.035, kl coef 0.0000, update 2.88 s, wall 1791155264.7
exact step 2583: answers scored 8, mean expected reward 9.847, kl coef 0.0000, update 3.02 s, wall 1791155268.5
exact step 2584: answers scored 8, mean expected reward 9.481, kl coef 0.0000, update 2.84 s, wall 1791155272.0
exact step 2585: answers scored 8, mean expected reward 9.217, kl coef 0.0000, update 2.84 s, wall 1791155275.4
exact step 2586: answers scored 8, mean expected reward 9.297, kl coef 0.0000, update 2.82 s, wall 1791155279.0
exact step 2587: answers scored 8, mean expected reward 9.577, kl coef 0.0000, update 2.83 s, wall 1791155282.4
exact step 2588: answers scored 8, mean expected reward 8.155, kl coef 0.0000, update 2.82 s, wall 1791155286.3
exact step 2589: answers scored 8, mean expected reward 8.894, kl coef 0.0000, update 2.90 s, wall 1791155294.0
exact step 2590: answers scored 8, mean expected reward 9.381, kl coef 0.0000, update 2.84 s, wall 1791155298.3
exact step 2591: answers scored 8, mean expected reward 10.092, kl coef 0.0000, update 2.88 s, wall 1791155305.2
exact step 2592: answers scored 8, mean expected reward 10.135, kl coef 0.0000, update 2.86 s, wall 1791155308.7
exact step 2593: answers scored 8, mean expected reward 9.470, kl coef 0.0000, update 2.87 s, wall 1791155313.6
exact step 2594: answers scored 8, mean expected reward 10.025, kl coef 0.0000, update 2.80 s, wall 1791155317.5
exact step 2595: answers scored 7, mean expected reward 9.520, kl coef 0.0000, update 2.78 s, wall 1791155321.7
exact step 2596: answers scored 8, mean expected reward 9.904, kl coef 0.0000, update 2.82 s, wall 1791155325.1
exact step 2597: answers scored 8, mean expected reward 9.805, kl coef 0.0000, update 2.84 s, wall 1791155328.5
exact step 2598: answers scored 8, mean expected reward 9.442, kl coef 0.0000, update 2.86 s, wall 1791155338.4
checkpoint at step 2600 (1.3 s)
exact step 2599: answers scored 8, mean expected reward 9.854, kl coef 0.0000, update 4.14 s, wall 1791155343.1
exact step 2600: answers scored 8, mean expected reward 9.799, kl coef 0.0000, update 2.89 s, wall 1791155347.3
exact step 2601: answers scored 8, mean expected reward 9.686, kl coef 0.0000, update 2.84 s, wall 1791155350.9
exact step 2602: answers scored 7, mean expected reward 8.654, kl coef 0.0000, update 2.83 s, wall 1791155354.8
exact step 2603: answers scored 8, mean expected reward 9.910, kl coef 0.0000, update 2.86 s, wall 1791155358.3
exact step 2604: answers scored 8, mean expected reward 9.196, kl coef 0.0000, update 2.86 s, wall 1791155361.7
exact step 2605: answers scored 8, mean expected reward 8.343, kl coef 0.0000, update 2.85 s, wall 1791155365.4
exact step 2606: answers scored 8, mean expected reward 9.413, kl coef 0.0000, update 3.08 s, wall 1791155369.4
exact step 2607: answers scored 8, mean expected reward 9.144, kl coef 0.0000, update 2.91 s, wall 1791155373.0
exact step 2608: answers scored 8, mean expected reward 9.848, kl coef 0.0000, update 2.92 s, wall 1791155376.7
exact step 2609: answers scored 8, mean expected reward 9.681, kl coef 0.0000, update 2.87 s, wall 1791155382.8
exact step 2610: answers scored 8, mean expected reward 9.445, kl coef 0.0000, update 2.84 s, wall 1791155386.3
exact step 2611: answers scored 8, mean expected reward 10.060, kl coef 0.0000, update 2.84 s, wall 1791155389.8
exact step 2612: answers scored 8, mean expected reward 10.356, kl coef 0.0000, update 2.87 s, wall 1791155393.3
exact step 2613: answers scored 8, mean expected reward 9.755, kl coef 0.0000, update 2.85 s, wall 1791155396.8
exact step 2614: answers scored 8, mean expected reward 9.499, kl coef 0.0000, update 2.85 s, wall 1791155400.3
exact step 2615: answers scored 8, mean expected reward 8.609, kl coef 0.0000, update 2.95 s, wall 1791155403.9
exact step 2616: answers scored 7, mean expected reward 9.415, kl coef 0.0000, update 2.85 s, wall 1791155410.0
exact step 2617: answers scored 8, mean expected reward 10.344, kl coef 0.0000, update 2.91 s, wall 1791155413.5
exact step 2618: answers scored 8, mean expected reward 10.320, kl coef 0.0000, update 2.86 s, wall 1791155417.1
exact step 2619: answers scored 7, mean expected reward 9.142, kl coef 0.0000, update 2.85 s, wall 1791155421.0
exact step 2620: answers scored 8, mean expected reward 10.051, kl coef 0.0000, update 2.89 s, wall 1791155425.1
exact step 2621: answers scored 8, mean expected reward 10.492, kl coef 0.0000, update 2.84 s, wall 1791155428.6
exact step 2622: answers scored 8, mean expected reward 10.442, kl coef 0.0000, update 2.85 s, wall 1791155432.0
exact step 2623: answers scored 8, mean expected reward 9.682, kl coef 0.0000, update 3.11 s, wall 1791155436.2
exact step 2624: answers scored 7, mean expected reward 10.221, kl coef 0.0000, update 2.88 s, wall 1791155440.1
exact step 2625: answers scored 8, mean expected reward 9.607, kl coef 0.0000, update 2.86 s, wall 1791155443.8
exact step 2626: answers scored 8, mean expected reward 9.418, kl coef 0.0000, update 2.89 s, wall 1791155447.4
exact step 2627: answers scored 8, mean expected reward 9.452, kl coef 0.0000, update 2.87 s, wall 1791155450.9
exact step 2628: answers scored 8, mean expected reward 9.180, kl coef 0.0000, update 2.88 s, wall 1791155454.4
exact step 2629: answers scored 8, mean expected reward 9.641, kl coef 0.0000, update 2.89 s, wall 1791155458.0
exact step 2630: answers scored 8, mean expected reward 10.175, kl coef 0.0000, update 2.85 s, wall 1791155461.8
exact step 2631: answers scored 8, mean expected reward 9.614, kl coef 0.0000, update 2.84 s, wall 1791155466.5
exact step 2632: answers scored 7, mean expected reward 9.782, kl coef 0.0000, update 2.85 s, wall 1791155471.8
exact step 2633: answers scored 8, mean expected reward 9.076, kl coef 0.0000, update 2.85 s, wall 1791155475.3
exact step 2634: answers scored 8, mean expected reward 10.072, kl coef 0.0000, update 2.91 s, wall 1791155478.9
exact step 2635: answers scored 8, mean expected reward 9.816, kl coef 0.0000, update 2.85 s, wall 1791155482.3
exact step 2636: answers scored 8, mean expected reward 9.100, kl coef 0.0000, update 2.89 s, wall 1791155486.2
exact step 2637: answers scored 8, mean expected reward 9.207, kl coef 0.0000, update 2.86 s, wall 1791155489.6
exact step 2638: answers scored 8, mean expected reward 9.810, kl coef 0.0000, update 2.85 s, wall 1791155493.0
exact step 2639: answers scored 8, mean expected reward 9.622, kl coef 0.0000, update 2.86 s, wall 1791155496.8
exact step 2640: answers scored 8, mean expected reward 9.297, kl coef 0.0000, update 2.88 s, wall 1791155500.3
exact step 2641: answers scored 8, mean expected reward 8.844, kl coef 0.0000, update 3.12 s, wall 1791155504.0
exact step 2642: answers scored 8, mean expected reward 9.189, kl coef 0.0000, update 2.91 s, wall 1791155507.4
exact step 2643: answers scored 8, mean expected reward 10.242, kl coef 0.0000, update 2.89 s, wall 1791155511.0
exact step 2644: answers scored 8, mean expected reward 10.397, kl coef 0.0000, update 2.87 s, wall 1791155514.6
exact step 2645: answers scored 8, mean expected reward 9.604, kl coef 0.0000, update 2.88 s, wall 1791155518.1
exact step 2646: answers scored 8, mean expected reward 10.765, kl coef 0.0000, update 2.88 s, wall 1791155521.6
exact step 2647: answers scored 7, mean expected reward 10.124, kl coef 0.0000, update 2.84 s, wall 1791155527.5
exact step 2648: answers scored 6, mean expected reward 8.953, kl coef 0.0000, update 2.86 s, wall 1791155532.4
exact step 2649: answers scored 7, mean expected reward 9.700, kl coef 0.0000, update 3.13 s, wall 1791155537.4
exact step 2650: answers scored 8, mean expected reward 10.373, kl coef 0.0000, update 2.89 s, wall 1791155541.1
exact step 2651: answers scored 8, mean expected reward 10.229, kl coef 0.0000, update 2.88 s, wall 1791155544.7
exact step 2652: answers scored 8, mean expected reward 10.167, kl coef 0.0000, update 2.87 s, wall 1791155548.2
exact step 2653: answers scored 8, mean expected reward 10.262, kl coef 0.0000, update 2.88 s, wall 1791155552.7
exact step 2654: answers scored 8, mean expected reward 10.296, kl coef 0.0000, update 2.84 s, wall 1791155556.3
exact step 2655: answers scored 8, mean expected reward 9.328, kl coef 0.0000, update 2.83 s, wall 1791155559.7
exact step 2656: answers scored 8, mean expected reward 10.450, kl coef 0.0000, update 2.82 s, wall 1791155563.1
exact step 2657: answers scored 8, mean expected reward 8.387, kl coef 0.0000, update 2.82 s, wall 1791155566.8
exact step 2658: answers scored 8, mean expected reward 9.324, kl coef 0.0000, update 3.06 s, wall 1791155570.5
exact step 2659: answers scored 8, mean expected reward 9.648, kl coef 0.0000, update 2.81 s, wall 1791155573.9
exact step 2660: answers scored 8, mean expected reward 10.078, kl coef 0.0000, update 2.84 s, wall 1791155577.5
exact step 2661: answers scored 8, mean expected reward 9.319, kl coef 0.0000, update 2.85 s, wall 1791155584.4
exact step 2662: answers scored 8, mean expected reward 9.616, kl coef 0.0000, update 2.82 s, wall 1791155587.9
exact step 2663: answers scored 8, mean expected reward 9.202, kl coef 0.0000, update 2.83 s, wall 1791155591.6
exact step 2664: answers scored 7, mean expected reward 10.441, kl coef 0.0000, update 2.84 s, wall 1791155596.2
exact step 2665: answers scored 7, mean expected reward 9.351, kl coef 0.0000, update 2.90 s, wall 1791155603.5
exact step 2666: answers scored 8, mean expected reward 9.276, kl coef 0.0000, update 2.85 s, wall 1791155606.9
exact step 2667: answers scored 8, mean expected reward 9.458, kl coef 0.0000, update 2.86 s, wall 1791155610.3
exact step 2668: answers scored 8, mean expected reward 9.707, kl coef 0.0000, update 2.86 s, wall 1791155613.9
exact step 2669: answers scored 8, mean expected reward 9.020, kl coef 0.0000, update 2.87 s, wall 1791155618.3
exact step 2670: answers scored 8, mean expected reward 10.157, kl coef 0.0000, update 2.81 s, wall 1791155621.7
exact step 2671: answers scored 8, mean expected reward 9.890, kl coef 0.0000, update 2.82 s, wall 1791155625.1
exact step 2672: answers scored 8, mean expected reward 9.893, kl coef 0.0000, update 2.89 s, wall 1791155628.6
exact step 2673: answers scored 8, mean expected reward 10.183, kl coef 0.0000, update 2.87 s, wall 1791155633.1
exact step 2674: answers scored 8, mean expected reward 10.230, kl coef 0.0000, update 3.06 s, wall 1791155639.9
exact step 2675: answers scored 8, mean expected reward 9.382, kl coef 0.0000, update 3.08 s, wall 1791155643.6
exact step 2676: answers scored 8, mean expected reward 10.217, kl coef 0.0000, update 2.85 s, wall 1791155647.1
exact step 2677: answers scored 7, mean expected reward 8.183, kl coef 0.0000, update 2.90 s, wall 1791155652.3
exact step 2678: answers scored 7, mean expected reward 10.442, kl coef 0.0000, update 2.86 s, wall 1791155659.7
exact step 2679: answers scored 7, mean expected reward 10.096, kl coef 0.0000, update 2.87 s, wall 1791155664.9
exact step 2680: answers scored 7, mean expected reward 9.531, kl coef 0.0000, update 2.86 s, wall 1791155668.5
exact step 2681: answers scored 8, mean expected reward 10.271, kl coef 0.0000, update 3.09 s, wall 1791155672.3
exact step 2682: answers scored 8, mean expected reward 9.878, kl coef 0.0000, update 2.86 s, wall 1791155675.7
exact step 2683: answers scored 7, mean expected reward 9.957, kl coef 0.0000, update 2.84 s, wall 1791155680.4
exact step 2684: answers scored 8, mean expected reward 10.618, kl coef 0.0000, update 2.85 s, wall 1791155683.9
exact step 2685: answers scored 8, mean expected reward 9.175, kl coef 0.0000, update 2.84 s, wall 1791155687.4
exact step 2686: answers scored 8, mean expected reward 9.814, kl coef 0.0000, update 2.88 s, wall 1791155691.5
exact step 2687: answers scored 8, mean expected reward 10.554, kl coef 0.0000, update 2.84 s, wall 1791155695.2
exact step 2688: answers scored 8, mean expected reward 9.667, kl coef 0.0000, update 2.83 s, wall 1791155698.6
exact step 2689: answers scored 8, mean expected reward 9.837, kl coef 0.0000, update 2.85 s, wall 1791155703.0
exact step 2690: answers scored 8, mean expected reward 10.238, kl coef 0.0000, update 3.04 s, wall 1791155707.8
exact step 2691: answers scored 8, mean expected reward 10.381, kl coef 0.0000, update 2.84 s, wall 1791155711.4
exact step 2692: answers scored 7, mean expected reward 10.077, kl coef 0.0000, update 2.83 s, wall 1791155717.8
exact step 2693: answers scored 8, mean expected reward 9.858, kl coef 0.0000, update 2.86 s, wall 1791155721.4
exact step 2694: answers scored 8, mean expected reward 9.493, kl coef 0.0000, update 2.89 s, wall 1791155724.9
exact step 2695: answers scored 7, mean expected reward 9.507, kl coef 0.0000, update 2.88 s, wall 1791155729.3
exact step 2696: answers scored 8, mean expected reward 9.630, kl coef 0.0000, update 2.90 s, wall 1791155732.8
exact step 2697: answers scored 8, mean expected reward 9.645, kl coef 0.0000, update 2.88 s, wall 1791155736.3
exact step 2698: answers scored 8, mean expected reward 9.816, kl coef 0.0000, update 3.10 s, wall 1791155740.3
exact step 2699: answers scored 8, mean expected reward 10.061, kl coef 0.0000, update 2.83 s, wall 1791155743.9
exact step 2700: answers scored 8, mean expected reward 9.947, kl coef 0.0000, update 2.88 s, wall 1791155748.8
exact step 2701: answers scored 8, mean expected reward 9.045, kl coef 0.0000, update 2.90 s, wall 1791155752.3
exact step 2702: answers scored 8, mean expected reward 9.797, kl coef 0.0000, update 2.93 s, wall 1791155755.8
exact step 2703: answers scored 7, mean expected reward 9.997, kl coef 0.0000, update 2.78 s, wall 1791155761.2
exact step 2704: answers scored 8, mean expected reward 9.144, kl coef 0.0000, update 2.87 s, wall 1791155764.8
exact step 2705: answers scored 8, mean expected reward 9.758, kl coef 0.0000, update 2.90 s, wall 1791155768.3
exact step 2706: answers scored 8, mean expected reward 9.588, kl coef 0.0000, update 2.87 s, wall 1791155771.9
exact step 2707: answers scored 8, mean expected reward 8.515, kl coef 0.0000, update 2.95 s, wall 1791155775.7
exact step 2708: answers scored 8, mean expected reward 9.726, kl coef 0.0000, update 2.86 s, wall 1791155779.0
exact step 2709: answers scored 8, mean expected reward 9.628, kl coef 0.0000, update 2.87 s, wall 1791155784.0
exact step 2710: answers scored 8, mean expected reward 9.923, kl coef 0.0000, update 2.87 s, wall 1791155787.4
exact step 2711: answers scored 8, mean expected reward 10.205, kl coef 0.0000, update 2.85 s, wall 1791155790.9
exact step 2712: answers scored 8, mean expected reward 10.637, kl coef 0.0000, update 2.87 s, wall 1791155794.4
exact step 2713: answers scored 8, mean expected reward 9.572, kl coef 0.0000, update 2.84 s, wall 1791155797.7
exact step 2714: answers scored 8, mean expected reward 10.131, kl coef 0.0000, update 2.87 s, wall 1791155801.2
exact step 2715: answers scored 8, mean expected reward 9.950, kl coef 0.0000, update 2.85 s, wall 1791155804.9
exact step 2716: answers scored 8, mean expected reward 10.053, kl coef 0.0000, update 3.12 s, wall 1791155808.5
exact step 2717: answers scored 8, mean expected reward 9.046, kl coef 0.0000, update 2.85 s, wall 1791155812.1
exact step 2718: answers scored 8, mean expected reward 9.167, kl coef 0.0000, update 2.88 s, wall 1791155815.6
exact step 2719: answers scored 8, mean expected reward 10.064, kl coef 0.0000, update 2.93 s, wall 1791155819.1
exact step 2720: answers scored 8, mean expected reward 9.550, kl coef 0.0000, update 2.90 s, wall 1791155823.2
exact step 2721: answers scored 8, mean expected reward 10.820, kl coef 0.0000, update 2.79 s, wall 1791155826.5
exact step 2722: answers scored 8, mean expected reward 8.878, kl coef 0.0000, update 2.79 s, wall 1791155829.7
exact step 2723: answers scored 7, mean expected reward 9.575, kl coef 0.0000, update 2.79 s, wall 1791155835.8
exact step 2724: answers scored 7, mean expected reward 10.467, kl coef 0.0000, update 3.03 s, wall 1791155841.0
exact step 2725: answers scored 8, mean expected reward 9.853, kl coef 0.0000, update 2.81 s, wall 1791155844.6
exact step 2726: answers scored 8, mean expected reward 9.762, kl coef 0.0000, update 2.83 s, wall 1791155850.6
exact step 2727: answers scored 8, mean expected reward 9.464, kl coef 0.0000, update 2.82 s, wall 1791155854.7
exact step 2728: answers scored 8, mean expected reward 10.685, kl coef 0.0000, update 2.80 s, wall 1791155858.8
exact step 2729: answers scored 8, mean expected reward 10.406, kl coef 0.0000, update 2.90 s, wall 1791155862.3
exact step 2730: answers scored 8, mean expected reward 9.910, kl coef 0.0000, update 2.86 s, wall 1791155865.8
exact step 2731: answers scored 8, mean expected reward 10.347, kl coef 0.0000, update 2.87 s, wall 1791155869.8
exact step 2732: answers scored 8, mean expected reward 8.344, kl coef 0.0000, update 2.90 s, wall 1791155873.4
exact step 2733: answers scored 8, mean expected reward 9.485, kl coef 0.0000, update 2.95 s, wall 1791155877.0
exact step 2734: answers scored 7, mean expected reward 9.975, kl coef 0.0000, update 2.90 s, wall 1791155886.4
exact step 2735: answers scored 8, mean expected reward 9.688, kl coef 0.0000, update 2.87 s, wall 1791155890.2
exact step 2736: answers scored 8, mean expected reward 9.659, kl coef 0.0000, update 2.85 s, wall 1791155894.2
exact step 2737: answers scored 8, mean expected reward 10.185, kl coef 0.0000, update 2.84 s, wall 1791155897.7
exact step 2738: answers scored 8, mean expected reward 10.104, kl coef 0.0000, update 2.89 s, wall 1791155903.3
exact step 2739: answers scored 8, mean expected reward 9.285, kl coef 0.0000, update 2.86 s, wall 1791155906.5
exact step 2740: answers scored 8, mean expected reward 9.860, kl coef 0.0000, update 3.06 s, wall 1791155910.2
exact step 2741: answers scored 8, mean expected reward 10.315, kl coef 0.0000, update 2.86 s, wall 1791155913.9
exact step 2742: answers scored 8, mean expected reward 8.474, kl coef 0.0000, update 2.87 s, wall 1791155917.4
exact step 2743: answers scored 8, mean expected reward 9.419, kl coef 0.0000, update 2.82 s, wall 1791155920.9
exact step 2744: answers scored 8, mean expected reward 9.560, kl coef 0.0000, update 2.85 s, wall 1791155924.3
exact step 2745: answers scored 8, mean expected reward 9.332, kl coef 0.0000, update 2.89 s, wall 1791155927.8
exact step 2746: answers scored 8, mean expected reward 10.325, kl coef 0.0000, update 2.91 s, wall 1791155931.7
exact step 2747: answers scored 8, mean expected reward 10.373, kl coef 0.0000, update 2.84 s, wall 1791155935.1
exact step 2748: answers scored 8, mean expected reward 10.405, kl coef 0.0000, update 2.92 s, wall 1791155938.9
exact step 2749: answers scored 7, mean expected reward 7.701, kl coef 0.0000, update 3.04 s, wall 1791155943.5
exact step 2750: answers scored 8, mean expected reward 9.477, kl coef 0.0000, update 2.85 s, wall 1791155947.0
exact step 2751: answers scored 8, mean expected reward 9.741, kl coef 0.0000, update 2.82 s, wall 1791155951.5
exact step 2752: answers scored 8, mean expected reward 10.023, kl coef 0.0000, update 2.82 s, wall 1791155955.0
exact step 2753: answers scored 8, mean expected reward 9.734, kl coef 0.0000, update 2.83 s, wall 1791155958.5
exact step 2754: answers scored 8, mean expected reward 9.990, kl coef 0.0000, update 2.84 s, wall 1791155964.3
exact step 2755: answers scored 8, mean expected reward 9.285, kl coef 0.0000, update 2.84 s, wall 1791155967.7
exact step 2756: answers scored 8, mean expected reward 9.413, kl coef 0.0000, update 2.85 s, wall 1791155971.5
exact step 2757: answers scored 8, mean expected reward 9.506, kl coef 0.0000, update 2.91 s, wall 1791155975.0
exact step 2758: answers scored 8, mean expected reward 9.875, kl coef 0.0000, update 2.93 s, wall 1791155978.6
exact step 2759: answers scored 7, mean expected reward 9.678, kl coef 0.0000, update 2.84 s, wall 1791155983.5
exact step 2760: answers scored 8, mean expected reward 9.512, kl coef 0.0000, update 2.85 s, wall 1791155986.9
exact step 2761: answers scored 8, mean expected reward 9.248, kl coef 0.0000, update 2.84 s, wall 1791155990.2
exact step 2762: answers scored 8, mean expected reward 10.456, kl coef 0.0000, update 2.84 s, wall 1791155993.6
exact step 2763: answers scored 8, mean expected reward 10.568, kl coef 0.0000, update 2.85 s, wall 1791155997.0
exact step 2764: answers scored 8, mean expected reward 9.470, kl coef 0.0000, update 2.87 s, wall 1791156000.7
exact step 2765: answers scored 8, mean expected reward 8.908, kl coef 0.0000, update 2.85 s, wall 1791156004.3
exact step 2766: answers scored 8, mean expected reward 9.282, kl coef 0.0000, update 2.87 s, wall 1791156008.2
exact step 2767: answers scored 8, mean expected reward 9.091, kl coef 0.0000, update 3.03 s, wall 1791156011.9
exact step 2768: answers scored 8, mean expected reward 10.052, kl coef 0.0000, update 2.90 s, wall 1791156015.5
exact step 2769: answers scored 8, mean expected reward 9.254, kl coef 0.0000, update 2.91 s, wall 1791156018.9
exact step 2770: answers scored 8, mean expected reward 8.851, kl coef 0.0000, update 2.92 s, wall 1791156022.4
exact step 2771: answers scored 8, mean expected reward 10.354, kl coef 0.0000, update 2.90 s, wall 1791156025.8
exact step 2772: answers scored 8, mean expected reward 9.311, kl coef 0.0000, update 2.91 s, wall 1791156029.3
exact step 2773: answers scored 8, mean expected reward 10.277, kl coef 0.0000, update 2.88 s, wall 1791156032.8
exact step 2774: answers scored 6, mean expected reward 9.723, kl coef 0.0000, update 2.79 s, wall 1791156037.4
exact step 2775: answers scored 8, mean expected reward 9.854, kl coef 0.0000, update 2.82 s, wall 1791156040.8
exact step 2776: answers scored 7, mean expected reward 10.429, kl coef 0.0000, update 3.09 s, wall 1791156045.1
exact step 2777: answers scored 8, mean expected reward 9.164, kl coef 0.0000, update 2.87 s, wall 1791156049.1
exact step 2778: answers scored 8, mean expected reward 9.906, kl coef 0.0000, update 2.87 s, wall 1791156052.6
exact step 2779: answers scored 8, mean expected reward 9.917, kl coef 0.0000, update 2.87 s, wall 1791156056.0
exact step 2780: answers scored 8, mean expected reward 10.234, kl coef 0.0000, update 2.86 s, wall 1791156059.6
exact step 2781: answers scored 8, mean expected reward 9.085, kl coef 0.0000, update 2.84 s, wall 1791156063.3
exact step 2782: answers scored 8, mean expected reward 10.332, kl coef 0.0000, update 2.83 s, wall 1791156067.2
exact step 2783: answers scored 8, mean expected reward 9.999, kl coef 0.0000, update 2.84 s, wall 1791156071.4
exact step 2784: answers scored 8, mean expected reward 9.667, kl coef 0.0000, update 2.93 s, wall 1791156081.4
exact step 2785: answers scored 8, mean expected reward 10.609, kl coef 0.0000, update 2.86 s, wall 1791156085.0
exact step 2786: answers scored 8, mean expected reward 9.593, kl coef 0.0000, update 2.90 s, wall 1791156088.5
exact step 2787: answers scored 8, mean expected reward 10.416, kl coef 0.0000, update 2.90 s, wall 1791156093.0
exact step 2788: answers scored 8, mean expected reward 10.295, kl coef 0.0000, update 2.91 s, wall 1791156097.4
exact step 2789: answers scored 8, mean expected reward 9.659, kl coef 0.0000, update 2.91 s, wall 1791156100.9
exact step 2790: answers scored 8, mean expected reward 9.525, kl coef 0.0000, update 2.87 s, wall 1791156104.8
exact step 2791: answers scored 8, mean expected reward 9.503, kl coef 0.0000, update 2.87 s, wall 1791156108.3
exact step 2792: answers scored 8, mean expected reward 10.093, kl coef 0.0000, update 3.08 s, wall 1791156112.0
exact step 2793: answers scored 8, mean expected reward 8.756, kl coef 0.0000, update 2.87 s, wall 1791156115.5
exact step 2794: answers scored 8, mean expected reward 9.478, kl coef 0.0000, update 2.84 s, wall 1791156119.9
exact step 2795: answers scored 8, mean expected reward 10.125, kl coef 0.0000, update 2.85 s, wall 1791156123.4
exact step 2796: answers scored 8, mean expected reward 9.346, kl coef 0.0000, update 2.91 s, wall 1791156127.0
exact step 2797: answers scored 8, mean expected reward 9.497, kl coef 0.0000, update 2.81 s, wall 1791156130.8
exact step 2798: answers scored 8, mean expected reward 9.319, kl coef 0.0000, update 2.92 s, wall 1791156134.3
checkpoint at step 2800 (1.3 s)
exact step 2799: answers scored 8, mean expected reward 9.943, kl coef 0.0000, update 4.22 s, wall 1791156139.1
exact step 2800: answers scored 8, mean expected reward 9.550, kl coef 0.0000, update 2.92 s, wall 1791156143.3
exact step 2801: answers scored 8, mean expected reward 9.156, kl coef 0.0000, update 3.06 s, wall 1791156147.1
exact step 2802: answers scored 7, mean expected reward 9.825, kl coef 0.0000, update 2.87 s, wall 1791156158.1
exact step 2803: answers scored 8, mean expected reward 9.246, kl coef 0.0000, update 2.89 s, wall 1791156161.9
exact step 2804: answers scored 8, mean expected reward 10.510, kl coef 0.0000, update 2.83 s, wall 1791156166.2
exact step 2805: answers scored 8, mean expected reward 10.470, kl coef 0.0000, update 2.86 s, wall 1791156170.3
exact step 2806: answers scored 8, mean expected reward 9.541, kl coef 0.0000, update 3.01 s, wall 1791156177.8
exact step 2807: answers scored 8, mean expected reward 10.117, kl coef 0.0000, update 2.86 s, wall 1791156181.6
exact step 2808: answers scored 8, mean expected reward 9.061, kl coef 0.0000, update 2.88 s, wall 1791156185.3
exact step 2809: answers scored 8, mean expected reward 10.491, kl coef 0.0000, update 2.98 s, wall 1791156189.8
exact step 2810: answers scored 7, mean expected reward 10.331, kl coef 0.0000, update 2.86 s, wall 1791156208.6
exact step 2811: answers scored 8, mean expected reward 10.294, kl coef 0.0000, update 3.10 s, wall 1791156213.2
exact step 2812: answers scored 7, mean expected reward 9.747, kl coef 0.0000, update 2.82 s, wall 1791156218.2
exact step 2813: answers scored 8, mean expected reward 8.324, kl coef 0.0000, update 2.85 s, wall 1791156221.8
exact step 2814: answers scored 8, mean expected reward 9.838, kl coef 0.0000, update 2.90 s, wall 1791156229.5
exact step 2815: answers scored 8, mean expected reward 10.061, kl coef 0.0000, update 2.83 s, wall 1791156233.0
exact step 2816: answers scored 8, mean expected reward 9.649, kl coef 0.0000, update 2.86 s, wall 1791156236.5
exact step 2817: answers scored 6, mean expected reward 9.229, kl coef 0.0000, update 2.98 s, wall 1791156243.2
exact step 2818: answers scored 8, mean expected reward 10.046, kl coef 0.0000, update 2.80 s, wall 1791156246.5
exact step 2819: answers scored 8, mean expected reward 10.685, kl coef 0.0000, update 2.95 s, wall 1791156250.3
exact step 2820: answers scored 8, mean expected reward 10.219, kl coef 0.0000, update 2.83 s, wall 1791156253.8
exact step 2821: answers scored 8, mean expected reward 9.952, kl coef 0.0000, update 2.85 s, wall 1791156257.4
exact step 2822: answers scored 8, mean expected reward 10.422, kl coef 0.0000, update 2.88 s, wall 1791156261.4
exact step 2823: answers scored 8, mean expected reward 9.957, kl coef 0.0000, update 2.83 s, wall 1791156265.2
exact step 2824: answers scored 8, mean expected reward 9.677, kl coef 0.0000, update 2.88 s, wall 1791156268.7
exact step 2825: answers scored 8, mean expected reward 9.472, kl coef 0.0000, update 2.88 s, wall 1791156273.5
exact step 2826: answers scored 7, mean expected reward 9.791, kl coef 0.0000, update 2.92 s, wall 1791156278.8
exact step 2827: answers scored 7, mean expected reward 9.674, kl coef 0.0000, update 2.83 s, wall 1791156290.3
exact step 2828: answers scored 8, mean expected reward 9.423, kl coef 0.0000, update 2.83 s, wall 1791156293.7
exact step 2829: answers scored 8, mean expected reward 9.666, kl coef 0.0000, update 2.87 s, wall 1791156297.2
exact step 2830: answers scored 8, mean expected reward 9.404, kl coef 0.0000, update 2.84 s, wall 1791156300.9
exact step 2831: answers scored 8, mean expected reward 9.925, kl coef 0.0000, update 2.85 s, wall 1791156304.7
exact step 2832: answers scored 8, mean expected reward 9.161, kl coef 0.0000, update 2.85 s, wall 1791156308.2
exact step 2833: answers scored 8, mean expected reward 8.139, kl coef 0.0000, update 2.84 s, wall 1791156311.8
exact step 2834: answers scored 7, mean expected reward 9.740, kl coef 0.0000, update 3.07 s, wall 1791156317.5
exact step 2835: answers scored 8, mean expected reward 9.598, kl coef 0.0000, update 2.93 s, wall 1791156321.0
exact step 2836: answers scored 8, mean expected reward 10.278, kl coef 0.0000, update 2.91 s, wall 1791156324.6
exact step 2837: answers scored 8, mean expected reward 10.857, kl coef 0.0000, update 2.88 s, wall 1791156329.0
exact step 2838: answers scored 8, mean expected reward 10.901, kl coef 0.0000, update 2.92 s, wall 1791156332.5
exact step 2839: answers scored 7, mean expected reward 9.783, kl coef 0.0000, update 2.85 s, wall 1791156337.4
exact step 2840: answers scored 8, mean expected reward 9.344, kl coef 0.0000, update 2.91 s, wall 1791156342.1
exact step 2841: answers scored 8, mean expected reward 8.653, kl coef 0.0000, update 2.85 s, wall 1791156345.6
exact step 2842: answers scored 8, mean expected reward 9.772, kl coef 0.0000, update 2.88 s, wall 1791156349.1
exact step 2843: answers scored 8, mean expected reward 10.667, kl coef 0.0000, update 2.91 s, wall 1791156354.1
exact step 2844: answers scored 8, mean expected reward 9.224, kl coef 0.0000, update 2.89 s, wall 1791156358.0
exact step 2845: answers scored 8, mean expected reward 9.581, kl coef 0.0000, update 2.83 s, wall 1791156362.9
exact step 2846: answers scored 8, mean expected reward 10.166, kl coef 0.0000, update 2.83 s, wall 1791156367.1
exact step 2847: answers scored 8, mean expected reward 9.524, kl coef 0.0000, update 2.82 s, wall 1791156370.6
exact step 2848: answers scored 8, mean expected reward 8.963, kl coef 0.0000, update 2.82 s, wall 1791156374.0
exact step 2849: answers scored 7, mean expected reward 9.589, kl coef 0.0000, update 2.84 s, wall 1791156377.4
exact step 2850: answers scored 8, mean expected reward 9.513, kl coef 0.0000, update 2.84 s, wall 1791156380.9
exact step 2851: answers scored 8, mean expected reward 9.139, kl coef 0.0000, update 2.92 s, wall 1791156385.6
exact step 2852: answers scored 8, mean expected reward 9.921, kl coef 0.0000, update 2.89 s, wall 1791156389.2
exact step 2853: answers scored 8, mean expected reward 10.667, kl coef 0.0000, update 2.81 s, wall 1791156392.9
exact step 2854: answers scored 8, mean expected reward 10.640, kl coef 0.0000, update 2.84 s, wall 1791156396.3
exact step 2855: answers scored 8, mean expected reward 8.206, kl coef 0.0000, update 2.90 s, wall 1791156400.6
exact step 2856: answers scored 8, mean expected reward 10.097, kl coef 0.0000, update 2.91 s, wall 1791156404.1
exact step 2857: answers scored 8, mean expected reward 9.203, kl coef 0.0000, update 2.90 s, wall 1791156407.6
exact step 2858: answers scored 8, mean expected reward 9.371, kl coef 0.0000, update 2.86 s, wall 1791156411.0
exact step 2859: answers scored 8, mean expected reward 9.868, kl coef 0.0000, update 2.90 s, wall 1791156415.8
exact step 2860: answers scored 8, mean expected reward 9.472, kl coef 0.0000, update 2.85 s, wall 1791156419.3
exact step 2861: answers scored 8, mean expected reward 9.751, kl coef 0.0000, update 2.87 s, wall 1791156424.4
exact step 2862: answers scored 8, mean expected reward 9.842, kl coef 0.0000, update 2.90 s, wall 1791156428.0
exact step 2863: answers scored 8, mean expected reward 9.181, kl coef 0.0000, update 2.96 s, wall 1791156435.4
exact step 2864: answers scored 8, mean expected reward 9.084, kl coef 0.0000, update 2.85 s, wall 1791156439.0
exact step 2865: answers scored 7, mean expected reward 11.100, kl coef 0.0000, update 3.17 s, wall 1791156443.3
exact step 2866: answers scored 8, mean expected reward 9.916, kl coef 0.0000, update 3.11 s, wall 1791156447.9
exact step 2867: answers scored 8, mean expected reward 10.225, kl coef 0.0000, update 3.23 s, wall 1791156452.0
exact step 2868: answers scored 8, mean expected reward 9.672, kl coef 0.0000, update 3.08 s, wall 1791156455.7
exact step 2869: answers scored 8, mean expected reward 10.006, kl coef 0.0000, update 3.09 s, wall 1791156459.7
exact step 2870: answers scored 8, mean expected reward 9.241, kl coef 0.0000, update 3.07 s, wall 1791156463.3
exact step 2871: answers scored 7, mean expected reward 9.707, kl coef 0.0000, update 2.91 s, wall 1791156467.4
exact step 2872: answers scored 8, mean expected reward 9.615, kl coef 0.0000, update 2.87 s, wall 1791156471.2
exact step 2873: answers scored 8, mean expected reward 9.889, kl coef 0.0000, update 2.87 s, wall 1791156475.3
exact step 2874: answers scored 8, mean expected reward 9.834, kl coef 0.0000, update 2.93 s, wall 1791156479.4
exact step 2875: answers scored 8, mean expected reward 10.250, kl coef 0.0000, update 2.88 s, wall 1791156482.8
exact step 2876: answers scored 8, mean expected reward 9.158, kl coef 0.0000, update 2.85 s, wall 1791156486.3
exact step 2877: answers scored 8, mean expected reward 10.253, kl coef 0.0000, update 2.85 s, wall 1791156489.6
exact step 2878: answers scored 8, mean expected reward 10.222, kl coef 0.0000, update 2.79 s, wall 1791156493.0
exact step 2879: answers scored 8, mean expected reward 10.172, kl coef 0.0000, update 2.80 s, wall 1791156496.3
exact step 2880: answers scored 7, mean expected reward 9.078, kl coef 0.0000, update 3.06 s, wall 1791156502.4
exact step 2881: answers scored 8, mean expected reward 9.475, kl coef 0.0000, update 2.81 s, wall 1791156506.1
exact step 2882: answers scored 8, mean expected reward 9.647, kl coef 0.0000, update 2.80 s, wall 1791156509.5
exact step 2883: answers scored 8, mean expected reward 10.142, kl coef 0.0000, update 2.80 s, wall 1791156513.1
exact step 2884: answers scored 7, mean expected reward 9.168, kl coef 0.0000, update 2.87 s, wall 1791156518.9
exact step 2885: answers scored 8, mean expected reward 9.778, kl coef 0.0000, update 2.80 s, wall 1791156522.3
exact step 2886: answers scored 7, mean expected reward 7.579, kl coef 0.0000, update 2.80 s, wall 1791156527.3
exact step 2887: answers scored 8, mean expected reward 9.324, kl coef 0.0000, update 2.87 s, wall 1791156532.1
exact step 2888: answers scored 8, mean expected reward 9.865, kl coef 0.0000, update 3.15 s, wall 1791156536.0
exact step 2889: answers scored 8, mean expected reward 10.401, kl coef 0.0000, update 2.85 s, wall 1791156539.5
exact step 2890: answers scored 8, mean expected reward 9.540, kl coef 0.0000, update 2.89 s, wall 1791156542.9
exact step 2891: answers scored 8, mean expected reward 10.727, kl coef 0.0000, update 2.83 s, wall 1791156546.3
exact step 2892: answers scored 8, mean expected reward 9.929, kl coef 0.0000, update 2.85 s, wall 1791156549.9
exact step 2893: answers scored 8, mean expected reward 10.096, kl coef 0.0000, update 2.84 s, wall 1791156553.4
exact step 2894: answers scored 8, mean expected reward 8.816, kl coef 0.0000, update 2.87 s, wall 1791156557.3
exact step 2895: answers scored 8, mean expected reward 9.848, kl coef 0.0000, update 2.87 s, wall 1791156561.4
exact step 2896: answers scored 7, mean expected reward 9.924, kl coef 0.0000, update 3.20 s, wall 1791156569.0
exact step 2897: answers scored 8, mean expected reward 9.351, kl coef 0.0000, update 2.86 s, wall 1791156572.5
exact step 2898: answers scored 8, mean expected reward 9.808, kl coef 0.0000, update 2.92 s, wall 1791156580.0
exact step 2899: answers scored 8, mean expected reward 9.610, kl coef 0.0000, update 2.86 s, wall 1791156583.5
exact step 2900: answers scored 8, mean expected reward 9.620, kl coef 0.0000, update 2.83 s, wall 1791156587.0
exact step 2901: answers scored 8, mean expected reward 9.820, kl coef 0.0000, update 2.91 s, wall 1791156590.9
exact step 2902: answers scored 8, mean expected reward 9.890, kl coef 0.0000, update 2.87 s, wall 1791156594.4
exact step 2903: answers scored 7, mean expected reward 9.867, kl coef 0.0000, update 2.89 s, wall 1791156599.4
exact step 2904: answers scored 8, mean expected reward 9.286, kl coef 0.0000, update 3.13 s, wall 1791156603.2
exact step 2905: answers scored 8, mean expected reward 9.732, kl coef 0.0000, update 2.86 s, wall 1791156607.4
exact step 2906: answers scored 8, mean expected reward 9.556, kl coef 0.0000, update 2.88 s, wall 1791156611.2
exact step 2907: answers scored 8, mean expected reward 8.980, kl coef 0.0000, update 2.84 s, wall 1791156614.8
exact step 2908: answers scored 8, mean expected reward 8.393, kl coef 0.0000, update 2.86 s, wall 1791156618.4
exact step 2909: answers scored 8, mean expected reward 9.849, kl coef 0.0000, update 2.87 s, wall 1791156622.9
exact step 2910: answers scored 8, mean expected reward 10.029, kl coef 0.0000, update 2.86 s, wall 1791156626.6
exact step 2911: answers scored 8, mean expected reward 8.740, kl coef 0.0000, update 2.89 s, wall 1791156630.1
exact step 2912: answers scored 8, mean expected reward 9.991, kl coef 0.0000, update 2.89 s, wall 1791156633.6
exact step 2913: answers scored 8, mean expected reward 10.097, kl coef 0.0000, update 3.20 s, wall 1791156637.5
exact step 2914: answers scored 8, mean expected reward 9.620, kl coef 0.0000, update 2.88 s, wall 1791156641.0
exact step 2915: answers scored 8, mean expected reward 9.409, kl coef 0.0000, update 2.85 s, wall 1791156644.6
exact step 2916: answers scored 8, mean expected reward 9.555, kl coef 0.0000, update 2.87 s, wall 1791156648.5
exact step 2917: answers scored 8, mean expected reward 9.720, kl coef 0.0000, update 2.84 s, wall 1791156651.9
exact step 2918: answers scored 8, mean expected reward 9.740, kl coef 0.0000, update 2.84 s, wall 1791156655.3
exact step 2919: answers scored 8, mean expected reward 10.031, kl coef 0.0000, update 2.88 s, wall 1791156658.8
exact step 2920: answers scored 8, mean expected reward 9.493, kl coef 0.0000, update 3.04 s, wall 1791156662.4
exact step 2921: answers scored 8, mean expected reward 8.331, kl coef 0.0000, update 3.27 s, wall 1791156669.8
exact step 2922: answers scored 8, mean expected reward 10.245, kl coef 0.0000, update 3.47 s, wall 1791156674.5
exact step 2923: answers scored 8, mean expected reward 9.562, kl coef 0.0000, update 3.69 s, wall 1791156678.9
exact step 2924: answers scored 8, mean expected reward 9.958, kl coef 0.0000, update 3.63 s, wall 1791156683.3
exact step 2925: answers scored 8, mean expected reward 9.041, kl coef 0.0000, update 3.48 s, wall 1791156687.7
exact step 2926: answers scored 8, mean expected reward 9.277, kl coef 0.0000, update 3.41 s, wall 1791156691.9
exact step 2927: answers scored 8, mean expected reward 9.921, kl coef 0.0000, update 3.00 s, wall 1791156695.6
exact step 2928: answers scored 7, mean expected reward 9.639, kl coef 0.0000, update 3.44 s, wall 1791156711.7
exact step 2929: answers scored 8, mean expected reward 9.521, kl coef 0.0000, update 3.40 s, wall 1791156717.1
exact step 2930: answers scored 7, mean expected reward 9.012, kl coef 0.0000, update 3.10 s, wall 1791156723.5
exact step 2931: answers scored 7, mean expected reward 10.060, kl coef 0.0000, update 2.85 s, wall 1791156732.3
exact step 2932: answers scored 8, mean expected reward 10.187, kl coef 0.0000, update 2.84 s, wall 1791156736.9
exact step 2933: answers scored 8, mean expected reward 10.542, kl coef 0.0000, update 2.87 s, wall 1791156741.0
exact step 2934: answers scored 8, mean expected reward 8.537, kl coef 0.0000, update 3.33 s, wall 1791156745.0
exact step 2935: answers scored 8, mean expected reward 9.589, kl coef 0.0000, update 2.96 s, wall 1791156749.7
exact step 2936: answers scored 8, mean expected reward 9.608, kl coef 0.0000, update 2.86 s, wall 1791156753.7
exact step 2937: answers scored 8, mean expected reward 9.502, kl coef 0.0000, update 2.86 s, wall 1791156757.2
exact step 2938: answers scored 8, mean expected reward 10.483, kl coef 0.0000, update 2.85 s, wall 1791156760.7
exact step 2939: answers scored 8, mean expected reward 10.177, kl coef 0.0000, update 2.84 s, wall 1791156764.1
exact step 2940: answers scored 8, mean expected reward 10.022, kl coef 0.0000, update 2.85 s, wall 1791156767.7
exact step 2941: answers scored 8, mean expected reward 9.833, kl coef 0.0000, update 2.84 s, wall 1791156771.3
exact step 2942: answers scored 8, mean expected reward 10.009, kl coef 0.0000, update 2.86 s, wall 1791156774.8
exact step 2943: answers scored 8, mean expected reward 10.372, kl coef 0.0000, update 2.84 s, wall 1791156778.5
exact step 2944: answers scored 8, mean expected reward 8.894, kl coef 0.0000, update 2.84 s, wall 1791156782.0
exact step 2945: answers scored 8, mean expected reward 8.127, kl coef 0.0000, update 2.84 s, wall 1791156785.4
exact step 2946: answers scored 8, mean expected reward 9.816, kl coef 0.0000, update 2.84 s, wall 1791156788.8
exact step 2947: answers scored 8, mean expected reward 9.973, kl coef 0.0000, update 2.82 s, wall 1791156792.2
exact step 2948: answers scored 8, mean expected reward 8.734, kl coef 0.0000, update 2.82 s, wall 1791156795.7
exact step 2949: answers scored 7, mean expected reward 9.814, kl coef 0.0000, update 2.78 s, wall 1791156801.7
exact step 2950: answers scored 8, mean expected reward 10.478, kl coef 0.0000, update 2.84 s, wall 1791156805.0
exact step 2951: answers scored 8, mean expected reward 9.667, kl coef 0.0000, update 2.87 s, wall 1791156808.5
exact step 2952: answers scored 7, mean expected reward 11.026, kl coef 0.0000, update 2.85 s, wall 1791156815.8
exact step 2953: answers scored 8, mean expected reward 10.062, kl coef 0.0000, update 2.86 s, wall 1791156819.8
exact step 2954: answers scored 8, mean expected reward 9.291, kl coef 0.0000, update 2.86 s, wall 1791156823.4
exact step 2955: answers scored 8, mean expected reward 9.263, kl coef 0.0000, update 2.85 s, wall 1791156826.8
exact step 2956: answers scored 8, mean expected reward 10.654, kl coef 0.0000, update 2.87 s, wall 1791156830.3
exact step 2957: answers scored 8, mean expected reward 10.097, kl coef 0.0000, update 2.91 s, wall 1791156835.1
exact step 2958: answers scored 8, mean expected reward 10.293, kl coef 0.0000, update 2.85 s, wall 1791156839.2
exact step 2959: answers scored 8, mean expected reward 10.314, kl coef 0.0000, update 2.82 s, wall 1791156842.6
exact step 2960: answers scored 8, mean expected reward 9.941, kl coef 0.0000, update 2.84 s, wall 1791156847.8
exact step 2961: answers scored 8, mean expected reward 9.108, kl coef 0.0000, update 2.82 s, wall 1791156851.4
exact step 2962: answers scored 8, mean expected reward 9.902, kl coef 0.0000, update 2.86 s, wall 1791156854.9
exact step 2963: answers scored 7, mean expected reward 9.166, kl coef 0.0000, update 2.83 s, wall 1791156859.4
exact step 2964: answers scored 8, mean expected reward 9.619, kl coef 0.0000, update 2.84 s, wall 1791156863.1
exact step 2965: answers scored 8, mean expected reward 9.114, kl coef 0.0000, update 2.86 s, wall 1791156866.5
exact step 2966: answers scored 8, mean expected reward 10.015, kl coef 0.0000, update 2.87 s, wall 1791156870.9
exact step 2967: answers scored 8, mean expected reward 10.406, kl coef 0.0000, update 2.89 s, wall 1791156874.4
exact step 2968: answers scored 8, mean expected reward 9.729, kl coef 0.0000, update 2.95 s, wall 1791156878.1
exact step 2969: answers scored 8, mean expected reward 8.974, kl coef 0.0000, update 2.94 s, wall 1791156881.6
exact step 2970: answers scored 8, mean expected reward 10.057, kl coef 0.0000, update 2.90 s, wall 1791156885.3
exact step 2971: answers scored 8, mean expected reward 9.263, kl coef 0.0000, update 2.84 s, wall 1791156888.8
exact step 2972: answers scored 8, mean expected reward 9.226, kl coef 0.0000, update 2.89 s, wall 1791156892.3
exact step 2973: answers scored 8, mean expected reward 9.491, kl coef 0.0000, update 2.85 s, wall 1791156896.0
exact step 2974: answers scored 8, mean expected reward 10.265, kl coef 0.0000, update 2.91 s, wall 1791156899.6
exact step 2975: answers scored 8, mean expected reward 9.643, kl coef 0.0000, update 2.95 s, wall 1791156903.2
exact step 2976: answers scored 8, mean expected reward 9.493, kl coef 0.0000, update 2.93 s, wall 1791156906.9
exact step 2977: answers scored 8, mean expected reward 10.581, kl coef 0.0000, update 2.94 s, wall 1791156910.5
exact step 2978: answers scored 8, mean expected reward 9.138, kl coef 0.0000, update 2.90 s, wall 1791156914.1
exact step 2979: answers scored 8, mean expected reward 9.249, kl coef 0.0000, update 2.85 s, wall 1791156917.6
exact step 2980: answers scored 8, mean expected reward 9.132, kl coef 0.0000, update 2.91 s, wall 1791156921.1
exact step 2981: answers scored 7, mean expected reward 9.323, kl coef 0.0000, update 2.86 s, wall 1791156924.8
exact step 2982: answers scored 8, mean expected reward 9.149, kl coef 0.0000, update 2.90 s, wall 1791156928.3
exact step 2983: answers scored 8, mean expected reward 9.444, kl coef 0.0000, update 2.86 s, wall 1791156931.8
exact step 2984: answers scored 8, mean expected reward 9.844, kl coef 0.0000, update 2.82 s, wall 1791156935.4
exact step 2985: answers scored 8, mean expected reward 9.788, kl coef 0.0000, update 2.87 s, wall 1791156939.0
exact step 2986: answers scored 8, mean expected reward 9.782, kl coef 0.0000, update 2.91 s, wall 1791156943.2
exact step 2987: answers scored 8, mean expected reward 9.850, kl coef 0.0000, update 2.84 s, wall 1791156946.9
exact step 2988: answers scored 8, mean expected reward 10.047, kl coef 0.0000, update 2.89 s, wall 1791156951.7
exact step 2989: answers scored 7, mean expected reward 9.985, kl coef 0.0000, update 2.90 s, wall 1791156956.3
exact step 2990: answers scored 8, mean expected reward 10.069, kl coef 0.0000, update 2.91 s, wall 1791156960.0
exact step 2991: answers scored 8, mean expected reward 9.261, kl coef 0.0000, update 2.88 s, wall 1791156963.5
exact step 2992: answers scored 8, mean expected reward 9.806, kl coef 0.0000, update 2.85 s, wall 1791156966.9
exact step 2993: answers scored 8, mean expected reward 10.030, kl coef 0.0000, update 2.92 s, wall 1791156970.6
exact step 2994: answers scored 8, mean expected reward 9.935, kl coef 0.0000, update 2.86 s, wall 1791156974.0
exact step 2995: answers scored 8, mean expected reward 9.206, kl coef 0.0000, update 2.86 s, wall 1791156977.5
exact step 2996: answers scored 8, mean expected reward 9.834, kl coef 0.0000, update 2.92 s, wall 1791156981.3
exact step 2997: answers scored 8, mean expected reward 9.321, kl coef 0.0000, update 2.92 s, wall 1791156986.3
exact step 2998: answers scored 8, mean expected reward 9.291, kl coef 0.0000, update 2.89 s, wall 1791156989.7
checkpoint at step 3000 (1.4 s)
wandb:                                                                                
wandb: 
wandb: Run history:
wandb:                         seconds ▄▃▂▇▃▂▂▂▁▁▂▂▂▅▃▁▄▃▂▁▃▂▂▂▂▃▃▂▃█▂▃▁▄▂▃▃▄▃▁
wandb:        stability/answers_scored ███▁███████▁██████▁████████▁██████▁█████
wandb: stability/batch_confidence_mean ▁▂▂█▆▃▂▅▇▃▁▄▆▇▅▅▅▃▁▃▃▇▆▂▅▅▄▄▄▅▃█▅▅▆▂▅▂▄▃
wandb:  stability/batch_confidence_std ▂▆▇▄▆▇▇▄▆▆▆▆▆▃▅▁▇▁▄▇▇▇▄▆▇███▂▅▆▃▅▆▆▆▆▇▆▅
wandb:    stability/batch_invalid_rate ▁▁▁▁▁▁▁▁▁▁▁▁▁▁▁▁▁▁▁▁▁▁▁▁▁▁▁▁▁▁▁▁▁▁▁▁▁▁▁▁
wandb:       stability/expected_reward ▆▆▂▄▄▅▆█▄▅▄▄▆▄▆▄▆▂▁▆▂▄▅▅▆▆▆▅▆▃▄▄▆▄▁▃▅▇▅▃
wandb:                    stability/kl ▇▅▂█▆▄▅▄▅▄▄▅▃▃▇▄▁▅▅▃▅▄▆▄▃▆▃▃▆▁▅▅▃▂▅▃▄▂▆▅
wandb:               stability/kl_coef ▁▁▁▁▁▁▁▁▁▁▁▁▁▁▁▁▁▁▁▁▁▁▁▁▁▁▁▁▁▁▁▁▁▁▁▁▁▁▁▁
wandb:       stability/mean_confidence ▆▄█▄▆▆█▄▁█▃▇▄▅▆▃▂▂▃▅▅▆▄▅▆▆▅▇█▄▆▂▅▇▅▃▆▅▅▅
wandb:  stability/window_calibration_n ▁▁▁▁▁▁▁▁▁▁▁▁▁▁▁▁▁▁▁▁▁▁▁▁▁▁▁▁▁▁▁▁▁▁▁▁▁▁▁▁
wandb: stability/window_confidence_std ▁▇▇▄▆▆▇▅▆▆▇█▇▅▇█▅▇▅▆▆▅▇▇▆▆▅▅▆▆▆▆▆▅▇█▇▇▆▄
wandb:   stability/window_invalid_rate ▁▁▁▁▁▁▁▁▁▁▁▁▁▁▁▁▁▁▁▁▁▁▁▁▁▁▁▁▁▁▁▁▁▁▁▁▁▁▁▁
wandb:         stability/window_levels ▃▃█▁██████████████████████▆██▆██████████
wandb:     stability/window_mode_share ▂▇▂▅▇▃▄▅▂▆█▆▆▆▁▆▄▇▇▅▅▄▇▇▇▅▇▅▆▇▆▇▄▇▅▇▂▄▄▅
wandb: 
wandb: Run summary:
wandb:                         seconds 2.84528
wandb:        stability/answers_scored 8
wandb: stability/batch_confidence_mean 2.875
wandb:  stability/batch_confidence_std 3.22656
wandb:    stability/batch_invalid_rate 0
wandb:       stability/expected_reward 9.60893
wandb:                    stability/kl 12.22509
wandb:               stability/kl_coef 0
wandb:       stability/mean_confidence 2.81134
wandb:  stability/window_calibration_n 0
wandb: stability/window_confidence_std 2.52875
wandb:   stability/window_invalid_rate 0
wandb:         stability/window_levels 10
wandb:     stability/window_mode_share 0.27559
wandb: 
wandb: 🚀 View run klgrid-exact-kl0 at: https://wandb.ai/multi-tokenizer/rewarding-doubt/runs/85562b6eca3c29b8
wandb: ⭐️ View project at: https://wandb.ai/multi-tokenizer/rewarding-doubt
wandb: Synced 5 W&B file(s), 0 media file(s), 0 artifact file(s) and 0 other file(s)
wandb: Find logs at: /workspace/runs/klgrid-exact-kl0/wandb/run-20261004_200606-85562b6eca3c29b8/logs
reached --max-steps 3000
